{"credit":"Made with Blockbench","texture_size":[64,64],"textures":{"3":"adventure:1"},"elements":[{"from":[3,-0.4,4],"to":[13,-0.4,16],"rotation":{"angle":0,"axis":"y","origin":[8,1.85,8.5]},"faces":{"up":{"uv":[2.5,3,0,0],"texture":"#3"},"down":{"uv":[5.25,0,2.75,3],"texture":"#3"}}},{"from":[11.75874,-2.14222,4],"to":[14.75874,-2.14222,16],"rotation":{"angle":22.5,"axis":"z","origin":[8,1.85,8.5]},"faces":{"up":{"uv":[3,6.25,2.25,3.25],"texture":"#3"},"down":{"uv":[4,3.25,3.25,6.25],"texture":"#3"}}},{"from":[1.24126,-2.14222,4],"to":[4.24126,-2.14222,16],"rotation":{"angle":-22.5,"axis":"z","origin":[8,1.85,8.5]},"faces":{"up":{"uv":[5,6.25,4.25,3.25],"texture":"#3"},"down":{"uv":[6,3.25,5.25,6.25],"texture":"#3"}}},{"from":[4,-0.4,6],"to":[12,3.6,14],"rotation":{"angle":0,"axis":"y","origin":[8,1.85,8.5]},"faces":{"north":{"uv":[0,5.5,2,6.5],"texture":"#3"},"east":{"uv":[5.5,0,7.5,1],"texture":"#3"},"south":{"uv":[5.5,1.25,7.5,2.25],"texture":"#3"},"west":{"uv":[6.25,2.5,8.25,3.5],"texture":"#3"},"up":{"uv":[2,5.25,0,3.25],"texture":"#3"}}},{"from":[3,0,5],"to":[7,4,7],"rotation":{"angle":0,"axis":"y","origin":[4,1,4]},"faces":{"north":{"uv":[4.75,6.5,5.75,7.5],"texture":"#3"},"east":{"uv":[1.25,6.75,1.75,7.75],"texture":"#3"},"south":{"uv":[0,6.75,1,7.75],"texture":"#3"},"west":{"uv":[2,7.5,2.5,8.5],"texture":"#3"},"up":{"uv":[3.75,8,2.75,7.5],"texture":"#3"},"down":{"uv":[8.75,0,7.75,0.5],"texture":"#3"}}},{"from":[9,0,5],"to":[13,4,7],"rotation":{"angle":0,"axis":"y","origin":[12,1,4]},"faces":{"north":{"uv":[6,6.75,7,7.75],"texture":"#3"},"east":{"uv":[4,7.5,4.5,8.5],"texture":"#3"},"south":{"uv":[7.25,6.75,8.25,7.75],"texture":"#3"},"west":{"uv":[7.75,0.75,8.25,1.75],"texture":"#3"},"up":{"uv":[5.75,8.25,4.75,7.75],"texture":"#3"},"down":{"uv":[1,8,0,8.5],"texture":"#3"}}},{"from":[3.5,-0.5,5.5],"to":[12.5,2.5,14.5],"rotation":{"angle":0,"axis":"y","origin":[7.5,0.8,9.5]},"faces":{"north":{"uv":[6.25,3.75,8.5,4.5],"texture":"#3","tintindex":0},"east":{"uv":[6.25,4.75,8.5,5.5],"texture":"#3","tintindex":0},"south":{"uv":[6.25,5.75,8.5,6.5],"texture":"#3","tintindex":0},"west":{"uv":[2.25,6.5,4.5,7.25],"texture":"#3","tintindex":0}}},{"from":[12.5,-0.5,5.5],"to":[3.5,2.5,14.5],"rotation":{"angle":0,"axis":"y","origin":[16.5,0.8,9.5]},"faces":{"north":{"uv":[6.25,3.75,8.5,4.5],"texture":"#3"},"east":{"uv":[6.25,4.75,8.5,5.5],"texture":"#3"},"south":{"uv":[6.25,5.75,8.5,6.5],"texture":"#3"},"west":{"uv":[2.25,6.5,4.5,7.25],"texture":"#3"}}}],"gui_light":"front","display":{"gui":{"rotation":[25,145,0],"translation":[-0.25,2.75,0],"scale":[0.75,0.75,0.75]},"head":{"translation":[0,19,-3.75],"scale":[2,2,2]}},"mcmodels":"26c75fad0ba239c7cf7a3967e721e6af"}