{"credit":"Made with Blockbench","texture_size":[64,64],"textures":{"4":"adventure:2"},"elements":[{"from":[3,0,6],"to":[13,7,12],"faces":{"north":{"uv":[3.25,0,5.75,1.75],"texture":"#4"},"east":{"uv":[3.25,5.75,4.75,7.5],"texture":"#4"},"south":{"uv":[3.25,2,5.75,3.75],"texture":"#4"},"west":{"uv":[6,1.25,7.5,3],"texture":"#4"},"up":{"uv":[2.5,5.5,0,4],"texture":"#4"},"down":{"uv":[5.25,4,2.75,5.5],"texture":"#4"}}},{"from":[2,7,6],"to":[14,11,13],"faces":{"north":{"uv":[0,5.75,3,6.75],"texture":"#4"},"east":{"uv":[5,7.25,6.75,8.25],"texture":"#4"},"south":{"uv":[6,0,9,1],"texture":"#4"},"west":{"uv":[7.25,6,9,7],"texture":"#4"},"up":{"uv":[3,1.75,0,0],"texture":"#4"},"down":{"uv":[3,2,0,3.75],"texture":"#4"}}},{"from":[1,1,7],"to":[3,5,11],"rotation":{"angle":0,"axis":"y","origin":[3,0,9]},"faces":{"north":{"uv":[5.5,9.5,6,10.5],"texture":"#4"},"east":{"uv":[3.5,7.75,4.5,8.75],"texture":"#4"},"south":{"uv":[8.25,9.5,8.75,10.5],"texture":"#4"},"west":{"uv":[7.75,4.75,8.75,5.75],"texture":"#4"},"up":{"uv":[9.5,10.5,9,9.5],"texture":"#4"},"down":{"uv":[1.75,9.75,1.25,10.75],"texture":"#4"}}},{"from":[13,1,7],"to":[15,5,11],"rotation":{"angle":0,"axis":"y","origin":[13,0,9]},"faces":{"north":{"uv":[9.75,8.25,10.25,9.25],"texture":"#4"},"east":{"uv":[0,8.25,1,9.25],"texture":"#4"},"south":{"uv":[9.75,9.5,10.25,10.5],"texture":"#4"},"west":{"uv":[8.25,7.25,9.25,8.25],"texture":"#4"},"up":{"uv":[10.5,1.75,10,0.75],"texture":"#4"},"down":{"uv":[10.5,2,10,3],"texture":"#4"}}},{"from":[4,4,2],"to":[12,11,6],"rotation":{"angle":0,"axis":"y","origin":[11,0,0]},"faces":{"north":{"uv":[5.5,4,7.5,5.75],"texture":"#4"},"east":{"uv":[7,7.25,8,9],"texture":"#4"},"west":{"uv":[7.75,1.25,8.75,3],"texture":"#4"},"up":{"uv":[7,7,5,6],"texture":"#4"},"down":{"uv":[2,7,0,8],"texture":"#4"}}},{"from":[12,4,2],"to":[4,11,6],"rotation":{"angle":0,"axis":"y","origin":[19,0,0]},"faces":{"north":{"uv":[5.5,4,7.5,5.75],"texture":"#4"},"east":{"uv":[7,7.25,8,9],"texture":"#4"},"west":{"uv":[7.75,1.25,8.75,3],"texture":"#4"},"up":{"uv":[7,7,5,6],"texture":"#4"},"down":{"uv":[2,7,0,8],"texture":"#4"}}},{"from":[10,11,9],"to":[12,13,15],"rotation":{"angle":0,"axis":"y","origin":[-2.5,-7.67855,13.5]},"faces":{"north":{"uv":[10.5,10.5,11,11],"texture":"#4","tintindex":0},"east":{"uv":[6,3.25,7.5,3.75],"texture":"#4","tintindex":0},"south":{"uv":[10.75,0.75,11.25,1.25],"texture":"#4","tintindex":0},"west":{"uv":[9,4.25,10.5,4.75],"texture":"#4","tintindex":0},"up":{"uv":[6.75,10,6.25,8.5],"texture":"#4","tintindex":0},"down":{"uv":[2.75,9.25,2.25,10.75],"texture":"#4","tintindex":0}}},{"from":[10,7,13],"to":[12,11,15],"rotation":{"angle":0,"axis":"y","origin":[-2.5,-7.67855,13.5]},"faces":{"north":{"uv":[6.25,10.25,6.75,11.25],"texture":"#4","tintindex":0},"east":{"uv":[7,10.25,7.5,11.25],"texture":"#4","tintindex":0},"south":{"uv":[0,10.5,0.5,11.5],"texture":"#4","tintindex":0},"west":{"uv":[3,10.5,3.5,11.5],"texture":"#4","tintindex":0},"up":{"uv":[11.25,2,10.75,1.5],"texture":"#4","tintindex":0},"down":{"uv":[11.25,2.25,10.75,2.75],"texture":"#4","tintindex":0}}},{"from":[6,11,7],"to":[12,13,9],"rotation":{"angle":0,"axis":"y","origin":[-2.5,-7.67855,13.5]},"faces":{"north":{"uv":[9,5,10.5,5.5],"texture":"#4","tintindex":0},"east":{"uv":[10.75,4,11.25,4.5],"texture":"#4","tintindex":0},"south":{"uv":[9.25,0,10.75,0.5],"texture":"#4","tintindex":0},"west":{"uv":[10.75,4.75,11.25,5.25],"texture":"#4","tintindex":0},"up":{"uv":[10.75,6.25,9.25,5.75],"texture":"#4","tintindex":0},"down":{"uv":[10.75,6.5,9.25,7],"texture":"#4","tintindex":0}}},{"from":[4,11,7],"to":[6,13,11],"rotation":{"angle":0,"axis":"y","origin":[-2.5,-7.67855,13.5]},"faces":{"north":{"uv":[5,10.75,5.5,11.25],"texture":"#4","tintindex":0},"east":{"uv":[10,3.25,11,3.75],"texture":"#4","tintindex":0},"south":{"uv":[7.75,10.75,8.25,11.25],"texture":"#4","tintindex":0},"west":{"uv":[3.75,10.5,4.75,11],"texture":"#4","tintindex":0},"up":{"uv":[11,8.25,10.5,7.25],"texture":"#4","tintindex":0},"down":{"uv":[11,8.5,10.5,9.5],"texture":"#4","tintindex":0}}},{"from":[3,11,11],"to":[7,14,16],"rotation":{"angle":0,"axis":"y","origin":[-2,-7.67855,16.26851]},"faces":{"north":{"uv":[7,9.25,8,10],"texture":"#4","tintindex":0},"east":{"uv":[4.75,8.5,6,9.25],"texture":"#4","tintindex":0},"south":{"uv":[0,9.5,1,10.25],"texture":"#4","tintindex":0},"west":{"uv":[8.25,8.5,9.5,9.25],"texture":"#4","tintindex":0},"up":{"uv":[3.25,9,2.25,7.75],"texture":"#4","tintindex":0},"down":{"uv":[8.75,3.25,7.75,4.5],"texture":"#4","tintindex":0}}},{"from":[-0.5,1.5,9.5],"to":[2.5,2.5,12.5],"rotation":{"angle":-45,"axis":"y","origin":[1,0,11]},"faces":{"north":{"uv":[9,1.25,9.75,1.5],"texture":"#4"},"east":{"uv":[9,2.75,9.75,3],"texture":"#4"},"south":{"uv":[3.5,9,4.25,9.25],"texture":"#4"},"west":{"uv":[1.25,8.25,2,8.5],"texture":"#4"},"up":{"uv":[5.25,10.25,4.5,9.5],"rotation":270,"texture":"#4"},"down":{"uv":[10.25,7.25,9.5,8],"rotation":90,"texture":"#4"}}},{"from":[-0.5,-1.5,9.5],"to":[2.5,1.5,12.5],"rotation":{"angle":-45,"axis":"y","origin":[1,0,11]},"faces":{"north":{"uv":[9,1.5,9.75,2.25],"texture":"#4","tintindex":0},"east":{"uv":[9,3,9.75,3.75],"texture":"#4","tintindex":0},"south":{"uv":[3.5,9.25,4.25,10],"texture":"#4","tintindex":0},"west":{"uv":[1.25,8.5,2,9.25],"texture":"#4","tintindex":0},"up":{"uv":[5.25,10.25,4.5,9.5],"rotation":270,"texture":"#4"},"down":{"uv":[10.25,7.25,9.5,8],"rotation":90,"texture":"#4"}}},{"from":[-0.5,-2.5,9.5],"to":[2.5,-1.5,12.5],"rotation":{"angle":-45,"axis":"y","origin":[1,0,11]},"faces":{"north":{"uv":[9,2.25,9.75,2.5],"texture":"#4"},"east":{"uv":[9,3.75,9.75,4],"texture":"#4"},"south":{"uv":[3.5,10,4.25,10.25],"texture":"#4"},"west":{"uv":[1.25,9.25,2,9.5],"texture":"#4"},"up":{"uv":[5.25,10.25,4.5,9.5],"rotation":270,"texture":"#4"},"down":{"uv":[10.25,7.25,9.5,8],"rotation":90,"texture":"#4"}}},{"from":[1,2,9.5],"to":[1,4,12.5],"rotation":{"angle":45,"axis":"y","origin":[1,0.25,11]},"faces":{"east":{"uv":[2.25,7,3,7.5],"texture":"#4"},"west":{"uv":[10.5,9.75,11.25,10.25],"texture":"#4"}}}],"gui_light":"front","display":{"gui":{"rotation":[25,-35,0],"translation":[0.75,1.25,0],"scale":[0.75,0.75,0.75]},"head":{"translation":[0,-57.25,7],"scale":[2,2,2]}},"mcmodels":"26c75fad0ba239c7cf7a3967e721e6af"}