{"credit":"Made with Blockbench","texture_size":[64,64],"textures":{"2":"adventure:3","particle":"adventure:3"},"elements":[{"from":[6.75,9.75,7.5],"to":[9.25,17.25,10],"rotation":{"angle":-22.5,"axis":"x","origin":[8,21,8]},"faces":{"north":{"uv":[0.75,6.75,1.25,8.5],"texture":"#2","tintindex":0},"east":{"uv":[7,3.25,7.5,5],"texture":"#2","tintindex":0},"south":{"uv":[2.25,7.5,2.75,9.25],"texture":"#2","tintindex":0},"west":{"uv":[3,7.5,3.5,9.25],"texture":"#2","tintindex":0}}},{"from":[8,11,-1.25],"to":[8,25,3.75],"rotation":{"angle":0,"axis":"x","origin":[8,21,8]},"faces":{"north":{"uv":[3.75,7.5,3.75,11],"texture":"#2"},"east":{"uv":[2.5,0,3.75,3.5],"texture":"#2"},"south":{"uv":[0.75,9.5,0.75,13],"texture":"#2"},"west":{"uv":[2.5,3.75,3.75,7.25],"texture":"#2"},"up":{"uv":[2.25,6.25,2.25,5],"texture":"#2"},"down":{"uv":[1,9.5,1,10.75],"texture":"#2"}}},{"from":[3.5,20,-3.25],"to":[12.5,21,5.75],"rotation":{"angle":0,"axis":"x","origin":[8,21,8]},"faces":{"north":{"uv":[7,7.5,9.25,7.75],"texture":"#2"},"east":{"uv":[7.75,3.25,10,3.5],"texture":"#2"},"south":{"uv":[7.75,3.75,10,4],"texture":"#2"},"west":{"uv":[7.75,4.25,10,4.5],"texture":"#2"},"up":{"uv":[2.25,2.25,0,0],"texture":"#2"},"down":{"uv":[2.25,2.5,0,4.75],"texture":"#2"}}},{"from":[5.5,14,-1.25],"to":[10.5,20,3.75],"rotation":{"angle":0,"axis":"x","origin":[8,21,8]},"faces":{"north":{"uv":[0,5,1.25,6.5],"texture":"#2"},"east":{"uv":[5.5,0,6.75,1.5],"texture":"#2"},"south":{"uv":[5.5,1.75,6.75,3.25],"texture":"#2"},"west":{"uv":[5.5,3.5,6.75,5],"texture":"#2"},"down":{"uv":[6.75,5.25,5.5,6.5],"texture":"#2"}}},{"from":[6.5,13,-0.25],"to":[9.5,14,2.75],"rotation":{"angle":0,"axis":"x","origin":[8,21,8]},"faces":{"north":{"uv":[7,9,7.75,9.25],"texture":"#2"},"east":{"uv":[9.25,5.75,10,6],"texture":"#2"},"south":{"uv":[8,9.25,8.75,9.5],"texture":"#2"},"west":{"uv":[9,9.25,9.75,9.5],"texture":"#2"},"down":{"uv":[7.75,8,7,8.75],"texture":"#2"}}},{"from":[3.5,21,-3.25],"to":[12.5,22,5.75],"rotation":{"angle":0,"axis":"x","origin":[8,21,8]},"faces":{"north":{"uv":[7.75,4.75,10,5],"texture":"#2"},"east":{"uv":[8,8,10.25,8.25],"texture":"#2"},"south":{"uv":[8.25,0.75,10.5,1],"texture":"#2"},"west":{"uv":[8.25,1.25,10.5,1.5],"texture":"#2"}}},{"from":[12.5,21,-3.25],"to":[3.5,22,5.75],"rotation":{"angle":0,"axis":"x","origin":[8,21,8]},"faces":{"north":{"uv":[8.25,1.75,10.5,2],"texture":"#2"},"east":{"uv":[8.25,2.25,10.5,2.5],"texture":"#2"},"south":{"uv":[8.25,2.75,10.5,3],"texture":"#2"},"west":{"uv":[8.5,5.25,10.75,5.5],"texture":"#2"}}},{"from":[7,25,9.75],"to":[9,27,11.75],"rotation":{"angle":-22.5,"axis":"x","origin":[8,21,8]},"faces":{"north":{"uv":[1.5,8.25,2,8.75],"texture":"#2"},"east":{"uv":[8.5,5.75,9,6.25],"texture":"#2"},"south":{"uv":[8,8.5,8.5,9],"texture":"#2"},"west":{"uv":[0.75,8.75,1.25,9.25],"texture":"#2"}}},{"from":[7,27,-0.25],"to":[9,29,11.75],"rotation":{"angle":-22.5,"axis":"x","origin":[8,21,8]},"faces":{"north":{"uv":[8.75,6.5,9.25,7],"texture":"#2"},"east":{"uv":[5.5,6.75,8.5,7.25],"texture":"#2"},"south":{"uv":[8.75,8.5,9.25,9],"texture":"#2"},"west":{"uv":[7,0,10,0.5],"texture":"#2"},"up":{"uv":[2,8,1.5,5],"texture":"#2"},"down":{"uv":[0.5,6.75,0,9.75],"texture":"#2"}}},{"from":[8,27,11.75],"to":[8,31,15.75],"rotation":{"angle":-22.5,"axis":"x","origin":[8,21,8]},"faces":{"east":{"uv":[7,0.75,8,1.75],"texture":"#2"},"west":{"uv":[7,2,8,3],"texture":"#2"}}},{"from":[7,23,6.75],"to":[9,25,11.75],"rotation":{"angle":-22.5,"axis":"x","origin":[8,21,8]},"faces":{"north":{"uv":[1.5,9,2,9.5],"texture":"#2"},"east":{"uv":[7,5.25,8.25,5.75],"texture":"#2"},"south":{"uv":[5.5,9,6,9.5],"texture":"#2"},"west":{"uv":[7,6,8.25,6.5],"texture":"#2"},"up":{"uv":[6,8.75,5.5,7.5],"texture":"#2"},"down":{"uv":[6.75,7.5,6.25,8.75],"texture":"#2"}}},{"from":[7,5,7.75],"to":[9,23,9.75],"rotation":{"angle":-22.5,"axis":"x","origin":[8,21,8]},"faces":{"north":{"uv":[4,0,4.5,4.5],"texture":"#2"},"east":{"uv":[4.75,0,5.25,4.5],"texture":"#2"},"south":{"uv":[4,4.75,4.5,9.25],"texture":"#2"},"west":{"uv":[4.75,4.75,5.25,9.25],"texture":"#2"},"down":{"uv":[6.75,9,6.25,9.5],"texture":"#2"}}}],"gui_light":"front","display":{"thirdperson_lefthand":{"rotation":[67.5,0,0],"translation":[0,0.5,-7.75]},"firstperson_righthand":{"translation":[0,0,5],"scale":[0.1,0.1,0.1]},"firstperson_lefthand":{"translation":[0,0,5],"scale":[0.1,0.1,0.1]},"gui":{"rotation":[10,120,0],"translation":[0.5,-6,0],"scale":[0.6,0.6,0.6]}},"mcmodels":"26c75fad0ba239c7cf7a3967e721e6af"}