{"textures":{"0":"modelengine:block/nm_corgi_texture"},"elements":[{"from":[4.5,4.025,10.0],"to":[11.5,10.025,10.0],"faces":{"south":{"uv":[3.75,4.5,2.0,6.0],"tintindex":0,"rotation":0,"texture":"#0"},"north":{"uv":[2.0,4.5,3.75,6.0],"tintindex":0,"rotation":0,"texture":"#0"}}},{"from":[4.5,10.025,10.0],"to":[11.5,10.025,13.0],"faces":{"up":{"uv":[5.25,7.0,3.5,6.25],"tintindex":0,"rotation":0,"texture":"#0"},"down":{"uv":[5.25,6.25,3.5,7.0],"tintindex":0,"rotation":0,"texture":"#0"}}}],"display":{"head":{"rotation":[0.0,0.0,0.0]},"firstperson_righthand":{"rotation":[0.0,0.0,0.0]},"thirdperson_lefthand":{"rotation":[0.0,-0.0,-0.0]},"firstperson_lefthand":{"rotation":[0.0,-0.0,-0.0]},"fixed":{"rotation":[0.0,0.0,0.0]},"ground":{"rotation":[0.0,0.0,0.0]},"thirdperson_righthand":{"rotation":[0.0,0.0,0.0]},"gui":{"rotation":[-150.0,-75.0,-180.0]}}}