{"textures":{"0":"modelengine:block/nm_corgi_texture"},"elements":[{"from":[5.6733594,7.6147013,7.5],"to":[8.673359,11.614701,8.475],"faces":{"east":{"uv":[4.5,8.75,4.25,9.75],"tintindex":0,"rotation":0,"texture":"#0"},"south":{"uv":[0.75,8.0,0.0,9.0],"tintindex":0,"rotation":0,"texture":"#0"},"north":{"uv":[8.5,5.75,7.75,6.75],"tintindex":0,"rotation":0,"texture":"#0"},"west":{"uv":[9.0,3.0,8.75,4.0],"tintindex":0,"rotation":0,"texture":"#0"},"up":{"uv":[2.5,9.5,3.25,9.25],"tintindex":0,"rotation":0,"texture":"#0"},"down":{"uv":[9.25,2.5,10.0,2.75],"tintindex":0,"rotation":0,"texture":"#0"}}}],"display":{"head":{"rotation":[0.0,0.0,0.0]},"firstperson_righthand":{"rotation":[0.0,0.0,0.0]},"thirdperson_lefthand":{"rotation":[0.0,-0.0,-0.0]},"firstperson_lefthand":{"rotation":[0.0,-0.0,-0.0]},"fixed":{"rotation":[0.0,0.0,0.0]},"ground":{"rotation":[0.0,0.0,0.0]},"thirdperson_righthand":{"rotation":[0.0,0.0,0.0]},"gui":{"rotation":[-150.0,-75.0,-180.0]}}}