{"textures":{"0":"modelengine:block/white_duck"},"elements":[{"from":[6.4895,7.6920915,6.9223785],"to":[9.5105,12.213092,9.943379],"faces":{"east":{"uv":[0.008,7.508,0.992,8.992],"tintindex":0,"rotation":0,"texture":"#0"},"south":{"uv":[1.008,7.508,1.992,8.992],"tintindex":0,"rotation":0,"texture":"#0"},"north":{"uv":[2.008,4.008,2.992,5.492],"tintindex":0,"rotation":0,"texture":"#0"},"west":{"uv":[0.992,7.508,0.008,8.992],"tintindex":0,"rotation":0,"texture":"#0"},"up":{"uv":[8.992,7.992,8.008,7.008],"tintindex":0,"rotation":0,"texture":"#0"},"down":{"uv":[8.992,8.008,8.008,8.992],"tintindex":0,"rotation":0,"texture":"#0"}}}],"display":{"head":{"rotation":[0.0,0.0,0.0]},"firstperson_righthand":{"rotation":[0.0,0.0,0.0]},"thirdperson_lefthand":{"rotation":[0.0,-0.0,-0.0]},"firstperson_lefthand":{"rotation":[0.0,-0.0,-0.0]},"fixed":{"rotation":[0.0,0.0,0.0]},"ground":{"rotation":[0.0,0.0,0.0]},"thirdperson_righthand":{"rotation":[0.0,0.0,0.0]},"gui":{"rotation":[-150.0,-75.0,-180.0]}}}