{"credit":"Made with Blockbench","texture_size":[64,64],"textures":{"0":"hmccosmetics:item/future_wings","particle":"hmccosmetics:item/future_wings"},"elements":[{"from":[7.875,-15.375,6.5],"to":[9.375,-13.875,7],"rotation":{"angle":45,"axis":"z","origin":[4,-11,4]},"faces":{"north":{"uv":[8.75,5.5,9.5,6.25],"texture":"#0"},"east":{"uv":[8.25,8.5,8.5,9.25],"texture":"#0"},"south":{"uv":[8.75,6.25,9.5,7],"texture":"#0"},"west":{"uv":[0,9,0.25,9.75],"texture":"#0"},"up":{"uv":[1,9.25,0.25,9],"texture":"#0"},"down":{"uv":[1.75,9,1,9.25],"texture":"#0"}}},{"from":[6,-13.5,6.5],"to":[7.5,-12,7],"rotation":{"angle":45,"axis":"z","origin":[4,-11,4]},"faces":{"north":{"uv":[8.75,7,9.5,7.75],"texture":"#0"},"east":{"uv":[1.75,9,2,9.75],"texture":"#0"},"south":{"uv":[8.75,7.75,9.5,8.5],"texture":"#0"},"west":{"uv":[2,9,2.25,9.75],"texture":"#0"},"up":{"uv":[3,9.25,2.25,9],"texture":"#0"},"down":{"uv":[3.75,9,3,9.25],"texture":"#0"}}},{"from":[6.5,-11,6],"to":[10.5,-9.5,6.5],"rotation":{"angle":0,"axis":"y","origin":[4,-11,4]},"faces":{"north":{"uv":[0,8.25,2,9],"texture":"#0"},"east":{"uv":[3.75,9,4,9.75],"texture":"#0"},"south":{"uv":[2,8.25,4,9],"texture":"#0"},"west":{"uv":[4.5,9,4.75,9.75],"texture":"#0"},"up":{"uv":[10.75,8.75,8.75,8.5],"texture":"#0"},"down":{"uv":[10.75,8.75,8.75,9],"texture":"#0"}}},{"from":[-0.875,-8.75,7],"to":[6.125,-7.75,7.5],"rotation":{"angle":-45,"axis":"z","origin":[4,-11,4]},"faces":{"north":{"uv":[8,4,11.5,4.5],"texture":"#0"},"east":{"uv":[4.75,9,5,9.5],"texture":"#0"},"south":{"uv":[8,4.5,11.5,5],"texture":"#0"},"west":{"uv":[5,9,5.25,9.5],"texture":"#0"},"up":{"uv":[12,5.25,8.5,5],"texture":"#0"},"down":{"uv":[12,5.25,8.5,5.5],"texture":"#0"}}},{"from":[7.125,-7.125,7],"to":[8.125,-0.125,7.5],"rotation":{"angle":-45,"axis":"z","origin":[4,-11,4]},"faces":{"north":{"uv":[4,7,4.5,10.5],"texture":"#0"},"east":{"uv":[8.5,5.5,8.75,9],"texture":"#0"},"south":{"uv":[8,5,8.5,8.5],"texture":"#0"},"west":{"uv":[8,8.5,8.25,12],"texture":"#0"},"up":{"uv":[5.75,9.25,5.25,9],"texture":"#0"},"down":{"uv":[6.25,9,5.75,9.25],"texture":"#0"}}},{"from":[-3.375,-8.75,7.25],"to":[0.625,-6.5,7.25],"rotation":{"angle":-45,"axis":"z","origin":[4,-11,4]},"faces":{"north":{"uv":[0,7,2,8.25],"texture":"#0"},"east":{"uv":[0,0,0,1.25],"texture":"#0"},"south":{"uv":[2,7,4,8.25],"texture":"#0"},"west":{"uv":[0,0,0,1.25],"texture":"#0"},"up":{"uv":[2,0,0,0],"texture":"#0"},"down":{"uv":[2,0,0,0],"texture":"#0"}}},{"from":[5.875,-1.625,7.25],"to":[8.125,2.375,7.25],"rotation":{"angle":-45,"axis":"z","origin":[4,-11,4]},"faces":{"north":{"uv":[8,0,9.25,2],"texture":"#0"},"east":{"uv":[0,0,0,2],"texture":"#0"},"south":{"uv":[8,2,9.25,4],"texture":"#0"},"west":{"uv":[0,0,0,2],"texture":"#0"},"up":{"uv":[1.25,0,0,0],"texture":"#0"},"down":{"uv":[1.25,0,0,0],"texture":"#0"}}},{"from":[-2,-15.75,7.25],"to":[7,-8.75,7.25],"rotation":{"angle":-45,"axis":"z","origin":[4,-11,4]},"faces":{"north":{"uv":[0,0,4.5,3.5],"texture":"#0"},"east":{"uv":[0,0,0,3.5],"texture":"#0"},"south":{"uv":[0,3.5,4.5,7],"texture":"#0"},"west":{"uv":[0,0,0,3.5],"texture":"#0"},"up":{"uv":[4.5,0,0,0],"texture":"#0"},"down":{"uv":[4.5,0,0,0],"texture":"#0"}}},{"from":[8.125,-8,7.25],"to":[15.125,1,7.25],"rotation":{"angle":-45,"axis":"z","origin":[4,-11,4]},"faces":{"north":{"uv":[4.5,0,8,4.5],"texture":"#0"},"east":{"uv":[0,0,0,4.5],"texture":"#0"},"south":{"uv":[4.5,4.5,8,9],"texture":"#0"},"west":{"uv":[0,0,0,4.5],"texture":"#0"},"up":{"uv":[3.5,0,0,0],"texture":"#0"},"down":{"uv":[3.5,0,0,0],"texture":"#0"}}}],"display":{"thirdperson_righthand":{"rotation":[0,-180,0],"translation":[0,0.5,-2],"scale":[0.5,0.5,0.53]},"thirdperson_lefthand":{"rotation":[0,-180,0],"translation":[0,0.5,-2],"scale":[0.5,0.5,0.5]},"firstperson_righthand":{"translation":[0,1,0],"scale":[0.4,0.4,0.4]},"firstperson_lefthand":{"translation":[0,1,0],"scale":[0.4,0.4,0.4]},"ground":{"translation":[0,3,0.5],"scale":[0.4,0.4,0.4]},"gui":{"translation":[0,1,0],"scale":[0.4,0.4,0.4]},"head":{"translation":[-1.25,-67,9.5],"scale":[3,3,3]}}}