{"credit":"Made with Blockbench","texture_size":[64,64],"textures":{"9":"crafting_stations:crafting_stations/clothing_station"},"elements":[{"from":[0,15,0],"to":[16,16,16],"faces":{"north":{"uv":[11.5,8,15.5,8.25],"texture":"#9"},"east":{"uv":[11.5,8.25,15.5,8.5],"texture":"#9"},"south":{"uv":[11.5,8.5,15.5,8.75],"texture":"#9"},"west":{"uv":[11.5,8.75,15.5,9],"texture":"#9"},"up":{"uv":[4,4,0,0],"texture":"#9"},"down":{"uv":[4,4,0,8],"texture":"#9"}}},{"from":[0,12,0],"to":[16,13,16],"faces":{"north":{"uv":[11.5,9,15.5,9.25],"texture":"#9"},"east":{"uv":[11.5,9.25,15.5,9.5],"texture":"#9"},"south":{"uv":[11.5,9.5,15.5,9.75],"texture":"#9"},"west":{"uv":[11.5,9.75,15.5,10],"texture":"#9"},"up":{"uv":[8,4,4,0],"texture":"#9"},"down":{"uv":[8,4,4,8],"texture":"#9"}}},{"from":[1,13,1],"to":[15,15,15],"faces":{"north":{"uv":[11.5,3,15,3.5],"texture":"#9"},"east":{"uv":[11.5,5.5,15,6],"texture":"#9"},"south":{"uv":[11.5,6,15,6.5],"texture":"#9"},"west":{"uv":[11.5,6.5,15,7],"texture":"#9"},"up":{"uv":[3.5,11.5,0,8],"texture":"#9"},"down":{"uv":[11.5,0,8,3.5],"texture":"#9"}}},{"from":[13,0,0],"to":[16,12,3],"faces":{"north":{"uv":[8,5.5,8.75,8.5],"texture":"#9"},"east":{"uv":[7.5,8.5,8.25,11.5],"texture":"#9"},"south":{"uv":[8.25,8.5,9,11.5],"texture":"#9"},"west":{"uv":[8.75,5.5,9.5,8.5],"texture":"#9"},"up":{"uv":[9,12.25,8.25,11.5],"texture":"#9"},"down":{"uv":[9,12.25,8.25,13],"texture":"#9"}}},{"from":[0,0,0],"to":[3,12,3],"rotation":{"angle":0,"axis":"y","origin":[1.5,6,1.5]},"faces":{"north":{"uv":[9,10.75,9.75,13.75],"texture":"#9"},"east":{"uv":[9.75,10.75,10.5,13.75],"texture":"#9"},"south":{"uv":[0,11.5,0.75,14.5],"texture":"#9"},"west":{"uv":[11.5,0,12.25,3],"texture":"#9"},"up":{"uv":[14,12,13.25,11.25],"texture":"#9"},"down":{"uv":[12.25,13.25,11.5,14],"texture":"#9"}}},{"from":[13,0,13],"to":[16,12,16],"rotation":{"angle":0,"axis":"y","origin":[8,6,1.5]},"faces":{"north":{"uv":[6.5,10,7.25,13],"texture":"#9"},"east":{"uv":[10,7.75,10.75,10.75],"texture":"#9"},"south":{"uv":[10.75,5.5,11.5,8.5],"texture":"#9"},"west":{"uv":[10.75,8.5,11.5,11.5],"texture":"#9"},"up":{"uv":[13.25,12,12.5,11.25],"texture":"#9"},"down":{"uv":[12.25,12.5,11.5,13.25],"texture":"#9"}}},{"from":[0,0,13],"to":[3,12,16],"rotation":{"angle":0,"axis":"y","origin":[8,6,1.5]},"faces":{"north":{"uv":[3.5,10,4.25,13],"texture":"#9"},"east":{"uv":[4.25,10,5,13],"texture":"#9"},"south":{"uv":[5,10,5.75,13],"texture":"#9"},"west":{"uv":[5.75,10,6.5,13],"texture":"#9"},"up":{"uv":[3.5,13.25,2.75,12.5],"texture":"#9"},"down":{"uv":[13.25,10.5,12.5,11.25],"texture":"#9"}}},{"from":[1,16,13],"to":[2,20,15],"rotation":{"angle":0,"axis":"y","origin":[0,16,14]},"faces":{"north":{"uv":[3.25,11.5,3.5,12.5],"texture":"#9"},"east":{"uv":[0.75,13.5,1.25,14.5],"texture":"#9"},"south":{"uv":[4.5,13.75,4.75,14.75],"texture":"#9"},"west":{"uv":[1.25,13.5,1.75,14.5],"texture":"#9"},"up":{"uv":[10.75,7.75,10.5,7.25],"texture":"#9"},"down":{"uv":[14.75,1.5,14.5,2],"texture":"#9"}}},{"from":[1,16,8],"to":[2,18,10],"rotation":{"angle":0,"axis":"y","origin":[0,16,14]},"faces":{"north":{"uv":[1.75,14.5,2,15],"texture":"#9"},"east":{"uv":[7.5,8,8,8.5],"texture":"#9"},"south":{"uv":[2,14.5,2.25,15],"texture":"#9"},"west":{"uv":[9.5,7.75,10,8.25],"texture":"#9"},"up":{"uv":[14.75,2.5,14.5,2],"texture":"#9"},"down":{"uv":[2.5,14.5,2.25,15],"texture":"#9"}}},{"from":[14,16,13],"to":[15,20,15],"rotation":{"angle":0,"axis":"y","origin":[0,16,14]},"faces":{"north":{"uv":[5.75,13.75,6,14.75],"texture":"#9"},"east":{"uv":[1.75,13.5,2.25,14.5],"texture":"#9"},"south":{"uv":[6,13.75,6.25,14.75],"texture":"#9"},"west":{"uv":[2.25,13.5,2.75,14.5],"texture":"#9"},"up":{"uv":[3.5,15,3.25,14.5],"texture":"#9"},"down":{"uv":[3.75,14.5,3.5,15],"texture":"#9"}}},{"from":[14,16,8],"to":[15,18,10],"rotation":{"angle":0,"axis":"y","origin":[0,16,14]},"faces":{"north":{"uv":[2.5,14.5,2.75,15],"texture":"#9"},"east":{"uv":[4.75,13.75,5.25,14.25],"texture":"#9"},"south":{"uv":[14.5,2.5,14.75,3],"texture":"#9"},"west":{"uv":[5.25,13.75,5.75,14.25],"texture":"#9"},"up":{"uv":[3,15,2.75,14.5],"texture":"#9"},"down":{"uv":[3.25,14.5,3,15],"texture":"#9"}}},{"from":[10.05,16.05,3.5],"to":[16.05,16.05,7.5],"rotation":{"angle":0,"axis":"y","origin":[16,0,-7.5]},"faces":{"north":{"uv":[0,0,1.5,0],"texture":"#9"},"east":{"uv":[0,0,1,0],"texture":"#9"},"south":{"uv":[0,0,1.5,0],"texture":"#9"},"west":{"uv":[0,0,1,0],"texture":"#9"},"up":{"uv":[2.25,12.5,0.75,11.5],"texture":"#9"},"down":{"uv":[13,7,11.5,8],"texture":"#9"}}},{"from":[16.05,7.05,3.5],"to":[16.05,16.05,7.5],"rotation":{"angle":0,"axis":"y","origin":[16,0,-7.5]},"faces":{"north":{"uv":[0,0,0,2.25],"texture":"#9"},"east":{"uv":[9,8.5,10,10.75],"texture":"#9"},"south":{"uv":[0,0,0,2.25],"texture":"#9"},"west":{"uv":[9.5,5.5,10.5,7.75],"texture":"#9"},"up":{"uv":[0,1,0,0],"texture":"#9"},"down":{"uv":[0,0,0,1],"texture":"#9"}}},{"from":[11,18.31285,7.79709],"to":[12,18.31285,14.79709],"rotation":{"angle":-22.5,"axis":"x","origin":[1,19.28785,8.29709]},"faces":{"north":{"uv":[0,0,0.25,0],"texture":"#9"},"east":{"uv":[0,0,1.75,0],"texture":"#9"},"south":{"uv":[0,0,0.25,0],"texture":"#9"},"west":{"uv":[0,0,1.75,0],"texture":"#9"},"up":{"uv":[10.75,7.25,10.5,5.5],"texture":"#9"},"down":{"uv":[10.75,13.5,10.5,15.25],"texture":"#9"}}},{"from":[10,18.31285,8.79709],"to":[11,18.31285,13.79709],"rotation":{"angle":-22.5,"axis":"x","origin":[1,19.28785,8.29709]},"faces":{"north":{"uv":[0,0,0.25,0],"texture":"#9"},"east":{"uv":[0,0,1.25,0],"texture":"#9"},"south":{"uv":[0,0,0.25,0],"texture":"#9"},"west":{"uv":[0,0,1.25,0],"texture":"#9"},"up":{"uv":[7.5,11.25,7.25,10],"texture":"#9"},"down":{"uv":[11.5,13.5,11.25,14.75],"texture":"#9"}}},{"from":[6,18.31285,9.79709],"to":[10,18.31285,13.79709],"rotation":{"angle":-22.5,"axis":"x","origin":[1,19.28785,8.29709]},"faces":{"north":{"uv":[0,0,1,0],"texture":"#9"},"east":{"uv":[0,0,1,0],"texture":"#9"},"south":{"uv":[0,0,1,0],"texture":"#9"},"west":{"uv":[0,0,1,0],"texture":"#9"},"up":{"uv":[3.25,12.5,2.25,11.5],"texture":"#9"},"down":{"uv":[8.25,11.5,7.25,12.5],"texture":"#9"}}},{"from":[5,18.31285,8.79709],"to":[6,18.31285,13.79709],"rotation":{"angle":-22.5,"axis":"x","origin":[1,19.28785,8.29709]},"faces":{"north":{"uv":[0,0,0.25,0],"texture":"#9"},"east":{"uv":[0,0,1.25,0],"texture":"#9"},"south":{"uv":[0,0,0.25,0],"texture":"#9"},"west":{"uv":[0,0,1.25,0],"texture":"#9"},"up":{"uv":[14,4.75,13.75,3.5],"texture":"#9"},"down":{"uv":[4.5,13.75,4.25,15],"texture":"#9"}}},{"from":[4,18.31285,7.79709],"to":[5,18.31285,14.79709],"rotation":{"angle":-22.5,"axis":"x","origin":[1,19.28785,8.29709]},"faces":{"north":{"uv":[0,0,0.25,0],"texture":"#9"},"east":{"uv":[0,0,1.75,0],"texture":"#9"},"south":{"uv":[0,0,0.25,0],"texture":"#9"},"west":{"uv":[0,0,1.75,0],"texture":"#9"},"up":{"uv":[11,15.25,10.75,13.5],"texture":"#9"},"down":{"uv":[11.25,13.5,11,15.25],"texture":"#9"}}},{"from":[2,18.31285,7.79709],"to":[3,18.31285,8.79709],"rotation":{"angle":-22.5,"axis":"x","origin":[1,19.28785,8.29709]},"faces":{"north":{"uv":[0,0,0.25,0],"texture":"#9"},"east":{"uv":[0,0,0.25,0],"texture":"#9"},"south":{"uv":[0,0,0.25,0],"texture":"#9"},"west":{"uv":[0,0,0.25,0],"texture":"#9"},"up":{"uv":[12.5,14.75,12.25,14.5],"texture":"#9"},"down":{"uv":[12.75,14.5,12.5,14.75],"texture":"#9"}}},{"from":[3,18.31285,7.79709],"to":[4,18.31285,10.79709],"rotation":{"angle":-22.5,"axis":"x","origin":[1,19.28785,8.29709]},"faces":{"north":{"uv":[0,0,0.25,0],"texture":"#9"},"east":{"uv":[0,0,0.75,0],"texture":"#9"},"south":{"uv":[0,0,0.25,0],"texture":"#9"},"west":{"uv":[0,0,0.75,0],"texture":"#9"},"up":{"uv":[14.5,15,14.25,14.25],"texture":"#9"},"down":{"uv":[0.25,14.5,0,15.25],"texture":"#9"}}},{"from":[13,18.31285,12.79709],"to":[14,18.31285,14.79709],"rotation":{"angle":-22.5,"axis":"x","origin":[15,19.28785,8.29709]},"faces":{"north":{"uv":[0,0,0.25,0],"texture":"#9"},"east":{"uv":[0,0,0.5,0],"texture":"#9"},"south":{"uv":[0,0,0.25,0],"texture":"#9"},"west":{"uv":[0,0,0.5,0],"texture":"#9"},"up":{"uv":[14.75,4,14.5,3.5],"texture":"#9"},"down":{"uv":[4,14.5,3.75,15],"texture":"#9"}}},{"from":[14,18.31285,12.79709],"to":[15,18.31285,13.79709],"rotation":{"angle":-22.5,"axis":"x","origin":[15,19.28785,8.29709]},"faces":{"north":{"uv":[0,0,0.25,0],"texture":"#9"},"east":{"uv":[0,0,0.25,0],"texture":"#9"},"south":{"uv":[0,0,0.25,0],"texture":"#9"},"west":{"uv":[0,0,0.25,0],"texture":"#9"},"up":{"uv":[13.5,14.75,13.25,14.5],"texture":"#9"},"down":{"uv":[13.75,14.5,13.5,14.75],"texture":"#9"}}},{"from":[12,18.31285,11.79709],"to":[13,18.31285,14.79709],"rotation":{"angle":-22.5,"axis":"x","origin":[15,19.28785,8.29709]},"faces":{"north":{"uv":[0,0,0.25,0],"texture":"#9"},"east":{"uv":[0,0,0.75,0],"texture":"#9"},"south":{"uv":[0,0,0.25,0],"texture":"#9"},"west":{"uv":[0,0,0.75,0],"texture":"#9"},"up":{"uv":[0.75,15.25,0.5,14.5],"texture":"#9"},"down":{"uv":[1,14.5,0.75,15.25],"texture":"#9"}}},{"from":[2,18.31285,12.79709],"to":[3,18.31285,14.79709],"rotation":{"angle":-22.5,"axis":"x","origin":[1,19.28785,8.29709]},"faces":{"north":{"uv":[0,0,0.25,0],"texture":"#9"},"east":{"uv":[0,0,0.5,0],"texture":"#9"},"south":{"uv":[0,0,0.25,0],"texture":"#9"},"west":{"uv":[0,0,0.5,0],"texture":"#9"},"up":{"uv":[4.25,15,4,14.5],"texture":"#9"},"down":{"uv":[14.75,4,14.5,4.5],"texture":"#9"}}},{"from":[1,18.31285,12.79709],"to":[2,18.31285,13.79709],"rotation":{"angle":-22.5,"axis":"x","origin":[1,19.28785,8.29709]},"faces":{"north":{"uv":[0,0,0.25,0],"texture":"#9"},"east":{"uv":[0,0,0.25,0],"texture":"#9"},"south":{"uv":[0,0,0.25,0],"texture":"#9"},"west":{"uv":[0,0,0.25,0],"texture":"#9"},"up":{"uv":[14,14.75,13.75,14.5],"texture":"#9"},"down":{"uv":[14.25,14.5,14,14.75],"texture":"#9"}}},{"from":[3,18.31285,11.79709],"to":[4,18.31285,14.79709],"rotation":{"angle":-22.5,"axis":"x","origin":[1,19.28785,8.29709]},"faces":{"north":{"uv":[0,0,0.25,0],"texture":"#9"},"east":{"uv":[0,0,0.75,0],"texture":"#9"},"south":{"uv":[0,0,0.25,0],"texture":"#9"},"west":{"uv":[0,0,0.75,0],"texture":"#9"},"up":{"uv":[14.75,1.5,14.5,0.75],"texture":"#9"},"down":{"uv":[1.25,14.5,1,15.25],"texture":"#9"}}},{"from":[12,18.31285,7.79709],"to":[13,18.31285,10.79709],"rotation":{"angle":-22.5,"axis":"x","origin":[15,19.28785,8.29709]},"faces":{"north":{"uv":[0,0,0.25,0],"texture":"#9"},"east":{"uv":[0,0,0.75,0],"texture":"#9"},"south":{"uv":[0,0,0.25,0],"texture":"#9"},"west":{"uv":[0,0,0.75,0],"texture":"#9"},"up":{"uv":[14.75,0.75,14.5,0],"texture":"#9"},"down":{"uv":[0.5,14.5,0.25,15.25],"texture":"#9"}}},{"from":[13,18.31285,7.79709],"to":[14,18.31285,8.79709],"rotation":{"angle":-22.5,"axis":"x","origin":[15,19.28785,8.29709]},"faces":{"north":{"uv":[0,0,0.25,0],"texture":"#9"},"east":{"uv":[0,0,0.25,0],"texture":"#9"},"south":{"uv":[0,0,0.25,0],"texture":"#9"},"west":{"uv":[0,0,0.25,0],"texture":"#9"},"up":{"uv":[13,14.75,12.75,14.5],"texture":"#9"},"down":{"uv":[13.25,14.5,13,14.75],"texture":"#9"}}},{"from":[3.5,18.48011,8.25865],"to":[4.5,18.73011,9.25865],"rotation":{"angle":-22.5,"axis":"x","origin":[4,19.48011,8.75865]},"faces":{"north":{"uv":[7.25,11.25,7.5,11.5],"texture":"#9"},"east":{"uv":[12.25,12.5,12.5,12.75],"texture":"#9"},"south":{"uv":[13.25,12.5,13.5,12.75],"texture":"#9"},"west":{"uv":[13.5,12.5,13.75,12.75],"texture":"#9"},"up":{"uv":[14,5,13.75,4.75],"texture":"#9"},"down":{"uv":[3.5,14,3.25,14.25],"texture":"#9"}}},{"from":[3.5,18.48011,13.25865],"to":[4.5,18.73011,14.25865],"rotation":{"angle":-22.5,"axis":"x","origin":[4,19.48011,8.75865]},"faces":{"north":{"uv":[5.5,14.5,5.75,14.75],"texture":"#9"},"east":{"uv":[6.25,14.5,6.5,14.75],"texture":"#9"},"south":{"uv":[6.5,14.5,6.75,14.75],"texture":"#9"},"west":{"uv":[6.75,14.5,7,14.75],"texture":"#9"},"up":{"uv":[7.25,14.75,7,14.5],"texture":"#9"},"down":{"uv":[7.5,14.5,7.25,14.75],"texture":"#9"}}},{"from":[11.5,18.48011,13.25865],"to":[12.5,18.73011,14.25865],"rotation":{"angle":-22.5,"axis":"x","origin":[4,19.48011,8.75865]},"faces":{"north":{"uv":[14.5,11.25,14.75,11.5],"texture":"#9"},"east":{"uv":[11.5,14.5,11.75,14.75],"texture":"#9"},"south":{"uv":[14.5,11.5,14.75,11.75],"texture":"#9"},"west":{"uv":[11.75,14.5,12,14.75],"texture":"#9"},"up":{"uv":[14.75,12,14.5,11.75],"texture":"#9"},"down":{"uv":[12.25,14.5,12,14.75],"texture":"#9"}}},{"from":[11.5,18.48011,8.25865],"to":[12.5,18.73011,9.25865],"rotation":{"angle":-22.5,"axis":"x","origin":[4,19.48011,8.75865]},"faces":{"north":{"uv":[7.5,14.5,7.75,14.75],"texture":"#9"},"east":{"uv":[7.75,14.5,8,14.75],"texture":"#9"},"south":{"uv":[8,14.5,8.25,14.75],"texture":"#9"},"west":{"uv":[14.5,10.5,14.75,10.75],"texture":"#9"},"up":{"uv":[14.75,11,14.5,10.75],"texture":"#9"},"down":{"uv":[14.75,11,14.5,11.25],"texture":"#9"}}},{"from":[-0.8,16.025,1.975],"to":[0.2,16.025,3.975],"rotation":{"angle":45,"axis":"y","origin":[0,0,0]},"faces":{"north":{"uv":[0,0,0.25,0],"texture":"#9"},"east":{"uv":[0,0,0.5,0],"texture":"#9"},"south":{"uv":[0,0,0.25,0],"texture":"#9"},"west":{"uv":[0,0,0.5,0],"texture":"#9"},"up":{"uv":[14.75,5,14.5,4.5],"texture":"#9"},"down":{"uv":[5,14.5,4.75,15],"texture":"#9"}}},{"from":[-2.8,16.025,1.975],"to":[-1.8,16.025,3.975],"rotation":{"angle":45,"axis":"y","origin":[0,0,0]},"faces":{"north":{"uv":[0,0,0.25,0],"texture":"#9"},"east":{"uv":[0,0,0.5,0],"texture":"#9"},"south":{"uv":[0,0,0.25,0],"texture":"#9"},"west":{"uv":[0,0,0.5,0],"texture":"#9"},"up":{"uv":[5.25,15,5,14.5],"texture":"#9"},"down":{"uv":[5.5,14.5,5.25,15],"texture":"#9"}}},{"from":[-1.8,16.025,3.975],"to":[-0.8,16.025,4.975],"rotation":{"angle":45,"axis":"y","origin":[0,0,0]},"faces":{"north":{"uv":[0,0,0.25,0],"texture":"#9"},"east":{"uv":[0,0,0.25,0],"texture":"#9"},"south":{"uv":[0,0,0.25,0],"texture":"#9"},"west":{"uv":[0,0,0.25,0],"texture":"#9"},"up":{"uv":[14.75,14.25,14.5,14],"texture":"#9"},"down":{"uv":[14.75,14.25,14.5,14.5],"texture":"#9"}}},{"from":[-1.8,16.025,4.975],"to":[0.2,16.025,8.975],"rotation":{"angle":45,"axis":"y","origin":[0,0,0]},"faces":{"north":{"uv":[0,0,0.5,0],"texture":"#9"},"east":{"uv":[0,0,1,0],"texture":"#9"},"south":{"uv":[0,0,0.5,0],"texture":"#9"},"west":{"uv":[0,0,1,0],"texture":"#9"},"up":{"uv":[7.75,14.5,7.25,13.5],"texture":"#9"},"down":{"uv":[8.25,13.5,7.75,14.5],"texture":"#9"}}},{"from":[0,16.98128,7.7559],"to":[16,17.98128,15.7559],"rotation":{"angle":-22.5,"axis":"x","origin":[0,17.98128,7.7559]},"faces":{"north":{"uv":[11.5,10,15.5,10.25],"texture":"#9"},"east":{"uv":[13,5,15,5.25],"texture":"#9"},"south":{"uv":[11.5,10.25,15.5,10.5],"texture":"#9"},"west":{"uv":[13,5.25,15,5.5],"texture":"#9"},"up":{"uv":[7.5,10,3.5,8],"texture":"#9"},"down":{"uv":[12,3.5,8,5.5],"texture":"#9"}}},{"from":[0,13,0],"to":[2,15,2],"faces":{"north":{"uv":[13.75,7,14.25,7.5],"texture":"#9"},"east":{"uv":[13.75,7.5,14.25,8],"texture":"#9"},"south":{"uv":[8.25,13.75,8.75,14.25],"texture":"#9"},"west":{"uv":[8.75,13.75,9.25,14.25],"texture":"#9"},"up":{"uv":[9.75,14.25,9.25,13.75],"texture":"#9"},"down":{"uv":[10.25,13.75,9.75,14.25],"texture":"#9"}}},{"from":[0,13,14],"to":[2,15,16],"rotation":{"angle":0,"axis":"y","origin":[0,0,16]},"faces":{"north":{"uv":[14,4.5,14.5,5],"texture":"#9"},"east":{"uv":[14,10.5,14.5,11],"texture":"#9"},"south":{"uv":[14,11,14.5,11.5],"texture":"#9"},"west":{"uv":[11.5,14,12,14.5],"texture":"#9"},"up":{"uv":[14.5,12,14,11.5],"texture":"#9"},"down":{"uv":[12.5,14,12,14.5],"texture":"#9"}}},{"from":[14,13,14],"to":[16,15,16],"rotation":{"angle":0,"axis":"y","origin":[0,0,16]},"faces":{"north":{"uv":[13.75,12.5,14.25,13],"texture":"#9"},"east":{"uv":[13.75,13,14.25,13.5],"texture":"#9"},"south":{"uv":[13.75,13.5,14.25,14],"texture":"#9"},"west":{"uv":[14,0,14.5,0.5],"texture":"#9"},"up":{"uv":[14.5,1,14,0.5],"texture":"#9"},"down":{"uv":[14.5,1,14,1.5],"texture":"#9"}}},{"from":[14,13,0],"to":[16,15,2],"faces":{"north":{"uv":[14,1.5,14.5,2],"texture":"#9"},"east":{"uv":[14,2,14.5,2.5],"texture":"#9"},"south":{"uv":[14,2.5,14.5,3],"texture":"#9"},"west":{"uv":[2.75,14,3.25,14.5],"texture":"#9"},"up":{"uv":[14.5,4,14,3.5],"texture":"#9"},"down":{"uv":[14.5,4,14,4.5],"texture":"#9"}}},{"from":[16.051,6.05,3.5],"to":[16.051,7.05,6.5],"rotation":{"angle":0,"axis":"y","origin":[0.051,0.05,-0.5]},"faces":{"north":{"uv":[0,0,0,0.25],"texture":"#9"},"east":{"uv":[14.25,13.5,15,13.75],"texture":"#9"},"south":{"uv":[0,0,0,0.25],"texture":"#9"},"west":{"uv":[14.25,13.75,15,14],"texture":"#9"},"up":{"uv":[0,0.75,0,0],"texture":"#9"},"down":{"uv":[0,0,0,0.75],"texture":"#9"}}},{"from":[16.051,5.05,4.5],"to":[16.051,6.05,5.5],"rotation":{"angle":0,"axis":"y","origin":[0.051,0.05,-0.5]},"faces":{"north":{"uv":[0,0,0,0.25],"texture":"#9"},"east":{"uv":[14.5,14.5,14.75,14.75],"texture":"#9"},"south":{"uv":[0,0,0,0.25],"texture":"#9"},"west":{"uv":[14.75,0,15,0.25],"texture":"#9"},"up":{"uv":[0,0.25,0,0],"texture":"#9"},"down":{"uv":[0,0,0,0.25],"texture":"#9"}}},{"from":[8.625,16.05,3.5],"to":[9.625,16.05,6.5],"rotation":{"angle":0,"axis":"y","origin":[7.375,16.05,5.075]},"faces":{"north":{"uv":[0,0,0.25,0],"texture":"#9"},"east":{"uv":[0,0,0.75,0],"texture":"#9"},"south":{"uv":[0,0,0.25,0],"texture":"#9"},"west":{"uv":[0,0,0.75,0],"texture":"#9"},"up":{"uv":[1.5,15.25,1.25,14.5],"texture":"#9"},"down":{"uv":[1.75,14.5,1.5,15.25],"texture":"#9"}}},{"from":[7.625,16.05,4.5],"to":[8.625,16.05,5.5],"rotation":{"angle":0,"axis":"y","origin":[7.375,16.05,5.075]},"faces":{"north":{"uv":[0,0,0.25,0],"texture":"#9"},"east":{"uv":[0,0,0.25,0],"texture":"#9"},"south":{"uv":[0,0,0.25,0],"texture":"#9"},"west":{"uv":[0,0,0.25,0],"texture":"#9"},"up":{"uv":[15,0.5,14.75,0.25],"texture":"#9"},"down":{"uv":[15,0.5,14.75,0.75],"texture":"#9"}}},{"from":[8.5,0,1.25],"to":[12.5,1,5.25],"rotation":{"angle":22.5,"axis":"y","origin":[13.5,16.5,2.5]},"faces":{"north":{"uv":[14,12,15,12.25],"texture":"#9"},"east":{"uv":[14,12.25,15,12.5],"texture":"#9"},"south":{"uv":[12.5,14,13.5,14.25],"texture":"#9"},"west":{"uv":[13.5,14,14.5,14.25],"texture":"#9"},"up":{"uv":[11.5,12.5,10.5,11.5],"texture":"#9"},"down":{"uv":[12.5,10.5,11.5,11.5],"texture":"#9"}}},{"from":[9,1,1.75],"to":[12,4,4.75],"rotation":{"angle":22.5,"axis":"y","origin":[13.5,16.5,2.5]},"faces":{"north":{"uv":[12.5,12,13.25,12.75],"texture":"#9"},"east":{"uv":[12.25,12.75,13,13.5],"texture":"#9"},"south":{"uv":[3.5,13,4.25,13.75],"texture":"#9"},"west":{"uv":[13,3.5,13.75,4.25],"texture":"#9"},"up":{"uv":[5,13.75,4.25,13],"texture":"#9"},"down":{"uv":[13.75,4.25,13,5],"texture":"#9"}}},{"from":[8.5,4,1.25],"to":[12.5,5,5.25],"rotation":{"angle":22.5,"axis":"y","origin":[13.5,16.5,2.5]},"faces":{"north":{"uv":[3.25,14.25,4.25,14.5],"texture":"#9"},"east":{"uv":[4.75,14.25,5.75,14.5],"texture":"#9"},"south":{"uv":[6.25,14.25,7.25,14.5],"texture":"#9"},"west":{"uv":[14.25,7,15.25,7.25],"texture":"#9"},"up":{"uv":[12.5,12.5,11.5,11.5],"texture":"#9"},"down":{"uv":[13,3.5,12,4.5],"texture":"#9"}}},{"from":[6.30939,4,8.87377],"to":[10.30939,5,12.87377],"rotation":{"angle":-22.5,"axis":"y","origin":[8.30939,2.5,10.87377]},"faces":{"north":{"uv":[14.25,12.5,15.25,12.75],"texture":"#9"},"east":{"uv":[14.25,12.75,15.25,13],"texture":"#9"},"south":{"uv":[14.25,13,15.25,13.25],"texture":"#9"},"west":{"uv":[14.25,13.25,15.25,13.5],"texture":"#9"},"up":{"uv":[8.25,13.5,7.25,12.5],"texture":"#9"},"down":{"uv":[11.5,12.5,10.5,13.5],"texture":"#9"}}},{"from":[6.80939,1,9.37377],"to":[9.80939,4,12.37377],"rotation":{"angle":-22.5,"axis":"y","origin":[8.30939,2.5,10.87377]},"faces":{"north":{"uv":[13.25,0,14,0.75],"texture":"#9"},"east":{"uv":[13.25,0.75,14,1.5],"texture":"#9"},"south":{"uv":[13.25,1.5,14,2.25],"texture":"#9"},"west":{"uv":[13.25,2.25,14,3],"texture":"#9"},"up":{"uv":[3.5,14,2.75,13.25],"texture":"#9"},"down":{"uv":[14,10.5,13.25,11.25],"texture":"#9"}}},{"from":[6.30939,0,8.87377],"to":[10.30939,1,12.87377],"rotation":{"angle":-22.5,"axis":"y","origin":[8.30939,2.5,10.87377]},"faces":{"north":{"uv":[14.25,7.25,15.25,7.5],"texture":"#9"},"east":{"uv":[14.25,7.5,15.25,7.75],"texture":"#9"},"south":{"uv":[14.25,7.75,15.25,8],"texture":"#9"},"west":{"uv":[12.5,14.25,13.5,14.5],"texture":"#9"},"up":{"uv":[1.75,13.5,0.75,12.5],"texture":"#9"},"down":{"uv":[2.75,12.5,1.75,13.5],"texture":"#9"}}},{"from":[7.90225,0,2.13357],"to":[8.90225,4,6.13357],"rotation":{"angle":22.5,"axis":"y","origin":[6.40225,2,9.75857]},"faces":{"north":{"uv":[9,14.25,9.25,15.25],"texture":"#9"},"east":{"uv":[12.25,1,13.25,2],"texture":"#9"},"south":{"uv":[9.25,14.25,9.5,15.25],"texture":"#9"},"west":{"uv":[12.25,2,13.25,3],"texture":"#9"},"up":{"uv":[9.75,15.25,9.5,14.25],"texture":"#9"},"down":{"uv":[10,14.25,9.75,15.25],"texture":"#9"}}},{"from":[4.90225,0.5,2.63357],"to":[7.90225,3.5,5.63357],"rotation":{"angle":22.5,"axis":"y","origin":[6.40225,2,9.75857]},"faces":{"north":{"uv":[5,13,5.75,13.75],"texture":"#9"},"east":{"uv":[5.75,13,6.5,13.75],"texture":"#9"},"south":{"uv":[6.5,13,7.25,13.75],"texture":"#9"},"west":{"uv":[13,7,13.75,7.75],"texture":"#9"},"up":{"uv":[9,13.75,8.25,13],"texture":"#9"},"down":{"uv":[13.75,12.75,13,13.5],"texture":"#9"}}},{"from":[3.90225,0,2.13357],"to":[4.90225,4,6.13357],"rotation":{"angle":22.5,"axis":"y","origin":[6.40225,2,9.75857]},"faces":{"north":{"uv":[10.25,13.75,10.5,14.75],"texture":"#9"},"east":{"uv":[12,4.5,13,5.5],"texture":"#9"},"south":{"uv":[8.25,14.25,8.5,15.25],"texture":"#9"},"west":{"uv":[12.25,0,13.25,1],"texture":"#9"},"up":{"uv":[8.75,15.25,8.5,14.25],"texture":"#9"},"down":{"uv":[9,14.25,8.75,15.25],"texture":"#9"}}}],"display":{"thirdperson_righthand":{"scale":[0.5,0.5,0.5]},"thirdperson_lefthand":{"scale":[0.5,0.5,0.5]},"firstperson_righthand":{"rotation":[-180,46.5,-180],"translation":[2.5,2.5,0],"scale":[0.3,0.3,0.3]},"firstperson_lefthand":{"rotation":[-180,46.5,-180],"translation":[2.5,2.5,0],"scale":[0.3,0.3,0.3]},"ground":{"scale":[0.39,0.39,0.39]},"gui":{"rotation":[-155.5,48,-180],"translation":[0.25,-1,0],"scale":[0.5,0.5,0.5]},"fixed":{"rotation":[-90,0,0],"translation":[0,0,-16],"scale":[2,2,2]}}}