{"credit":"Made with Blockbench","texture_size":[128,128],"textures":{"0":"crafting_stations:crafting_stations/cooking_station_animation","5":"crafting_stations:crafting_stations/cooking_station"},"elements":[{"from":[-1.375,0,21],"to":[0.625,25,23],"rotation":{"angle":-22.5,"axis":"z","origin":[-4.375,0,7]},"faces":{"north":{"uv":[1.5,1.75,1.75,4.875],"texture":"#5"},"east":{"uv":[1.75,1.75,2,4.875],"texture":"#5"},"south":{"uv":[2,1.75,2.25,4.875],"texture":"#5"},"west":{"uv":[2.25,1.75,2.5,4.875],"texture":"#5"},"up":{"uv":[6.5,5.5,6.25,5.25],"texture":"#5"},"down":{"uv":[6.5,5.5,6.25,5.75],"texture":"#5"}}},{"from":[15.30215,-0.0003,20.9997],"to":[17.30275,25.0003,23.0003],"rotation":{"angle":22.5,"axis":"z","origin":[20.30245,0,7]},"faces":{"north":{"uv":[2.5,1.75,2.75,4.875],"texture":"#5"},"east":{"uv":[2.75,1.75,3,4.875],"texture":"#5"},"south":{"uv":[3,1.75,3.25,4.875],"texture":"#5"},"west":{"uv":[3.25,1.75,3.5,4.875],"texture":"#5"},"up":{"uv":[6.5,6,6.25,5.75],"texture":"#5"},"down":{"uv":[6.625,1.375,6.375,1.625],"texture":"#5"}}},{"from":[15.30215,-0.0003,-7.0003],"to":[17.30275,25.0003,-4.9997],"rotation":{"angle":22.5,"axis":"z","origin":[20.30245,0,-21]},"faces":{"north":{"uv":[0.5,1.75,0.75,4.875],"texture":"#5"},"east":{"uv":[0.75,1.75,1,4.875],"texture":"#5"},"south":{"uv":[1,1.75,1.25,4.875],"texture":"#5"},"west":{"uv":[1.25,1.75,1.5,4.875],"texture":"#5"},"up":{"uv":[6.5,1.375,6.25,1.125],"texture":"#5"},"down":{"uv":[6.5,5,6.25,5.25],"texture":"#5"}}},{"from":[-1.375,0,-7],"to":[0.625,25,-5],"rotation":{"angle":-22.5,"axis":"z","origin":[-4.375,0,-21]},"faces":{"north":{"uv":[3.5,1.75,3.75,4.875],"texture":"#5"},"east":{"uv":[3.75,1.75,4,4.875],"texture":"#5"},"south":{"uv":[4,0.25,4.25,3.375],"texture":"#5"},"west":{"uv":[4,3.375,4.25,6.5],"texture":"#5"},"up":{"uv":[6.625,4,6.375,3.75],"texture":"#5"},"down":{"uv":[6.625,4,6.375,4.25],"texture":"#5"}}},{"from":[6.96372,20.94894,-8],"to":[8.96372,22.94894,24],"rotation":{"angle":0,"axis":"y","origin":[5.96372,21.94894,22]},"faces":{"north":{"uv":[6.375,4.25,6.625,4.5],"texture":"#5"},"east":{"uv":[0,1.5,4,1.75],"texture":"#5"},"south":{"uv":[5.625,6.375,5.875,6.625],"texture":"#5"},"west":{"uv":[1.5,0,5.5,0.25],"texture":"#5"},"up":{"uv":[0.25,5.75,0,1.75],"texture":"#5"},"down":{"uv":[0.5,1.75,0.25,5.75],"texture":"#5"}}},{"from":[6.46372,20.94894,12.5],"to":[9.46372,23.94894,13.5],"rotation":{"angle":0,"axis":"y","origin":[5.96372,21.94894,22]},"faces":{"north":{"uv":[5.875,0.625,6.25,1],"texture":"#5"},"east":{"uv":[4.5,6.25,4.625,6.625],"texture":"#5"},"south":{"uv":[5.875,1,6.25,1.375],"texture":"#5"},"west":{"uv":[1,6.5,1.125,6.875],"texture":"#5"},"up":{"uv":[6.5,4.875,6.125,4.75],"texture":"#5"},"down":{"uv":[6.625,0.125,6.25,0.25],"texture":"#5"}}},{"from":[6.46372,18.94894,12.5],"to":[7.46372,20.94894,13.5],"rotation":{"angle":0,"axis":"y","origin":[5.96372,21.94894,22]},"faces":{"north":{"uv":[5.875,1.375,6,1.625],"texture":"#5"},"east":{"uv":[6,1.75,6.125,2],"texture":"#5"},"south":{"uv":[6.625,1.375,6.75,1.625],"texture":"#5"},"west":{"uv":[4.5,6.625,4.625,6.875],"texture":"#5"},"up":{"uv":[1.375,5.875,1.25,5.75],"texture":"#5"},"down":{"uv":[5.875,5.375,5.75,5.5],"texture":"#5"}}},{"from":[8.46372,18.94894,12.5],"to":[9.46372,20.94894,13.5],"rotation":{"angle":0,"axis":"y","origin":[5.96372,21.94894,22]},"faces":{"north":{"uv":[4.875,6.625,5,6.875],"texture":"#5"},"east":{"uv":[5,6.625,5.125,6.875],"texture":"#5"},"south":{"uv":[5.125,6.625,5.25,6.875],"texture":"#5"},"west":{"uv":[6.625,5.125,6.75,5.375],"texture":"#5"},"up":{"uv":[1.25,6.25,1.125,6.125],"texture":"#5"},"down":{"uv":[6.375,6,6.25,6.125],"texture":"#5"}}},{"from":[9.46372,11.94894,10.5],"to":[10.46372,16.94894,15.5],"rotation":{"angle":0,"axis":"y","origin":[5.96372,21.94894,22]},"faces":{"north":{"uv":[3.875,0.25,4,0.875],"texture":"#5"},"east":{"uv":[3.25,0.25,3.875,0.875],"texture":"#5"},"south":{"uv":[3.875,0.875,4,1.5],"texture":"#5"},"west":{"uv":[3.25,0.875,3.875,1.5],"texture":"#5"},"up":{"uv":[3.5,5.875,3.375,5.25],"texture":"#5"},"down":{"uv":[2.5,6.25,2.375,6.875],"texture":"#5"}}},{"from":[5.46372,11.94894,10.5],"to":[6.46372,16.94894,15.5],"rotation":{"angle":0,"axis":"y","origin":[5.96372,21.94894,22]},"faces":{"north":{"uv":[2.5,6.25,2.625,6.875],"texture":"#5"},"east":{"uv":[1.375,5.25,2,5.875],"texture":"#5"},"south":{"uv":[2.625,6.25,2.75,6.875],"texture":"#5"},"west":{"uv":[2,5.25,2.625,5.875],"texture":"#5"},"up":{"uv":[2.875,6.875,2.75,6.25],"texture":"#5"},"down":{"uv":[3,6.25,2.875,6.875],"texture":"#5"}}},{"from":[6.46372,11.94894,10.5],"to":[9.46372,16.94894,11.5],"rotation":{"angle":0,"axis":"y","origin":[5.96372,21.94894,22]},"faces":{"north":{"uv":[2.625,5.25,3,5.875],"texture":"#5"},"east":{"uv":[3,6.25,3.125,6.875],"texture":"#5"},"south":{"uv":[3,5.25,3.375,5.875],"texture":"#5"},"west":{"uv":[3.125,6.25,3.25,6.875],"texture":"#5"},"up":{"uv":[6.75,1.75,6.375,1.625],"texture":"#5"},"down":{"uv":[6.75,4.5,6.375,4.625],"texture":"#5"}}},{"from":[6.46372,11.94894,11.5],"to":[9.46372,12.94894,14.5],"rotation":{"angle":0,"axis":"y","origin":[5.96372,21.94894,22]},"faces":{"north":{"uv":[6.5,1.75,6.875,1.875],"texture":"#5"},"east":{"uv":[6.5,1.875,6.875,2],"texture":"#5"},"south":{"uv":[6.5,2,6.875,2.125],"texture":"#5"},"west":{"uv":[6.5,2.125,6.875,2.25],"texture":"#5"},"up":{"uv":[1.625,6.25,1.25,5.875],"texture":"#5"},"down":{"uv":[2,5.875,1.625,6.25],"texture":"#5"}}},{"from":[6.46372,16.44894,11.5],"to":[9.46372,16.44894,14.5],"rotation":{"angle":0,"axis":"y","origin":[5.96372,21.94894,22]},"faces":{"north":{"uv":[0,0,0.375,0],"texture":"#5"},"east":{"uv":[0,0,0.375,0],"texture":"#5"},"south":{"uv":[0,0,0.375,0],"texture":"#5"},"west":{"uv":[0,0,0.375,0],"texture":"#5"},"up":{"uv":[2.375,6.25,2,5.875],"texture":"#5"},"down":{"uv":[2.75,5.875,2.375,6.25],"texture":"#5"}}},{"from":[7.46372,16.94894,10.5],"to":[8.46372,18.94894,11.5],"rotation":{"angle":0,"axis":"y","origin":[5.96372,21.94894,22]},"faces":{"north":{"uv":[5.25,6.625,5.375,6.875],"texture":"#5"},"east":{"uv":[5.375,6.625,5.5,6.875],"texture":"#5"},"south":{"uv":[6.625,5.375,6.75,5.625],"texture":"#5"},"west":{"uv":[5.5,6.625,5.625,6.875],"texture":"#5"},"up":{"uv":[0.875,7,0.75,6.875],"texture":"#5"},"down":{"uv":[7,0.75,6.875,0.875],"texture":"#5"}}},{"from":[7.46372,16.94894,14.5],"to":[8.46372,18.94894,15.5],"rotation":{"angle":0,"axis":"y","origin":[5.96372,21.94894,22]},"faces":{"north":{"uv":[5.625,6.625,5.75,6.875],"texture":"#5"},"east":{"uv":[6.625,5.625,6.75,5.875],"texture":"#5"},"south":{"uv":[5.75,6.625,5.875,6.875],"texture":"#5"},"west":{"uv":[5.875,6.625,6,6.875],"texture":"#5"},"up":{"uv":[1,7,0.875,6.875],"texture":"#5"},"down":{"uv":[1.125,6.875,1,7],"texture":"#5"}}},{"from":[7.46372,18.94894,10.5],"to":[8.46372,19.94894,15.5],"rotation":{"angle":0,"axis":"y","origin":[5.96372,21.94894,22]},"faces":{"north":{"uv":[6.875,1,7,1.125],"texture":"#5"},"east":{"uv":[6.125,3.375,6.75,3.5],"texture":"#5"},"south":{"uv":[6.875,1.125,7,1.25],"texture":"#5"},"west":{"uv":[6.125,4.625,6.75,4.75],"texture":"#5"},"up":{"uv":[3.375,6.875,3.25,6.25],"texture":"#5"},"down":{"uv":[3.5,6.25,3.375,6.875],"texture":"#5"}}},{"from":[6.46372,11.94894,14.5],"to":[9.46372,16.94894,15.5],"rotation":{"angle":0,"axis":"y","origin":[5.96372,21.94894,22]},"faces":{"north":{"uv":[4.875,5.5,5.25,6.125],"texture":"#5"},"east":{"uv":[4.25,6.25,4.375,6.875],"texture":"#5"},"south":{"uv":[5.25,5.5,5.625,6.125],"texture":"#5"},"west":{"uv":[4.375,6.25,4.5,6.875],"texture":"#5"},"up":{"uv":[6.875,2.375,6.5,2.25],"texture":"#5"},"down":{"uv":[6.875,2.375,6.5,2.5],"texture":"#5"}}},{"from":[8.11701,12.17834,-8],"to":[9.11701,13.17834,24],"rotation":{"angle":22.5,"axis":"z","origin":[8.61701,21.67834,9]},"faces":{"north":{"uv":[6.875,1.5,7,1.625],"texture":"#5"},"east":{"uv":[4.625,3.5,8.625,3.625],"texture":"#5"},"south":{"uv":[6.875,1.625,7,1.75],"texture":"#5"},"west":{"uv":[4.625,3.625,8.625,3.75],"texture":"#5"},"up":{"uv":[3.625,8.875,3.5,4.875],"texture":"#5"},"down":{"uv":[3.75,4.875,3.625,8.875],"texture":"#5"}}},{"from":[9.67534,12.2894,24],"to":[12.67534,13.2894,25],"rotation":{"angle":22.5,"axis":"z","origin":[10.67534,12.7894,25.5]},"faces":{"north":{"uv":[6.5,2.5,6.875,2.625],"texture":"#5"},"east":{"uv":[6.875,1.75,7,1.875],"texture":"#5"},"south":{"uv":[6.5,2.625,6.875,2.75],"texture":"#5"},"west":{"uv":[6.875,1.875,7,2],"texture":"#5"},"up":{"uv":[6.875,2.875,6.5,2.75],"texture":"#5"},"down":{"uv":[6.875,2.875,6.5,3],"texture":"#5"}}},{"from":[9.67534,12.2894,25],"to":[10.67534,13.2894,28],"rotation":{"angle":22.5,"axis":"z","origin":[10.67534,12.7894,25.5]},"faces":{"north":{"uv":[6.875,2,7,2.125],"texture":"#5"},"east":{"uv":[6.5,3,6.875,3.125],"texture":"#5"},"south":{"uv":[6.875,2.125,7,2.25],"texture":"#5"},"west":{"uv":[6.5,3.125,6.875,3.25],"texture":"#5"},"up":{"uv":[4.125,6.875,4,6.5],"texture":"#5"},"down":{"uv":[4.25,6.5,4.125,6.875],"texture":"#5"}}},{"from":[8.11701,2.17834,25],"to":[9.11701,3.17834,28],"rotation":{"angle":22.5,"axis":"z","origin":[8.61701,21.67834,9]},"faces":{"north":{"uv":[6.875,2.25,7,2.375],"texture":"#5"},"east":{"uv":[6.5,4.75,6.875,4.875],"texture":"#5"},"south":{"uv":[2.375,6.875,2.5,7],"texture":"#5"},"west":{"uv":[6.5,5,6.875,5.125],"texture":"#5"},"up":{"uv":[6.625,5.5,6.5,5.125],"texture":"#5"},"down":{"uv":[6.625,5.5,6.5,5.875],"texture":"#5"}}},{"from":[8.11701,2.17834,24],"to":[9.11701,5.17834,25],"rotation":{"angle":22.5,"axis":"z","origin":[8.61701,21.67834,9]},"faces":{"north":{"uv":[6.375,6.5,6.5,6.875],"texture":"#5"},"east":{"uv":[6.5,6.5,6.625,6.875],"texture":"#5"},"south":{"uv":[0,6.625,0.125,7],"texture":"#5"},"west":{"uv":[0.125,6.625,0.25,7],"texture":"#5"},"up":{"uv":[7,2.5,6.875,2.375],"texture":"#5"},"down":{"uv":[2.625,6.875,2.5,7],"texture":"#5"}}},{"from":[8.11701,11.17834,-6.5],"to":[10.11701,12.17834,-5.5],"rotation":{"angle":22.5,"axis":"z","origin":[8.61701,21.67834,9]},"faces":{"north":{"uv":[3,1.375,3.25,1.5],"texture":"#5"},"east":{"uv":[6.875,2.5,7,2.625],"texture":"#5"},"south":{"uv":[6,6.625,6.25,6.75],"texture":"#5"},"west":{"uv":[2.625,6.875,2.75,7],"texture":"#5"},"up":{"uv":[6.875,6.125,6.625,6],"texture":"#5"},"down":{"uv":[6.875,6.125,6.625,6.25],"texture":"#5"}}},{"from":[8.11701,11.17834,21.5],"to":[10.11701,12.17834,22.5],"rotation":{"angle":22.5,"axis":"z","origin":[8.61701,21.67834,9]},"faces":{"north":{"uv":[6.625,6.25,6.875,6.375],"texture":"#5"},"east":{"uv":[6.875,2.625,7,2.75],"texture":"#5"},"south":{"uv":[6.625,6.375,6.875,6.5],"texture":"#5"},"west":{"uv":[2.75,6.875,2.875,7],"texture":"#5"},"up":{"uv":[6.875,6.625,6.625,6.5],"texture":"#5"},"down":{"uv":[6.875,6.625,6.625,6.75],"texture":"#5"}}},{"from":[7.61701,11.67834,23],"to":[9.61701,13.67834,24],"rotation":{"angle":22.5,"axis":"z","origin":[8.61701,21.67834,9]},"faces":{"north":{"uv":[6.375,6,6.625,6.25],"texture":"#5"},"east":{"uv":[6.25,6.625,6.375,6.875],"texture":"#5"},"south":{"uv":[6.375,6.25,6.625,6.5],"texture":"#5"},"west":{"uv":[6.75,0.625,6.875,0.875],"texture":"#5"},"up":{"uv":[1,6.875,0.75,6.75],"texture":"#5"},"down":{"uv":[7,0.875,6.75,1],"texture":"#5"}}},{"from":[7.61701,3.67834,23],"to":[9.61701,5.67834,24],"rotation":{"angle":22.5,"axis":"z","origin":[8.61701,21.67834,9]},"faces":{"north":{"uv":[6.5,0.625,6.75,0.875],"texture":"#5"},"east":{"uv":[6.75,1,6.875,1.25],"texture":"#5"},"south":{"uv":[0.75,6.5,1,6.75],"texture":"#5"},"west":{"uv":[1.125,6.75,1.25,7],"texture":"#5"},"up":{"uv":[7,1.375,6.75,1.25],"texture":"#5"},"down":{"uv":[7,1.375,6.75,1.5],"texture":"#5"}}},{"from":[5.00287,10.10472,-9],"to":[7.00287,12.10472,-8],"rotation":{"angle":-22.5,"axis":"z","origin":[-9.49713,21.60472,6]},"faces":{"north":{"uv":[6.5,0.875,6.75,1.125],"texture":"#5"},"east":{"uv":[1.25,6.75,1.375,7],"texture":"#5"},"south":{"uv":[6.5,1.125,6.75,1.375],"texture":"#5"},"west":{"uv":[6.75,1.5,6.875,1.75],"texture":"#5"},"up":{"uv":[7,3.5,6.75,3.375],"texture":"#5"},"down":{"uv":[7,3.75,6.75,3.875],"texture":"#5"}}},{"from":[5.50287,8.60472,-10],"to":[6.50287,11.60472,-9],"rotation":{"angle":-22.5,"axis":"z","origin":[-9.49713,21.60472,6]},"faces":{"north":{"uv":[0.25,6.625,0.375,7],"texture":"#5"},"east":{"uv":[0.375,6.625,0.5,7],"texture":"#5"},"south":{"uv":[0.5,6.625,0.625,7],"texture":"#5"},"west":{"uv":[0.625,6.625,0.75,7],"texture":"#5"},"up":{"uv":[7,2.875,6.875,2.75],"texture":"#5"},"down":{"uv":[3,6.875,2.875,7],"texture":"#5"}}},{"from":[5.50287,8.60472,-13],"to":[6.50287,9.60472,-10],"rotation":{"angle":-22.5,"axis":"z","origin":[-9.49713,21.60472,6]},"faces":{"north":{"uv":[6.875,2.875,7,3],"texture":"#5"},"east":{"uv":[6.5,5.875,6.875,6],"texture":"#5"},"south":{"uv":[3,6.875,3.125,7],"texture":"#5"},"west":{"uv":[6.625,0.125,7,0.25],"texture":"#5"},"up":{"uv":[1.5,7,1.375,6.625],"texture":"#5"},"down":{"uv":[1.625,6.625,1.5,7],"texture":"#5"}}},{"from":[8.11701,3.17834,21.5],"to":[10.11701,4.17834,22.5],"rotation":{"angle":22.5,"axis":"z","origin":[8.61701,21.67834,9]},"faces":{"north":{"uv":[6.75,3.875,7,4],"texture":"#5"},"east":{"uv":[6.875,3,7,3.125],"texture":"#5"},"south":{"uv":[6.75,4,7,4.125],"texture":"#5"},"west":{"uv":[3.125,6.875,3.25,7],"texture":"#5"},"up":{"uv":[7,4.25,6.75,4.125],"texture":"#5"},"down":{"uv":[7,4.25,6.75,4.375],"texture":"#5"}}},{"from":[8.11701,3.17834,-6.5],"to":[10.11701,4.17834,-5.5],"rotation":{"angle":22.5,"axis":"z","origin":[8.61701,21.67834,9]},"faces":{"north":{"uv":[6.75,4.375,7,4.5],"texture":"#5"},"east":{"uv":[6.875,3.125,7,3.25],"texture":"#5"},"south":{"uv":[6.75,4.5,7,4.625],"texture":"#5"},"west":{"uv":[3.25,6.875,3.375,7],"texture":"#5"},"up":{"uv":[7,4.75,6.75,4.625],"texture":"#5"},"down":{"uv":[7,5.125,6.75,5.25],"texture":"#5"}}},{"from":[5.81044,3.17834,21.5],"to":[7.81044,4.17834,22.5],"rotation":{"angle":-22.5,"axis":"z","origin":[7.31044,21.67834,8]},"faces":{"north":{"uv":[6.75,5.25,7,5.375],"texture":"#5"},"east":{"uv":[6.875,3.25,7,3.375],"texture":"#5"},"south":{"uv":[6.75,5.375,7,5.5],"texture":"#5"},"west":{"uv":[3.375,6.875,3.5,7],"texture":"#5"},"up":{"uv":[7,5.625,6.75,5.5],"texture":"#5"},"down":{"uv":[7,5.625,6.75,5.75],"texture":"#5"}}},{"from":[5.81044,3.17834,-6.5],"to":[7.81044,4.17834,-5.5],"rotation":{"angle":-22.5,"axis":"z","origin":[7.31044,21.67834,8]},"faces":{"north":{"uv":[6.75,5.75,7,5.875],"texture":"#5"},"east":{"uv":[4,6.875,4.125,7],"texture":"#5"},"south":{"uv":[6,6.75,6.25,6.875],"texture":"#5"},"west":{"uv":[4.125,6.875,4.25,7],"texture":"#5"},"up":{"uv":[6.875,6.875,6.625,6.75],"texture":"#5"},"down":{"uv":[7.125,0.625,6.875,0.75],"texture":"#5"}}},{"from":[8.11701,4.17834,-8],"to":[9.11701,5.17834,24],"rotation":{"angle":22.5,"axis":"z","origin":[8.61701,21.67834,9]},"faces":{"north":{"uv":[4.25,6.875,4.375,7],"texture":"#5"},"east":{"uv":[4.625,4.875,8.625,5],"texture":"#5"},"south":{"uv":[4.375,6.875,4.5,7],"texture":"#5"},"west":{"uv":[5,0.25,9,0.375],"texture":"#5"},"up":{"uv":[3.875,8.875,3.75,4.875],"texture":"#5"},"down":{"uv":[4,4.875,3.875,8.875],"texture":"#5"}}},{"from":[9.87191,3.56938,-8],"to":[10.87191,4.56938,24],"rotation":{"angle":-22.5,"axis":"z","origin":[10.37191,29.06938,10]},"faces":{"north":{"uv":[4.5,6.875,4.625,7],"texture":"#5"},"east":{"uv":[5,0.375,9,0.5],"texture":"#5"},"south":{"uv":[6.875,4.75,7,4.875],"texture":"#5"},"west":{"uv":[5,0.5,9,0.625],"texture":"#5"},"up":{"uv":[4.75,9,4.625,5],"texture":"#5"},"down":{"uv":[4.875,5,4.75,9],"texture":"#5"}}},{"from":[11.375,11.5,-2.75],"to":[13.375,15.5,4.25],"rotation":{"angle":0,"axis":"y","origin":[-14.625,-16.5,-4.75]},"faces":{"north":{"uv":[6.125,4.125,6.375,4.625],"texture":"#5"},"east":{"uv":[5,0.625,5.875,1.125],"texture":"#5"},"south":{"uv":[4.875,6.125,5.125,6.625],"texture":"#5"},"west":{"uv":[5,1.125,5.875,1.625],"texture":"#5"},"up":{"uv":[5.875,6.375,5.625,5.5],"texture":"#5"},"down":{"uv":[0.25,5.75,0,6.625],"texture":"#5"}}},{"from":[11.3755,13.2505,3.2505],"to":[13.3745,16.2495,7.2495],"rotation":{"angle":-22.5,"axis":"x","origin":[12.375,13.5,7.75]},"faces":{"north":{"uv":[1.375,6.25,1.625,6.625],"texture":"#5"},"east":{"uv":[5,1.625,5.5,2],"texture":"#5"},"south":{"uv":[1.625,6.25,1.875,6.625],"texture":"#5"},"west":{"uv":[5.5,1.625,6,2],"texture":"#5"},"up":{"uv":[5.375,6.625,5.125,6.125],"texture":"#5"},"down":{"uv":[5.625,6.125,5.375,6.625],"texture":"#5"}}},{"from":[11.875,15.25,-3.75],"to":[12.875,18.25,-0.75],"rotation":{"angle":-22.5,"axis":"x","origin":[12.375,13.5,7.75]},"faces":{"north":{"uv":[1.625,6.625,1.75,7],"texture":"#5"},"east":{"uv":[2.75,5.875,3.125,6.25],"texture":"#5"},"south":{"uv":[1.75,6.625,1.875,7],"texture":"#5"},"west":{"uv":[3.125,5.875,3.5,6.25],"texture":"#5"},"up":{"uv":[2,7,1.875,6.625],"texture":"#5"},"down":{"uv":[2.125,6.625,2,7],"texture":"#5"}}},{"from":[-0.125,4.45,11.75],"to":[1.875,8.45,18.75],"rotation":{"angle":0,"axis":"y","origin":[0.875,6.76304,14.88528]},"faces":{"north":{"uv":[5.875,6.125,6.125,6.625],"texture":"#5"},"east":{"uv":[4.875,5,5.75,5.5],"texture":"#5"},"south":{"uv":[6.125,6.125,6.375,6.625],"texture":"#5"},"west":{"uv":[0.5,5.25,1.375,5.75],"texture":"#5"},"up":{"uv":[0.5,6.625,0.25,5.75],"texture":"#5"},"down":{"uv":[0.75,5.75,0.5,6.625],"texture":"#5"}}},{"from":[-0.1245,6.26354,9.13578],"to":[1.8745,9.26254,13.13478],"rotation":{"angle":-22.5,"axis":"x","origin":[0.875,6.76304,14.88528]},"faces":{"north":{"uv":[1.875,6.25,2.125,6.625],"texture":"#5"},"east":{"uv":[0.75,5.75,1.25,6.125],"texture":"#5"},"south":{"uv":[2.125,6.25,2.375,6.625],"texture":"#5"},"west":{"uv":[5.75,5,6.25,5.375],"texture":"#5"},"up":{"uv":[6.5,1.125,6.25,0.625],"texture":"#5"},"down":{"uv":[1.375,6.25,1.125,6.75],"texture":"#5"}}},{"from":[0.375,4.26304,17.13528],"to":[1.375,7.26304,20.13528],"rotation":{"angle":-22.5,"axis":"x","origin":[0.875,6.76304,14.88528]},"faces":{"north":{"uv":[2.125,6.625,2.25,7],"texture":"#5"},"east":{"uv":[4.25,5.875,4.625,6.25],"texture":"#5"},"south":{"uv":[2.25,6.625,2.375,7],"texture":"#5"},"west":{"uv":[5.875,5.375,6.25,5.75],"texture":"#5"},"up":{"uv":[6.75,4.125,6.625,3.75],"texture":"#5"},"down":{"uv":[6.75,4.125,6.625,4.5],"texture":"#5"}}},{"from":[2,0,11],"to":[14,3,14],"faces":{"north":{"uv":[4.625,2,6.125,2.375],"texture":"#5"},"east":{"uv":[5.875,5.75,6.25,6.125],"texture":"#5"},"south":{"uv":[4.625,2.375,6.125,2.75],"texture":"#5"},"west":{"uv":[6,1.375,6.375,1.75],"texture":"#5"},"up":{"uv":[6.125,3.125,4.625,2.75],"texture":"#5"},"down":{"uv":[6.125,3.125,4.625,3.5],"texture":"#5"}}},{"from":[2,0,2],"to":[14,3,5],"rotation":{"angle":0,"axis":"y","origin":[16,0,0]},"faces":{"north":{"uv":[4.625,4.125,6.125,4.5],"texture":"#5"},"east":{"uv":[6.125,1.75,6.5,2.125],"texture":"#5"},"south":{"uv":[4.625,4.5,6.125,4.875],"texture":"#5"},"west":{"uv":[6.125,2.125,6.5,2.5],"texture":"#5"},"up":{"uv":[2,5.25,0.5,4.875],"texture":"#5"},"down":{"uv":[3.5,4.875,2,5.25],"texture":"#5"}}},{"from":[10,2,1],"to":[13,5,15],"faces":{"north":{"uv":[6,3.75,6.375,4.125],"texture":"#5"},"east":{"uv":[1.5,0.25,3.25,0.625],"texture":"#5"},"south":{"uv":[0.75,6.125,1.125,6.5],"texture":"#5"},"west":{"uv":[1.5,0.625,3.25,1],"texture":"#5"},"up":{"uv":[4.625,2,4.25,0.25],"texture":"#5"},"down":{"uv":[4.625,2,4.25,3.75],"texture":"#5"}}},{"from":[3,2,1],"to":[6,5,15],"rotation":{"angle":0,"axis":"y","origin":[16,0,0]},"faces":{"north":{"uv":[6.125,2.5,6.5,2.875],"texture":"#5"},"east":{"uv":[1.5,1,3.25,1.375],"texture":"#5"},"south":{"uv":[6.125,2.875,6.5,3.25],"texture":"#5"},"west":{"uv":[4.25,3.75,6,4.125],"texture":"#5"},"up":{"uv":[4.625,5.875,4.25,4.125],"texture":"#5"},"down":{"uv":[5,0.25,4.625,2],"texture":"#5"}}},{"from":[2,0,5],"to":[14,1,11],"faces":{"north":{"uv":[1.5,1.375,3,1.5],"texture":"#5"},"east":{"uv":[5.5,0.125,6.25,0.25],"texture":"#5"},"south":{"uv":[5.5,0,7,0.125],"texture":"#5"},"west":{"uv":[6.125,3.25,6.875,3.375],"texture":"#5"},"up":{"uv":[1.5,0.75,0,0],"texture":"#5"},"down":{"uv":[1.5,0.75,0,1.5],"texture":"#5"}}},{"from":[0,0,8],"to":[16,16,8],"rotation":{"angle":-45,"axis":"y","origin":[8,8,8]},"faces":{"north":{"uv":[0,0,16,16],"texture":"#0"},"east":{"uv":[0,0,0,8],"texture":"#0"},"south":{"uv":[0,0,16,16],"texture":"#0"},"west":{"uv":[0,0,0,8],"texture":"#0"},"up":{"uv":[0,0,0,8],"rotation":270,"texture":"#0"},"down":{"uv":[0,0,0,8],"rotation":90,"texture":"#0"}}},{"from":[8,0,0],"to":[8,16,16],"rotation":{"angle":-45,"axis":"y","origin":[8,8,8]},"faces":{"north":{"uv":[0,0,0,8],"texture":"#0"},"east":{"uv":[0,0,16,16],"texture":"#0"},"south":{"uv":[0,0,0,8],"texture":"#0"},"west":{"uv":[0,0,16,16],"texture":"#0"},"up":{"uv":[0,0,0,8],"rotation":180,"texture":"#0"},"down":{"uv":[0,0,0,8],"rotation":180,"texture":"#0"}}}],"display":{"thirdperson_righthand":{"rotation":[75,45,0],"translation":[0,2.5,0],"scale":[0.19,0.18,0.18]},"thirdperson_lefthand":{"rotation":[75,45,0],"translation":[0,2.5,0],"scale":[0.19,0.18,0.18]},"firstperson_righthand":{"rotation":[0,45,0],"translation":[-3,4.5,4.75],"scale":[0.11,0.16,0.11]},"firstperson_lefthand":{"rotation":[0,45,0],"translation":[-3,4.5,4.75],"scale":[0.11,0.16,0.11]},"ground":{"translation":[0,0.5,0],"scale":[0.25,0.25,0.25]},"gui":{"rotation":[30,225,0],"translation":[-0.5,-0.25,0],"scale":[0.34,0.34,0.34]},"head":{"translation":[0,10.86,-0.25],"scale":[0.52,0.45,0.48]},"fixed":{"rotation":[-90,0,0],"translation":[0,0,-16],"scale":[2,2,2]}}}