{"credit":"Made with Blockbench","texture_size":[64,64],"textures":{"1":"crafting_stations:crafting_stations/enchanting_station"},"elements":[{"from":[8,13.1,0.5],"to":[14,13.1001,10.5],"rotation":{"angle":0,"axis":"y","origin":[7.99998,13.60003,5.5]},"faces":{"north":{"uv":[0,0,1.5,0],"texture":"#1"},"east":{"uv":[0,0,2.5,0],"texture":"#1"},"south":{"uv":[0,0,1.5,0],"texture":"#1"},"west":{"uv":[0,0,2.5,0],"texture":"#1"},"up":{"uv":[5.5,7.5,4,5],"texture":"#1"},"down":{"uv":[7,5,5.5,7.5],"texture":"#1"}}},{"from":[2,13.1,0.5],"to":[8,13.1001,10.5],"rotation":{"angle":0,"axis":"y","origin":[8.00002,13.60003,5.5]},"faces":{"north":{"uv":[0,0,1.5,0],"texture":"#1"},"east":{"uv":[0,0,2.5,0],"texture":"#1"},"south":{"uv":[0,0,1.5,0],"texture":"#1"},"west":{"uv":[0,0,2.5,0],"texture":"#1"},"up":{"uv":[8.5,7.5,7,5],"texture":"#1"},"down":{"uv":[5.5,7.5,4,10],"texture":"#1"}}},{"from":[3,13.1,1.5],"to":[8,14.1,9.5],"rotation":{"angle":0,"axis":"y","origin":[15,21.625,9.5]},"faces":{"north":{"uv":[11.25,12.75,12.5,13],"texture":"#1"},"east":{"uv":[12,3.75,14,4],"texture":"#1"},"south":{"uv":[12.75,11.25,14,11.5],"texture":"#1"},"west":{"uv":[12,4,14,4.25],"texture":"#1"},"up":{"uv":[10,9,8.75,7],"texture":"#1"},"down":{"uv":[6.75,9,5.5,11],"texture":"#1"}}},{"from":[8,13.1,1.5],"to":[13,14.1,9.5],"rotation":{"angle":0,"axis":"y","origin":[1,21.625,9.5]},"faces":{"north":{"uv":[12.75,11.5,14,11.75],"texture":"#1"},"east":{"uv":[12,4.25,14,4.5],"texture":"#1"},"south":{"uv":[12.75,11.75,14,12],"texture":"#1"},"west":{"uv":[12,10,14,10.25],"texture":"#1"},"up":{"uv":[8,11,6.75,9],"texture":"#1"},"down":{"uv":[10,9,8.75,11],"texture":"#1"}}},{"from":[3,14.05,1.5],"to":[8,14.0501,9.5],"rotation":{"angle":-22.5,"axis":"z","origin":[8,14.62505,5.5]},"faces":{"north":{"uv":[0,0,1.25,0],"texture":"#1"},"east":{"uv":[0,0,2,0],"texture":"#1"},"south":{"uv":[0,0,1.25,0],"texture":"#1"},"west":{"uv":[0,0,2,0],"texture":"#1"},"up":{"uv":[10.5,5,9.25,3],"texture":"#1"},"down":{"uv":[10.5,5,9.25,7],"texture":"#1"}}},{"from":[8,14.05,1.5],"to":[13,14.0501,9.5],"rotation":{"angle":22.5,"axis":"z","origin":[8,14.62505,5.5]},"faces":{"north":{"uv":[0,0,1.25,0],"texture":"#1"},"east":{"uv":[0,0,2,0],"texture":"#1"},"south":{"uv":[0,0,1.25,0],"texture":"#1"},"west":{"uv":[0,0,2,0],"texture":"#1"},"up":{"uv":[1.25,11.5,0,9.5],"texture":"#1"},"down":{"uv":[2.5,9.5,1.25,11.5],"texture":"#1"}}},{"from":[-0.003,12.997,2.997],"to":[16.003,13.003,13.003],"faces":{"north":{"uv":[0,0,4,0],"texture":"#1"},"east":{"uv":[0,0,2.5,0],"texture":"#1"},"south":{"uv":[0,0,4,0],"texture":"#1"},"west":{"uv":[0,0,2.5,0],"texture":"#1"},"up":{"uv":[8,2.5,4,0],"texture":"#1"},"down":{"uv":[8,2.5,4,5],"texture":"#1"}}},{"from":[15.997,4.997,4.997],"to":[16.003,6.003,11.003],"rotation":{"angle":0,"axis":"z","origin":[16,8,8]},"faces":{"north":{"uv":[0,0,0,0.25],"texture":"#1"},"east":{"uv":[3.25,12.5,4.75,12.75],"texture":"#1"},"south":{"uv":[0,0,0,0.25],"texture":"#1"},"west":{"uv":[12.5,7,14,7.25],"texture":"#1"},"up":{"uv":[0,1.5,0,0],"texture":"#1"},"down":{"uv":[0,0,0,1.5],"texture":"#1"}}},{"from":[15.997,5.997,3.997],"to":[16.003,7.003,12.003],"rotation":{"angle":0,"axis":"z","origin":[16,8,8]},"faces":{"north":{"uv":[0,0,0,0.25],"texture":"#1"},"east":{"uv":[12,10.25,14,10.5],"texture":"#1"},"south":{"uv":[0,0,0,0.25],"texture":"#1"},"west":{"uv":[12,10.5,14,10.75],"texture":"#1"},"up":{"uv":[0,2,0,0],"texture":"#1"},"down":{"uv":[0,0,0,2],"texture":"#1"}}},{"from":[15.997,3.997,5.997],"to":[16.003,5.003,10.003],"rotation":{"angle":0,"axis":"z","origin":[16,8,8]},"faces":{"north":{"uv":[0,0,0,0.25],"texture":"#1"},"east":{"uv":[12.75,12,13.75,12.25],"texture":"#1"},"south":{"uv":[0,0,0,0.25],"texture":"#1"},"west":{"uv":[6,13,7,13.25],"texture":"#1"},"up":{"uv":[0,1,0,0],"texture":"#1"},"down":{"uv":[0,0,0,1],"texture":"#1"}}},{"from":[15.997,6.997,2.997],"to":[16.003,13.003,13.003],"rotation":{"angle":0,"axis":"z","origin":[16,8,8]},"faces":{"north":{"uv":[0,0,0,1.5],"texture":"#1"},"east":{"uv":[5.5,7.5,8,9],"texture":"#1"},"south":{"uv":[0,0,0,1.5],"texture":"#1"},"west":{"uv":[0,8,2.5,9.5],"texture":"#1"},"up":{"uv":[0,2.5,0,0],"texture":"#1"},"down":{"uv":[0,0,0,2.5],"texture":"#1"}}},{"from":[-0.005,6.997,2.997],"to":[0.001,13.003,13.003],"rotation":{"angle":0,"axis":"z","origin":[0,8,8]},"faces":{"north":{"uv":[0,0,0,1.5],"texture":"#1"},"east":{"uv":[8,0,10.5,1.5],"texture":"#1"},"south":{"uv":[0,0,0,1.5],"texture":"#1"},"west":{"uv":[8,1.5,10.5,3],"texture":"#1"},"up":{"uv":[0,2.5,0,0],"texture":"#1"},"down":{"uv":[0,0,0,2.5],"texture":"#1"}}},{"from":[-0.003,5.997,3.997],"to":[0.003,7.003,12.003],"rotation":{"angle":0,"axis":"z","origin":[0,8,8]},"faces":{"north":{"uv":[0,0,0,0.25],"texture":"#1"},"east":{"uv":[12,10.75,14,11],"texture":"#1"},"south":{"uv":[0,0,0,0.25],"texture":"#1"},"west":{"uv":[12,11,14,11.25],"texture":"#1"},"up":{"uv":[0,2,0,0],"texture":"#1"},"down":{"uv":[0,0,0,2],"texture":"#1"}}},{"from":[-0.003,4.997,4.997],"to":[0.003,6.003,11.003],"rotation":{"angle":0,"axis":"z","origin":[0,8,8]},"faces":{"north":{"uv":[0,0,0,0.25],"texture":"#1"},"east":{"uv":[12.5,7.25,14,7.5],"texture":"#1"},"south":{"uv":[0,0,0,0.25],"texture":"#1"},"west":{"uv":[12.5,7.5,14,7.75],"texture":"#1"},"up":{"uv":[0,1.5,0,0],"texture":"#1"},"down":{"uv":[0,0,0,1.5],"texture":"#1"}}},{"from":[-0.003,3.997,5.997],"to":[0.003,5.003,10.003],"rotation":{"angle":0,"axis":"z","origin":[0,8,8]},"faces":{"north":{"uv":[0,0,0,0.25],"texture":"#1"},"east":{"uv":[13,9.75,14,10],"texture":"#1"},"south":{"uv":[0,0,0,0.25],"texture":"#1"},"west":{"uv":[6,13.25,7,13.5],"texture":"#1"},"up":{"uv":[0,1,0,0],"texture":"#1"},"down":{"uv":[0,0,0,1],"texture":"#1"}}},{"from":[7.5,13,14],"to":[8.5,16,15],"faces":{"north":{"uv":[10.25,13.25,10.5,14],"texture":"#1"},"east":{"uv":[4.5,13.75,4.75,14.5],"texture":"#1"},"south":{"uv":[8.5,13.75,8.75,14.5],"texture":"#1"},"west":{"uv":[8.75,13.75,9,14.5],"texture":"#1"},"up":{"uv":[5.25,14.25,5,14],"texture":"#1"},"down":{"uv":[14.25,5,14,5.25],"texture":"#1"}}},{"from":[7,-0.86118,0.80052],"to":[9,1.13882,2.80052],"rotation":{"angle":45,"axis":"x","origin":[8,1.55303,3.00763]},"faces":{"north":{"uv":[13.25,8.25,13.75,8.75],"texture":"#1"},"east":{"uv":[8.5,13.25,9,13.75],"texture":"#1"},"south":{"uv":[13.25,8.75,13.75,9.25],"texture":"#1"},"west":{"uv":[9.75,13.25,10.25,13.75],"texture":"#1"},"up":{"uv":[11.25,13.75,10.75,13.25],"texture":"#1"},"down":{"uv":[12.75,13.25,12.25,13.75],"texture":"#1"}}},{"from":[7,1.26014,2.92184],"to":[9,6.26014,4.92184],"rotation":{"angle":45,"axis":"x","origin":[8,1.55303,3.00763]},"faces":{"north":{"uv":[11.5,3.25,12,4.5],"texture":"#1"},"east":{"uv":[8,11.5,8.5,12.75],"texture":"#1"},"south":{"uv":[11.5,10,12,11.25],"texture":"#1"},"west":{"uv":[0,11.75,0.5,13],"texture":"#1"},"up":{"uv":[13.75,8.25,13.25,7.75],"texture":"#1"},"down":{"uv":[8.5,13.25,8,13.75],"texture":"#1"}}},{"from":[6.998,-0.00963,1.15207],"to":[9.002,1.99437,4.15607],"rotation":{"angle":0,"axis":"x","origin":[8,1.55303,3.00763]},"faces":{"north":{"uv":[13.25,12.25,13.75,12.75],"texture":"#1"},"east":{"uv":[12.5,7.75,13.25,8.25],"texture":"#1"},"south":{"uv":[12.75,13.25,13.25,13.75],"texture":"#1"},"west":{"uv":[12.5,8.25,13.25,8.75],"texture":"#1"},"up":{"uv":[8,13,7.5,12.25],"texture":"#1"},"down":{"uv":[9,12.5,8.5,13.25],"texture":"#1"}}},{"from":[13.18198,-0.86118,6.9825],"to":[15.18198,1.13882,8.9825],"rotation":{"angle":45,"axis":"z","origin":[12.97487,1.55303,7.9825]},"faces":{"north":{"uv":[0,13,0.5,13.5],"texture":"#1"},"east":{"uv":[0.5,13,1,13.5],"texture":"#1"},"south":{"uv":[1,13,1.5,13.5],"texture":"#1"},"west":{"uv":[1.5,13,2,13.5],"texture":"#1"},"up":{"uv":[2.5,13.5,2,13],"texture":"#1"},"down":{"uv":[3,13,2.5,13.5],"texture":"#1"}}},{"from":[11.82643,-0.00963,6.9805],"to":[14.83043,1.99437,8.9845],"rotation":{"angle":0,"axis":"x","origin":[12.97487,1.55303,7.9825]},"faces":{"north":{"uv":[10,11.75,10.75,12.25],"texture":"#1"},"east":{"uv":[8,12.75,8.5,13.25],"texture":"#1"},"south":{"uv":[10,12.25,10.75,12.75],"texture":"#1"},"west":{"uv":[12.5,12.75,13,13.25],"texture":"#1"},"up":{"uv":[12.5,12.75,11.75,12.25],"texture":"#1"},"down":{"uv":[3.25,12.5,2.5,13],"texture":"#1"}}},{"from":[11.06066,1.26014,6.9825],"to":[13.06066,6.26014,8.9825],"rotation":{"angle":45,"axis":"z","origin":[12.97487,1.55303,7.9825]},"faces":{"north":{"uv":[7.5,11,8,12.25],"texture":"#1"},"east":{"uv":[11,10,11.5,11.25],"texture":"#1"},"south":{"uv":[10.75,11.25,11.25,12.5],"texture":"#1"},"west":{"uv":[11.25,11.25,11.75,12.5],"texture":"#1"},"up":{"uv":[8.5,5,8,4.5],"texture":"#1"},"down":{"uv":[4,12,3.5,12.5],"texture":"#1"}}},{"from":[3.52145,0.20836,7.0175],"to":[5.52145,5.20836,9.0175],"rotation":{"angle":-45,"axis":"z","origin":[4.58579,1.72981,11.43171]},"faces":{"north":{"uv":[5.5,11.75,6,13],"texture":"#1"},"east":{"uv":[6,11.75,6.5,13],"texture":"#1"},"south":{"uv":[6.5,11.75,7,13],"texture":"#1"},"west":{"uv":[7,11.75,7.5,13],"texture":"#1"},"up":{"uv":[14,13.25,13.5,12.75],"texture":"#1"},"down":{"uv":[3.75,13.75,3.25,14.25],"texture":"#1"}}},{"from":[1.16957,-0.00963,7.0155],"to":[4.17357,1.99437,9.0195],"rotation":{"angle":0,"axis":"x","origin":[4.58579,1.72981,11.43171]},"faces":{"north":{"uv":[12.5,12.25,13.25,12.75],"texture":"#1"},"east":{"uv":[13.5,9.25,14,9.75],"texture":"#1"},"south":{"uv":[3.25,12.75,4,13.25],"texture":"#1"},"west":{"uv":[11.75,13.5,12.25,14],"texture":"#1"},"up":{"uv":[4.75,13.25,4,12.75],"texture":"#1"},"down":{"uv":[10.5,12.75,9.75,13.25],"texture":"#1"}}},{"from":[1.40013,-1.91296,7.0175],"to":[3.40013,0.08704,9.0175],"rotation":{"angle":-45,"axis":"z","origin":[4.58579,1.72981,11.43171]},"faces":{"north":{"uv":[5.75,13.5,6.25,14],"texture":"#1"},"east":{"uv":[13.5,6,14,6.5],"texture":"#1"},"south":{"uv":[6.25,13.5,6.75,14],"texture":"#1"},"west":{"uv":[13.5,6.5,14,7],"texture":"#1"},"up":{"uv":[7.25,14,6.75,13.5],"texture":"#1"},"down":{"uv":[7.75,13.5,7.25,14],"texture":"#1"}}},{"from":[7,0.20836,10.49605],"to":[9,5.20836,12.49605],"rotation":{"angle":-45,"axis":"x","origin":[4.58579,1.72981,11.43171]},"faces":{"north":{"uv":[0.5,11.75,1,13],"texture":"#1"},"east":{"uv":[1,11.75,1.5,13],"texture":"#1"},"south":{"uv":[1.5,11.75,2,13],"texture":"#1"},"west":{"uv":[2,11.75,2.5,13],"texture":"#1"},"up":{"uv":[5.25,14,4.75,13.5],"texture":"#1"},"down":{"uv":[5.75,13.5,5.25,14],"texture":"#1"}}},{"from":[7,-1.91296,12.61737],"to":[9,0.08704,14.61737],"rotation":{"angle":-45,"axis":"x","origin":[4.58579,1.72981,11.43171]},"faces":{"north":{"uv":[0.5,13.5,1,14],"texture":"#1"},"east":{"uv":[1,13.5,1.5,14],"texture":"#1"},"south":{"uv":[1.5,13.5,2,14],"texture":"#1"},"west":{"uv":[2,13.5,2.5,14],"texture":"#1"},"up":{"uv":[3,14,2.5,13.5],"texture":"#1"},"down":{"uv":[14,3.25,13.5,3.75],"texture":"#1"}}},{"from":[6.998,-0.00963,11.84393],"to":[9.002,1.99437,14.84793],"rotation":{"angle":0,"axis":"x","origin":[4.58579,1.72981,11.43171]},"faces":{"north":{"uv":[13.25,13.25,13.75,13.75],"texture":"#1"},"east":{"uv":[12.5,8.75,13.25,9.25],"texture":"#1"},"south":{"uv":[0,13.5,0.5,14],"texture":"#1"},"west":{"uv":[9,12.5,9.75,13],"texture":"#1"},"up":{"uv":[13,10,12.5,9.25],"texture":"#1"},"down":{"uv":[11.25,12.5,10.75,13.25],"texture":"#1"}}},{"from":[7,6,7],"to":[9,12,9],"faces":{"north":{"uv":[8,3,8.5,4.5],"texture":"#1"},"east":{"uv":[11,3,11.5,4.5],"texture":"#1"},"south":{"uv":[4,11,4.5,12.5],"texture":"#1"},"west":{"uv":[4.5,11,5,12.5],"texture":"#1"},"up":{"uv":[13.5,3.75,13,3.25],"texture":"#1"},"down":{"uv":[6,13,5.5,13.5],"texture":"#1"}}},{"from":[0,12,0],"to":[16,13,16],"faces":{"north":{"uv":[10.5,0,14.5,0.25],"texture":"#1"},"east":{"uv":[10.5,0.25,14.5,0.5],"texture":"#1"},"south":{"uv":[10.5,0.5,14.5,0.75],"texture":"#1"},"west":{"uv":[10.5,0.75,14.5,1],"texture":"#1"},"up":{"uv":[4,4,0,0],"texture":"#1"},"down":{"uv":[4,4,0,8],"texture":"#1"}}},{"from":[13,10,0],"to":[16,11,16],"faces":{"north":{"uv":[3.75,13.75,4.5,14],"texture":"#1"},"east":{"uv":[10.5,1,14.5,1.25],"texture":"#1"},"south":{"uv":[7.75,13.75,8.5,14],"texture":"#1"},"west":{"uv":[10.5,1.25,14.5,1.5],"texture":"#1"},"up":{"uv":[3.25,12,2.5,8],"texture":"#1"},"down":{"uv":[4,8,3.25,12],"texture":"#1"}}},{"from":[14,11,1],"to":[15,12,15],"faces":{"north":{"uv":[7.75,13.5,8,13.75],"texture":"#1"},"east":{"uv":[10.5,2,14,2.25],"texture":"#1"},"south":{"uv":[3,14,3.25,14.25],"texture":"#1"},"west":{"uv":[10.5,2.25,14,2.5],"texture":"#1"},"up":{"uv":[5.25,13.5,5,10],"texture":"#1"},"down":{"uv":[5.5,10,5.25,13.5],"texture":"#1"}}},{"from":[1,11,1],"to":[2,12,15],"faces":{"north":{"uv":[14,4,14.25,4.25],"texture":"#1"},"east":{"uv":[10.5,2.5,14,2.75],"texture":"#1"},"south":{"uv":[4.25,14,4.5,14.25],"texture":"#1"},"west":{"uv":[10.5,2.75,14,3],"texture":"#1"},"up":{"uv":[10.75,6.5,10.5,3],"texture":"#1"},"down":{"uv":[11,3,10.75,6.5],"texture":"#1"}}},{"from":[2,11,1],"to":[14,12,2],"faces":{"north":{"uv":[10.5,6.5,13.5,6.75],"texture":"#1"},"east":{"uv":[14,4.25,14.25,4.5],"texture":"#1"},"south":{"uv":[10.5,6.75,13.5,7],"texture":"#1"},"west":{"uv":[14,4.5,14.25,4.75],"texture":"#1"},"up":{"uv":[14,4.75,11,4.5],"texture":"#1"},"down":{"uv":[14,4.75,11,5],"texture":"#1"}}},{"from":[2,11,14],"to":[14,12,15],"faces":{"north":{"uv":[11,5,14,5.25],"texture":"#1"},"east":{"uv":[4.75,14,5,14.25],"texture":"#1"},"south":{"uv":[11,5.25,14,5.5],"texture":"#1"},"west":{"uv":[14,4.75,14.25,5],"texture":"#1"},"up":{"uv":[14,5.75,11,5.5],"texture":"#1"},"down":{"uv":[14,5.75,11,6],"texture":"#1"}}},{"from":[0,10,0],"to":[3,11,16],"faces":{"north":{"uv":[13.75,7.75,14.5,8],"texture":"#1"},"east":{"uv":[10.5,1.5,14.5,1.75],"texture":"#1"},"south":{"uv":[13.75,8,14.5,8.25],"texture":"#1"},"west":{"uv":[10.5,1.75,14.5,2],"texture":"#1"},"up":{"uv":[8.75,11.5,8,7.5],"texture":"#1"},"down":{"uv":[9.25,3,8.5,7],"texture":"#1"}}},{"from":[3,10,0],"to":[13,11,3],"faces":{"north":{"uv":[11,6,13.5,6.25],"texture":"#1"},"east":{"uv":[13.75,8.25,14.5,8.5],"texture":"#1"},"south":{"uv":[11,6.25,13.5,6.5],"texture":"#1"},"west":{"uv":[13.75,8.5,14.5,8.75],"texture":"#1"},"up":{"uv":[12.5,7.75,10,7],"texture":"#1"},"down":{"uv":[12.5,7.75,10,8.5],"texture":"#1"}}},{"from":[3,10,13],"to":[13,11,16],"faces":{"north":{"uv":[0,11.5,2.5,11.75],"texture":"#1"},"east":{"uv":[13.75,8.75,14.5,9],"texture":"#1"},"south":{"uv":[11.5,3,14,3.25],"texture":"#1"},"west":{"uv":[13.75,9,14.5,9.25],"texture":"#1"},"up":{"uv":[12.5,9.25,10,8.5],"texture":"#1"},"down":{"uv":[12.5,9.25,10,10],"texture":"#1"}}},{"from":[6,4,6],"to":[10,6,10],"faces":{"north":{"uv":[11.75,11.25,12.75,11.75],"texture":"#1"},"east":{"uv":[11.75,11.75,12.75,12.25],"texture":"#1"},"south":{"uv":[2.5,12,3.5,12.5],"texture":"#1"},"west":{"uv":[12,3.25,13,3.75],"texture":"#1"},"up":{"uv":[5,11,4,10],"texture":"#1"},"down":{"uv":[11,10,10,11],"texture":"#1"}}},{"from":[6.75,4.5,6.75],"to":[8.25,5,8.25],"rotation":{"angle":0,"axis":"y","origin":[0,-2,0]},"color":6,"faces":{"north":{"uv":[14,15,15.5,15.5],"texture":"#missing"},"east":{"uv":[15,14,16.5,14.5],"texture":"#missing"},"south":{"uv":[0,16,1.5,16.5],"texture":"#missing"},"west":{"uv":[16,1,17.5,1.5],"texture":"#missing"},"up":{"uv":[11.5,13.5,10,12],"texture":"#missing"},"down":{"uv":[13.5,10,12,11.5],"texture":"#missing"}}},{"from":[6,10.98313,17.11501],"to":[10,13.98313,20.11501],"rotation":{"angle":-22.5,"axis":"x","origin":[7.5,2.19905,4.75484]},"faces":{"north":{"uv":[5.5,11,6.5,11.75],"texture":"#1"},"east":{"uv":[8.5,11.75,9.25,12.5],"texture":"#1"},"south":{"uv":[6.5,11,7.5,11.75],"texture":"#1"},"west":{"uv":[9.25,11.75,10,12.5],"texture":"#1"},"up":{"uv":[9.75,11.75,8.75,11],"texture":"#1"},"down":{"uv":[10.75,11,9.75,11.75],"texture":"#1"}}},{"from":[6.5,9.98313,17.11501],"to":[9.5,10.98313,18.11501],"rotation":{"angle":-22.5,"axis":"x","origin":[7.5,2.19905,4.75484]},"faces":{"north":{"uv":[10.5,13.75,11.25,14],"texture":"#1"},"east":{"uv":[5.25,14,5.5,14.25],"texture":"#1"},"south":{"uv":[13.75,12,14.5,12.25],"texture":"#1"},"west":{"uv":[14,5.25,14.25,5.5],"texture":"#1"},"up":{"uv":[13,14,12.25,13.75],"texture":"#1"},"down":{"uv":[14.5,12.25,13.75,12.5],"texture":"#1"}}},{"from":[0.5,13,13.5],"to":[2.5,14,15.5],"faces":{"north":{"uv":[11.25,12.5,11.75,12.75],"texture":"#1"},"east":{"uv":[13.75,12.5,14.25,12.75],"texture":"#1"},"south":{"uv":[0.5,14,1,14.25],"texture":"#1"},"west":{"uv":[1,14,1.5,14.25],"texture":"#1"},"up":{"uv":[7.5,13.5,7,13],"texture":"#1"},"down":{"uv":[8,13,7.5,13.5],"texture":"#1"}}},{"from":[3.5,13,13.5],"to":[5.5,14,15.5],"faces":{"north":{"uv":[1.5,14,2,14.25],"texture":"#1"},"east":{"uv":[2,14,2.5,14.25],"texture":"#1"},"south":{"uv":[14,2,14.5,2.25],"texture":"#1"},"west":{"uv":[14,2.25,14.5,2.5],"texture":"#1"},"up":{"uv":[13.5,9.75,13,9.25],"texture":"#1"},"down":{"uv":[12.25,13,11.75,13.5],"texture":"#1"}}},{"from":[10.5,13,13.5],"to":[12.5,14,15.5],"faces":{"north":{"uv":[2.5,14,3,14.25],"texture":"#1"},"east":{"uv":[14,2.5,14.5,2.75],"texture":"#1"},"south":{"uv":[14,2.75,14.5,3],"texture":"#1"},"west":{"uv":[14,3,14.5,3.25],"texture":"#1"},"up":{"uv":[13.5,13.25,13,12.75],"texture":"#1"},"down":{"uv":[3.75,13.25,3.25,13.75],"texture":"#1"}}},{"from":[13.5,13,13.5],"to":[15.5,14,15.5],"faces":{"north":{"uv":[14,3.25,14.5,3.5],"texture":"#1"},"east":{"uv":[14,3.5,14.5,3.75],"texture":"#1"},"south":{"uv":[3.75,14,4.25,14.25],"texture":"#1"},"west":{"uv":[14,3.75,14.5,4],"texture":"#1"},"up":{"uv":[4.25,13.75,3.75,13.25],"texture":"#1"},"down":{"uv":[4.75,13.25,4.25,13.75],"texture":"#1"}}},{"from":[1,14,14],"to":[2,17,15],"rotation":{"angle":0,"axis":"y","origin":[0.5,12,15.5]},"faces":{"north":{"uv":[9.75,13.75,10,14.5],"texture":"#1"},"east":{"uv":[10,13.75,10.25,14.5],"texture":"#1"},"south":{"uv":[13,13.75,13.25,14.5],"texture":"#1"},"west":{"uv":[13.25,13.75,13.5,14.5],"texture":"#1"},"up":{"uv":[5.75,14.25,5.5,14],"texture":"#1"},"down":{"uv":[14.25,5.5,14,5.75],"texture":"#1"}}},{"from":[4,14,14],"to":[5,18,15],"rotation":{"angle":0,"axis":"y","origin":[0.5,12,15.5]},"faces":{"north":{"uv":[4.75,12.5,5,13.5],"texture":"#1"},"east":{"uv":[10.5,12.75,10.75,13.75],"texture":"#1"},"south":{"uv":[3,13,3.25,14],"texture":"#1"},"west":{"uv":[9,13,9.25,14],"texture":"#1"},"up":{"uv":[6,14.25,5.75,14],"texture":"#1"},"down":{"uv":[14.25,5.75,14,6],"texture":"#1"}}},{"from":[14,14,14],"to":[15,17,15],"rotation":{"angle":0,"axis":"y","origin":[15.5,12,15.5]},"faces":{"north":{"uv":[13.75,13.25,14,14],"texture":"#1"},"east":{"uv":[13.5,13.75,13.75,14.5],"texture":"#1"},"south":{"uv":[0,14,0.25,14.75],"texture":"#1"},"west":{"uv":[0.25,14,0.5,14.75],"texture":"#1"},"up":{"uv":[6.5,14.25,6.25,14],"texture":"#1"},"down":{"uv":[14.25,6.25,14,6.5],"texture":"#1"}}},{"from":[11,14,14],"to":[12,18,15],"rotation":{"angle":0,"axis":"y","origin":[15.5,12,15.5]},"faces":{"north":{"uv":[9.25,13,9.5,14],"texture":"#1"},"east":{"uv":[9.5,13,9.75,14],"texture":"#1"},"south":{"uv":[11.25,13,11.5,14],"texture":"#1"},"west":{"uv":[11.5,13,11.75,14],"texture":"#1"},"up":{"uv":[6.25,14.25,6,14],"texture":"#1"},"down":{"uv":[14.25,6,14,6.25],"texture":"#1"}}},{"from":[1,17,14.5],"to":[2,18,14.5],"rotation":{"angle":45,"axis":"z","origin":[1.5,17.5,14.5]},"faces":{"north":{"uv":[9.75,12.5,10,12.75],"texture":"#1"},"east":{"uv":[0,0,0,0.25],"texture":"#1"},"south":{"uv":[12.25,13,12.5,13.25],"texture":"#1"},"west":{"uv":[0,0,0,0.25],"texture":"#1"},"up":{"uv":[0.25,0,0,0],"texture":"#1"},"down":{"uv":[0.25,0,0,0],"texture":"#1"}}},{"from":[4,18,14.5],"to":[5,19,14.5],"rotation":{"angle":45,"axis":"z","origin":[4.5,18.5,14.5]},"faces":{"north":{"uv":[6.5,14,6.75,14.25],"texture":"#1"},"east":{"uv":[0,0,0,0.25],"texture":"#1"},"south":{"uv":[14,6.5,14.25,6.75],"texture":"#1"},"west":{"uv":[0,0,0,0.25],"texture":"#1"},"up":{"uv":[0.25,0,0,0],"texture":"#1"},"down":{"uv":[0.25,0,0,0],"texture":"#1"}}},{"from":[14,17,14.5],"to":[15,18,14.5],"rotation":{"angle":45,"axis":"z","origin":[14.5,17.5,14.5]},"faces":{"north":{"uv":[10.75,11,11,11.25],"texture":"#1"},"east":{"uv":[0,0,0,0.25],"texture":"#1"},"south":{"uv":[8.5,11.5,8.75,11.75],"texture":"#1"},"west":{"uv":[0,0,0,0.25],"texture":"#1"},"up":{"uv":[0.25,0,0,0],"texture":"#1"},"down":{"uv":[0.25,0,0,0],"texture":"#1"}}},{"from":[11,18,14.5],"to":[12,19,14.5],"rotation":{"angle":45,"axis":"z","origin":[11.5,18.5,14.5]},"faces":{"north":{"uv":[8.5,7,8.75,7.25],"texture":"#1"},"east":{"uv":[0,0,0,0.25],"texture":"#1"},"south":{"uv":[8.5,7.25,8.75,7.5],"texture":"#1"},"west":{"uv":[0,0,0,0.25],"texture":"#1"},"up":{"uv":[0.25,0,0,0],"texture":"#1"},"down":{"uv":[0.25,0,0,0],"texture":"#1"}}}],"display":{"thirdperson_righthand":{"rotation":[0,90,0],"translation":[0.75,0.75,1],"scale":[0.5,0.5,0.5]},"thirdperson_lefthand":{"rotation":[0,90,0],"translation":[0.75,0.75,1],"scale":[0.5,0.5,0.5]},"firstperson_righthand":{"rotation":[0,-178,0],"translation":[-3,4.25,4.75],"scale":[0.2,0.2,0.2]},"firstperson_lefthand":{"rotation":[0,-178,0],"translation":[-3,4.25,4.75],"scale":[0.2,0.2,0.2]},"ground":{"translation":[0,1,0],"scale":[0.5,0.5,0.5]},"gui":{"rotation":[-153,34.25,-180],"translation":[0,-0.5,0],"scale":[0.5,0.5,0.5]},"head":{"translation":[0,14.5,-0.5]},"fixed":{"rotation":[-90,0,0],"translation":[0,0,-16],"scale":[2,2,2]}},"groups":[{"name":"Table","origin":[0,0,0],"color":0,"children":[]},{"name":"Book","origin":[8,8,8],"color":0,"children":[0,1,2,3,4,5,6,7,8,9,10,11,12,13,14,15]},{"name":"Shelf","origin":[0,0,0],"color":0,"children":[]},{"name":"Book Stack","origin":[8,8,8],"color":0,"children":[]},{"name":"Candel","origin":[-9,24,18],"color":0,"children":[]},{"name":"ink","origin":[8,8,8],"color":0,"children":[]},{"name":"orb","origin":[8,8,8],"color":0,"children":[]},16,17,18,19,20,21,22,23,24,25,26,27,28,29,30,31,32,33,34,35,36,37,38,39,40,41,42,43,44,45,46,47,48,49,50,51,52,53]}