{"credit":"Made with Blockbench","texture_size":[64,64],"textures":{"1":"crafting_stations:crafting_stations/fishing_station","particle":"crafting_stations:crafting_stations/fishing_station"},"elements":[{"from":[13,0,0],"to":[16,3,3],"faces":{"north":{"uv":[8,4.5,8.75,5.25],"texture":"#1"},"east":{"uv":[8.5,3,9.25,3.75],"texture":"#1"},"south":{"uv":[8.5,3.75,9.25,4.5],"texture":"#1"},"west":{"uv":[8.5,8,9.25,8.75],"texture":"#1"},"up":{"uv":[9.5,5.25,8.75,4.5],"texture":"#1"},"down":{"uv":[9.25,8.75,8.5,9.5],"texture":"#1"}}},{"from":[0,0,0],"to":[3,3,3],"rotation":{"angle":0,"axis":"y","origin":[16,0,0]},"faces":{"north":{"uv":[9.25,8,10,8.75],"texture":"#1"},"east":{"uv":[9.25,8.75,10,9.5],"texture":"#1"},"south":{"uv":[0,9.5,0.75,10.25],"texture":"#1"},"west":{"uv":[0.75,9.5,1.5,10.25],"texture":"#1"},"up":{"uv":[2.25,10.25,1.5,9.5],"texture":"#1"},"down":{"uv":[3,9.5,2.25,10.25],"texture":"#1"}}},{"from":[13,0,13],"to":[16,3,16],"rotation":{"angle":0,"axis":"y","origin":[0,0,16]},"faces":{"north":{"uv":[9,9.5,9.75,10.25],"texture":"#1"},"east":{"uv":[9.75,1.5,10.5,2.25],"texture":"#1"},"south":{"uv":[9.75,2.25,10.5,3],"texture":"#1"},"west":{"uv":[9.75,9.5,10.5,10.25],"texture":"#1"},"up":{"uv":[10.75,3.75,10,3],"texture":"#1"},"down":{"uv":[10.75,3.75,10,4.5],"texture":"#1"}}},{"from":[0,0,13],"to":[3,3,16],"rotation":{"angle":0,"axis":"y","origin":[16,0,16]},"faces":{"north":{"uv":[3,9.5,3.75,10.25],"texture":"#1"},"east":{"uv":[9.5,4.5,10.25,5.25],"texture":"#1"},"south":{"uv":[6,9.5,6.75,10.25],"texture":"#1"},"west":{"uv":[6.75,9.5,7.5,10.25],"texture":"#1"},"up":{"uv":[8.25,10.25,7.5,9.5],"texture":"#1"},"down":{"uv":[9,9.5,8.25,10.25],"texture":"#1"}}},{"from":[0.5,3,13.5],"to":[2.5,9,15.5],"rotation":{"angle":0,"axis":"y","origin":[16,0,0]},"faces":{"north":{"uv":[0,8,0.5,9.5],"texture":"#1"},"east":{"uv":[0.5,8,1,9.5],"texture":"#1"},"south":{"uv":[1,8,1.5,9.5],"texture":"#1"},"west":{"uv":[1.5,8,2,9.5],"texture":"#1"},"up":{"uv":[11.75,4.25,11.25,3.75],"texture":"#1"},"down":{"uv":[11.75,8.25,11.25,8.75],"texture":"#1"}}},{"from":[13.5,3,13.5],"to":[15.5,9,15.5],"faces":{"north":{"uv":[8,1.5,8.5,3],"texture":"#1"},"east":{"uv":[2,8,2.5,9.5],"texture":"#1"},"south":{"uv":[2.5,8,3,9.5],"texture":"#1"},"west":{"uv":[3,8,3.5,9.5],"texture":"#1"},"up":{"uv":[11.75,9.25,11.25,8.75],"texture":"#1"},"down":{"uv":[9.5,11.25,9,11.75],"texture":"#1"}}},{"from":[13.5,3,0.5],"to":[15.5,9,2.5],"rotation":{"angle":0,"axis":"y","origin":[0,0,16]},"faces":{"north":{"uv":[7,8,7.5,9.5],"texture":"#1"},"east":{"uv":[7.5,8,8,9.5],"texture":"#1"},"south":{"uv":[8,8,8.5,9.5],"texture":"#1"},"west":{"uv":[8.5,1.5,9,3],"texture":"#1"},"up":{"uv":[11,11.75,10.5,11.25],"texture":"#1"},"down":{"uv":[0.5,11.5,0,12],"texture":"#1"}}},{"from":[0.5,3,0.5],"to":[2.5,9,2.5],"rotation":{"angle":0,"axis":"y","origin":[16,0,16]},"faces":{"north":{"uv":[8,3,8.5,4.5],"texture":"#1"},"east":{"uv":[3.5,8,4,9.5],"texture":"#1"},"south":{"uv":[6,8,6.5,9.5],"texture":"#1"},"west":{"uv":[6.5,8,7,9.5],"texture":"#1"},"up":{"uv":[11.75,9.75,11.25,9.25],"texture":"#1"},"down":{"uv":[10,11.25,9.5,11.75],"texture":"#1"}}},{"from":[1,4,1],"to":[15,5,15],"faces":{"north":{"uv":[7.5,6.5,11,6.75],"texture":"#1"},"east":{"uv":[7.5,6.75,11,7],"texture":"#1"},"south":{"uv":[7.75,5.75,11.25,6],"texture":"#1"},"west":{"uv":[6,7.75,9.5,8],"texture":"#1"},"up":{"uv":[7.5,3.5,4,0],"texture":"#1"},"down":{"uv":[7.5,3.5,4,7],"texture":"#1"}}},{"from":[0,9,0],"to":[16,11,16],"faces":{"north":{"uv":[4,7,8,7.5],"texture":"#1"},"east":{"uv":[7.5,0,11.5,0.5],"texture":"#1"},"south":{"uv":[7.5,0.5,11.5,1],"texture":"#1"},"west":{"uv":[7.5,1,11.5,1.5],"texture":"#1"},"up":{"uv":[4,4,0,0],"texture":"#1"},"down":{"uv":[4,4,0,8],"texture":"#1"}}},{"from":[-5.73452,5.83733,9],"to":[-4.73452,24.83733,10],"rotation":{"angle":-22.5,"axis":"z","origin":[-4.73452,0.83733,-2]},"faces":{"north":{"uv":[7.5,1.5,7.75,6.25],"texture":"#1"},"east":{"uv":[4,7.5,4.25,12.25],"texture":"#1"},"south":{"uv":[4.25,7.5,4.5,12.25],"texture":"#1"},"west":{"uv":[4.5,7.5,4.75,12.25],"texture":"#1"},"up":{"uv":[6,12.25,5.75,12],"texture":"#1"},"down":{"uv":[12.25,5.75,12,6],"texture":"#1"}}},{"from":[13.26212,11.00578,-0.48336],"to":[14.26212,12.00578,16.51664],"rotation":{"angle":0,"axis":"y","origin":[14.24289,11.50578,10.32437]},"faces":{"north":{"uv":[12,4.25,12.25,4.5],"texture":"#1"},"east":{"uv":[5.75,7.5,10,7.75],"texture":"#1"},"south":{"uv":[12,5,12.25,5.25],"texture":"#1"},"west":{"uv":[7.5,6.25,11.75,6.5],"texture":"#1"},"up":{"uv":[8,5.75,7.75,1.5],"texture":"#1"},"down":{"uv":[6,7.75,5.75,12],"texture":"#1"}}},{"from":[-5.73452,-0.16267,9],"to":[-4.73452,4.83733,10],"rotation":{"angle":-22.5,"axis":"z","origin":[-4.73452,0.83733,-2]},"faces":{"north":{"uv":[10.75,7,11,8.25],"texture":"#1"},"east":{"uv":[7.25,10.75,7.5,12],"texture":"#1"},"south":{"uv":[8.5,10.75,8.75,12],"texture":"#1"},"west":{"uv":[8.75,10.75,9,12],"texture":"#1"},"up":{"uv":[12.25,7.75,12,7.5],"texture":"#1"},"down":{"uv":[12.25,8,12,8.25],"texture":"#1"}}},{"from":[-4.3211,4.45672,8],"to":[-2.3211,6.45672,11],"rotation":{"angle":22.5,"axis":"z","origin":[-2.8211,5.45672,9.5]},"faces":{"north":{"uv":[1,11,1.5,11.5],"texture":"#1"},"east":{"uv":[10.25,4.5,11,5],"texture":"#1"},"south":{"uv":[1.5,11,2,11.5],"texture":"#1"},"west":{"uv":[6.75,10.25,7.5,10.75],"texture":"#1"},"up":{"uv":[8,11,7.5,10.25],"texture":"#1"},"down":{"uv":[8.5,10.25,8,11],"texture":"#1"}}},{"from":[-2.8211,3.95672,6],"to":[-1.8211,4.95672,9],"rotation":{"angle":22.5,"axis":"z","origin":[-2.8211,5.45672,9.5]},"faces":{"north":{"uv":[12,6,12.25,6.25],"texture":"#1"},"east":{"uv":[11.25,4.25,12,4.5],"texture":"#1"},"south":{"uv":[6.25,12,6.5,12.25],"texture":"#1"},"west":{"uv":[11.25,5,12,5.25],"texture":"#1"},"up":{"uv":[11.75,1.25,11.5,0.5],"texture":"#1"},"down":{"uv":[1.25,11.5,1,12.25],"texture":"#1"}}},{"from":[8.85,13.35,12],"to":[10.85,15.35,15],"rotation":{"angle":22.5,"axis":"z","origin":[15.5,14.5,0.5]},"faces":{"north":{"uv":[11.5,0,12,0.5],"texture":"#1"},"east":{"uv":[10.75,2.75,11.5,3.25],"texture":"#1"},"south":{"uv":[0.5,11.5,1,12],"texture":"#1"},"west":{"uv":[10.75,3.25,11.5,3.75],"texture":"#1"},"up":{"uv":[11.25,4.5,10.75,3.75],"texture":"#1"},"down":{"uv":[7.25,10.75,6.75,11.5],"texture":"#1"}}},{"from":[10.35,12.85,10],"to":[11.35,13.85,13],"rotation":{"angle":22.5,"axis":"z","origin":[15.5,14.5,0.5]},"faces":{"north":{"uv":[5,12.25,5.25,12.5],"texture":"#1"},"east":{"uv":[11.75,2.25,12.5,2.5],"texture":"#1"},"south":{"uv":[12.25,5,12.5,5.25],"texture":"#1"},"west":{"uv":[2.5,11.75,3.25,12],"texture":"#1"},"up":{"uv":[3.5,12.5,3.25,11.75],"texture":"#1"},"down":{"uv":[6.25,11.75,6,12.5],"texture":"#1"}}},{"from":[10.85406,5.89273,6.99164],"to":[12.85406,7.89273,9.99164],"rotation":{"angle":-22.5,"axis":"z","origin":[12.20773,5.96627,10.29937]},"faces":{"north":{"uv":[10,11,10.5,11.5],"texture":"#1"},"east":{"uv":[8.5,10.25,9.25,10.75],"texture":"#1"},"south":{"uv":[11,10.5,11.5,11],"texture":"#1"},"west":{"uv":[9.25,10.25,10,10.75],"texture":"#1"},"up":{"uv":[10.5,11,10,10.25],"texture":"#1"},"down":{"uv":[11,1.5,10.5,2.25],"texture":"#1"}}},{"from":[12.35406,5.39273,8.99164],"to":[13.35406,6.39273,11.99164],"rotation":{"angle":-22.5,"axis":"z","origin":[12.20773,5.96627,10.29937]},"faces":{"north":{"uv":[1,12.25,1.25,12.5],"texture":"#1"},"east":{"uv":[11.5,9.75,12.25,10],"texture":"#1"},"south":{"uv":[12.25,1,12.5,1.25],"texture":"#1"},"west":{"uv":[11.5,10,12.25,10.25],"texture":"#1"},"up":{"uv":[8.5,12.25,8.25,11.5],"texture":"#1"},"down":{"uv":[10.25,11.5,10,12.25],"texture":"#1"}}},{"from":[4.26879,14.80675,9.475],"to":[5.26879,16.80675,9.475],"rotation":{"angle":45,"axis":"y","origin":[4.79379,16.80675,9.475]},"faces":{"north":{"uv":[11.75,3.75,12,4.25],"texture":"#1"},"east":{"uv":[0,0,0,0.5],"texture":"#1"},"south":{"uv":[11.75,6,12,6.5],"texture":"#1"},"west":{"uv":[0,0,0,0.5],"texture":"#1"},"up":{"uv":[0.25,0,0,0],"texture":"#1"},"down":{"uv":[0.25,0,0,0],"texture":"#1"}}},{"from":[4.76879,16.80675,9.475],"to":[4.81879,22.63175,9.525],"rotation":{"angle":0,"axis":"y","origin":[0.29379,0.80675,-3]},"faces":{"north":{"uv":[3.75,9.5,4,11],"texture":"#1"},"east":{"uv":[6,10.25,6.25,11.75],"texture":"#1"},"south":{"uv":[6.25,10.25,6.5,11.75],"texture":"#1"},"west":{"uv":[6.5,10.25,6.75,11.75],"texture":"#1"},"up":{"uv":[7.5,12.25,7.25,12],"texture":"#1"},"down":{"uv":[12.25,7.25,12,7.5],"texture":"#1"}}},{"from":[2.96251,3.77599,9.475],"to":[3.01251,23.00099,9.525],"rotation":{"angle":-22.5,"axis":"z","origin":[2.98751,18.27599,9.5]},"faces":{"north":{"uv":[4.75,7.5,5,12.25],"texture":"#1"},"east":{"uv":[5,7.5,5.25,12.25],"texture":"#1"},"south":{"uv":[5.25,7.5,5.5,12.25],"texture":"#1"},"west":{"uv":[5.5,7.5,5.75,12.25],"texture":"#1"},"up":{"uv":[12.25,8.5,12,8.25],"texture":"#1"},"down":{"uv":[8.75,12,8.5,12.25],"texture":"#1"}}},{"from":[5.26879,13.80675,9.475],"to":[6.26879,14.80675,9.475],"rotation":{"angle":45,"axis":"y","origin":[4.79379,16.80675,9.475]},"faces":{"north":{"uv":[12,6.25,12.25,6.5],"texture":"#1"},"east":{"uv":[0,0,0,0.25],"texture":"#1"},"south":{"uv":[6.5,12,6.75,12.25],"texture":"#1"},"west":{"uv":[0,0,0,0.25],"texture":"#1"},"up":{"uv":[0.25,0,0,0],"texture":"#1"},"down":{"uv":[0.25,0,0,0],"texture":"#1"}}},{"from":[6.26879,14.80675,9.475],"to":[7.26879,15.80675,9.475],"rotation":{"angle":45,"axis":"y","origin":[4.79379,16.80675,9.475]},"faces":{"north":{"uv":[12,8.5,12.25,8.75],"texture":"#1"},"east":{"uv":[0,0,0,0.25],"texture":"#1"},"south":{"uv":[8.75,12,9,12.25],"texture":"#1"},"west":{"uv":[0,0,0,0.25],"texture":"#1"},"up":{"uv":[0.25,0,0,0],"texture":"#1"},"down":{"uv":[0.25,0,0,0],"texture":"#1"}}},{"from":[1.76678,11.05675,13.03557],"to":[2.76678,11.05675,15.03557],"rotation":{"angle":-22.5,"axis":"y","origin":[10.26678,15.05675,15.28557]},"faces":{"north":{"uv":[0,0,0.25,0],"texture":"#1"},"east":{"uv":[0,0,0.5,0],"texture":"#1"},"south":{"uv":[0,0,0.25,0],"texture":"#1"},"west":{"uv":[0,0,0.5,0],"texture":"#1"},"up":{"uv":[12,7.75,11.75,7.25],"texture":"#1"},"down":{"uv":[12,8.25,11.75,8.75],"texture":"#1"}}},{"from":[2.50748,11.05475,11.79979],"to":[3.51148,11.05875,14.80379],"rotation":{"angle":0,"axis":"y","origin":[3.00948,11.05675,12.80179]},"faces":{"north":{"uv":[0,0,0.25,0],"texture":"#1"},"east":{"uv":[0,0,0.75,0],"texture":"#1"},"south":{"uv":[0,0,0.25,0],"texture":"#1"},"west":{"uv":[0,0,0.75,0],"texture":"#1"},"up":{"uv":[11.75,11.75,11.5,11],"texture":"#1"},"down":{"uv":[11.5,11.5,11.25,12.25],"texture":"#1"}}},{"from":[2.50748,11.43835,11.72428],"to":[3.51148,11.44235,14.72828],"rotation":{"angle":-22.5,"axis":"x","origin":[3.00948,11.44035,12.72628]},"faces":{"north":{"uv":[0,0,0.25,0],"texture":"#1"},"east":{"uv":[0,0,0.75,0],"texture":"#1"},"south":{"uv":[0,0,0.25,0],"texture":"#1"},"west":{"uv":[0,0,0.75,0],"texture":"#1"},"up":{"uv":[12,1.25,11.75,0.5],"texture":"#1"},"down":{"uv":[1.5,11.75,1.25,12.5],"texture":"#1"}}},{"from":[1.8727,11.05675,11.53803],"to":[2.8727,11.05675,13.53803],"rotation":{"angle":-45,"axis":"y","origin":[2.3727,11.05675,12.53803]},"faces":{"north":{"uv":[0,0,0.25,0],"texture":"#1"},"east":{"uv":[0,0,0.5,0],"texture":"#1"},"south":{"uv":[0,0,0.25,0],"texture":"#1"},"west":{"uv":[0,0,0.5,0],"texture":"#1"},"up":{"uv":[12,9.25,11.75,8.75],"texture":"#1"},"down":{"uv":[9.25,11.75,9,12.25],"texture":"#1"}}},{"from":[3.0048,11.05675,11.91303],"to":[4.0048,11.05675,13.91303],"rotation":{"angle":45,"axis":"y","origin":[3.0798,11.05675,12.53803]},"faces":{"north":{"uv":[0,0,0.25,0],"texture":"#1"},"east":{"uv":[0,0,0.5,0],"texture":"#1"},"south":{"uv":[0,0,0.25,0],"texture":"#1"},"west":{"uv":[0,0,0.5,0],"texture":"#1"},"up":{"uv":[9.5,12.25,9.25,11.75],"texture":"#1"},"down":{"uv":[12,9.25,11.75,9.75],"texture":"#1"}}},{"from":[0.76678,11.05675,12.03557],"to":[1.76678,11.05675,13.03557],"rotation":{"angle":-22.5,"axis":"y","origin":[10.26678,15.05675,15.28557]},"faces":{"north":{"uv":[0,0,0.25,0],"texture":"#1"},"east":{"uv":[0,0,0.25,0],"texture":"#1"},"south":{"uv":[0,0,0.25,0],"texture":"#1"},"west":{"uv":[0,0,0.25,0],"texture":"#1"},"up":{"uv":[12.5,3,12.25,2.75],"texture":"#1"},"down":{"uv":[3.25,12.25,3,12.5],"texture":"#1"}}},{"from":[-0.23322,11.05675,13.03557],"to":[0.76678,11.05675,14.03557],"rotation":{"angle":-22.5,"axis":"y","origin":[10.26678,15.05675,15.28557]},"faces":{"north":{"uv":[0,0,0.25,0],"texture":"#1"},"east":{"uv":[0,0,0.25,0],"texture":"#1"},"south":{"uv":[0,0,0.25,0],"texture":"#1"},"west":{"uv":[0,0,0.25,0],"texture":"#1"},"up":{"uv":[12.5,2.75,12.25,2.5],"texture":"#1"},"down":{"uv":[3,12.25,2.75,12.5],"texture":"#1"}}},{"from":[6.98852,11.05475,11.67479],"to":[7.99252,11.05875,14.67879],"rotation":{"angle":-22.5,"axis":"y","origin":[7.82841,11.34422,11.17627]},"faces":{"north":{"uv":[0,0,0.25,0],"texture":"#1"},"east":{"uv":[0,0,0.75,0],"texture":"#1"},"south":{"uv":[0,0,0.25,0],"texture":"#1"},"west":{"uv":[0,0,0.75,0],"texture":"#1"},"up":{"uv":[2.25,12.5,2,11.75],"texture":"#1"},"down":{"uv":[2.5,11.75,2.25,12.5],"texture":"#1"}}},{"from":[6.78664,10.45856,11.70555],"to":[7.79064,10.46256,13.70955],"rotation":{"angle":-22.5,"axis":"x","origin":[7.62653,10.74803,10.20703]},"faces":{"north":{"uv":[0,0,0.25,0],"texture":"#1"},"east":{"uv":[0,0,0.5,0],"texture":"#1"},"south":{"uv":[0,0,0.25,0],"texture":"#1"},"west":{"uv":[0,0,0.5,0],"texture":"#1"},"up":{"uv":[12.25,1.25,12,0.75],"texture":"#1"},"down":{"uv":[2.75,12,2.5,12.5],"texture":"#1"}}},{"from":[1.23852,10.88571,4.1526],"to":[2.24252,10.88971,7.1566],"rotation":{"angle":-22.5,"axis":"y","origin":[2.07841,11.34422,3.80127]},"faces":{"north":{"uv":[0,0,0.25,0],"texture":"#1"},"east":{"uv":[0,0,0.75,0],"texture":"#1"},"south":{"uv":[0,0,0.25,0],"texture":"#1"},"west":{"uv":[0,0,0.75,0],"texture":"#1"},"up":{"uv":[1.75,12.5,1.5,11.75],"texture":"#1"},"down":{"uv":[2,11.75,1.75,12.5],"texture":"#1"}}},{"from":[6.66524,11.05675,11.26214],"to":[7.66524,11.05675,13.26214],"rotation":{"angle":22.5,"axis":"y","origin":[7.82841,11.34422,11.17627]},"faces":{"north":{"uv":[0,0,0.25,0],"texture":"#1"},"east":{"uv":[0,0,0.5,0],"texture":"#1"},"south":{"uv":[0,0,0.25,0],"texture":"#1"},"west":{"uv":[0,0,0.5,0],"texture":"#1"},"up":{"uv":[0.75,12.5,0.5,12],"texture":"#1"},"down":{"uv":[1,12,0.75,12.5],"texture":"#1"}}},{"from":[6.78664,11.05675,9.70073],"to":[7.78664,11.05675,11.70073],"rotation":{"angle":0,"axis":"y","origin":[7.82841,11.34422,11.17627]},"faces":{"north":{"uv":[0,0,0.25,0],"texture":"#1"},"east":{"uv":[0,0,0.5,0],"texture":"#1"},"south":{"uv":[0,0,0.25,0],"texture":"#1"},"west":{"uv":[0,0,0.5,0],"texture":"#1"},"up":{"uv":[0.5,12.5,0.25,12],"texture":"#1"},"down":{"uv":[12.25,0.25,12,0.75],"texture":"#1"}}},{"from":[8.78664,11.05675,9.70073],"to":[9.78664,11.05675,10.70073],"rotation":{"angle":0,"axis":"y","origin":[7.82841,11.34422,11.17627]},"faces":{"north":{"uv":[0,0,0.25,0],"texture":"#1"},"east":{"uv":[0,0,0.25,0],"texture":"#1"},"south":{"uv":[0,0,0.25,0],"texture":"#1"},"west":{"uv":[0,0,0.25,0],"texture":"#1"},"up":{"uv":[5,12.5,4.75,12.25],"texture":"#1"},"down":{"uv":[12.5,4.75,12.25,5],"texture":"#1"}}},{"from":[7.78664,11.05675,8.70073],"to":[8.78664,11.05675,9.70073],"rotation":{"angle":0,"axis":"y","origin":[7.82841,11.34422,11.17627]},"faces":{"north":{"uv":[0,0,0.25,0],"texture":"#1"},"east":{"uv":[0,0,0.25,0],"texture":"#1"},"south":{"uv":[0,0,0.25,0],"texture":"#1"},"west":{"uv":[0,0,0.25,0],"texture":"#1"},"up":{"uv":[4.75,12.5,4.5,12.25],"texture":"#1"},"down":{"uv":[12.5,4.5,12.25,4.75],"texture":"#1"}}},{"from":[3.76678,11.05675,5.03557],"to":[4.76678,11.05675,6.03557],"rotation":{"angle":0,"axis":"y","origin":[11.26678,15.05675,12.28557]},"faces":{"north":{"uv":[0,0,0.25,0],"texture":"#1"},"east":{"uv":[0,0,0.25,0],"texture":"#1"},"south":{"uv":[0,0,0.25,0],"texture":"#1"},"west":{"uv":[0,0,0.25,0],"texture":"#1"},"up":{"uv":[3.75,12.5,3.5,12.25],"texture":"#1"},"down":{"uv":[12.5,3.5,12.25,3.75],"texture":"#1"}}},{"from":[2.76678,11.05675,6.03557],"to":[3.76678,11.05675,7.03557],"rotation":{"angle":0,"axis":"y","origin":[11.26678,15.05675,12.28557]},"faces":{"north":{"uv":[0,0,0.25,0],"texture":"#1"},"east":{"uv":[0,0,0.25,0],"texture":"#1"},"south":{"uv":[0,0,0.25,0],"texture":"#1"},"west":{"uv":[0,0,0.25,0],"texture":"#1"},"up":{"uv":[12.5,3.25,12.25,3],"texture":"#1"},"down":{"uv":[12.5,3.25,12.25,3.5],"texture":"#1"}}},{"from":[4.32104,11.05675,8.15079],"to":[5.32104,11.05675,10.15079],"rotation":{"angle":-22.5,"axis":"y","origin":[4.84604,11.05675,9.15079]},"faces":{"north":{"uv":[0,0,0.25,0],"texture":"#1"},"east":{"uv":[0,0,0.5,0],"texture":"#1"},"south":{"uv":[0,0,0.25,0],"texture":"#1"},"west":{"uv":[0,0,0.5,0],"texture":"#1"},"up":{"uv":[12,11.5,11.75,11],"texture":"#1"},"down":{"uv":[11.75,11.75,11.5,12.25],"texture":"#1"}}},{"from":[5.32104,11.05675,8.40079],"to":[6.32104,11.05675,10.40079],"rotation":{"angle":45,"axis":"y","origin":[4.84604,11.05675,9.15079]},"faces":{"north":{"uv":[0,0,0.25,0],"texture":"#1"},"east":{"uv":[0,0,0.5,0],"texture":"#1"},"south":{"uv":[0,0,0.25,0],"texture":"#1"},"west":{"uv":[0,0,0.5,0],"texture":"#1"},"up":{"uv":[12,12,11.75,11.5],"texture":"#1"},"down":{"uv":[0.25,12,0,12.5],"texture":"#1"}}},{"from":[4.76478,11.05475,6.03357],"to":[5.76878,11.05875,8.03757],"rotation":{"angle":0,"axis":"y","origin":[11.26678,15.05675,12.28557]},"faces":{"north":{"uv":[0,0,0.25,0],"texture":"#1"},"east":{"uv":[0,0,0.5,0],"texture":"#1"},"south":{"uv":[0,0,0.25,0],"texture":"#1"},"west":{"uv":[0,0,0.5,0],"texture":"#1"},"up":{"uv":[10.75,12.25,10.5,11.75],"texture":"#1"},"down":{"uv":[11,11.75,10.75,12.25],"texture":"#1"}}},{"from":[4.76678,10.76486,8.74268],"to":[5.76678,12.76486,8.74268],"rotation":{"angle":45,"axis":"x","origin":[5.26678,11.76486,8.74268]},"faces":{"north":{"uv":[9.5,11.75,9.75,12.25],"texture":"#1"},"east":{"uv":[0,0,0,0.5],"texture":"#1"},"south":{"uv":[9.75,11.75,10,12.25],"texture":"#1"},"west":{"uv":[0,0,0,0.5],"texture":"#1"},"up":{"uv":[0.25,0,0,0],"texture":"#1"},"down":{"uv":[0.25,0,0,0],"texture":"#1"}}},{"from":[4.76678,10.06486,8.04268],"to":[5.76678,11.06486,8.04268],"rotation":{"angle":45,"axis":"x","origin":[5.26678,11.76486,8.74268]},"faces":{"north":{"uv":[3.75,12.25,4,12.5],"texture":"#1"},"east":{"uv":[0,0,0,0.25],"texture":"#1"},"south":{"uv":[12.25,3.75,12.5,4],"texture":"#1"},"west":{"uv":[0,0,0,0.25],"texture":"#1"},"up":{"uv":[0.25,0,0,0],"texture":"#1"},"down":{"uv":[0.25,0,0,0],"texture":"#1"}}},{"from":[10.82617,0,7.43899],"to":[13.82617,1,10.43899],"rotation":{"angle":22.5,"axis":"y","origin":[12.44299,2,7.01511]},"faces":{"north":{"uv":[11.25,5.75,12,6],"texture":"#1"},"east":{"uv":[1.25,11.5,2,11.75],"texture":"#1"},"south":{"uv":[11.5,1.25,12.25,1.5],"texture":"#1"},"west":{"uv":[11.5,1.5,12.25,1.75],"texture":"#1"},"up":{"uv":[9.75,2.25,9,1.5],"texture":"#1"},"down":{"uv":[9.75,2.25,9,3],"texture":"#1"}}},{"from":[10.82617,3,7.43899],"to":[13.82617,4,10.43899],"rotation":{"angle":22.5,"axis":"y","origin":[12.44299,2,7.01511]},"faces":{"north":{"uv":[11.5,1.75,12.25,2],"texture":"#1"},"east":{"uv":[2,11.5,2.75,11.75],"texture":"#1"},"south":{"uv":[2.75,11.5,3.5,11.75],"texture":"#1"},"west":{"uv":[11.5,2.75,12.25,3],"texture":"#1"},"up":{"uv":[10,3.75,9.25,3],"texture":"#1"},"down":{"uv":[10,3.75,9.25,4.5],"texture":"#1"}}},{"from":[11.32617,1,7.93899],"to":[13.32617,3,9.93899],"rotation":{"angle":22.5,"axis":"y","origin":[12.44299,2,7.01511]},"faces":{"north":{"uv":[10.75,8.25,11.25,8.75],"texture":"#1"},"east":{"uv":[10.75,8.75,11.25,9.25],"texture":"#1"},"south":{"uv":[9,10.75,9.5,11.25],"texture":"#1"},"west":{"uv":[9.5,10.75,10,11.25],"texture":"#1"},"up":{"uv":[0.5,11.5,0,11],"texture":"#1"},"down":{"uv":[1,11,0.5,11.5],"texture":"#1"}}},{"from":[2.05025,5.025,7.15685],"to":[3.05025,8.025,10.15685],"rotation":{"angle":45,"axis":"y","origin":[4.05025,7,8.65685]},"faces":{"north":{"uv":[11.5,7.25,11.75,8],"texture":"#1"},"east":{"uv":[2.25,10.25,3,11],"texture":"#1"},"south":{"uv":[7.5,11.5,7.75,12.25],"texture":"#1"},"west":{"uv":[3,10.25,3.75,11],"texture":"#1"},"up":{"uv":[8,12.25,7.75,11.5],"texture":"#1"},"down":{"uv":[8.25,11.5,8,12.25],"texture":"#1"}}},{"from":[3.05025,5.525,7.65685],"to":[5.05025,7.525,9.65685],"rotation":{"angle":45,"axis":"y","origin":[4.05025,7,8.65685]},"faces":{"north":{"uv":[11,6.5,11.5,7],"texture":"#1"},"east":{"uv":[11,7,11.5,7.5],"texture":"#1"},"south":{"uv":[7.5,11,8,11.5],"texture":"#1"},"west":{"uv":[11,7.5,11.5,8],"texture":"#1"},"up":{"uv":[8.5,11.5,8,11],"texture":"#1"},"down":{"uv":[11.5,9.75,11,10.25],"texture":"#1"}}},{"from":[5.05025,5.025,7.15685],"to":[6.05025,8.025,10.15685],"rotation":{"angle":45,"axis":"y","origin":[4.05025,7,8.65685]},"faces":{"north":{"uv":[3.5,11.5,3.75,12.25],"texture":"#1"},"east":{"uv":[0.75,10.25,1.5,11],"texture":"#1"},"south":{"uv":[3.75,11.5,4,12.25],"texture":"#1"},"west":{"uv":[1.5,10.25,2.25,11],"texture":"#1"},"up":{"uv":[7,12.25,6.75,11.5],"texture":"#1"},"down":{"uv":[7.25,11.5,7,12.25],"texture":"#1"}}},{"from":[8.5,6,2.5],"to":[10.5,8,4.5],"rotation":{"angle":-45,"axis":"y","origin":[9,6,3]},"faces":{"north":{"uv":[11,1.5,11.5,2],"texture":"#1"},"east":{"uv":[2,11,2.5,11.5],"texture":"#1"},"south":{"uv":[2.5,11,3,11.5],"texture":"#1"},"west":{"uv":[3,11,3.5,11.5],"texture":"#1"},"up":{"uv":[4,11.5,3.5,11],"texture":"#1"},"down":{"uv":[11.5,4.5,11,5],"texture":"#1"}}},{"from":[8,8,2],"to":[11,9,5],"rotation":{"angle":-45,"axis":"y","origin":[9,6,3]},"faces":{"north":{"uv":[11.5,4.75,12.25,5],"texture":"#1"},"east":{"uv":[11.5,6.5,12.25,6.75],"texture":"#1"},"south":{"uv":[11.5,6.75,12.25,7],"texture":"#1"},"west":{"uv":[11.5,7,12.25,7.25],"texture":"#1"},"up":{"uv":[10.75,9.25,10,8.5],"texture":"#1"},"down":{"uv":[0.75,10.25,0,11],"texture":"#1"}}},{"from":[8,5,2],"to":[11,6,5],"rotation":{"angle":-45,"axis":"y","origin":[9,6,3]},"faces":{"north":{"uv":[11.5,3,12.25,3.25],"texture":"#1"},"east":{"uv":[11.5,3.25,12.25,3.5],"texture":"#1"},"south":{"uv":[11.5,3.5,12.25,3.75],"texture":"#1"},"west":{"uv":[11.5,4.5,12.25,4.75],"texture":"#1"},"up":{"uv":[10.75,7.75,10,7],"texture":"#1"},"down":{"uv":[10.75,7.75,10,8.5],"texture":"#1"}}},{"from":[2.85984,18.86328,9],"to":[2.85984,19.86328,10],"rotation":{"angle":45,"axis":"z","origin":[3.85984,19.36328,9.5]},"faces":{"north":{"uv":[0,0,0,0.25],"texture":"#1"},"east":{"uv":[12,8.75,12.25,9],"texture":"#1"},"south":{"uv":[0,0,0,0.25],"texture":"#1"},"west":{"uv":[12,9,12.25,9.25],"texture":"#1"},"up":{"uv":[0,0.25,0,0],"texture":"#1"},"down":{"uv":[0,0,0,0.25],"texture":"#1"}}},{"from":[11.89097,11.00578,16.05163],"to":[12.89097,12.00578,16.05163],"rotation":{"angle":22.5,"axis":"y","origin":[14.24289,11.50578,10.32437]},"faces":{"north":{"uv":[10.5,2.75,10.75,3],"texture":"#1"},"east":{"uv":[0,0,0,0.25],"texture":"#1"},"south":{"uv":[12,2,12.25,2.25],"texture":"#1"},"west":{"uv":[0,0,0,0.25],"texture":"#1"},"up":{"uv":[0.25,0,0,0],"texture":"#1"},"down":{"uv":[0.25,0,0,0],"texture":"#1"}}},{"from":[13.42171,11.00578,12.35612],"to":[14.42171,12.00578,12.35612],"rotation":{"angle":22.5,"axis":"y","origin":[14.24289,11.50578,10.32437]},"faces":{"north":{"uv":[12,5.25,12.25,5.5],"texture":"#1"},"east":{"uv":[0,0,0,0.25],"texture":"#1"},"south":{"uv":[12,5.5,12.25,5.75],"texture":"#1"},"west":{"uv":[0,0,0,0.25],"texture":"#1"},"up":{"uv":[0.25,0,0,0],"texture":"#1"},"down":{"uv":[0.25,0,0,0],"texture":"#1"}}},{"from":[14.95244,11.00578,8.6606],"to":[15.95244,12.00578,8.6606],"rotation":{"angle":22.5,"axis":"y","origin":[14.24289,11.50578,10.32437]},"faces":{"north":{"uv":[2.75,12,3,12.25],"texture":"#1"},"east":{"uv":[0,0,0,0.25],"texture":"#1"},"south":{"uv":[3,12,3.25,12.25],"texture":"#1"},"west":{"uv":[0,0,0,0.25],"texture":"#1"},"up":{"uv":[0.25,0,0,0],"texture":"#1"},"down":{"uv":[0.25,0,0,0],"texture":"#1"}}},{"from":[16.48318,11.00578,4.96508],"to":[17.48318,12.00578,4.96508],"rotation":{"angle":22.5,"axis":"y","origin":[14.24289,11.50578,10.32437]},"faces":{"north":{"uv":[12,3.75,12.25,4],"texture":"#1"},"east":{"uv":[0,0,0,0.25],"texture":"#1"},"south":{"uv":[12,4,12.25,4.25],"texture":"#1"},"west":{"uv":[0,0,0,0.25],"texture":"#1"},"up":{"uv":[0.25,0,0,0],"texture":"#1"},"down":{"uv":[0.25,0,0,0],"texture":"#1"}}},{"from":[1.10984,14.66328,9],"to":[1.10984,15.66328,10],"rotation":{"angle":45,"axis":"z","origin":[2.10984,15.16328,9.5]},"faces":{"north":{"uv":[0,0,0,0.25],"texture":"#1"},"east":{"uv":[12,10.25,12.25,10.5],"texture":"#1"},"south":{"uv":[0,0,0,0.25],"texture":"#1"},"west":{"uv":[12,11,12.25,11.25],"texture":"#1"},"up":{"uv":[0,0.25,0,0],"texture":"#1"},"down":{"uv":[0,0,0,0.25],"texture":"#1"}}},{"from":[-0.64016,10.48828,9],"to":[-0.64016,11.48828,10],"rotation":{"angle":45,"axis":"z","origin":[0.35984,10.98828,9.5]},"faces":{"north":{"uv":[0,0,0,0.25],"texture":"#1"},"east":{"uv":[12,11.25,12.25,11.5],"texture":"#1"},"south":{"uv":[0,0,0,0.25],"texture":"#1"},"west":{"uv":[12,11.5,12.25,11.75],"texture":"#1"},"up":{"uv":[0,0.25,0,0],"texture":"#1"},"down":{"uv":[0,0,0,0.25],"texture":"#1"}}},{"from":[-2.26516,6.48828,9],"to":[-2.26516,7.48828,10],"rotation":{"angle":45,"axis":"z","origin":[-1.26516,6.98828,9.5]},"faces":{"north":{"uv":[0,0,0,0.25],"texture":"#1"},"east":{"uv":[11.75,12,12,12.25],"texture":"#1"},"south":{"uv":[0,0,0,0.25],"texture":"#1"},"west":{"uv":[12,11.75,12.25,12],"texture":"#1"},"up":{"uv":[0,0.25,0,0],"texture":"#1"},"down":{"uv":[0,0,0,0.25],"texture":"#1"}}},{"from":[4.50984,22.86328,9],"to":[4.50984,23.86328,10],"rotation":{"angle":45,"axis":"z","origin":[5.50984,23.36328,9.5]},"faces":{"north":{"uv":[0,0,0,0.25],"texture":"#1"},"east":{"uv":[12,9.25,12.25,9.5],"texture":"#1"},"south":{"uv":[0,0,0,0.25],"texture":"#1"},"west":{"uv":[12,9.5,12.25,9.75],"texture":"#1"},"up":{"uv":[0,0.25,0,0],"texture":"#1"},"down":{"uv":[0,0,0,0.25],"texture":"#1"}}},{"from":[3.45442,5.024,10.48112],"to":[7.45442,5.024,11.48112],"rotation":{"angle":-45,"axis":"y","origin":[6.45442,5.524,9.08112]},"faces":{"north":{"uv":[0,0,1,0],"texture":"#1"},"east":{"uv":[0,0,0.25,0],"texture":"#1"},"south":{"uv":[0,0,1,0],"texture":"#1"},"west":{"uv":[0,0,0.25,0],"texture":"#1"},"up":{"uv":[11.25,5.25,10.25,5],"texture":"#1"},"down":{"uv":[12,2,11,2.25],"texture":"#1"}}},{"from":[7.45442,5.024,11.48112],"to":[11.45442,5.024,12.48112],"rotation":{"angle":-45,"axis":"y","origin":[6.45442,5.524,9.08112]},"faces":{"north":{"uv":[0,0,1,0],"texture":"#1"},"east":{"uv":[0,0,0.25,0],"texture":"#1"},"south":{"uv":[0,0,1,0],"texture":"#1"},"west":{"uv":[0,0,0.25,0],"texture":"#1"},"up":{"uv":[12,8.25,11,8],"texture":"#1"},"down":{"uv":[12,10.25,11,10.5],"texture":"#1"}}},{"from":[3.45442,5.024,10.48112],"to":[3.45442,6.024,11.48112],"rotation":{"angle":-45,"axis":"y","origin":[6.45442,5.524,9.08112]},"faces":{"north":{"uv":[0,0,0,0.25],"texture":"#1"},"east":{"uv":[12,12,12.25,12.25],"texture":"#1"},"south":{"uv":[0,0,0,0.25],"texture":"#1"},"west":{"uv":[12.25,0.25,12.5,0.5],"texture":"#1"},"up":{"uv":[0,0.25,0,0],"texture":"#1"},"down":{"uv":[0,0,0,0.25],"texture":"#1"}}},{"from":[10.35045,5,7.55557],"to":[10.35045,6,7.55557],"rotation":{"angle":45,"axis":"y","origin":[8.35045,6,5.55557]},"faces":{"north":{"uv":[0,0,0,0.25],"texture":"#1"},"east":{"uv":[0,0,0,0.25],"texture":"#1"},"south":{"uv":[0,0,0,0.25],"texture":"#1"},"west":{"uv":[0,0,0,0.25],"texture":"#1"},"up":{"uv":[0,0,0,0],"texture":"#1"},"down":{"uv":[0,0,0,0],"texture":"#1"}}},{"from":[6.96631,6.5179,7.99164],"to":[14.96631,7.5179,8.99164],"rotation":{"angle":22.5,"axis":"z","origin":[12.20773,5.96627,10.29937]},"faces":{"north":{"uv":[7.75,6,9.75,6.25],"texture":"#1"},"east":{"uv":[12.25,0.5,12.5,0.75],"texture":"#1"},"south":{"uv":[8,5.25,10,5.5],"texture":"#1"},"west":{"uv":[12.25,0.75,12.5,1],"texture":"#1"},"up":{"uv":[10,5.75,8,5.5],"texture":"#1"},"down":{"uv":[10,7,8,7.25],"texture":"#1"}}},{"from":[9.5,11,-2.5],"to":[10.5,12,5.5],"rotation":{"angle":45,"axis":"y","origin":[12,11.5,3.5]},"faces":{"north":{"uv":[12.25,0.75,12.5,1],"texture":"#1"},"east":{"uv":[7.75,6,9.75,6.25],"texture":"#1"},"south":{"uv":[12.25,0.5,12.5,0.75],"texture":"#1"},"west":{"uv":[8,5.25,10,5.5],"texture":"#1"},"up":{"uv":[10,5.75,8,5.5],"rotation":90,"texture":"#1"},"down":{"uv":[10,7,8,7.25],"rotation":270,"texture":"#1"}}}],"display":{"thirdperson_righthand":{"translation":[2,1,0],"scale":[0.5,0.5,0.5]},"thirdperson_lefthand":{"translation":[2,1,0],"scale":[0.5,0.5,0.5]},"firstperson_righthand":{"rotation":[0,13.5,0],"translation":[0.75,4.25,2.5],"scale":[0.3,0.3,0.3]},"firstperson_lefthand":{"rotation":[0,13.5,0],"translation":[0.75,4.25,2.5],"scale":[0.3,0.3,0.3]},"ground":{"scale":[0.5,0.5,0.5]},"gui":{"rotation":[24,45,0],"scale":[0.6,0.6,0.6]},"head":{"translation":[0,14.75,0]},"fixed":{"rotation":[-90,0,0],"translation":[0,0,-16],"scale":[2,2,2]}}}