{"credit":"Made with Blockbench","texture_size":[64,64],"textures":{"2":"crafting_stations:crafting_stations/forge_station","4":"crafting_stations:crafting_stations/forge_station_animation","particle":"crafting_stations:crafting_stations/forge_station"},"elements":[{"from":[0,0,14],"to":[14,16,16],"faces":{"north":{"uv":[0,0,3.5,4],"texture":"#2"},"east":{"uv":[6,4,6.5,8],"texture":"#2"},"south":{"uv":[3.5,0,7,4],"texture":"#2"},"west":{"uv":[6.5,4,7,8],"texture":"#2"},"up":{"uv":[5,7.5,1.5,7],"texture":"#2"},"down":{"uv":[10.5,3.75,7,4.25],"texture":"#2"}}},{"from":[0,0,0],"to":[2,16,14],"faces":{"north":{"uv":[6.5,4,7,8],"texture":"#2"},"east":{"uv":[0,0,3.5,4],"texture":"#2"},"south":{"uv":[6,4,6.5,8],"texture":"#2"},"west":{"uv":[3.5,0,7,4],"texture":"#2"},"up":{"uv":[5,7.5,1.5,7],"rotation":90,"texture":"#2"},"down":{"uv":[10.5,3.75,7,4.25],"rotation":270,"texture":"#2"}}},{"from":[2,0,0],"to":[16,16,2],"faces":{"north":{"uv":[3.5,0,7,4],"texture":"#2"},"east":{"uv":[6.5,4,7,8],"texture":"#2"},"south":{"uv":[0,0,3.5,4],"texture":"#2"},"west":{"uv":[6,4,6.5,8],"texture":"#2"},"up":{"uv":[5,7.5,1.5,7],"rotation":180,"texture":"#2"},"down":{"uv":[10.5,3.75,7,4.25],"rotation":180,"texture":"#2"}}},{"from":[14,0,2],"to":[16,16,16],"faces":{"north":{"uv":[6,4,6.5,8],"texture":"#2"},"east":{"uv":[3.5,0,7,4],"texture":"#2"},"south":{"uv":[6.5,4,7,8],"texture":"#2"},"west":{"uv":[0,0,3.5,4],"texture":"#2"},"up":{"uv":[5,7.5,1.5,7],"rotation":270,"texture":"#2"},"down":{"uv":[10.5,3.75,7,4.25],"rotation":90,"texture":"#2"}}},{"name":"bottom","from":[2,10,2],"to":[14,12,14],"rotation":{"angle":0,"axis":"y","origin":[0,7,0]},"faces":{"north":{"uv":[2,13,14,15],"texture":"#4"},"east":{"uv":[2,13,14,15],"texture":"#4"},"south":{"uv":[2,13,14,15],"texture":"#4"},"west":{"uv":[2,13,14,15],"texture":"#4"},"up":{"uv":[2,2,14,14],"texture":"#4"},"down":{"uv":[3,3,15,15],"texture":"#4"}}},{"from":[11.35,10,10],"to":[12.35,25,12],"rotation":{"angle":-22.5,"axis":"z","origin":[7.5,13,5]},"faces":{"north":{"uv":[5,7,5.25,10.75],"texture":"#2"},"east":{"uv":[0,7,0.5,10.75],"texture":"#2"},"south":{"uv":[5.25,7,5.5,10.75],"texture":"#2"},"west":{"uv":[7,0,7.5,3.75],"texture":"#2"},"up":{"uv":[5,9,4.75,8.5],"texture":"#2"},"down":{"uv":[8.75,5,8.5,5.5],"texture":"#2"}}},{"from":[11.35,12,7],"to":[12.35,23,8],"rotation":{"angle":-22.5,"axis":"z","origin":[7.5,13,5]},"faces":{"north":{"uv":[1.5,7.5,1.75,10.25],"texture":"#2"},"east":{"uv":[1.75,7.5,2,10.25],"texture":"#2"},"south":{"uv":[2,7.5,2.25,10.25],"texture":"#2"},"west":{"uv":[2.25,7.5,2.5,10.25],"texture":"#2"},"up":{"uv":[9,0.75,8.75,0.5],"texture":"#2"},"down":{"uv":[9,0.75,8.75,1],"texture":"#2"}}},{"from":[2,0,2],"to":[14,0,14],"faces":{"north":{"uv":[0,0,3,0],"texture":"#2"},"east":{"uv":[0,0,3,0],"texture":"#2"},"south":{"uv":[0,0,3,0],"texture":"#2"},"west":{"uv":[0,0,3,0],"texture":"#2"},"up":{"uv":[3,7,0,4],"texture":"#2"},"down":{"uv":[6,4,3,7],"texture":"#2"}}},{"from":[3.65,10,4],"to":[4.65,25,6],"rotation":{"angle":22.5,"axis":"z","origin":[8.5,13,11]},"faces":{"north":{"uv":[5.5,7,5.75,10.75],"texture":"#2"},"east":{"uv":[0.5,7,1,10.75],"texture":"#2"},"south":{"uv":[5.75,7,6,10.75],"texture":"#2"},"west":{"uv":[1,7,1.5,10.75],"texture":"#2"},"up":{"uv":[8.75,6,8.5,5.5],"texture":"#2"},"down":{"uv":[8.75,6,8.5,6.5],"texture":"#2"}}},{"from":[2,0,16],"to":[8,4,19],"rotation":{"angle":0,"axis":"y","origin":[0,7.25,17.25]},"faces":{"north":{"uv":[7,4.25,8.5,5.25],"texture":"#2"},"east":{"uv":[7.5,0,8.25,1],"texture":"#2"},"south":{"uv":[7,5.25,8.5,6.25],"texture":"#2"},"west":{"uv":[7.5,1,8.25,2],"texture":"#2"},"up":{"uv":[8.5,7,7,6.25],"texture":"#2"},"down":{"uv":[8.5,7,7,7.75],"texture":"#2"}}},{"from":[4,4,16],"to":[6,9,18],"rotation":{"angle":0,"axis":"y","origin":[0,7.25,17.25]},"faces":{"north":{"uv":[7.5,2,8,3.25],"texture":"#2"},"east":{"uv":[2.5,7.5,3,8.75],"texture":"#2"},"south":{"uv":[3,7.5,3.5,8.75],"texture":"#2"},"west":{"uv":[3.5,7.5,4,8.75],"texture":"#2"},"up":{"uv":[8,3.75,7.5,3.25],"texture":"#2"},"down":{"uv":[4.5,7.5,4,8],"texture":"#2"}}},{"name":"tools_1","from":[9,6.925,18],"to":[10,9.925,19],"rotation":{"angle":-22.5,"axis":"x","origin":[11.5,5,16.5]},"faces":{"north":{"uv":[8,3,8.25,3.75],"texture":"#2"},"east":{"uv":[4.25,8,4.5,8.75],"texture":"#2"},"south":{"uv":[6,8,6.25,8.75],"texture":"#2"},"west":{"uv":[6.25,8,6.5,8.75],"texture":"#2"},"up":{"uv":[9,1.25,8.75,1],"texture":"#2"},"down":{"uv":[9,1.25,8.75,1.5],"texture":"#2"}}},{"name":"tools_2","from":[13,6.925,18],"to":[14,9.925,19],"rotation":{"angle":-22.5,"axis":"x","origin":[11.5,5,16.5]},"faces":{"north":{"uv":[6.5,8,6.75,8.75],"texture":"#2"},"east":{"uv":[6.75,8,7,8.75],"texture":"#2"},"south":{"uv":[8,7.75,8.25,8.5],"texture":"#2"},"west":{"uv":[8.25,0,8.5,0.75],"texture":"#2"},"up":{"uv":[9,1.75,8.75,1.5],"texture":"#2"},"down":{"uv":[9,1.75,8.75,2],"texture":"#2"}}},{"name":"tools_3","from":[10,4.925,18],"to":[11,7.925,19],"rotation":{"angle":-22.5,"axis":"x","origin":[11.5,5,16.5]},"faces":{"north":{"uv":[8.25,0.75,8.5,1.5],"texture":"#2"},"east":{"uv":[8.25,1.5,8.5,2.25],"texture":"#2"},"south":{"uv":[8.25,2.25,8.5,3],"texture":"#2"},"west":{"uv":[8.25,3,8.5,3.75],"texture":"#2"},"up":{"uv":[9,2.25,8.75,2],"texture":"#2"},"down":{"uv":[9,2.25,8.75,2.5],"texture":"#2"}}},{"name":"tools_4","from":[12,4.925,18],"to":[13,7.925,19],"rotation":{"angle":-22.5,"axis":"x","origin":[11.5,5,16.5]},"faces":{"north":{"uv":[8.25,7.75,8.5,8.5],"texture":"#2"},"east":{"uv":[8.5,0,8.75,0.75],"texture":"#2"},"south":{"uv":[8.5,0.75,8.75,1.5],"texture":"#2"},"west":{"uv":[8.5,1.5,8.75,2.25],"texture":"#2"},"up":{"uv":[2.75,9,2.5,8.75],"texture":"#2"},"down":{"uv":[9,2.5,8.75,2.75],"texture":"#2"}}},{"name":"tools_5","from":[11,2.925,18],"to":[12,5.925,19],"rotation":{"angle":-22.5,"axis":"x","origin":[11.5,5,16.5]},"faces":{"north":{"uv":[8.5,2.25,8.75,3],"texture":"#2"},"east":{"uv":[8.5,3,8.75,3.75],"texture":"#2"},"south":{"uv":[8.5,4.25,8.75,5],"texture":"#2"},"west":{"uv":[4.5,8.5,4.75,9.25],"texture":"#2"},"up":{"uv":[3,9,2.75,8.75],"texture":"#2"},"down":{"uv":[9,2.75,8.75,3],"texture":"#2"}}},{"name":"tools_8","from":[10,1.925,18],"to":[11,3.925,19],"rotation":{"angle":-22.5,"axis":"x","origin":[11.5,5,16.5]},"faces":{"north":{"uv":[8.5,6.5,8.75,7],"texture":"#2"},"east":{"uv":[8.5,7,8.75,7.5],"texture":"#2"},"south":{"uv":[8.5,7.5,8.75,8],"texture":"#2"},"west":{"uv":[8,8.5,8.25,9],"texture":"#2"},"up":{"uv":[3.25,9,3,8.75],"texture":"#2"},"down":{"uv":[9,3,8.75,3.25],"texture":"#2"}}},{"name":"tools_9","from":[12,1.925,18],"to":[13,3.925,19],"rotation":{"angle":-22.5,"axis":"x","origin":[11.5,5,16.5]},"faces":{"north":{"uv":[8.5,8,8.75,8.5],"texture":"#2"},"east":{"uv":[8.25,8.5,8.5,9],"texture":"#2"},"south":{"uv":[8.5,8.5,8.75,9],"texture":"#2"},"west":{"uv":[8.75,0,9,0.5],"texture":"#2"},"up":{"uv":[3.5,9,3.25,8.75],"texture":"#2"},"down":{"uv":[9,3.25,8.75,3.5],"texture":"#2"}}},{"name":"tools_10","from":[9,-1.075,18],"to":[10,2.925,19],"rotation":{"angle":-22.5,"axis":"x","origin":[11.5,5,16.5]},"faces":{"north":{"uv":[4.5,7.5,4.75,8.5],"texture":"#2"},"east":{"uv":[4.75,7.5,5,8.5],"texture":"#2"},"south":{"uv":[7,7.75,7.25,8.75],"texture":"#2"},"west":{"uv":[7.25,7.75,7.5,8.75],"texture":"#2"},"up":{"uv":[3.75,9,3.5,8.75],"texture":"#2"},"down":{"uv":[9,3.5,8.75,3.75],"texture":"#2"}}},{"name":"tools_11","from":[13,-1.075,18],"to":[14,2.925,19],"rotation":{"angle":-22.5,"axis":"x","origin":[11.5,5,16.5]},"faces":{"north":{"uv":[7.5,7.75,7.75,8.75],"texture":"#2"},"east":{"uv":[7.75,7.75,8,8.75],"texture":"#2"},"south":{"uv":[8,2,8.25,3],"texture":"#2"},"west":{"uv":[4,8,4.25,9],"texture":"#2"},"up":{"uv":[4,9,3.75,8.75],"texture":"#2"},"down":{"uv":[4.5,8.75,4.25,9],"texture":"#2"}}},{"name":"tools_12","from":[10,-1.075,18],"to":[11,-0.075,19],"rotation":{"angle":-22.5,"axis":"x","origin":[11.5,5,16.5]},"faces":{"north":{"uv":[8.75,4.25,9,4.5],"texture":"#2"},"east":{"uv":[8.75,4.5,9,4.75],"texture":"#2"},"south":{"uv":[8.75,4.75,9,5],"texture":"#2"},"west":{"uv":[8.75,5,9,5.25],"texture":"#2"},"up":{"uv":[9,5.5,8.75,5.25],"texture":"#2"},"down":{"uv":[9,5.5,8.75,5.75],"texture":"#2"}}},{"name":"tools_13","from":[12,-1.075,18],"to":[13,-0.075,19],"rotation":{"angle":-22.5,"axis":"x","origin":[11.5,5,16.5]},"faces":{"north":{"uv":[8.75,5.75,9,6],"texture":"#2"},"east":{"uv":[6,8.75,6.25,9],"texture":"#2"},"south":{"uv":[8.75,6,9,6.25],"texture":"#2"},"west":{"uv":[6.25,8.75,6.5,9],"texture":"#2"},"up":{"uv":[9,6.5,8.75,6.25],"texture":"#2"},"down":{"uv":[6.75,8.75,6.5,9],"texture":"#2"}}}],"display":{"thirdperson_righthand":{"rotation":[75,45,0],"translation":[0,2.5,0],"scale":[0.375,0.375,0.375]},"thirdperson_lefthand":{"rotation":[75,45,0],"translation":[0,2.5,0],"scale":[0.375,0.375,0.375]},"firstperson_righthand":{"rotation":[0,45,0],"scale":[0.4,0.4,0.4]},"firstperson_lefthand":{"rotation":[0,225,0],"scale":[0.4,0.4,0.4]},"ground":{"translation":[0,3,0],"scale":[0.25,0.25,0.25]},"gui":{"rotation":[30,225,0],"scale":[0.52,0.52,0.52]},"head":{"translation":[0,5.86,0],"scale":[2.2,1.8,2.2]},"fixed":{"rotation":[-90,0,0],"translation":[0,0,-14],"scale":[2,2,2]}},"groups":[{"name":"tools","origin":[8,8,8],"color":0,"children":[{"name":"group","origin":[11.5,5,16.5],"color":0,"children":[0,1,2,3,4,5,6,7,8,9,10,11,12,13,14,15,16,17,18,19,20,21]}]},{"name":"tools","origin":[8,8,8],"color":0,"children":[]},{"name":"tools","origin":[8,8,8],"color":0,"children":[]},{"name":"crimson_door","origin":[8,8,8],"color":0,"children":[]},{"name":"crimson_door","origin":[8,8,8],"color":0,"children":[]},{"name":"group","origin":[8,8,8],"color":0,"children":[]},{"name":"group","origin":[8,8,8],"color":0,"children":[]},{"name":"group","origin":[8,8,8],"color":0,"children":[]},{"name":"tools","origin":[8,8,8],"color":0,"children":[]},{"name":"tools","origin":[8,8,8],"color":0,"children":[]},{"name":"tools","origin":[8,8,8],"color":0,"children":[]},{"name":"crimson_door","origin":[8,8,8],"color":0,"children":[]},{"name":"crimson_door","origin":[8,8,8],"color":0,"children":[]},{"name":"group","origin":[8,8,8],"color":0,"children":[]},{"name":"group","origin":[8,8,8],"color":0,"children":[]},{"name":"group","origin":[8,8,8],"color":0,"children":[]}]}