{"credit":"Made with Blockbench","texture_size":[64,64],"textures":{"3":"crafting_stations:crafting_stations/jewelcrafting_station"},"elements":[{"from":[13,-0.025,0.475],"to":[15,18.975,2.475],"rotation":{"angle":45,"axis":"x","origin":[1,0.3,1.4]},"faces":{"north":{"uv":[4,7,4.5,11.75],"texture":"#3"},"east":{"uv":[4.5,7,5,11.75],"texture":"#3"},"south":{"uv":[5,7,5.5,11.75],"texture":"#3"},"west":{"uv":[5.5,7,6,11.75],"texture":"#3"},"up":{"uv":[11,10.75,10.5,10.25],"texture":"#3"},"down":{"uv":[11.25,1.5,10.75,2],"texture":"#3"}}},{"from":[13.001,5.73567,-1.55826],"to":[14.999,7.73367,17.43974],"rotation":{"angle":45,"axis":"x","origin":[1,6.73467,7.94074]},"faces":{"north":{"uv":[10.75,5.75,11.25,6.25],"texture":"#3"},"east":{"uv":[6,7,10.75,7.5],"texture":"#3"},"south":{"uv":[10.75,6.25,11.25,6.75],"texture":"#3"},"west":{"uv":[6,7.5,10.75,8],"texture":"#3"},"up":{"uv":[0.5,12.75,0,8],"texture":"#3"},"down":{"uv":[8.5,0,8,4.75],"texture":"#3"}}},{"from":[1,-0.025,0.475],"to":[3,18.975,2.475],"rotation":{"angle":45,"axis":"x","origin":[15,0.3,1.4]},"faces":{"north":{"uv":[0.5,8,1,12.75],"texture":"#3"},"east":{"uv":[1,8,1.5,12.75],"texture":"#3"},"south":{"uv":[1.5,8,2,12.75],"texture":"#3"},"west":{"uv":[2,8,2.5,12.75],"texture":"#3"},"up":{"uv":[11.25,7.5,10.75,7],"texture":"#3"},"down":{"uv":[11.25,7.5,10.75,8],"texture":"#3"}}},{"from":[1.001,5.73567,-1.55826],"to":[2.999,7.73367,17.43974],"rotation":{"angle":45,"axis":"x","origin":[15,6.73467,7.94074]},"faces":{"north":{"uv":[10.75,8.5,11.25,9],"texture":"#3"},"east":{"uv":[8,4.75,12.75,5.25],"texture":"#3"},"south":{"uv":[10.5,10.75,11,11.25],"texture":"#3"},"west":{"uv":[8,5.25,12.75,5.75],"texture":"#3"},"up":{"uv":[3,12.75,2.5,8],"texture":"#3"},"down":{"uv":[3.5,8,3,12.75],"texture":"#3"}}},{"from":[0,13,0],"to":[16,16,16],"rotation":{"angle":0,"axis":"y","origin":[1,-4,0.5]},"faces":{"north":{"uv":[4,4,8,4.75],"texture":"#3"},"east":{"uv":[4,4.75,8,5.5],"texture":"#3"},"south":{"uv":[4,5.5,8,6.25],"texture":"#3"},"west":{"uv":[4,6.25,8,7],"texture":"#3"},"up":{"uv":[4,4,0,0],"texture":"#3"},"down":{"uv":[4,4,0,8],"texture":"#3"}}},{"from":[8.70711,19.12132,2],"to":[8.70711,21.12132,6],"rotation":{"angle":45,"axis":"z","origin":[10.70711,20.12132,4]},"faces":{"north":{"uv":[0,0,0,0.5],"texture":"#3"},"east":{"uv":[10,4,11,4.5],"texture":"#3"},"south":{"uv":[0,0,0,0.5],"texture":"#3"},"west":{"uv":[10,8,11,8.5],"texture":"#3"},"up":{"uv":[0,1,0,0],"texture":"#3"},"down":{"uv":[0,0,0,1],"texture":"#3"}}},{"from":[8.70711,21.12132,2],"to":[12.70711,21.12132,6],"rotation":{"angle":45,"axis":"z","origin":[10.70711,20.12132,4]},"faces":{"north":{"uv":[0,0,1,0],"texture":"#3"},"east":{"uv":[0,0,1,0],"texture":"#3"},"south":{"uv":[0,0,1,0],"texture":"#3"},"west":{"uv":[0,0,1,0],"texture":"#3"},"up":{"uv":[9.5,1,8.5,0],"texture":"#3"},"down":{"uv":[9.5,1,8.5,2],"texture":"#3"}}},{"from":[12.70711,19.12132,2],"to":[12.70711,21.12132,6],"rotation":{"angle":45,"axis":"z","origin":[10.70711,20.12132,4]},"faces":{"north":{"uv":[0,0,0,0.5],"texture":"#3"},"east":{"uv":[10,3,11,3.5],"texture":"#3"},"south":{"uv":[0,0,0,0.5],"texture":"#3"},"west":{"uv":[10,3.5,11,4],"texture":"#3"},"up":{"uv":[0,1,0,0],"texture":"#3"},"down":{"uv":[0,0,0,1],"texture":"#3"}}},{"from":[8.70711,19.12132,2],"to":[12.70711,21.12132,2],"rotation":{"angle":45,"axis":"z","origin":[10.70711,20.12132,4]},"faces":{"north":{"uv":[10,2,11,2.5],"texture":"#3"},"east":{"uv":[0,0,0,0.5],"texture":"#3"},"south":{"uv":[10,2.5,11,3],"texture":"#3"},"west":{"uv":[0,0,0,0.5],"texture":"#3"},"up":{"uv":[1,0,0,0],"texture":"#3"},"down":{"uv":[1,0,0,0],"texture":"#3"}}},{"from":[8.70711,19.12132,6],"to":[12.70711,21.12132,6],"rotation":{"angle":45,"axis":"z","origin":[10.70711,20.12132,4]},"faces":{"north":{"uv":[10,0,11,0.5],"texture":"#3"},"east":{"uv":[0,0,0,0.5],"texture":"#3"},"south":{"uv":[10,0.5,11,1],"texture":"#3"},"west":{"uv":[0,0,0,0.5],"texture":"#3"},"up":{"uv":[1,0,0,0],"texture":"#3"},"down":{"uv":[1,0,0,0],"texture":"#3"}}},{"from":[10,16,2],"to":[14,18,6],"rotation":{"angle":0,"axis":"y","origin":[0,0,1]},"faces":{"north":{"uv":[9.5,9.25,10.5,9.75],"texture":"#3"},"east":{"uv":[9.75,5.75,10.75,6.25],"texture":"#3"},"south":{"uv":[9.75,6.25,10.75,6.75],"texture":"#3"},"west":{"uv":[9.5,9.75,10.5,10.25],"texture":"#3"},"up":{"uv":[9,6.75,8,5.75],"texture":"#3"},"down":{"uv":[8.5,8,7.5,9],"texture":"#3"}}},{"from":[0,16,0],"to":[1,24,16],"faces":{"north":{"uv":[8.5,9.5,8.75,11.5],"texture":"#3"},"east":{"uv":[4,0,8,2],"texture":"#3"},"south":{"uv":[8.75,9.5,9,11.5],"texture":"#3"},"west":{"uv":[4,2,8,4],"texture":"#3"},"up":{"uv":[3.75,12,3.5,8],"texture":"#3"},"down":{"uv":[4,8,3.75,12],"texture":"#3"}}},{"from":[4,16,12],"to":[5,23,13],"faces":{"north":{"uv":[7.5,10.25,7.75,12],"texture":"#3"},"east":{"uv":[7.75,10.25,8,12],"texture":"#3"},"south":{"uv":[8,10.25,8.25,12],"texture":"#3"},"west":{"uv":[8.25,10.25,8.5,12],"texture":"#3"},"up":{"uv":[10,4.5,9.75,4.25],"texture":"#3"},"down":{"uv":[10.25,1,10,1.25],"texture":"#3"}}},{"from":[4,16,3],"to":[5,23,4],"faces":{"north":{"uv":[9.5,10.25,9.75,12],"texture":"#3"},"east":{"uv":[9.75,10.25,10,12],"texture":"#3"},"south":{"uv":[10,10.25,10.25,12],"texture":"#3"},"west":{"uv":[10.25,10.25,10.5,12],"texture":"#3"},"up":{"uv":[12,8.25,11.75,8],"texture":"#3"},"down":{"uv":[12,8.25,11.75,8.5],"texture":"#3"}}},{"from":[4,22,4],"to":[5,23,5],"faces":{"north":{"uv":[9,11.75,9.25,12],"texture":"#3"},"east":{"uv":[11.75,9,12,9.25],"texture":"#3"},"south":{"uv":[9.25,11.75,9.5,12],"texture":"#3"},"west":{"uv":[11.75,9.25,12,9.5],"texture":"#3"},"up":{"uv":[12,9.75,11.75,9.5],"texture":"#3"},"down":{"uv":[12,9.75,11.75,10],"texture":"#3"}}},{"from":[4,22,11],"to":[5,23,12],"faces":{"north":{"uv":[11.75,10,12,10.25],"texture":"#3"},"east":{"uv":[11.75,10.25,12,10.5],"texture":"#3"},"south":{"uv":[10.5,11.75,10.75,12],"texture":"#3"},"west":{"uv":[11.75,10.5,12,10.75],"texture":"#3"},"up":{"uv":[11,12,10.75,11.75],"texture":"#3"},"down":{"uv":[12,10.75,11.75,11],"texture":"#3"}}},{"from":[3.5,21.5,5],"to":[5.5,23.5,11],"rotation":{"angle":-45,"axis":"z","origin":[4.5,22.5,10.5]},"faces":{"north":{"uv":[11,0,11.5,0.5],"texture":"#3"},"east":{"uv":[8.5,2,10,2.5],"texture":"#3"},"south":{"uv":[11,0.5,11.5,1],"texture":"#3"},"west":{"uv":[8.5,2.5,10,3],"texture":"#3"},"up":{"uv":[9,4.5,8.5,3],"texture":"#3"},"down":{"uv":[9,8,8.5,9.5],"texture":"#3"}}},{"from":[3,16,2],"to":[6,17,14],"faces":{"north":{"uv":[9,4.25,9.75,4.5],"texture":"#3"},"east":{"uv":[8,6.75,11,7],"texture":"#3"},"south":{"uv":[9,6.5,9.75,6.75],"texture":"#3"},"west":{"uv":[8.5,4.5,11.5,4.75],"texture":"#3"},"up":{"uv":[6.75,11,6,8],"texture":"#3"},"down":{"uv":[7.5,8,6.75,11],"texture":"#3"}}},{"from":[11.75,16,7.25],"to":[13.75,18,10.25],"rotation":{"angle":22.5,"axis":"y","origin":[13.5,17,14]},"faces":{"north":{"uv":[11,1,11.5,1.5],"texture":"#3"},"east":{"uv":[10,8.5,10.75,9],"texture":"#3"},"south":{"uv":[11,2,11.5,2.5],"texture":"#3"},"west":{"uv":[10.25,1,11,1.5],"texture":"#3"},"up":{"uv":[9.5,11.25,9,10.5],"texture":"#3"},"down":{"uv":[11,9,10.5,9.75],"texture":"#3"}}},{"from":[13.75,16,8.25],"to":[16.75,17,9.25],"rotation":{"angle":22.5,"axis":"y","origin":[13.5,17,14]},"faces":{"north":{"uv":[11,6.75,11.75,7],"texture":"#3"},"east":{"uv":[11.75,11,12,11.25],"texture":"#3"},"south":{"uv":[11.25,5.75,12,6],"texture":"#3"},"west":{"uv":[11.75,11.25,12,11.5],"texture":"#3"},"up":{"uv":[12,6.25,11.25,6],"texture":"#3"},"down":{"uv":[12,6.25,11.25,6.5],"texture":"#3"}}},{"from":[11,17.40677,-0.06798],"to":[13,19.40677,1.93202],"rotation":{"angle":-45,"axis":"x","origin":[17.425,21.90677,2.95702]},"faces":{"north":{"uv":[11,2.5,11.5,3],"texture":"#3"},"east":{"uv":[11,3,11.5,3.5],"texture":"#3"},"south":{"uv":[11,3.5,11.5,4],"texture":"#3"},"west":{"uv":[11,4,11.5,4.5],"texture":"#3"},"up":{"uv":[6.5,11.5,6,11],"texture":"#3"},"down":{"uv":[7,11,6.5,11.5],"texture":"#3"}}},{"from":[12,16.825,13.65],"to":[14,19.825,15.65],"rotation":{"angle":22.5,"axis":"x","origin":[13,19.525,13]},"faces":{"north":{"uv":[9,3,9.5,4.25],"texture":"#3"},"east":{"uv":[7.5,9,8,10.25],"texture":"#3"},"south":{"uv":[8,9,8.5,10.25],"texture":"#3"},"west":{"uv":[9,8,9.5,9.25],"texture":"#3"},"up":{"uv":[7.5,11.5,7,11],"texture":"#3"},"down":{"uv":[11.5,8,11,8.5],"texture":"#3"}}},{"from":[12.004,18.55021,13.79237],"to":[14,19.97121,15.21337],"rotation":{"angle":-22.5,"axis":"x","origin":[13.002,19.54821,14.79037]},"faces":{"north":{"uv":[10,9,10.5,9.25],"texture":"#3"},"east":{"uv":[11.75,11.5,12,11.75],"texture":"#3"},"south":{"uv":[6,11.5,6.5,11.75],"texture":"#3"},"west":{"uv":[11.75,11.75,12,12],"texture":"#3"},"up":{"uv":[7,11.75,6.5,11.5],"texture":"#3"},"down":{"uv":[7.5,11.5,7,11.75],"texture":"#3"}}},{"from":[7,18.025,12.75],"to":[9,23.025,14.75],"rotation":{"angle":0,"axis":"x","origin":[8,21.775,13.75381]},"faces":{"north":{"uv":[9,9.25,9.5,10.5],"texture":"#3"},"east":{"uv":[9.5,0,10,1.25],"texture":"#3"},"south":{"uv":[9.5,3,10,4.25],"texture":"#3"},"west":{"uv":[9.5,8,10,9.25],"texture":"#3"},"up":{"uv":[11.5,11.5,11,11],"texture":"#3"},"down":{"uv":[11.75,1.5,11.25,2],"texture":"#3"}}},{"from":[7.002,21.94569,13.9299],"to":[8.998,23.36669,15.3509],"rotation":{"angle":-45,"axis":"x","origin":[8,21.775,13.75381]},"faces":{"north":{"uv":[6,11.75,6.5,12],"texture":"#3"},"east":{"uv":[7.5,12,7.75,12.25],"texture":"#3"},"south":{"uv":[6.5,11.75,7,12],"texture":"#3"},"west":{"uv":[12,7.5,12.25,7.75],"texture":"#3"},"up":{"uv":[12.25,7,11.75,6.75],"texture":"#3"},"down":{"uv":[7.5,11.75,7,12],"texture":"#3"}}},{"from":[11.5,16.025,15.25],"to":[14.5,17.025,15.25],"rotation":{"angle":0,"axis":"y","origin":[14,16.025,14]},"faces":{"north":{"uv":[11.25,6.5,12,6.75],"texture":"#3"},"east":{"uv":[0,0,0,0.25],"texture":"#3"},"south":{"uv":[11.25,7,12,7.25],"texture":"#3"},"west":{"uv":[0,0,0,0.25],"texture":"#3"},"up":{"uv":[0.75,0,0,0],"texture":"#3"},"down":{"uv":[0.75,0,0,0],"texture":"#3"}}},{"from":[11.5,16.025,12.25],"to":[14.5,17.025,12.25],"rotation":{"angle":0,"axis":"y","origin":[14,16.025,14]},"faces":{"north":{"uv":[11.25,7.25,12,7.5],"texture":"#3"},"east":{"uv":[0,0,0,0.25],"texture":"#3"},"south":{"uv":[11.25,7.5,12,7.75],"texture":"#3"},"west":{"uv":[0,0,0,0.25],"texture":"#3"},"up":{"uv":[0.75,0,0,0],"texture":"#3"},"down":{"uv":[0.75,0,0,0],"texture":"#3"}}},{"from":[11.5,16.025,12.25],"to":[14.5,16.025,15.25],"rotation":{"angle":0,"axis":"y","origin":[14,16.025,14]},"faces":{"north":{"uv":[0,0,0.75,0],"texture":"#3"},"east":{"uv":[0,0,0.75,0],"texture":"#3"},"south":{"uv":[0,0,0.75,0],"texture":"#3"},"west":{"uv":[0,0,0.75,0],"texture":"#3"},"up":{"uv":[9.75,6.5,9,5.75],"texture":"#3"},"down":{"uv":[10.25,1.25,9.5,2],"texture":"#3"}}},{"from":[14.5,16.025,12.25],"to":[14.5,17.025,15.25],"rotation":{"angle":0,"axis":"y","origin":[14,16.025,14]},"faces":{"north":{"uv":[0,0,0,0.25],"texture":"#3"},"east":{"uv":[11.25,7.75,12,8],"texture":"#3"},"south":{"uv":[0,0,0,0.25],"texture":"#3"},"west":{"uv":[11.25,8.5,12,8.75],"texture":"#3"},"up":{"uv":[0,0.75,0,0],"texture":"#3"},"down":{"uv":[0,0,0,0.75],"texture":"#3"}}},{"from":[11.5,16.025,12.25],"to":[11.5,17.025,15.25],"rotation":{"angle":0,"axis":"y","origin":[14,16.025,14]},"faces":{"north":{"uv":[0,0,0,0.25],"texture":"#3"},"east":{"uv":[11.25,8.75,12,9],"texture":"#3"},"south":{"uv":[0,0,0,0.25],"texture":"#3"},"west":{"uv":[11.5,0,12.25,0.25],"texture":"#3"},"up":{"uv":[0,0.75,0,0],"texture":"#3"},"down":{"uv":[0,0,0,0.75],"texture":"#3"}}},{"from":[14.5,17.025,13.25],"to":[14.5,18.025,14.25],"rotation":{"angle":0,"axis":"y","origin":[14,16.025,14]},"faces":{"north":{"uv":[0,0,0,0.25],"texture":"#3"},"east":{"uv":[12,1.5,12.25,1.75],"texture":"#3"},"south":{"uv":[0,0,0,0.25],"texture":"#3"},"west":{"uv":[12,1.75,12.25,2],"texture":"#3"},"up":{"uv":[0,0.25,0,0],"texture":"#3"},"down":{"uv":[0,0,0,0.25],"texture":"#3"}}},{"from":[12.5,17.025,15.25],"to":[13.5,18.025,15.25],"rotation":{"angle":0,"axis":"y","origin":[14,16.025,14]},"faces":{"north":{"uv":[3.5,12,3.75,12.25],"texture":"#3"},"east":{"uv":[0,0,0,0.25],"texture":"#3"},"south":{"uv":[3.75,12,4,12.25],"texture":"#3"},"west":{"uv":[0,0,0,0.25],"texture":"#3"},"up":{"uv":[0.25,0,0,0],"texture":"#3"},"down":{"uv":[0.25,0,0,0],"texture":"#3"}}},{"from":[12.5,17.025,12.25],"to":[13.5,18.025,12.25],"rotation":{"angle":0,"axis":"y","origin":[14,16.025,14]},"faces":{"north":{"uv":[12,5.75,12.25,6],"texture":"#3"},"east":{"uv":[0,0,0,0.25],"texture":"#3"},"south":{"uv":[6,12,6.25,12.25],"texture":"#3"},"west":{"uv":[0,0,0,0.25],"texture":"#3"},"up":{"uv":[0.25,0,0,0],"texture":"#3"},"down":{"uv":[0.25,0,0,0],"texture":"#3"}}},{"from":[11.5,17.025,13.25],"to":[11.5,18.025,14.25],"rotation":{"angle":0,"axis":"y","origin":[14,16.025,14]},"faces":{"north":{"uv":[0,0,0,0.25],"texture":"#3"},"east":{"uv":[12,6,12.25,6.25],"texture":"#3"},"south":{"uv":[0,0,0,0.25],"texture":"#3"},"west":{"uv":[6.25,12,6.5,12.25],"texture":"#3"},"up":{"uv":[0,0.25,0,0],"texture":"#3"},"down":{"uv":[0,0,0,0.25],"texture":"#3"}}},{"from":[9.5,19.025,12.25],"to":[9.5,20.025,15.25],"rotation":{"angle":45,"axis":"y","origin":[8,18.525,13.75]},"faces":{"north":{"uv":[0,0,0,0.25],"texture":"#3"},"east":{"uv":[11.5,2.25,12.25,2.5],"texture":"#3"},"south":{"uv":[0,0,0,0.25],"texture":"#3"},"west":{"uv":[11.5,2.5,12.25,2.75],"texture":"#3"},"up":{"uv":[0,0.75,0,0],"texture":"#3"},"down":{"uv":[0,0,0,0.75],"texture":"#3"}}},{"from":[9.5,17.025,13.25],"to":[9.5,19.025,14.25],"rotation":{"angle":45,"axis":"y","origin":[8,18.525,13.75]},"faces":{"north":{"uv":[0,0,0,0.5],"texture":"#3"},"east":{"uv":[11.5,11,11.75,11.5],"texture":"#3"},"south":{"uv":[0,0,0,0.5],"texture":"#3"},"west":{"uv":[11.25,11.5,11.5,12],"texture":"#3"},"up":{"uv":[0,0.25,0,0],"texture":"#3"},"down":{"uv":[0,0,0,0.25],"texture":"#3"}}},{"from":[6.5,17.025,13.25],"to":[6.5,19.025,14.25],"rotation":{"angle":45,"axis":"y","origin":[8,18.525,13.75]},"faces":{"north":{"uv":[0,0,0,0.5],"texture":"#3"},"east":{"uv":[11.5,11.5,11.75,12],"texture":"#3"},"south":{"uv":[0,0,0,0.5],"texture":"#3"},"west":{"uv":[11.75,1.5,12,2],"texture":"#3"},"up":{"uv":[0,0.25,0,0],"texture":"#3"},"down":{"uv":[0,0,0,0.25],"texture":"#3"}}},{"from":[6.5,17.025,11.83579],"to":[7.5,19.025,11.83579],"rotation":{"angle":45,"axis":"y","origin":[8,18.525,12.33579]},"faces":{"north":{"uv":[4.5,11.75,4.75,12.25],"texture":"#3"},"east":{"uv":[0,0,0,0.5],"texture":"#3"},"south":{"uv":[4.75,11.75,5,12.25],"texture":"#3"},"west":{"uv":[0,0,0,0.5],"texture":"#3"},"up":{"uv":[0.25,0,0,0],"texture":"#3"},"down":{"uv":[0.25,0,0,0],"texture":"#3"}}},{"from":[7.5,17.025,15.25],"to":[8.5,19.025,15.25],"rotation":{"angle":45,"axis":"y","origin":[8,18.525,13.75]},"faces":{"north":{"uv":[4,11.75,4.25,12.25],"texture":"#3"},"east":{"uv":[0,0,0,0.5],"texture":"#3"},"south":{"uv":[4.25,11.75,4.5,12.25],"texture":"#3"},"west":{"uv":[0,0,0,0.5],"texture":"#3"},"up":{"uv":[0.25,0,0,0],"texture":"#3"},"down":{"uv":[0.25,0,0,0],"texture":"#3"}}},{"from":[7.5,20.025,12.25],"to":[8.5,21.025,12.25],"rotation":{"angle":45,"axis":"y","origin":[8,18.525,13.75]},"faces":{"north":{"uv":[7,12,7.25,12.25],"texture":"#3"},"east":{"uv":[0,0,0,0.25],"texture":"#3"},"south":{"uv":[12,7,12.25,7.25],"texture":"#3"},"west":{"uv":[0,0,0,0.25],"texture":"#3"},"up":{"uv":[0.25,0,0,0],"texture":"#3"},"down":{"uv":[0.25,0,0,0],"texture":"#3"}}},{"from":[6.5,19.025,12.25],"to":[9.5,20.025,12.25],"rotation":{"angle":45,"axis":"y","origin":[8,18.525,13.75]},"faces":{"north":{"uv":[11.5,1.25,12.25,1.5],"texture":"#3"},"east":{"uv":[0,0,0,0.25],"texture":"#3"},"south":{"uv":[11.5,2,12.25,2.25],"texture":"#3"},"west":{"uv":[0,0,0,0.25],"texture":"#3"},"up":{"uv":[0.75,0,0,0],"texture":"#3"},"down":{"uv":[0.75,0,0,0],"texture":"#3"}}},{"from":[6.5,19.025,12.25],"to":[6.5,20.025,15.25],"rotation":{"angle":45,"axis":"y","origin":[8,18.525,13.75]},"faces":{"north":{"uv":[0,0,0,0.25],"texture":"#3"},"east":{"uv":[11.5,0.75,12.25,1],"texture":"#3"},"south":{"uv":[0,0,0,0.25],"texture":"#3"},"west":{"uv":[11.5,1,12.25,1.25],"texture":"#3"},"up":{"uv":[0,0.75,0,0],"texture":"#3"},"down":{"uv":[0,0,0,0.75],"texture":"#3"}}},{"from":[7.5,20.025,15.25],"to":[8.5,21.025,15.25],"rotation":{"angle":45,"axis":"y","origin":[8,18.525,13.75]},"faces":{"north":{"uv":[12,6.5,12.25,6.75],"texture":"#3"},"east":{"uv":[0,0,0,0.25],"texture":"#3"},"south":{"uv":[6.75,12,7,12.25],"texture":"#3"},"west":{"uv":[0,0,0,0.25],"texture":"#3"},"up":{"uv":[0.25,0,0,0],"texture":"#3"},"down":{"uv":[0.25,0,0,0],"texture":"#3"}}},{"from":[6.5,19.025,15.25],"to":[9.5,20.025,15.25],"rotation":{"angle":45,"axis":"y","origin":[8,18.525,13.75]},"faces":{"north":{"uv":[11.5,0.25,12.25,0.5],"texture":"#3"},"east":{"uv":[0,0,0,0.25],"texture":"#3"},"south":{"uv":[11.5,0.5,12.25,0.75],"texture":"#3"},"west":{"uv":[0,0,0,0.25],"texture":"#3"},"up":{"uv":[0.75,0,0,0],"texture":"#3"},"down":{"uv":[0.75,0,0,0],"texture":"#3"}}},{"from":[9.5,16.025,12.25],"to":[9.5,17.025,15.25],"rotation":{"angle":45,"axis":"y","origin":[8,18.525,13.75]},"faces":{"north":{"uv":[0,0,0,0.25],"texture":"#3"},"east":{"uv":[11.5,4.25,12.25,4.5],"texture":"#3"},"south":{"uv":[0,0,0,0.25],"texture":"#3"},"west":{"uv":[11.5,4.5,12.25,4.75],"texture":"#3"},"up":{"uv":[0,0.75,0,0],"texture":"#3"},"down":{"uv":[0,0,0,0.75],"texture":"#3"}}},{"from":[6.5,16.025,12.25],"to":[9.5,17.025,12.25],"rotation":{"angle":45,"axis":"y","origin":[8,18.525,13.75]},"faces":{"north":{"uv":[11.5,3.75,12.25,4],"texture":"#3"},"east":{"uv":[0,0,0,0.25],"texture":"#3"},"south":{"uv":[11.5,4,12.25,4.25],"texture":"#3"},"west":{"uv":[0,0,0,0.25],"texture":"#3"},"up":{"uv":[0.75,0,0,0],"texture":"#3"},"down":{"uv":[0.75,0,0,0],"texture":"#3"}}},{"from":[6.5,16.025,12.25],"to":[6.5,17.025,15.25],"rotation":{"angle":45,"axis":"y","origin":[8,18.525,13.75]},"faces":{"north":{"uv":[0,0,0,0.25],"texture":"#3"},"east":{"uv":[11.5,3.25,12.25,3.5],"texture":"#3"},"south":{"uv":[0,0,0,0.25],"texture":"#3"},"west":{"uv":[11.5,3.5,12.25,3.75],"texture":"#3"},"up":{"uv":[0,0.75,0,0],"texture":"#3"},"down":{"uv":[0,0,0,0.75],"texture":"#3"}}},{"from":[6.5,16.025,15.25],"to":[9.5,17.025,15.25],"rotation":{"angle":45,"axis":"y","origin":[8,18.525,13.75]},"faces":{"north":{"uv":[11.5,2.75,12.25,3],"texture":"#3"},"east":{"uv":[0,0,0,0.25],"texture":"#3"},"south":{"uv":[11.5,3,12.25,3.25],"texture":"#3"},"west":{"uv":[0,0,0,0.25],"texture":"#3"},"up":{"uv":[0.75,0,0,0],"texture":"#3"},"down":{"uv":[0.75,0,0,0],"texture":"#3"}}},{"from":[6.5,20.025,13.25],"to":[6.5,21.025,14.25],"rotation":{"angle":45,"axis":"y","origin":[8,18.525,13.75]},"faces":{"north":{"uv":[0,0,0,0.25],"texture":"#3"},"east":{"uv":[12,6.25,12.25,6.5],"texture":"#3"},"south":{"uv":[0,0,0,0.25],"texture":"#3"},"west":{"uv":[6.5,12,6.75,12.25],"texture":"#3"},"up":{"uv":[0,0.25,0,0],"texture":"#3"},"down":{"uv":[0,0,0,0.25],"texture":"#3"}}},{"from":[9.5,20.025,13.25],"to":[9.5,21.025,14.25],"rotation":{"angle":45,"axis":"y","origin":[8,18.525,13.75]},"faces":{"north":{"uv":[0,0,0,0.25],"texture":"#3"},"east":{"uv":[9.25,12,9.5,12.25],"texture":"#3"},"south":{"uv":[0,0,0,0.25],"texture":"#3"},"west":{"uv":[12,9.25,12.25,9.5],"texture":"#3"},"up":{"uv":[0,0.25,0,0],"texture":"#3"},"down":{"uv":[0,0,0,0.25],"texture":"#3"}}},{"from":[7.5,16.025,13.25],"to":[8.5,18.025,14.25],"rotation":{"angle":45,"axis":"y","origin":[8,18.525,13.75]},"faces":{"north":{"uv":[5,11.75,5.25,12.25],"texture":"#3"},"east":{"uv":[5.25,11.75,5.5,12.25],"texture":"#3"},"south":{"uv":[5.5,11.75,5.75,12.25],"texture":"#3"},"west":{"uv":[5.75,11.75,6,12.25],"texture":"#3"},"up":{"uv":[7.5,12.25,7.25,12],"texture":"#3"},"down":{"uv":[12.25,7.25,12,7.5],"texture":"#3"}}},{"from":[15,-1.27574,9.01612],"to":[16,0.72426,11.01612],"rotation":{"angle":-45,"axis":"x","origin":[-1,0.72426,0.51612]},"faces":{"north":{"uv":[11.5,8,11.75,8.5],"texture":"#3"},"east":{"uv":[11,9,11.5,9.5],"texture":"#3"},"south":{"uv":[8.5,11.5,8.75,12],"texture":"#3"},"west":{"uv":[11,9.5,11.5,10],"texture":"#3"},"up":{"uv":[9,12,8.75,11.5],"texture":"#3"},"down":{"uv":[11.75,9,11.5,9.5],"texture":"#3"}}},{"from":[0,-1.27574,9.01612],"to":[1,0.72426,11.01612],"rotation":{"angle":-45,"axis":"x","origin":[17,0.72426,0.51612]},"faces":{"north":{"uv":[11.5,9.5,11.75,10],"texture":"#3"},"east":{"uv":[11,10,11.5,10.5],"texture":"#3"},"south":{"uv":[11.5,10,11.75,10.5],"texture":"#3"},"west":{"uv":[11,10.5,11.5,11],"texture":"#3"},"up":{"uv":[11.75,11,11.5,10.5],"texture":"#3"},"down":{"uv":[11.25,11.5,11,12],"texture":"#3"}}}],"display":{"thirdperson_righthand":{"rotation":[0,90,0],"scale":[0.5,0.5,0.5]},"thirdperson_lefthand":{"rotation":[0,90,0],"scale":[0.5,0.5,0.5]},"firstperson_righthand":{"rotation":[0,-115,0],"translation":[1,0.25,0],"scale":[0.3,0.3,0.3]},"firstperson_lefthand":{"rotation":[0,52,0],"translation":[1,0.25,0],"scale":[0.3,0.3,0.3]},"ground":{"scale":[0.5,0.5,0.5]},"gui":{"rotation":[0,-137,0],"translation":[0.25,-2,0],"scale":[0.5,0.5,0.5]},"head":{"rotation":[0,90,0],"translation":[0,0,-1]},"fixed":{"rotation":[0,90,-90],"translation":[0,0,-17.25],"scale":[2,2,2]}}}