{"textures":{"1":"modelengine:entity/cppuker_pukeball"},"elements":[{"from":[-4.5,-1.75,5.5],"to":[20.5,-1.75,30.5],"faces":{"up":{"uv":[0.0,0.0,16.0,16.0],"tintindex":0,"rotation":0,"texture":"#1"},"down":{"uv":[16.0,0.0,0.0,16.0],"tintindex":0,"rotation":180,"texture":"#1"}}},{"from":[8.0,-14.25,5.5],"to":[8.0,10.75,30.5],"faces":{"east":{"uv":[0.0,0.0,16.0,16.0],"tintindex":0,"rotation":90,"texture":"#1"},"west":{"uv":[16.0,0.0,0.0,16.0],"tintindex":0,"rotation":270,"texture":"#1"}}}],"display":{"head":{"rotation":[0.0,0.0,0.0]},"firstperson_righthand":{"rotation":[0.0,0.0,0.0]},"thirdperson_lefthand":{"rotation":[0.0,-0.0,-0.0]},"firstperson_lefthand":{"rotation":[0.0,-0.0,-0.0]},"fixed":{"rotation":[0.0,0.0,0.0]},"ground":{"rotation":[0.0,0.0,0.0]},"thirdperson_righthand":{"rotation":[0.0,0.0,0.0]},"gui":{"rotation":[-150.0,-75.0,-180.0]}}}