{"textures":{"0":"modelengine:block/medieval_box3_iron"},"elements":[{"from":[1.9624996,7.5,2.75],"to":[4.9624996,10.5,13.25],"faces":{"east":{"uv":[7.75,9.75,8.625,10.0],"tintindex":0,"rotation":0,"texture":"#0"},"south":{"uv":[9.75,9.75,10.0,10.0],"tintindex":0,"rotation":0,"texture":"#0"},"north":{"uv":[8.625,9.75,8.875,10.0],"tintindex":0,"rotation":0,"texture":"#0"},"west":{"uv":[8.875,9.75,9.75,10.0],"tintindex":0,"rotation":0,"texture":"#0"},"up":{"uv":[8.875,9.75,8.625,8.875],"tintindex":0,"rotation":0,"texture":"#0"},"down":{"uv":[9.125,8.875,8.875,9.75],"tintindex":0,"rotation":0,"texture":"#0"}}},{"from":[23.375,3.0,2.0],"to":[24.875,7.5,14.0],"faces":{"east":{"uv":[8.25,4.625,9.25,5.0],"tintindex":0,"rotation":0,"texture":"#0"},"south":{"uv":[10.375,4.625,10.5,5.0],"tintindex":0,"rotation":0,"texture":"#0"},"north":{"uv":[9.25,4.625,9.375,5.0],"tintindex":0,"rotation":0,"texture":"#0"},"west":{"uv":[9.375,4.625,10.375,5.0],"tintindex":0,"rotation":0,"texture":"#0"},"up":{"uv":[9.375,4.625,9.25,3.625],"tintindex":0,"rotation":0,"texture":"#0"},"down":{"uv":[9.5,3.625,9.375,4.625],"tintindex":0,"rotation":0,"texture":"#0"}}},{"from":[3.125,3.0,2.0],"to":[4.625,7.5,14.0],"faces":{"east":{"uv":[8.75,1.5,9.75,1.875],"tintindex":0,"rotation":0,"texture":"#0"},"south":{"uv":[10.875,1.5,11.0,1.875],"tintindex":0,"rotation":0,"texture":"#0"},"north":{"uv":[9.75,1.5,9.875,1.875],"tintindex":0,"rotation":0,"texture":"#0"},"west":{"uv":[9.875,1.5,10.875,1.875],"tintindex":0,"rotation":0,"texture":"#0"},"up":{"uv":[9.875,1.5,9.75,0.5],"tintindex":0,"rotation":0,"texture":"#0"},"down":{"uv":[10.0,0.5,9.875,1.5],"tintindex":0,"rotation":0,"texture":"#0"}}}],"display":{"head":{"rotation":[0.0,0.0,0.0]},"firstperson_righthand":{"rotation":[0.0,0.0,0.0]},"thirdperson_lefthand":{"rotation":[0.0,-0.0,-0.0]},"firstperson_lefthand":{"rotation":[0.0,-0.0,-0.0]},"fixed":{"rotation":[0.0,0.0,0.0]},"ground":{"rotation":[0.0,0.0,0.0]},"thirdperson_righthand":{"rotation":[0.0,0.0,0.0]},"gui":{"rotation":[-150.0,-75.0,-180.0]}}}