{"textures":{"0":"modelengine:block/medieval_box3_iron"},"elements":[{"from":[9.5,8.366072,7.859462],"to":[12.5,17.366074,10.859462],"faces":{"east":{"uv":[6.0,10.25,6.25,11.0],"tintindex":0,"rotation":0,"texture":"#0"},"south":{"uv":[6.75,10.25,7.0,11.0],"tintindex":0,"rotation":0,"texture":"#0"},"north":{"uv":[6.25,10.25,6.5,11.0],"tintindex":0,"rotation":0,"texture":"#0"},"west":{"uv":[6.5,10.25,6.75,11.0],"tintindex":0,"rotation":0,"texture":"#0"},"up":{"uv":[6.5,10.25,6.25,10.0],"tintindex":0,"rotation":0,"texture":"#0"},"down":{"uv":[6.75,10.0,6.5,10.25],"tintindex":0,"rotation":0,"texture":"#0"}}}],"display":{"head":{"rotation":[0.0,0.0,0.0]},"firstperson_righthand":{"rotation":[0.0,0.0,0.0]},"thirdperson_lefthand":{"rotation":[0.0,-0.0,-0.0]},"firstperson_lefthand":{"rotation":[0.0,-0.0,-0.0]},"fixed":{"rotation":[0.0,0.0,0.0]},"ground":{"rotation":[0.0,0.0,0.0]},"thirdperson_righthand":{"rotation":[0.0,0.0,0.0]},"gui":{"rotation":[-150.0,-75.0,-180.0]}}}