{"textures":{"0":"modelengine:block/medieval_box3_iron"},"elements":[{"from":[8.0,9.0,9.5],"to":[9.5,10.5,17.0],"faces":{"east":{"uv":[0.0,4.25,0.625,4.375],"tintindex":0,"rotation":0,"texture":"#0"},"south":{"uv":[1.375,4.25,1.5,4.375],"tintindex":0,"rotation":0,"texture":"#0"},"north":{"uv":[0.625,4.25,0.75,4.375],"tintindex":0,"rotation":0,"texture":"#0"},"west":{"uv":[0.75,4.25,1.375,4.375],"tintindex":0,"rotation":0,"texture":"#0"},"up":{"uv":[0.75,4.25,0.625,3.625],"tintindex":0,"rotation":0,"texture":"#0"},"down":{"uv":[0.875,3.625,0.75,4.25],"tintindex":0,"rotation":0,"texture":"#0"}}},{"from":[8.0,4.5,9.5],"to":[8.0,9.0,17.0],"faces":{"east":{"uv":[0.0,1.125,0.625,1.5],"tintindex":0,"rotation":0,"texture":"#0"},"west":{"uv":[0.625,1.125,1.25,1.5],"tintindex":0,"rotation":0,"texture":"#0"}}},{"from":[8.0,7.5,5.0],"to":[9.5,12.0,9.5],"faces":{"east":{"uv":[10.25,2.25,10.625,2.625],"tintindex":0,"rotation":0,"texture":"#0"},"south":{"uv":[11.125,2.25,11.25,2.625],"tintindex":0,"rotation":0,"texture":"#0"},"north":{"uv":[10.625,2.25,10.75,2.625],"tintindex":0,"rotation":0,"texture":"#0"},"west":{"uv":[10.75,2.25,11.125,2.625],"tintindex":0,"rotation":0,"texture":"#0"},"up":{"uv":[10.75,2.25,10.625,1.875],"tintindex":0,"rotation":0,"texture":"#0"},"down":{"uv":[10.875,1.875,10.75,2.25],"tintindex":0,"rotation":0,"texture":"#0"}}}],"display":{"head":{"rotation":[0.0,0.0,0.0]},"firstperson_righthand":{"rotation":[0.0,0.0,0.0]},"thirdperson_lefthand":{"rotation":[0.0,-0.0,-0.0]},"firstperson_lefthand":{"rotation":[0.0,-0.0,-0.0]},"fixed":{"rotation":[0.0,0.0,0.0]},"ground":{"rotation":[0.0,0.0,0.0]},"thirdperson_righthand":{"rotation":[0.0,0.0,0.0]},"gui":{"rotation":[-150.0,-75.0,-180.0]}}}