{"textures":{"0":"modelengine:block/medieval_box3_iron"},"elements":[{"from":[7.5,-5.6377716,31.637877],"to":[9.0,3.3622284,31.637877],"faces":{"south":{"uv":[1.625,0.0,1.75,0.75],"tintindex":0,"rotation":0,"texture":"#0"},"north":{"uv":[1.5,0.0,1.625,0.75],"tintindex":0,"rotation":0,"texture":"#0"}}},{"from":[3.0,-5.6377716,31.637877],"to":[4.5,3.3622284,31.637877],"faces":{"south":{"uv":[1.625,0.0,1.75,0.75],"tintindex":0,"rotation":0,"texture":"#0"},"north":{"uv":[1.5,0.0,1.625,0.75],"tintindex":0,"rotation":0,"texture":"#0"}}}],"display":{"head":{"rotation":[0.0,0.0,0.0]},"firstperson_righthand":{"rotation":[0.0,0.0,0.0]},"thirdperson_lefthand":{"rotation":[0.0,-0.0,-0.0]},"firstperson_lefthand":{"rotation":[0.0,-0.0,-0.0]},"fixed":{"rotation":[0.0,0.0,0.0]},"ground":{"rotation":[0.0,0.0,0.0]},"thirdperson_righthand":{"rotation":[0.0,0.0,0.0]},"gui":{"rotation":[-150.0,-75.0,-180.0]}}}