{"textures":{"2":"modelengine:block/em_corruptedpuker"},"elements":[{"from":[10.006,8.738025,6.380369],"to":[5.994,4.726025,1.3683696],"faces":{"east":{"uv":[9.125,3.75,9.75,4.25],"tintindex":0,"rotation":0,"texture":"#2"},"south":{"uv":[9.375,9.625,9.875,10.125],"tintindex":0,"rotation":0,"texture":"#2"},"north":{"uv":[1.5,0.0,2.25,0.625],"tintindex":0,"rotation":0,"texture":"#2"},"west":{"uv":[8.0,9.125,8.625,9.625],"tintindex":0,"rotation":0,"texture":"#2"},"up":{"uv":[1.5,9.875,1.0,9.25],"tintindex":0,"rotation":0,"texture":"#2"},"down":{"uv":[1.5,0.0,2.25,0.625],"tintindex":0,"rotation":0,"texture":"#2"}}},{"from":[12.0,15.744526,9.136869],"to":[4.0,7.744526,2.1368694],"faces":{"east":{"uv":[0.0,4.25,0.875,5.25],"tintindex":0,"rotation":0,"texture":"#2"},"south":{"uv":[1.125,2.25,2.125,3.25],"tintindex":0,"rotation":0,"texture":"#2"},"north":{"uv":[0.0,2.0,1.0,3.0],"tintindex":0,"rotation":0,"texture":"#2"},"west":{"uv":[1.0,4.375,1.875,5.375],"tintindex":0,"rotation":0,"texture":"#2"},"up":{"uv":[3.0,5.25,2.0,4.375],"tintindex":0,"rotation":0,"texture":"#2"},"down":{"uv":[5.375,2.0,4.375,2.875],"tintindex":0,"rotation":0,"texture":"#2"}}},{"from":[4.0,8.744526,1.1368694],"to":[12.0,15.744526,2.1368694],"faces":{"east":{"uv":[6.0,10.375,6.125,11.25],"tintindex":0,"rotation":0,"texture":"#2"},"south":{"uv":[2.25,3.375,3.25,4.25],"tintindex":0,"rotation":0,"texture":"#2"},"north":{"uv":[1.125,3.375,2.125,4.25],"tintindex":0,"rotation":0,"texture":"#2"},"west":{"uv":[3.5,10.5,3.625,11.375],"tintindex":0,"rotation":0,"texture":"#2"},"up":{"uv":[11.25,2.375,10.25,2.25],"tintindex":0,"rotation":0,"texture":"#2"},"down":{"uv":[5.875,10.375,4.875,10.5],"tintindex":0,"rotation":0,"texture":"#2"}}},{"from":[11.0,12.744526,2.1368694],"to":[9.0,10.744526,1.1368694],"faces":{"east":{"uv":[3.5,7.25,3.625,7.5],"tintindex":0,"rotation":0,"texture":"#2"},"south":{"uv":[9.5,10.875,9.75,11.125],"tintindex":0,"rotation":0,"texture":"#2"},"north":{"uv":[2.25,8.75,2.5,9.0],"tintindex":0,"rotation":0,"texture":"#2"},"west":{"uv":[8.0,4.375,8.125,4.625],"tintindex":0,"rotation":0,"texture":"#2"},"up":{"uv":[11.5,1.625,11.25,1.5],"tintindex":0,"rotation":0,"texture":"#2"},"down":{"uv":[11.5,1.75,11.25,1.875],"tintindex":0,"rotation":0,"texture":"#2"}}},{"from":[4.0,7.744526,2.1368694],"to":[12.0,15.744526,9.136869],"faces":{"east":{"uv":[3.375,2.25,4.25,3.25],"tintindex":0,"rotation":0,"texture":"#2"},"south":{"uv":[1.375,1.125,2.375,2.125],"tintindex":0,"rotation":0,"texture":"#2"},"north":{"uv":[1.375,0.0,2.375,1.0],"tintindex":0,"rotation":0,"texture":"#2"},"west":{"uv":[3.375,3.375,4.25,4.375],"tintindex":0,"rotation":0,"texture":"#2"},"up":{"uv":[4.625,0.875,3.625,0.0],"tintindex":0,"rotation":0,"texture":"#2"},"down":{"uv":[4.625,1.0,3.625,1.875],"tintindex":0,"rotation":0,"texture":"#2"}}},{"from":[6.0,7.744526,1.1368694],"to":[10.0,8.744526,1.1368694],"faces":{"south":{"uv":[11.0,3.5,11.5,3.625],"tintindex":0,"rotation":0,"texture":"#2"},"north":{"uv":[3.75,10.875,4.25,11.0],"tintindex":0,"rotation":0,"texture":"#2"}}},{"from":[7.0,12.744526,2.1368694],"to":[5.0,10.744526,1.1368694],"faces":{"east":{"uv":[1.75,8.375,1.875,8.625],"tintindex":0,"rotation":0,"texture":"#2"},"south":{"uv":[5.125,11.0,5.375,11.25],"tintindex":0,"rotation":0,"texture":"#2"},"north":{"uv":[4.75,11.0,5.0,11.25],"tintindex":0,"rotation":0,"texture":"#2"},"west":{"uv":[8.0,8.625,8.125,8.875],"tintindex":0,"rotation":0,"texture":"#2"},"up":{"uv":[11.5,2.125,11.25,2.0],"tintindex":0,"rotation":0,"texture":"#2"},"down":{"uv":[4.375,11.25,4.125,11.375],"tintindex":0,"rotation":0,"texture":"#2"}}}],"display":{"head":{"rotation":[0.0,0.0,0.0]},"firstperson_righthand":{"rotation":[0.0,0.0,0.0]},"thirdperson_lefthand":{"rotation":[0.0,-0.0,-0.0]},"firstperson_lefthand":{"rotation":[0.0,-0.0,-0.0]},"fixed":{"rotation":[0.0,0.0,0.0]},"ground":{"rotation":[0.0,0.0,0.0]},"thirdperson_righthand":{"rotation":[0.0,0.0,0.0]},"gui":{"rotation":[-150.0,-75.0,-180.0]}}}