{"textures":{"0":"modelengine:entity/eyeshading_corlurker","2":"modelengine:block/em_corruptedpuker","3":"modelengine:entity/rest_fire"},"elements":[{"from":[4.9333334,15.75,7.5],"to":[10.933333,22.75,10.5],"faces":{"east":{"uv":[8.875,2.0,9.25,2.875],"tintindex":0,"rotation":0,"texture":"#2"},"south":{"uv":[6.25,4.125,7.0,5.0],"tintindex":0,"rotation":0,"texture":"#2"},"north":{"uv":[1.125,5.5,1.875,6.375],"tintindex":0,"rotation":0,"texture":"#2"},"west":{"uv":[8.875,4.375,9.25,5.25],"tintindex":0,"rotation":0,"texture":"#2"},"up":{"uv":[10.375,0.375,9.625,0.0],"tintindex":0,"rotation":0,"texture":"#2"},"down":{"uv":[10.375,0.5,9.625,0.875],"tintindex":0,"rotation":0,"texture":"#2"}}},{"from":[5.9333334,14.75,5.525],"to":[9.933333,16.75,9.525],"faces":{"east":{"uv":[7.0,10.0,11.0,8.0],"tintindex":0,"rotation":0,"texture":"#3"},"south":{"uv":[7.0,9.0,11.0,7.0],"tintindex":0,"rotation":0,"texture":"#3"},"north":{"uv":[7.0,10.0,11.0,8.0],"tintindex":0,"rotation":0,"texture":"#3"},"west":{"uv":[7.0,9.0,11.0,7.0],"tintindex":0,"rotation":0,"texture":"#3"},"up":{"uv":[7.0,11.0,11.0,7.0],"tintindex":0,"rotation":0,"texture":"#3"},"down":{"uv":[7.0,12.0,11.0,8.0],"tintindex":0,"rotation":0,"texture":"#3"}}},{"from":[9.383333,8.7,5.45],"to":[12.483334,9.8,10.55],"faces":{"east":{"uv":[11.0,3.0,11.625,3.125],"tintindex":0,"rotation":0,"texture":"#2"},"south":{"uv":[11.125,8.875,11.5,9.0],"tintindex":0,"rotation":0,"texture":"#2"},"north":{"uv":[11.125,8.625,11.5,8.75],"tintindex":0,"rotation":0,"texture":"#2"},"west":{"uv":[11.0,3.25,11.625,3.375],"tintindex":0,"rotation":0,"texture":"#2"},"up":{"uv":[3.25,10.375,2.875,9.75],"tintindex":0,"rotation":0,"texture":"#2"},"down":{"uv":[3.75,9.75,3.375,10.375],"tintindex":0,"rotation":0,"texture":"#2"}},"rotation":{"origin":[10.433333,9.25,8.0],"angle":22.5,"axis":"z"}},{"from":[3.3833334,8.7,5.45],"to":[6.4833336,9.8,10.55],"faces":{"east":{"uv":[3.625,2.0,4.25,2.125],"tintindex":0,"rotation":0,"texture":"#2"},"south":{"uv":[11.125,5.625,11.5,5.75],"tintindex":0,"rotation":0,"texture":"#2"},"north":{"uv":[2.625,6.375,3.0,6.5],"tintindex":0,"rotation":0,"texture":"#2"},"west":{"uv":[10.875,0.375,11.5,0.5],"tintindex":0,"rotation":0,"texture":"#2"},"up":{"uv":[5.625,10.25,5.25,9.625],"tintindex":0,"rotation":0,"texture":"#2"},"down":{"uv":[2.0,9.75,1.625,10.375],"tintindex":0,"rotation":0,"texture":"#2"}},"rotation":{"origin":[5.4333334,9.25,8.0],"angle":-22.5,"axis":"z"}},{"from":[3.9333334,9.75,5.5],"to":[11.933333,13.75,9.5],"faces":{"east":{"uv":[3.875,9.75,4.25,10.25],"tintindex":0,"rotation":0,"texture":"#2"},"south":{"uv":[2.625,6.625,3.625,7.125],"tintindex":0,"rotation":0,"texture":"#2"},"north":{"uv":[6.625,2.0,7.625,2.5],"tintindex":0,"rotation":0,"texture":"#2"},"west":{"uv":[9.75,6.125,10.125,6.625],"tintindex":0,"rotation":0,"texture":"#2"},"up":{"uv":[8.75,6.125,7.75,5.75],"tintindex":0,"rotation":0,"texture":"#2"},"down":{"uv":[9.0,3.875,8.0,4.25],"tintindex":0,"rotation":0,"texture":"#2"}}},{"from":[6.9333334,9.75,9.5],"to":[8.933333,13.75,10.5],"faces":{"east":{"uv":[8.125,1.125,8.25,1.625],"tintindex":0,"rotation":0,"texture":"#2"},"south":{"uv":[9.625,10.25,9.875,10.75],"tintindex":0,"rotation":0,"texture":"#2"},"north":{"uv":[3.125,8.0,3.375,8.5],"tintindex":0,"rotation":0,"texture":"#2"},"west":{"uv":[2.875,9.125,3.0,9.625],"tintindex":0,"rotation":0,"texture":"#2"},"up":{"uv":[8.5,11.25,8.25,11.125],"tintindex":0,"rotation":0,"texture":"#2"},"down":{"uv":[0.25,11.25,0.0,11.375],"tintindex":0,"rotation":0,"texture":"#2"}}},{"from":[5.9333334,17.5625,1.4875002],"to":[9.933333,24.5625,6.4875],"faces":{"east":{"uv":[1.25,6.5,1.875,7.375],"tintindex":0,"rotation":0,"texture":"#2"},"south":{"uv":[0.0,7.875,0.5,8.75],"tintindex":0,"rotation":0,"texture":"#2"},"north":{"uv":[6.375,7.75,6.875,8.625],"tintindex":0,"rotation":0,"texture":"#2"},"west":{"uv":[6.5,3.0,7.125,3.875],"tintindex":0,"rotation":0,"texture":"#2"},"up":{"uv":[9.375,3.625,8.875,3.0],"tintindex":0,"rotation":0,"texture":"#2"},"down":{"uv":[9.375,5.375,8.875,6.0],"tintindex":0,"rotation":0,"texture":"#2"}},"rotation":{"origin":[7.9333334,19.5625,3.9499998],"angle":22.5,"axis":"x"}},{"from":[6.9333334,13.75,9.0],"to":[8.933333,19.75,10.0],"faces":{"east":{"uv":[6.75,8.75,6.875,9.5],"tintindex":0,"rotation":0,"texture":"#2"},"south":{"uv":[0.0,9.875,0.25,10.625],"tintindex":0,"rotation":0,"texture":"#2"},"north":{"uv":[6.25,9.75,6.5,10.5],"tintindex":0,"rotation":0,"texture":"#2"},"west":{"uv":[8.875,10.5,9.0,11.25],"tintindex":0,"rotation":0,"texture":"#2"},"up":{"uv":[11.5,1.125,11.25,1.0],"tintindex":0,"rotation":0,"texture":"#2"},"down":{"uv":[11.5,1.25,11.25,1.375],"tintindex":0,"rotation":0,"texture":"#2"}}},{"from":[9.933333,23.5625,6.4875],"to":[5.9333334,17.5625,1.4875002],"faces":{"east":{"uv":[5.5,4.125,6.125,4.875],"tintindex":0,"rotation":0,"texture":"#2"},"south":{"uv":[1.125,8.375,1.625,9.125],"tintindex":0,"rotation":0,"texture":"#2"},"north":{"uv":[3.0,10.0,7.0,4.0],"tintindex":0,"rotation":0,"texture":"#3"},"west":{"uv":[1.25,7.5,1.875,8.25],"tintindex":0,"rotation":0,"texture":"#2"},"up":{"uv":[2.75,9.75,2.25,9.125],"tintindex":0,"rotation":0,"texture":"#2"},"down":{"uv":[9.625,6.125,9.125,6.75],"tintindex":0,"rotation":0,"texture":"#2"}},"rotation":{"origin":[7.9333334,19.5625,3.9499998],"angle":22.5,"axis":"x"}},{"from":[2.9333334,13.75,5.5],"to":[12.933333,20.75,9.5],"faces":{"east":{"uv":[7.625,4.75,8.125,5.625],"tintindex":0,"rotation":0,"texture":"#2"},"south":{"uv":[0.0,1.0,1.25,1.875],"tintindex":0,"rotation":0,"texture":"#2"},"north":{"uv":[0.0,0.0,1.25,0.875],"tintindex":0,"rotation":0,"texture":"#2"},"west":{"uv":[7.0,7.625,7.5,8.5],"tintindex":0,"rotation":0,"texture":"#2"},"up":{"uv":[7.5,5.625,6.25,5.125],"tintindex":0,"rotation":0,"texture":"#2"},"down":{"uv":[7.625,5.75,6.375,6.25],"tintindex":0,"rotation":0,"texture":"#2"}}},{"from":[5.0,10.0,5.75],"to":[11.0,13.0,8.25],"faces":{"east":{"uv":[7.625,1.125,7.875,1.375],"tintindex":0,"rotation":0,"texture":"#0"},"south":{"uv":[12.0,13.0,16.0,15.0],"tintindex":0,"rotation":0,"texture":"#0"},"north":{"uv":[12.0,13.0,16.0,15.0],"tintindex":0,"rotation":0,"texture":"#0"},"west":{"uv":[1.5,7.625,1.75,7.875],"tintindex":0,"rotation":0,"texture":"#0"},"up":{"uv":[7.125,4.875,6.625,4.625],"tintindex":0,"rotation":0,"texture":"#0"},"down":{"uv":[12.0,14.0,16.0,16.0],"tintindex":0,"rotation":0,"texture":"#0"}}},{"from":[11.933333,20.75,9.5],"to":[3.9333334,13.75,5.5],"faces":{"east":{"uv":[3.5,7.75,4.0,8.625],"tintindex":0,"rotation":0,"texture":"#2"},"south":{"uv":[5.25,6.125,6.25,7.0],"tintindex":0,"rotation":0,"texture":"#2"},"north":{"uv":[4.125,6.125,5.125,7.0],"tintindex":0,"rotation":0,"texture":"#2"},"west":{"uv":[4.125,7.75,4.625,8.625],"tintindex":0,"rotation":0,"texture":"#2"},"up":{"uv":[8.0,7.5,7.0,7.0],"tintindex":0,"rotation":0,"texture":"#2"},"down":{"uv":[4.75,7.125,3.75,7.625],"tintindex":0,"rotation":0,"texture":"#2"}}},{"from":[4.9283333,8.745,5.495],"to":[10.9383335,10.755,10.505],"faces":{"east":{"uv":[10.0,2.625,10.625,2.875],"tintindex":0,"rotation":0,"texture":"#2"},"south":{"uv":[9.875,1.375,10.625,1.625],"tintindex":0,"rotation":0,"texture":"#2"},"north":{"uv":[9.875,1.0,10.625,1.25],"tintindex":0,"rotation":0,"texture":"#2"},"west":{"uv":[10.0,3.0,10.625,3.25],"tintindex":0,"rotation":0,"texture":"#2"},"up":{"uv":[7.875,4.625,7.125,4.0],"tintindex":0,"rotation":0,"texture":"#2"},"down":{"uv":[3.375,7.25,2.625,7.875],"tintindex":0,"rotation":0,"texture":"#2"}}}],"display":{"head":{"rotation":[0.0,0.0,0.0]},"firstperson_righthand":{"rotation":[0.0,0.0,0.0]},"thirdperson_lefthand":{"rotation":[0.0,-0.0,-0.0]},"firstperson_lefthand":{"rotation":[0.0,-0.0,-0.0]},"fixed":{"rotation":[0.0,0.0,0.0]},"ground":{"rotation":[0.0,0.0,0.0]},"thirdperson_righthand":{"rotation":[0.0,0.0,0.0]},"gui":{"rotation":[-150.0,-75.0,-180.0]}}}