{"textures":{"0":"modelengine:block/dark_duck"},"elements":[{"from":[7.25,5.0,8.0],"to":[8.75,8.0,8.0],"faces":{"east":{"uv":[2.508,9.008,2.992,9.992],"tintindex":0,"rotation":0,"texture":"#0"},"south":{"uv":[5.008,9.008,5.492,9.992],"tintindex":0,"rotation":0,"texture":"#0"},"north":{"uv":[2.008,9.008,2.492,9.992],"tintindex":0,"rotation":0,"texture":"#0"},"west":{"uv":[5.508,9.008,5.992,9.992],"tintindex":0,"rotation":0,"texture":"#0"},"up":{"uv":[9.492,7.992,9.008,7.508],"tintindex":0,"rotation":0,"texture":"#0"},"down":{"uv":[9.492,8.008,9.008,8.492],"tintindex":0,"rotation":0,"texture":"#0"}}},{"from":[7.2485003,5.0235,3.4985003],"to":[8.7515,5.0265,8.0015],"faces":{"east":{"uv":[0.008,-0.508,1.492,-1.05],"tintindex":0,"rotation":0,"texture":"#0"},"south":{"uv":[0.008,-0.508,0.492,-1.05],"tintindex":0,"rotation":0,"texture":"#0"},"north":{"uv":[0.008,-0.508,0.492,-1.05],"tintindex":0,"rotation":0,"texture":"#0"},"west":{"uv":[0.008,-0.508,1.492,-1.05],"tintindex":0,"rotation":0,"texture":"#0"},"up":{"uv":[1.492,10.492,1.008,9.008],"tintindex":0,"rotation":0,"texture":"#0"},"down":{"uv":[1.992,9.008,1.508,10.492],"tintindex":0,"rotation":0,"texture":"#0"}}}],"display":{"head":{"rotation":[0.0,0.0,0.0]},"firstperson_righthand":{"rotation":[0.0,0.0,0.0]},"thirdperson_lefthand":{"rotation":[0.0,-0.0,-0.0]},"firstperson_lefthand":{"rotation":[0.0,-0.0,-0.0]},"fixed":{"rotation":[0.0,0.0,0.0]},"ground":{"rotation":[0.0,0.0,0.0]},"thirdperson_righthand":{"rotation":[0.0,0.0,0.0]},"gui":{"rotation":[-150.0,-75.0,-180.0]}}}