{"textures":{"6":"modelengine:block/em_corruptedbrute"},"elements":[{"from":[6.9333334,8.75,9.5],"to":[8.933333,19.75,11.5],"faces":{"east":{"uv":[1.125,7.6875,1.25,8.375],"tintindex":0,"rotation":0,"texture":"#6"},"south":{"uv":[1.3125,7.6875,1.4375,8.375],"tintindex":0,"rotation":0,"texture":"#6"},"north":{"uv":[3.375,0.0,3.5,0.6875],"tintindex":0,"rotation":0,"texture":"#6"},"west":{"uv":[7.6875,2.8125,7.8125,3.5],"tintindex":0,"rotation":0,"texture":"#6"},"up":{"uv":[2.1875,5.0625,2.0625,4.9375],"tintindex":0,"rotation":0,"texture":"#6"},"down":{"uv":[3.3125,6.25,3.1875,6.375],"tintindex":0,"rotation":0,"texture":"#6"}}},{"from":[5.9273334,4.744,5.494],"to":[9.939333,7.756,10.506],"faces":{"east":{"uv":[8.0625,5.0625,8.375,5.25],"tintindex":0,"rotation":0,"texture":"#6"},"south":{"uv":[3.75,5.8125,4.0,6.0],"tintindex":0,"rotation":0,"texture":"#6"},"north":{"uv":[4.125,3.3125,4.375,3.5],"tintindex":0,"rotation":0,"texture":"#6"},"west":{"uv":[8.0625,5.3125,8.375,5.5],"tintindex":0,"rotation":0,"texture":"#6"},"up":{"uv":[7.9375,7.25,7.6875,6.9375],"tintindex":0,"rotation":0,"texture":"#6"},"down":{"uv":[7.4375,7.6875,7.1875,8.0],"tintindex":0,"rotation":0,"texture":"#6"}}},{"from":[10.383333,6.7,5.45],"to":[15.483334,9.8,10.55],"faces":{"east":{"uv":[3.3125,8.0625,3.625,8.25],"tintindex":0,"rotation":0,"texture":"#6"},"south":{"uv":[4.0625,8.0625,4.375,8.25],"tintindex":0,"rotation":0,"texture":"#6"},"north":{"uv":[2.9375,8.0625,3.25,8.25],"tintindex":0,"rotation":0,"texture":"#6"},"west":{"uv":[4.625,8.0625,4.9375,8.25],"tintindex":0,"rotation":0,"texture":"#6"},"up":{"uv":[7.625,1.6875,7.3125,1.375],"tintindex":0,"rotation":0,"texture":"#6"},"down":{"uv":[7.625,2.8125,7.3125,3.125],"tintindex":0,"rotation":0,"texture":"#6"}},"rotation":{"origin":[13.433333,8.25,8.0],"angle":22.5,"axis":"z"}},{"from":[-0.0666666,16.75,4.75],"to":[15.933333,19.75,10.75],"faces":{"east":{"uv":[7.0625,2.25,7.4375,2.4375],"tintindex":0,"rotation":0,"texture":"#6"},"south":{"uv":[5.625,4.0625,6.625,4.25],"tintindex":0,"rotation":0,"texture":"#6"},"north":{"uv":[5.625,3.8125,6.625,4.0],"tintindex":0,"rotation":0,"texture":"#6"},"west":{"uv":[3.375,7.8125,3.75,8.0],"tintindex":0,"rotation":0,"texture":"#6"},"up":{"uv":[3.0,3.5,2.0,3.125],"tintindex":0,"rotation":0,"texture":"#6"},"down":{"uv":[4.0625,3.125,3.0625,3.5],"tintindex":0,"rotation":0,"texture":"#6"}}},{"from":[0.38333338,6.7,5.45],"to":[5.4833336,9.8,10.55],"faces":{"east":{"uv":[4.8125,1.8125,5.125,2.0],"tintindex":0,"rotation":0,"texture":"#6"},"south":{"uv":[8.0625,0.25,8.375,0.4375],"tintindex":0,"rotation":0,"texture":"#6"},"north":{"uv":[4.6875,2.6875,5.0,2.875],"tintindex":0,"rotation":0,"texture":"#6"},"west":{"uv":[8.0625,1.0,8.375,1.1875],"tintindex":0,"rotation":0,"texture":"#6"},"up":{"uv":[5.5,2.625,5.1875,2.3125],"tintindex":0,"rotation":0,"texture":"#6"},"down":{"uv":[7.5625,1.0,7.25,1.3125],"tintindex":0,"rotation":0,"texture":"#6"}},"rotation":{"origin":[2.4333334,8.25,8.0],"angle":-22.5,"axis":"z"}},{"from":[4.9333334,7.75,5.5],"to":[10.933333,8.75,10.5],"faces":{"east":{"uv":[6.3125,5.125,6.625,5.1875],"tintindex":0,"rotation":0,"texture":"#6"},"south":{"uv":[8.375,0.6875,8.75,0.75],"tintindex":0,"rotation":0,"texture":"#6"},"north":{"uv":[5.3125,1.6875,5.6875,1.75],"tintindex":0,"rotation":0,"texture":"#6"},"west":{"uv":[8.4375,0.375,8.75,0.4375],"tintindex":0,"rotation":0,"texture":"#6"},"up":{"uv":[5.25,7.25,4.875,6.9375],"tintindex":0,"rotation":0,"texture":"#6"},"down":{"uv":[6.5,6.9375,6.125,7.25],"tintindex":0,"rotation":0,"texture":"#6"}}},{"from":[0.9333334,8.75,5.5],"to":[14.933333,17.75,10.5],"faces":{"east":{"uv":[5.0625,5.875,5.375,6.4375],"tintindex":0,"rotation":0,"texture":"#6"},"south":{"uv":[2.25,2.5,3.125,3.0625],"tintindex":0,"rotation":0,"texture":"#6"},"north":{"uv":[1.3125,2.5,2.1875,3.0625],"tintindex":0,"rotation":0,"texture":"#6"},"west":{"uv":[5.4375,5.875,5.75,6.4375],"tintindex":0,"rotation":0,"texture":"#6"},"up":{"uv":[5.0,3.25,4.125,2.9375],"tintindex":0,"rotation":0,"texture":"#6"},"down":{"uv":[4.4375,4.25,3.5625,4.5625],"tintindex":0,"rotation":0,"texture":"#6"}}}],"display":{"head":{"rotation":[0.0,0.0,0.0]},"firstperson_righthand":{"rotation":[0.0,0.0,0.0]},"thirdperson_lefthand":{"rotation":[0.0,-0.0,-0.0]},"firstperson_lefthand":{"rotation":[0.0,-0.0,-0.0]},"fixed":{"rotation":[0.0,0.0,0.0]},"ground":{"rotation":[0.0,0.0,0.0]},"thirdperson_righthand":{"rotation":[0.0,0.0,0.0]},"gui":{"rotation":[-150.0,-75.0,-180.0]}}}