{"textures":{"6":"modelengine:block/em_corruptedbrute"},"elements":[{"from":[7.0,4.75,3.0],"to":[9.0,7.75,4.0],"faces":{"east":{"uv":[7.1875,7.375,7.25,7.5625],"tintindex":0,"rotation":0,"texture":"#6"},"south":{"uv":[5.0,8.625,5.125,8.8125],"tintindex":0,"rotation":0,"texture":"#6"},"north":{"uv":[4.25,8.625,4.375,8.8125],"tintindex":0,"rotation":0,"texture":"#6"},"west":{"uv":[0.3125,7.5625,0.375,7.75],"tintindex":0,"rotation":0,"texture":"#6"},"up":{"uv":[8.1875,6.25,8.0625,6.1875],"tintindex":0,"rotation":0,"texture":"#6"},"down":{"uv":[8.25,2.625,8.125,2.6875],"tintindex":0,"rotation":0,"texture":"#6"}}},{"from":[11.0,9.75,9.0],"to":[5.0,3.75,4.0],"faces":{"east":{"uv":[5.6875,7.125,6.0,7.5],"tintindex":0,"rotation":0,"texture":"#6"},"south":{"uv":[1.5625,6.5625,1.9375,6.9375],"tintindex":0,"rotation":0,"texture":"#6"},"north":{"uv":[6.5625,0.0,6.9375,0.375],"tintindex":0,"rotation":0,"texture":"#6"},"west":{"uv":[7.125,5.9375,7.4375,6.3125],"tintindex":0,"rotation":0,"texture":"#6"},"up":{"uv":[0.375,7.5,0.0,7.1875],"tintindex":0,"rotation":0,"texture":"#6"},"down":{"uv":[2.6875,7.1875,2.3125,7.5],"tintindex":0,"rotation":0,"texture":"#6"}}},{"from":[5.0,3.75,4.0],"to":[11.0,9.75,9.0],"faces":{"east":{"uv":[6.9375,2.8125,7.25,3.1875],"tintindex":0,"rotation":0,"texture":"#6"},"south":{"uv":[2.75,6.25,3.125,6.625],"tintindex":0,"rotation":0,"texture":"#6"},"north":{"uv":[2.3125,6.25,2.6875,6.625],"tintindex":0,"rotation":0,"texture":"#6"},"west":{"uv":[3.5,6.9375,3.8125,7.3125],"tintindex":0,"rotation":0,"texture":"#6"},"up":{"uv":[4.4375,4.9375,4.0625,4.625],"tintindex":0,"rotation":0,"texture":"#6"},"down":{"uv":[4.25,6.9375,3.875,7.25],"tintindex":0,"rotation":0,"texture":"#6"}}}],"display":{"head":{"rotation":[0.0,0.0,0.0]},"firstperson_righthand":{"rotation":[0.0,0.0,0.0]},"thirdperson_lefthand":{"rotation":[0.0,-0.0,-0.0]},"firstperson_lefthand":{"rotation":[0.0,-0.0,-0.0]},"fixed":{"rotation":[0.0,0.0,0.0]},"ground":{"rotation":[0.0,0.0,0.0]},"thirdperson_righthand":{"rotation":[0.0,0.0,0.0]},"gui":{"rotation":[-150.0,-75.0,-180.0]}}}