{"textures":{"6":"modelengine:block/em_corruptedbrute"},"elements":[{"from":[6.0,6.0,4.0],"to":[10.0,8.0,9.0],"faces":{"east":{"uv":[8.1875,6.5625,8.5,6.6875],"tintindex":0,"rotation":0,"texture":"#6"},"south":{"uv":[7.0,8.3125,7.25,8.4375],"tintindex":0,"rotation":0,"texture":"#6"},"north":{"uv":[8.3125,5.75,8.5625,5.875],"tintindex":0,"rotation":0,"texture":"#6"},"west":{"uv":[8.25,2.0,8.5625,2.125],"tintindex":0,"rotation":0,"texture":"#6"},"up":{"uv":[1.75,8.125,1.5,7.8125],"tintindex":0,"rotation":0,"texture":"#6"},"down":{"uv":[8.0625,2.375,7.8125,2.6875],"tintindex":0,"rotation":0,"texture":"#6"}}}],"display":{"head":{"rotation":[0.0,0.0,0.0]},"firstperson_righthand":{"rotation":[0.0,0.0,0.0]},"thirdperson_lefthand":{"rotation":[0.0,-0.0,-0.0]},"firstperson_lefthand":{"rotation":[0.0,-0.0,-0.0]},"fixed":{"rotation":[0.0,0.0,0.0]},"ground":{"rotation":[0.0,0.0,0.0]},"thirdperson_righthand":{"rotation":[0.0,0.0,0.0]},"gui":{"rotation":[-150.0,-75.0,-180.0]}}}