{"textures":{"4":"modelengine:entity/rest_fire","6":"modelengine:block/em_corruptedbrute"},"elements":[{"from":[5.8,0.8,6.8],"to":[7.2,7.2,9.2],"faces":{"east":{"uv":[5.6875,8.1875,5.8125,8.5625],"tintindex":0,"rotation":0,"texture":"#6"},"south":{"uv":[0.3125,6.25,0.375,6.625],"tintindex":0,"rotation":0,"texture":"#6"},"north":{"uv":[5.625,4.3125,5.6875,4.6875],"tintindex":0,"rotation":0,"texture":"#6"},"west":{"uv":[8.25,1.5625,8.375,1.9375],"tintindex":0,"rotation":0,"texture":"#6"},"up":{"uv":[1.75,8.3125,1.6875,8.1875],"tintindex":0,"rotation":0,"texture":"#6"},"down":{"uv":[2.6875,8.1875,2.625,8.3125],"tintindex":0,"rotation":0,"texture":"#6"}},"rotation":{"origin":[6.5,4.0,8.0],"angle":-22.5,"axis":"y"}},{"from":[7.3,0.8,6.3],"to":[8.7,7.2,8.7],"faces":{"east":{"uv":[8.1875,4.125,8.3125,4.5],"tintindex":0,"rotation":0,"texture":"#6"},"south":{"uv":[1.5625,4.5,1.625,4.875],"tintindex":0,"rotation":0,"texture":"#6"},"north":{"uv":[3.5625,1.5625,3.625,1.9375],"tintindex":0,"rotation":0,"texture":"#6"},"west":{"uv":[5.0,8.1875,5.125,8.5625],"tintindex":0,"rotation":0,"texture":"#6"},"up":{"uv":[7.75,8.1875,7.6875,8.0625],"tintindex":0,"rotation":0,"texture":"#6"},"down":{"uv":[2.125,8.125,2.0625,8.25],"tintindex":0,"rotation":0,"texture":"#6"}}},{"from":[8.5,-3.0,3.5],"to":[11.5,6.0,10.5],"faces":{"east":{"uv":[4.6875,2.0625,5.125,2.625],"tintindex":0,"rotation":0,"texture":"#6"},"south":{"uv":[2.75,7.1875,2.9375,7.75],"tintindex":0,"rotation":0,"texture":"#6"},"north":{"uv":[0.4375,7.1875,0.625,7.75],"tintindex":0,"rotation":0,"texture":"#6"},"west":{"uv":[4.75,0.625,5.1875,1.1875],"tintindex":0,"rotation":0,"texture":"#6"},"up":{"uv":[7.875,4.0,7.6875,3.5625],"tintindex":0,"rotation":0,"texture":"#6"},"down":{"uv":[4.0,7.6875,3.8125,8.125],"tintindex":0,"rotation":0,"texture":"#6"}}},{"from":[4.5,-5.0,4.5],"to":[10.5,8.0,11.5],"faces":{"east":{"uv":[0.0,3.5625,0.4375,4.375],"tintindex":0,"rotation":0,"texture":"#6"},"south":{"uv":[3.125,4.25,3.5,5.0625],"tintindex":0,"rotation":0,"texture":"#6"},"north":{"uv":[2.6875,4.25,3.0625,5.0625],"tintindex":0,"rotation":0,"texture":"#6"},"west":{"uv":[3.5625,0.0,4.0,0.8125],"tintindex":0,"rotation":0,"texture":"#6"},"up":{"uv":[6.5,0.4375,6.125,0.0],"tintindex":0,"rotation":0,"texture":"#6"},"down":{"uv":[1.1875,6.125,0.8125,6.5625],"tintindex":0,"rotation":0,"texture":"#6"}}},{"from":[4.6666665,-4.9500003,5.85],"to":[9.466666,0.85000074,10.65],"faces":{"east":{"uv":[0.0,6.0,5.0,12.0],"tintindex":0,"rotation":0,"texture":"#4"},"south":{"uv":[0.0,6.0,5.0,12.0],"tintindex":0,"rotation":0,"texture":"#4"},"north":{"uv":[0.0,6.0,5.0,12.0],"tintindex":0,"rotation":0,"texture":"#4"},"west":{"uv":[0.0,6.0,5.0,12.0],"tintindex":0,"rotation":0,"texture":"#4"},"up":{"uv":[0.0,6.0,4.0,11.0],"tintindex":0,"rotation":0,"texture":"#4"},"down":{"uv":[0.0,6.0,4.0,11.0],"tintindex":0,"rotation":0,"texture":"#4"}}},{"from":[8.5,6.0,9.5],"to":[6.5,1.0,4.5],"faces":{"east":{"uv":[4.75,7.3125,5.0625,7.625],"tintindex":0,"rotation":0,"texture":"#6"},"south":{"uv":[8.25,3.5625,8.375,3.875],"tintindex":0,"rotation":0,"texture":"#6"},"north":{"uv":[8.25,3.1875,8.375,3.5],"tintindex":0,"rotation":0,"texture":"#6"},"west":{"uv":[6.0625,7.3125,6.375,7.625],"tintindex":0,"rotation":0,"texture":"#6"},"up":{"uv":[8.375,6.5,8.25,6.1875],"tintindex":0,"rotation":0,"texture":"#6"},"down":{"uv":[8.375,6.75,8.25,7.0625],"tintindex":0,"rotation":0,"texture":"#6"}}},{"from":[5.4666667,-1.75,6.7625],"to":[9.466667,5.25,9.7625],"faces":{"east":{"uv":[12.0,13.0,16.0,16.0],"tintindex":0,"rotation":0,"texture":"#4"},"south":{"uv":[3.0,4.0,8.0,11.0],"tintindex":0,"rotation":0,"texture":"#4"},"north":{"uv":[0.0,6.0,5.0,13.0],"tintindex":0,"rotation":0,"texture":"#4"},"west":{"uv":[12.0,13.0,16.0,16.0],"tintindex":0,"rotation":0,"texture":"#4"},"up":{"uv":[12.0,13.0,16.0,16.0],"tintindex":0,"rotation":0,"texture":"#4"},"down":{"uv":[12.0,13.0,16.0,16.0],"tintindex":0,"rotation":0,"texture":"#4"}}},{"from":[6.495,-3.005,3.495],"to":[8.505,1.005,10.505],"faces":{"east":{"uv":[7.25,0.375,7.6875,0.625],"tintindex":0,"rotation":0,"texture":"#6"},"south":{"uv":[1.25,8.4375,1.375,8.6875],"tintindex":0,"rotation":0,"texture":"#6"},"north":{"uv":[4.4375,8.375,4.5625,8.625],"tintindex":0,"rotation":0,"texture":"#6"},"west":{"uv":[7.25,0.6875,7.6875,0.9375],"tintindex":0,"rotation":0,"texture":"#6"},"up":{"uv":[6.3125,8.5,6.1875,8.0625],"tintindex":0,"rotation":0,"texture":"#6"},"down":{"uv":[6.5,8.0625,6.375,8.5],"tintindex":0,"rotation":0,"texture":"#6"}}}],"display":{"head":{"rotation":[0.0,0.0,0.0]},"firstperson_righthand":{"rotation":[0.0,0.0,0.0]},"thirdperson_lefthand":{"rotation":[0.0,-0.0,-0.0]},"firstperson_lefthand":{"rotation":[0.0,-0.0,-0.0]},"fixed":{"rotation":[0.0,0.0,0.0]},"ground":{"rotation":[0.0,0.0,0.0]},"thirdperson_righthand":{"rotation":[0.0,0.0,0.0]},"gui":{"rotation":[-150.0,-75.0,-180.0]}}}