{"textures":{"4":"modelengine:entity/rest_fire","6":"modelengine:block/em_corruptedbrute"},"elements":[{"from":[6.2967367,-10.498457,7.3530116],"to":[8.136738,-7.658457,9.193012],"faces":{"east":{"uv":[1.8125,8.625,1.9375,8.8125],"tintindex":0,"rotation":0,"texture":"#6"},"south":{"uv":[8.625,1.9375,8.75,2.125],"tintindex":0,"rotation":0,"texture":"#6"},"north":{"uv":[1.625,8.625,1.75,8.8125],"tintindex":0,"rotation":0,"texture":"#6"},"west":{"uv":[2.4375,8.625,2.5625,8.8125],"tintindex":0,"rotation":0,"texture":"#6"},"up":{"uv":[8.875,0.9375,8.75,0.8125],"tintindex":0,"rotation":0,"texture":"#6"},"down":{"uv":[8.875,1.0,8.75,1.125],"tintindex":0,"rotation":0,"texture":"#6"}}},{"from":[8.60938,-12.638315,7.7730117],"to":[12.049379,-11.778315,7.7730117],"faces":{"south":{"uv":[8.8125,0.375,9.0,0.4375],"tintindex":0,"rotation":0,"texture":"#6"},"north":{"uv":[8.8125,0.0,9.0,0.0625],"tintindex":0,"rotation":0,"texture":"#6"}},"rotation":{"origin":[9.71755,-12.26593,7.7730117],"angle":-22.5,"axis":"z"}},{"from":[10.753087,-14.640598,5.7730117],"to":[11.361199,-14.032486,5.7730117],"faces":{"south":{"uv":[7.9375,8.6875,8.0,8.75],"tintindex":0,"rotation":0,"texture":"#6"},"north":{"uv":[3.5625,8.6875,3.625,8.75],"tintindex":0,"rotation":0,"texture":"#6"}}},{"from":[6.0474496,-3.0556397,5.3730116],"to":[10.847449,3.7443604,11.173012],"faces":{"east":{"uv":[6.0625,3.3125,6.4375,3.75],"tintindex":0,"rotation":0,"texture":"#6"},"south":{"uv":[0.8125,6.625,1.125,7.0625],"tintindex":0,"rotation":0,"texture":"#6"},"north":{"uv":[4.5,6.5625,4.8125,7.0],"tintindex":0,"rotation":0,"texture":"#6"},"west":{"uv":[3.75,6.0625,4.125,6.5],"tintindex":0,"rotation":0,"texture":"#6"},"up":{"uv":[6.875,7.3125,6.5625,6.9375],"tintindex":0,"rotation":0,"texture":"#6"},"down":{"uv":[7.25,6.9375,6.9375,7.3125],"tintindex":0,"rotation":0,"texture":"#6"}}},{"from":[10.554033,-11.210026,6.6980114],"to":[11.204809,-8.748356,6.6980114],"faces":{"south":{"uv":[7.0625,7.8125,7.125,7.9375],"tintindex":0,"rotation":0,"texture":"#6"},"north":{"uv":[5.0,7.6875,5.0625,7.8125],"tintindex":0,"rotation":0,"texture":"#6"}},"rotation":{"origin":[11.452265,-9.06299,6.6980114],"angle":45.0,"axis":"z"}},{"from":[8.858366,-10.580412,7.4530115],"to":[12.658365,-8.780413,9.253012],"faces":{"east":{"uv":[8.75,1.1875,8.875,1.3125],"tintindex":0,"rotation":0,"texture":"#6"},"south":{"uv":[8.4375,3.375,8.6875,3.5],"tintindex":0,"rotation":0,"texture":"#6"},"north":{"uv":[8.4375,3.1875,8.6875,3.3125],"tintindex":0,"rotation":0,"texture":"#6"},"west":{"uv":[1.25,8.75,1.375,8.875],"tintindex":0,"rotation":0,"texture":"#6"},"up":{"uv":[8.6875,3.6875,8.4375,3.5625],"tintindex":0,"rotation":0,"texture":"#6"},"down":{"uv":[8.6875,3.75,8.4375,3.875],"tintindex":0,"rotation":0,"texture":"#6"}},"rotation":{"origin":[7.7471914,-7.6179867,8.063011],"angle":-45.0,"axis":"z"}},{"from":[10.956628,-10.039516,10.273012],"to":[14.396628,-9.179516,10.273012],"faces":{"south":{"uv":[8.8125,2.9375,9.0,3.0],"tintindex":0,"rotation":0,"texture":"#6"},"north":{"uv":[8.8125,2.0625,9.0,2.125],"tintindex":0,"rotation":0,"texture":"#6"}},"rotation":{"origin":[7.2346926,-7.8179874,10.563011],"angle":-22.5,"axis":"z"}},{"from":[9.115748,-13.502321,7.7730117],"to":[11.729375,-12.811375,7.7730117],"faces":{"south":{"uv":[8.625,8.75,8.8125,8.8125],"tintindex":0,"rotation":0,"texture":"#6"},"north":{"uv":[8.75,7.75,8.9375,7.8125],"tintindex":0,"rotation":0,"texture":"#6"}}},{"from":[10.728087,-14.453098,10.273012],"to":[11.3362,-13.844986,10.273012],"faces":{"south":{"uv":[8.8125,3.0625,8.875,3.125],"tintindex":0,"rotation":0,"texture":"#6"},"north":{"uv":[5.4375,8.75,5.5,8.8125],"tintindex":0,"rotation":0,"texture":"#6"}},"rotation":{"origin":[7.2346926,-7.8179874,10.563011],"angle":22.5,"axis":"z"}},{"from":[11.444042,-11.390331,6.6980114],"to":[12.254043,-8.1503315,6.6980114],"faces":{"south":{"uv":[4.75,7.0625,4.8125,7.25],"tintindex":0,"rotation":0,"texture":"#6"},"north":{"uv":[3.0625,6.6875,3.125,6.875],"tintindex":0,"rotation":0,"texture":"#6"}},"rotation":{"origin":[11.452265,-9.06299,6.6980114],"angle":22.5,"axis":"z"}},{"from":[5.511242,-7.801614,5.153012],"to":[7.7512417,-4.561614,11.393012],"faces":{"east":{"uv":[7.875,0.0,8.25,0.1875],"tintindex":0,"rotation":0,"texture":"#6"},"south":{"uv":[8.5625,6.4375,8.6875,6.625],"tintindex":0,"rotation":0,"texture":"#6"},"north":{"uv":[6.375,8.5625,6.5,8.75],"tintindex":0,"rotation":0,"texture":"#6"},"west":{"uv":[7.875,2.75,8.25,2.9375],"tintindex":0,"rotation":0,"texture":"#6"},"up":{"uv":[1.625,8.5625,1.5,8.1875],"tintindex":0,"rotation":0,"texture":"#6"},"down":{"uv":[2.5625,8.1875,2.4375,8.5625],"tintindex":0,"rotation":0,"texture":"#6"}},"rotation":{"origin":[7.386552,-5.6078224,7.3980117],"angle":22.5,"axis":"z"}},{"from":[7.959218,-7.6769676,5.2730117],"to":[9.959218,-5.6769676,7.2730117],"faces":{"east":{"uv":[4.0625,8.6875,4.1875,8.8125],"tintindex":0,"rotation":0,"texture":"#6"},"south":{"uv":[8.6875,4.125,8.8125,4.25],"tintindex":0,"rotation":0,"texture":"#6"},"north":{"uv":[3.375,8.6875,3.5,8.8125],"tintindex":0,"rotation":0,"texture":"#6"},"west":{"uv":[8.6875,4.3125,8.8125,4.4375],"tintindex":0,"rotation":0,"texture":"#6"},"up":{"uv":[4.5625,8.8125,4.4375,8.6875],"tintindex":0,"rotation":0,"texture":"#6"},"down":{"uv":[8.8125,5.8125,8.6875,5.9375],"tintindex":0,"rotation":0,"texture":"#6"}},"rotation":{"origin":[8.386553,-6.6078224,10.148012],"angle":-22.5,"axis":"x"}},{"from":[10.981628,-10.227016,5.7730117],"to":[14.421628,-9.367016,5.7730117],"faces":{"south":{"uv":[8.75,7.625,8.9375,7.6875],"tintindex":0,"rotation":0,"texture":"#6"},"north":{"uv":[6.9375,8.75,7.125,8.8125],"tintindex":0,"rotation":0,"texture":"#6"}},"rotation":{"origin":[7.259692,-8.005487,6.0630116],"angle":-45.0,"axis":"z"}},{"from":[10.412689,-12.798666,5.7730117],"to":[13.026316,-12.107719,5.7730117],"faces":{"south":{"uv":[8.75,6.5625,8.9375,6.625],"tintindex":0,"rotation":0,"texture":"#6"},"north":{"uv":[8.75,6.4375,8.9375,6.5],"tintindex":0,"rotation":0,"texture":"#6"}},"rotation":{"origin":[7.259692,-8.005487,6.0630116],"angle":-22.5,"axis":"z"}},{"from":[5.959218,-8.614468,5.2730117],"to":[7.959218,-6.6144676,11.273012],"faces":{"east":{"uv":[8.1875,3.0,8.5625,3.125],"tintindex":0,"rotation":0,"texture":"#6"},"south":{"uv":[3.1875,8.6875,3.3125,8.8125],"tintindex":0,"rotation":0,"texture":"#6"},"north":{"uv":[3.0,8.6875,3.125,8.8125],"tintindex":0,"rotation":0,"texture":"#6"},"west":{"uv":[8.1875,3.9375,8.5625,4.0625],"tintindex":0,"rotation":0,"texture":"#6"},"up":{"uv":[3.8125,8.5625,3.6875,8.1875],"tintindex":0,"rotation":0,"texture":"#6"},"down":{"uv":[4.0,8.1875,3.875,8.5625],"tintindex":0,"rotation":0,"texture":"#6"}},"rotation":{"origin":[8.386553,-6.6078224,7.3980117],"angle":45.0,"axis":"z"}},{"from":[5.5141172,3.8943596,5.0230117],"to":[9.514116,7.8943596,12.023012],"faces":{"east":{"uv":[0.0,6.0,7.0,10.0],"tintindex":0,"rotation":0,"texture":"#4"},"south":{"uv":[0.0,6.0,4.0,10.0],"tintindex":0,"rotation":0,"texture":"#4"},"north":{"uv":[0.0,6.0,4.0,10.0],"tintindex":0,"rotation":0,"texture":"#4"},"west":{"uv":[0.0,6.0,7.0,10.0],"tintindex":0,"rotation":0,"texture":"#4"},"up":{"uv":[0.0,6.0,4.0,13.0],"tintindex":0,"rotation":0,"texture":"#4"},"down":{"uv":[0.0,6.0,4.0,13.0],"tintindex":0,"rotation":0,"texture":"#4"}}},{"from":[8.608366,-11.080412,5.4530115],"to":[12.408365,-9.280413,7.2530117],"faces":{"east":{"uv":[8.75,0.1875,8.875,0.3125],"tintindex":0,"rotation":0,"texture":"#6"},"south":{"uv":[1.6875,8.4375,1.9375,8.5625],"tintindex":0,"rotation":0,"texture":"#6"},"north":{"uv":[8.4375,1.5625,8.6875,1.6875],"tintindex":0,"rotation":0,"texture":"#6"},"west":{"uv":[0.5625,8.75,0.6875,8.875],"tintindex":0,"rotation":0,"texture":"#6"},"up":{"uv":[8.6875,1.875,8.4375,1.75],"tintindex":0,"rotation":0,"texture":"#6"},"down":{"uv":[2.875,8.4375,2.625,8.5625],"tintindex":0,"rotation":0,"texture":"#6"}},"rotation":{"origin":[7.4971914,-8.117987,6.0630116],"angle":-45.0,"axis":"z"}},{"from":[6.614117,-2.8056397,6.1230116],"to":[10.414116,3.9943604,10.923012],"faces":{"east":{"uv":[0.0,6.0,5.0,13.0],"tintindex":0,"rotation":0,"texture":"#4"},"south":{"uv":[0.0,6.0,5.0,13.0],"tintindex":0,"rotation":0,"texture":"#4"},"north":{"uv":[0.0,6.0,5.0,13.0],"tintindex":0,"rotation":0,"texture":"#4"},"west":{"uv":[0.0,6.0,5.0,13.0],"tintindex":0,"rotation":0,"texture":"#4"},"up":{"uv":[0.0,6.0,5.0,11.0],"tintindex":0,"rotation":0,"texture":"#4"},"down":{"uv":[0.0,6.0,5.0,11.0],"tintindex":0,"rotation":0,"texture":"#4"}}},{"from":[7.4217153,-10.824247,5.698012],"to":[9.221715,-8.024248,7.4980116],"faces":{"east":{"uv":[8.25,8.5625,8.375,8.75],"tintindex":0,"rotation":0,"texture":"#6"},"south":{"uv":[8.4375,8.5625,8.5625,8.75],"tintindex":0,"rotation":0,"texture":"#6"},"north":{"uv":[8.0625,8.5625,8.1875,8.75],"tintindex":0,"rotation":0,"texture":"#6"},"west":{"uv":[0.1875,8.625,0.3125,8.8125],"tintindex":0,"rotation":0,"texture":"#6"},"up":{"uv":[7.6875,8.8125,7.5625,8.6875],"tintindex":0,"rotation":0,"texture":"#6"},"down":{"uv":[7.875,8.6875,7.75,8.8125],"tintindex":0,"rotation":0,"texture":"#6"}},"rotation":{"origin":[8.449053,-6.6828213,8.073011],"angle":45.0,"axis":"z"}},{"from":[8.858366,-10.580412,9.953012],"to":[12.658365,-8.780413,11.753012],"faces":{"east":{"uv":[8.75,1.75,8.875,1.875],"tintindex":0,"rotation":0,"texture":"#6"},"south":{"uv":[8.4375,5.1875,8.6875,5.3125],"tintindex":0,"rotation":0,"texture":"#6"},"north":{"uv":[8.4375,5.0,8.6875,5.125],"tintindex":0,"rotation":0,"texture":"#6"},"west":{"uv":[8.75,3.1875,8.875,3.3125],"tintindex":0,"rotation":0,"texture":"#6"},"up":{"uv":[8.6875,5.5,8.4375,5.375],"tintindex":0,"rotation":0,"texture":"#6"},"down":{"uv":[6.125,8.4375,5.875,8.5625],"tintindex":0,"rotation":0,"texture":"#6"}},"rotation":{"origin":[7.7471914,-7.6179867,10.563011],"angle":-22.5,"axis":"z"}},{"from":[11.103087,-14.178099,7.7730117],"to":[11.7112,-13.569988,7.7730117],"faces":{"south":{"uv":[4.875,8.75,4.9375,8.8125],"tintindex":0,"rotation":0,"texture":"#6"},"north":{"uv":[0.75,8.75,0.8125,8.8125],"tintindex":0,"rotation":0,"texture":"#6"}},"rotation":{"origin":[9.71755,-12.26593,7.7730117],"angle":22.5,"axis":"z"}},{"from":[5.34745,3.7443604,4.173012],"to":[11.54745,7.9443603,12.373013],"faces":{"east":{"uv":[6.75,1.5625,7.25,1.8125],"tintindex":0,"rotation":0,"texture":"#6"},"south":{"uv":[6.4375,7.375,6.8125,7.625],"tintindex":0,"rotation":0,"texture":"#6"},"north":{"uv":[7.375,6.375,7.75,6.625],"tintindex":0,"rotation":0,"texture":"#6"},"west":{"uv":[6.75,4.8125,7.25,5.0625],"tintindex":0,"rotation":0,"texture":"#6"},"up":{"uv":[2.875,6.1875,2.5,5.6875],"tintindex":0,"rotation":0,"texture":"#6"},"down":{"uv":[3.3125,5.6875,2.9375,6.1875],"tintindex":0,"rotation":0,"texture":"#6"}}},{"from":[5.8797565,-6.1947265,5.173012],"to":[9.079757,-1.9947265,11.373013],"faces":{"east":{"uv":[5.5625,7.5625,5.9375,7.8125],"tintindex":0,"rotation":0,"texture":"#6"},"south":{"uv":[8.1875,1.25,8.375,1.5],"tintindex":0,"rotation":0,"texture":"#6"},"north":{"uv":[0.6875,8.1875,0.875,8.4375],"tintindex":0,"rotation":0,"texture":"#6"},"west":{"uv":[7.625,1.0,8.0,1.25],"tintindex":0,"rotation":0,"texture":"#6"},"up":{"uv":[7.0,8.1875,6.8125,7.8125],"tintindex":0,"rotation":0,"texture":"#6"},"down":{"uv":[2.375,7.875,2.1875,8.25],"tintindex":0,"rotation":0,"texture":"#6"}},"rotation":{"origin":[7.4797564,-4.0947266,8.273011],"angle":-22.5,"axis":"z"}},{"from":[10.38769,-12.611166,10.273012],"to":[13.001316,-11.920219,10.273012],"faces":{"south":{"uv":[8.8125,1.9375,9.0,2.0],"tintindex":0,"rotation":0,"texture":"#6"},"north":{"uv":[8.8125,0.6875,9.0,0.75],"tintindex":0,"rotation":0,"texture":"#6"}}},{"from":[6.0467367,-10.998457,5.3530116],"to":[7.886738,-8.158457,7.1930118],"faces":{"east":{"uv":[0.875,8.625,1.0,8.8125],"tintindex":0,"rotation":0,"texture":"#6"},"south":{"uv":[1.0625,8.625,1.1875,8.8125],"tintindex":0,"rotation":0,"texture":"#6"},"north":{"uv":[0.375,8.625,0.5,8.8125],"tintindex":0,"rotation":0,"texture":"#6"},"west":{"uv":[1.4375,8.625,1.5625,8.8125],"tintindex":0,"rotation":0,"texture":"#6"},"up":{"uv":[8.8125,8.0,8.6875,7.875],"tintindex":0,"rotation":0,"texture":"#6"},"down":{"uv":[8.8125,8.3125,8.6875,8.4375],"tintindex":0,"rotation":0,"texture":"#6"}}},{"from":[6.2967367,-10.498457,9.853012],"to":[8.136738,-7.658457,11.693012],"faces":{"east":{"uv":[8.625,2.9375,8.75,3.125],"tintindex":0,"rotation":0,"texture":"#6"},"south":{"uv":[3.6875,8.625,3.8125,8.8125],"tintindex":0,"rotation":0,"texture":"#6"},"north":{"uv":[2.625,8.625,2.75,8.8125],"tintindex":0,"rotation":0,"texture":"#6"},"west":{"uv":[3.875,8.625,4.0,8.8125],"tintindex":0,"rotation":0,"texture":"#6"},"up":{"uv":[8.875,1.5,8.75,1.375],"tintindex":0,"rotation":0,"texture":"#6"},"down":{"uv":[8.875,1.5625,8.75,1.6875],"tintindex":0,"rotation":0,"texture":"#6"}},"rotation":{"origin":[7.7471914,-7.6179867,10.563011],"angle":22.5,"axis":"z"}},{"from":[13.092129,-10.714483,6.6980114],"to":[13.6648855,-10.141727,6.6980114],"faces":{"south":{"uv":[0.5625,8.625,0.625,8.6875],"tintindex":0,"rotation":0,"texture":"#6"},"north":{"uv":[7.1875,8.5,7.25,8.5625],"tintindex":0,"rotation":0,"texture":"#6"}},"rotation":{"origin":[11.452265,-9.06299,6.6980114],"angle":-22.5,"axis":"z"}}],"display":{"head":{"rotation":[0.0,0.0,0.0]},"firstperson_righthand":{"rotation":[0.0,0.0,0.0]},"thirdperson_lefthand":{"rotation":[0.0,-0.0,-0.0]},"firstperson_lefthand":{"rotation":[0.0,-0.0,-0.0]},"fixed":{"rotation":[0.0,0.0,0.0]},"ground":{"rotation":[0.0,0.0,0.0]},"thirdperson_righthand":{"rotation":[0.0,0.0,0.0]},"gui":{"rotation":[-150.0,-75.0,-180.0]}}}