{"textures":{"4":"modelengine:entity/rest_fire","6":"modelengine:block/em_corruptedbrute"},"elements":[{"from":[7.6,-0.3993782,7.2002115],"to":[9.5,4.400622,9.000212],"faces":{"east":{"uv":[2.25,8.3125,2.375,8.625],"tintindex":0,"rotation":0,"texture":"#6"},"south":{"uv":[8.3125,2.5625,8.4375,2.875],"tintindex":0,"rotation":0,"texture":"#6"},"north":{"uv":[8.3125,2.1875,8.4375,2.5],"tintindex":0,"rotation":0,"texture":"#6"},"west":{"uv":[2.9375,8.3125,3.0625,8.625],"tintindex":0,"rotation":0,"texture":"#6"},"up":{"uv":[8.875,3.5,8.75,3.375],"tintindex":0,"rotation":0,"texture":"#6"},"down":{"uv":[8.875,3.5625,8.75,3.6875],"tintindex":0,"rotation":0,"texture":"#6"}}},{"from":[6.9166665,1.2836396,8.480946],"to":[9.716666,8.083639,10.280945],"faces":{"east":{"uv":[0.0,6.0,2.0,13.0],"tintindex":0,"rotation":0,"texture":"#4"},"south":{"uv":[0.0,6.0,3.0,13.0],"tintindex":0,"rotation":0,"texture":"#4"},"north":{"uv":[0.0,6.0,3.0,13.0],"tintindex":0,"rotation":0,"texture":"#4"},"west":{"uv":[0.0,6.0,2.0,13.0],"tintindex":0,"rotation":0,"texture":"#4"},"up":{"uv":[0.0,6.0,3.0,8.0],"tintindex":0,"rotation":0,"texture":"#4"},"down":{"uv":[0.0,6.0,3.0,8.0],"tintindex":0,"rotation":0,"texture":"#4"}}},{"from":[6.6,-0.3993782,8.2002125],"to":[8.5,3.400622,11.000212],"faces":{"east":{"uv":[5.1875,8.1875,5.375,8.4375],"tintindex":0,"rotation":0,"texture":"#6"},"south":{"uv":[8.4375,6.75,8.5625,7.0],"tintindex":0,"rotation":0,"texture":"#6"},"north":{"uv":[8.4375,6.125,8.5625,6.375],"tintindex":0,"rotation":0,"texture":"#6"},"west":{"uv":[5.4375,8.1875,5.625,8.4375],"tintindex":0,"rotation":0,"texture":"#6"},"up":{"uv":[5.875,8.8125,5.75,8.625],"tintindex":0,"rotation":0,"texture":"#6"},"down":{"uv":[6.0625,8.625,5.9375,8.8125],"tintindex":0,"rotation":0,"texture":"#6"}}},{"from":[8.5,-0.3993782,6.2002115],"to":[10.4,3.400622,11.000212],"faces":{"east":{"uv":[7.6875,5.125,8.0,5.375],"tintindex":0,"rotation":0,"texture":"#6"},"south":{"uv":[4.25,8.3125,4.375,8.5625],"tintindex":0,"rotation":0,"texture":"#6"},"north":{"uv":[6.5,3.5,6.625,3.75],"tintindex":0,"rotation":0,"texture":"#6"},"west":{"uv":[7.75,0.6875,8.0625,0.9375],"tintindex":0,"rotation":0,"texture":"#6"},"up":{"uv":[1.25,3.75,1.125,3.4375],"tintindex":0,"rotation":0,"texture":"#6"},"down":{"uv":[5.0,6.5625,4.875,6.875],"tintindex":0,"rotation":0,"texture":"#6"}}},{"from":[8.0,3.238121,6.1002116],"to":[11.0,8.238121,7.1002116],"faces":{"east":{"uv":[5.0625,5.5,5.125,5.8125],"tintindex":0,"rotation":0,"texture":"#6"},"south":{"uv":[8.0,7.25,8.1875,7.5625],"tintindex":0,"rotation":0,"texture":"#6"},"north":{"uv":[8.0,6.875,8.1875,7.1875],"tintindex":0,"rotation":0,"texture":"#6"},"west":{"uv":[0.6875,6.6875,0.75,7.0],"tintindex":0,"rotation":0,"texture":"#6"},"up":{"uv":[3.6875,6.5,3.5,6.4375],"tintindex":0,"rotation":0,"texture":"#6"},"down":{"uv":[6.875,2.5,6.6875,2.5625],"tintindex":0,"rotation":0,"texture":"#6"}}},{"from":[6.6,-4.1993785,6.2002115],"to":[10.4,-0.39937934,10.000212],"faces":{"east":{"uv":[7.875,3.0,8.125,3.25],"tintindex":0,"rotation":0,"texture":"#6"},"south":{"uv":[7.875,4.0625,8.125,4.3125],"tintindex":0,"rotation":0,"texture":"#6"},"north":{"uv":[2.4375,7.875,2.6875,8.125],"tintindex":0,"rotation":0,"texture":"#6"},"west":{"uv":[5.0,7.875,5.25,8.125],"tintindex":0,"rotation":0,"texture":"#6"},"up":{"uv":[5.5625,8.125,5.3125,7.875],"tintindex":0,"rotation":0,"texture":"#6"},"down":{"uv":[5.875,7.875,5.625,8.125],"tintindex":0,"rotation":0,"texture":"#6"}}},{"from":[9.0,3.238121,7.1002116],"to":[11.0,8.238121,10.100212],"faces":{"east":{"uv":[8.0625,5.5625,8.25,5.875],"tintindex":0,"rotation":0,"texture":"#6"},"south":{"uv":[2.0625,8.3125,2.1875,8.625],"tintindex":0,"rotation":0,"texture":"#6"},"north":{"uv":[0.0,8.3125,0.125,8.625],"tintindex":0,"rotation":0,"texture":"#6"},"west":{"uv":[5.9375,8.0625,6.125,8.375],"tintindex":0,"rotation":0,"texture":"#6"},"up":{"uv":[5.6875,8.8125,5.5625,8.625],"tintindex":0,"rotation":0,"texture":"#6"},"down":{"uv":[8.75,5.5625,8.625,5.75],"tintindex":0,"rotation":0,"texture":"#6"}}},{"from":[7.6,4.400622,7.2002115],"to":[9.5,9.200622,9.000212],"faces":{"east":{"uv":[3.3125,8.3125,3.4375,8.625],"tintindex":0,"rotation":0,"texture":"#6"},"south":{"uv":[3.5,8.3125,3.625,8.625],"tintindex":0,"rotation":0,"texture":"#6"},"north":{"uv":[3.125,8.3125,3.25,8.625],"tintindex":0,"rotation":0,"texture":"#6"},"west":{"uv":[4.0625,8.3125,4.1875,8.625],"tintindex":0,"rotation":0,"texture":"#6"},"up":{"uv":[8.875,3.875,8.75,3.75],"tintindex":0,"rotation":0,"texture":"#6"},"down":{"uv":[8.875,4.5,8.75,4.625],"tintindex":0,"rotation":0,"texture":"#6"}}},{"from":[6.0,3.238121,9.100212],"to":[11.0,8.238121,11.100212],"faces":{"east":{"uv":[6.8125,8.25,6.9375,8.5625],"tintindex":0,"rotation":0,"texture":"#6"},"south":{"uv":[7.3125,7.3125,7.625,7.625],"tintindex":0,"rotation":0,"texture":"#6"},"north":{"uv":[7.3125,6.9375,7.625,7.25],"tintindex":0,"rotation":0,"texture":"#6"},"west":{"uv":[8.25,7.125,8.375,7.4375],"tintindex":0,"rotation":0,"texture":"#6"},"up":{"uv":[8.5625,7.625,8.25,7.5],"tintindex":0,"rotation":0,"texture":"#6"},"down":{"uv":[8.0,8.25,7.6875,8.375],"tintindex":0,"rotation":0,"texture":"#6"}}}],"display":{"head":{"rotation":[0.0,0.0,0.0]},"firstperson_righthand":{"rotation":[0.0,0.0,0.0]},"thirdperson_lefthand":{"rotation":[0.0,-0.0,-0.0]},"firstperson_lefthand":{"rotation":[0.0,-0.0,-0.0]},"fixed":{"rotation":[0.0,0.0,0.0]},"ground":{"rotation":[0.0,0.0,0.0]},"thirdperson_righthand":{"rotation":[0.0,0.0,0.0]},"gui":{"rotation":[-150.0,-75.0,-180.0]}}}