{"textures":{"0":"modelengine:entity/darth_vader"},"elements":[{"from":[4.0,7.9207954,5.0158653],"to":[12.0,15.9207945,13.015865],"faces":{"east":{"uv":[0.0,2.0,2.0,4.0],"tintindex":0,"rotation":0,"texture":"#0"},"south":{"uv":[2.0,0.0,4.0,2.0],"tintindex":0,"rotation":0,"texture":"#0"},"north":{"uv":[0.0,0.0,2.0,2.0],"tintindex":0,"rotation":0,"texture":"#0"},"west":{"uv":[2.0,2.0,4.0,4.0],"tintindex":0,"rotation":0,"texture":"#0"},"up":{"uv":[2.0,6.0,0.0,4.0],"tintindex":0,"rotation":0,"texture":"#0"},"down":{"uv":[6.0,0.0,4.0,2.0],"tintindex":0,"rotation":0,"texture":"#0"}}},{"from":[2.81,9.430796,5.3258653],"to":[5.19,14.810795,12.705865],"faces":{"east":{"uv":[13.25,3.725,15.0,4.975],"tintindex":0,"rotation":0,"texture":"#0"},"south":{"uv":[15.5,5.0,16.0,6.25],"tintindex":0,"rotation":0,"texture":"#0"},"north":{"uv":[15.5,3.75,16.0,5.0],"tintindex":0,"rotation":0,"texture":"#0"},"west":{"uv":[13.25,5.0,15.0,6.25],"tintindex":0,"rotation":0,"texture":"#0"},"up":{"uv":[15.5,5.5,15.0,3.75],"tintindex":0,"rotation":0,"texture":"#0"},"down":{"uv":[15.5,5.5,15.0,7.25],"tintindex":0,"rotation":0,"texture":"#0"}},"rotation":{"origin":[0.5,11.920795,9.015865],"angle":-22.5,"axis":"z"}},{"from":[10.81,9.430796,5.3258653],"to":[13.19,14.810795,12.705865],"faces":{"east":{"uv":[15.0,5.0,13.25,6.25],"tintindex":0,"rotation":0,"texture":"#0"},"south":{"uv":[16.0,5.0,15.5,6.25],"tintindex":0,"rotation":0,"texture":"#0"},"north":{"uv":[16.0,3.75,15.5,5.0],"tintindex":0,"rotation":0,"texture":"#0"},"west":{"uv":[15.0,3.725,13.25,4.975],"tintindex":0,"rotation":0,"texture":"#0"},"up":{"uv":[15.0,5.5,15.5,3.75],"tintindex":0,"rotation":0,"texture":"#0"},"down":{"uv":[15.0,5.5,15.5,7.25],"tintindex":0,"rotation":0,"texture":"#0"}},"rotation":{"origin":[15.5,11.920795,9.015865],"angle":22.5,"axis":"z"}},{"from":[3.8,7.7207956,4.8158655],"to":[12.2,16.120794,13.215865],"faces":{"east":{"uv":[4.0,2.0,6.0,4.0],"tintindex":0,"rotation":0,"texture":"#0"},"south":{"uv":[4.0,4.0,6.0,6.0],"tintindex":0,"rotation":0,"texture":"#0"},"north":{"uv":[2.0,4.0,4.0,6.0],"tintindex":0,"rotation":0,"texture":"#0"},"west":{"uv":[0.0,6.0,2.0,8.0],"tintindex":0,"rotation":0,"texture":"#0"},"up":{"uv":[8.0,2.0,6.0,0.0],"tintindex":0,"rotation":0,"texture":"#0"},"down":{"uv":[4.0,6.0,2.0,8.0],"tintindex":0,"rotation":0,"texture":"#0"}}}],"display":{"head":{"rotation":[0.0,0.0,0.0]},"firstperson_righthand":{"rotation":[0.0,0.0,0.0]},"thirdperson_lefthand":{"rotation":[0.0,-0.0,-0.0]},"firstperson_lefthand":{"rotation":[0.0,-0.0,-0.0]},"fixed":{"rotation":[0.0,0.0,0.0]},"ground":{"rotation":[0.0,0.0,0.0]},"thirdperson_righthand":{"rotation":[0.0,0.0,0.0]},"gui":{"rotation":[-150.0,-75.0,-180.0]}}}