{"textures":{"0":"modelengine:entity/darth_vader"},"elements":[{"from":[6.45,7.65,4.25],"to":[7.45,8.65,11.85],"faces":{"east":{"uv":[12.5,2.0,14.5,2.25],"tintindex":0,"rotation":0,"texture":"#0"},"south":{"uv":[15.25,0.5,15.5,0.75],"tintindex":0,"rotation":0,"texture":"#0"},"north":{"uv":[15.0,0.5,15.25,0.75],"tintindex":0,"rotation":0,"texture":"#0"},"west":{"uv":[12.5,1.75,14.5,2.0],"tintindex":0,"rotation":0,"texture":"#0"},"up":{"uv":[16.0,2.5,15.75,0.5],"tintindex":0,"rotation":0,"texture":"#0"},"down":{"uv":[15.75,0.5,15.5,2.5],"tintindex":0,"rotation":0,"texture":"#0"}}},{"from":[7.7,7.4,3.9499998],"to":[6.2,8.9,11.84],"faces":{"east":{"uv":[13.5,0.75,15.5,1.25],"tintindex":0,"rotation":0,"texture":"#0"},"south":{"uv":[13.0,1.25,13.5,1.75],"tintindex":0,"rotation":0,"texture":"#0"},"north":{"uv":[13.0,0.75,13.5,1.25],"tintindex":0,"rotation":0,"texture":"#0"},"west":{"uv":[13.5,1.25,15.5,1.75],"tintindex":0,"rotation":0,"texture":"#0"},"up":{"uv":[15.5,3.75,15.0,1.75],"tintindex":0,"rotation":0,"texture":"#0"},"down":{"uv":[15.0,1.75,14.5,3.75],"tintindex":0,"rotation":0,"texture":"#0"}}}],"display":{"head":{"rotation":[0.0,0.0,0.0]},"firstperson_righthand":{"rotation":[0.0,0.0,0.0]},"thirdperson_lefthand":{"rotation":[0.0,-0.0,-0.0]},"firstperson_lefthand":{"rotation":[0.0,-0.0,-0.0]},"fixed":{"rotation":[0.0,0.0,0.0]},"ground":{"rotation":[0.0,0.0,0.0]},"thirdperson_righthand":{"rotation":[0.0,0.0,0.0]},"gui":{"rotation":[-150.0,-75.0,-180.0]}}}