{"textures":{"0":"modelengine:entity/darth_vader"},"elements":[{"from":[7.21,4.51,7.11],"to":[9.49,7.5899997,9.29],"faces":{"east":{"uv":[4.0,8.0,3.5,8.75],"tintindex":0,"rotation":0,"texture":"#0"},"south":{"uv":[3.5,8.0,3.0,8.75],"tintindex":0,"rotation":0,"texture":"#0"},"north":{"uv":[2.5,8.0,2.0,8.75],"tintindex":0,"rotation":0,"texture":"#0"},"west":{"uv":[3.0,8.0,2.5,8.75],"tintindex":0,"rotation":0,"texture":"#0"},"up":{"uv":[6.5,8.75,7.0,8.25],"tintindex":0,"rotation":0,"texture":"#0"},"down":{"uv":[7.0,8.25,7.5,8.75],"tintindex":0,"rotation":0,"texture":"#0"}}},{"from":[6.95,5.15,6.65],"to":[9.75,8.849999,9.75],"faces":{"east":{"uv":[3.0,11.25,2.25,12.25],"tintindex":0,"rotation":0,"texture":"#0"},"south":{"uv":[2.25,11.25,1.5,12.25],"tintindex":0,"rotation":0,"texture":"#0"},"north":{"uv":[0.75,11.25,0.0,12.25],"tintindex":0,"rotation":0,"texture":"#0"},"west":{"uv":[1.5,11.25,0.75,12.25],"tintindex":0,"rotation":0,"texture":"#0"},"up":{"uv":[0.0,13.0,0.75,12.25],"tintindex":0,"rotation":0,"texture":"#0"},"down":{"uv":[0.75,12.25,1.5,13.0],"tintindex":0,"rotation":0,"texture":"#0"}}}],"display":{"head":{"rotation":[0.0,0.0,0.0]},"firstperson_righthand":{"rotation":[0.0,0.0,0.0]},"thirdperson_lefthand":{"rotation":[0.0,-0.0,-0.0]},"firstperson_lefthand":{"rotation":[0.0,-0.0,-0.0]},"fixed":{"rotation":[0.0,0.0,0.0]},"ground":{"rotation":[0.0,0.0,0.0]},"thirdperson_righthand":{"rotation":[0.0,0.0,0.0]},"gui":{"rotation":[-150.0,-75.0,-180.0]}}}