{"textures":{"0":"modelengine:entity/darth_vader"},"elements":[{"from":[7.25,7.25,8.0],"to":[8.75,8.75,9.0],"faces":{"east":{"uv":[15.25,0.0,15.5,0.5],"tintindex":0,"rotation":0,"texture":"#0"},"south":{"uv":[14.75,0.0,15.25,0.5],"tintindex":0,"rotation":0,"texture":"#0"},"north":{"uv":[14.0,0.0,14.5,0.5],"tintindex":0,"rotation":0,"texture":"#0"},"west":{"uv":[14.5,0.0,14.75,0.5],"tintindex":0,"rotation":0,"texture":"#0"},"up":{"uv":[16.0,0.25,15.5,0.0],"tintindex":0,"rotation":0,"texture":"#0"},"down":{"uv":[16.0,0.25,15.5,0.5],"tintindex":0,"rotation":0,"texture":"#0"}}},{"from":[7.15,7.15,7.0],"to":[8.85,8.85,8.0],"faces":{"east":{"uv":[13.25,0.0,13.5,0.5],"tintindex":0,"rotation":0,"texture":"#0"},"south":{"uv":[12.75,0.0,13.25,0.5],"tintindex":0,"rotation":0,"texture":"#0"},"north":{"uv":[12.0,0.0,12.5,0.5],"tintindex":0,"rotation":0,"texture":"#0"},"west":{"uv":[12.5,0.0,12.75,0.5],"tintindex":0,"rotation":0,"texture":"#0"},"up":{"uv":[14.0,0.25,13.5,0.0],"tintindex":0,"rotation":0,"texture":"#0"},"down":{"uv":[14.0,0.25,13.5,0.5],"tintindex":0,"rotation":0,"texture":"#0"}}}],"display":{"head":{"rotation":[0.0,0.0,0.0]},"firstperson_righthand":{"rotation":[0.0,0.0,0.0]},"thirdperson_lefthand":{"rotation":[0.0,-0.0,-0.0]},"firstperson_lefthand":{"rotation":[0.0,-0.0,-0.0]},"fixed":{"rotation":[0.0,0.0,0.0]},"ground":{"rotation":[0.0,0.0,0.0]},"thirdperson_righthand":{"rotation":[0.0,0.0,0.0]},"gui":{"rotation":[-150.0,-75.0,-180.0]}}}