{"textures":{"0":"modelengine:entity/darth_vader"},"elements":[{"from":[5.1,10.400001,6.35],"to":[10.9,13.199999,9.549999],"faces":{"east":{"uv":[8.75,5.75,9.5,6.5],"tintindex":0,"rotation":0,"texture":"#0"},"south":{"uv":[4.0,6.0,5.5,6.75],"tintindex":0,"rotation":0,"texture":"#0"},"north":{"uv":[6.0,3.5,7.5,4.25],"tintindex":0,"rotation":0,"texture":"#0"},"west":{"uv":[8.75,6.75,9.5,7.5],"tintindex":0,"rotation":0,"texture":"#0"},"up":{"uv":[10.75,5.5,9.25,4.75],"tintindex":0,"rotation":0,"texture":"#0"},"down":{"uv":[8.0,4.75,6.5,5.25],"tintindex":0,"rotation":0,"texture":"#0"}}},{"from":[4.95,8.25,6.2],"to":[11.05,10.55,9.7],"faces":{"east":{"uv":[6.25,10.25,7.0,10.75],"tintindex":0,"rotation":0,"texture":"#0"},"south":{"uv":[4.0,10.25,5.5,10.75],"tintindex":0,"rotation":0,"texture":"#0"},"north":{"uv":[2.5,10.25,4.0,10.75],"tintindex":0,"rotation":0,"texture":"#0"},"west":{"uv":[5.5,10.25,6.25,10.75],"tintindex":0,"rotation":0,"texture":"#0"},"up":{"uv":[4.0,10.25,2.5,9.5],"tintindex":0,"rotation":0,"texture":"#0"},"down":{"uv":[5.5,9.5,4.0,10.25],"tintindex":0,"rotation":0,"texture":"#0"}}},{"from":[5.5,8.4,6.45],"to":[10.5,10.4,9.45],"faces":{"east":{"uv":[9.5,3.0,10.25,3.5],"tintindex":0,"rotation":0,"texture":"#0"},"south":{"uv":[7.5,5.25,8.75,5.75],"tintindex":0,"rotation":0,"texture":"#0"},"north":{"uv":[7.5,3.5,8.75,4.0],"tintindex":0,"rotation":0,"texture":"#0"},"west":{"uv":[9.5,4.0,10.25,4.5],"tintindex":0,"rotation":0,"texture":"#0"},"up":{"uv":[11.0,6.75,9.75,6.0],"tintindex":0,"rotation":0,"texture":"#0"},"down":{"uv":[11.25,1.5,10.0,2.25],"tintindex":0,"rotation":0,"texture":"#0"}}}],"display":{"head":{"rotation":[0.0,0.0,0.0]},"firstperson_righthand":{"rotation":[0.0,0.0,0.0]},"thirdperson_lefthand":{"rotation":[0.0,-0.0,-0.0]},"firstperson_lefthand":{"rotation":[0.0,-0.0,-0.0]},"fixed":{"rotation":[0.0,0.0,0.0]},"ground":{"rotation":[0.0,0.0,0.0]},"thirdperson_righthand":{"rotation":[0.0,0.0,0.0]},"gui":{"rotation":[-150.0,-75.0,-180.0]}}}