{"textures​":{"layer0":"minecraft:item/spruce_wall_sign"},"credit":"Made by PolygonMC","texture_size":[32,32],"\u0074\u0065\u0078\u0074\u0075\u0072\u0065\u0073":{"0":"\u0066\u0061\u0069\u0072\u0079\u0073\u0065\u0074:\u0063\u0072\u006f\u0073\u0073\u0062\u006f\u0077_2","1":"\u0066\u0061\u0069\u0072\u0079\u0073\u0065\u0074:\u0061\u006e\u0069\u006d\u0061\u0074\u0069\u006f\u006e\u0073/\u0061\u006e\u0069\u006d\u0061\u0074\u0069\u006f\u006e\u0073_02","\u0070\u0061\u0072\u0074\u0069\u0063\u006c\u0065":"\u0066\u0061\u0069\u0072\u0079\u0073\u0065\u0074:\u0063\u0072\u006f\u0073\u0073\u0062\u006f\u0077_2"},"elements":[{"from":[7.25,7.5,4],"to":[8.75,8.5,11],"rotation":{"angle":0,"axis":"y","origin":[7.5,3.5,1]},"faces":{"north":{"uv":[11,11,11.75,11.5],"texture":"#0"},"east":{"uv":[5.5,4,9,4.5],"texture":"#0"},"west":{"uv":[5.5,4.5,9,5],"texture":"#0"},"up":{"uv":[4.25,7.5,3.5,4],"texture":"#0"},"down":{"uv":[5.25,4,4.5,7.5],"texture":"#0"}}},{"from":[7.5,8.5,4],"to":[8.5,8.75,12],"rotation":{"angle":0,"axis":"y","origin":[7.5,3.5,1]},"faces":{"north":{"uv":[11.5,12.5,12,12.625],"texture":"#0"},"east":{"uv":[11,1,15,1.125],"texture":"#0"},"south":{"uv":[12.5,11.5,13,11.625],"texture":"#0"},"west":{"uv":[11,1.5,15,1.625],"texture":"#0"},"up":{"uv":[0.5,9.5,0,5.5],"texture":"#0"}}},{"from":[7.5,6.5,4],"to":[8.5,7.5,11],"rotation":{"angle":0,"axis":"y","origin":[7.5,3.5,1]},"faces":{"north":{"uv":[9.5,11.5,10,12],"texture":"#0"},"east":{"uv":[5.5,5,9,5.5],"texture":"#0"},"west":{"uv":[5.5,5.5,9,6],"texture":"#0"},"down":{"uv":[6,6,5.5,9.5],"texture":"#0"}}},{"from":[7.25,5.5,5.5],"to":[8.75,7,9.5],"rotation":{"angle":0,"axis":"y","origin":[7.5,3.5,1]},"faces":{"north":{"uv":[10,0,10.75,0.75],"texture":"#0"},"east":{"uv":[6.5,1,8.5,1.75],"texture":"#0"},"south":{"uv":[10,1,10.75,1.75],"texture":"#0"},"west":{"uv":[6,7,8,7.75],"texture":"#0"},"up":{"uv":[4.25,9.5,3.5,7.5],"texture":"#0"},"down":{"uv":[5.25,7.5,4.5,9.5],"texture":"#0"}}},{"from":[6.97329,5.75,6.23045],"to":[7.27329,6.25,8.23045],"rotation":{"angle":0,"axis":"y","origin":[6.77329,6,7.23045]},"faces":{"north":{"uv":[2.5,13,2.625,13.25],"texture":"#0"},"south":{"uv":[13,2.5,13.125,2.75],"texture":"#0"},"up":{"uv":[12.125,12.5,12,11.5],"texture":"#0"},"down":{"uv":[0.125,12.5,0,13.5],"texture":"#0"}}},{"from":[7.5,5.7,12.15],"to":[8.5,7.2,14.4],"rotation":{"angle":22.5,"axis":"x","origin":[8,5.95,13.6]},"faces":{"north":{"uv":[0,11.5,0.5,12.25],"texture":"#0"},"east":{"uv":[9.5,2,10.625,2.75],"texture":"#0"},"south":{"uv":[0.5,11.5,1,12.25],"texture":"#0"},"west":{"uv":[3,9.5,4.125,10.25],"texture":"#0"},"up":{"uv":[6,10.625,5.5,9.5],"texture":"#0"},"down":{"uv":[10,9,9.5,10.125],"texture":"#0"}}},{"from":[7.75,5.2,12.15],"to":[8.25,5.7,14.4],"rotation":{"angle":22.5,"axis":"x","origin":[8,5.95,13.6]},"faces":{"north":{"uv":[6.5,12.5,6.75,12.75],"texture":"#0"},"east":{"uv":[11.5,7,12.625,7.25],"texture":"#0"},"south":{"uv":[12.5,10.5,12.75,10.75],"texture":"#0"},"west":{"uv":[11.5,7.5,12.625,7.75],"texture":"#0"},"up":{"uv":[7.25,12.625,7,11.5],"texture":"#0"},"down":{"uv":[7.75,11.5,7.5,12.625],"texture":"#0"}}},{"from":[7.75,4.95094,14.05209],"to":[8.25,5.45094,18.30209],"rotation":{"angle":0,"axis":"x","origin":[8,5.70094,15.50209]},"faces":{"north":{"uv":[11,12.5,11.25,12.75],"texture":"#0"},"east":{"uv":[11,0,13.125,0.25],"texture":"#0"},"south":{"uv":[12.5,11,12.75,11.25],"texture":"#0"},"west":{"uv":[11,0.5,13.125,0.75],"texture":"#0"},"up":{"uv":[9.25,12.125,9,10],"texture":"#0"},"down":{"uv":[1.25,10.5,1,12.625],"texture":"#0"}}},{"from":[7.501,5.41288,14.24343],"to":[8.499,6.91288,18.31843],"rotation":{"angle":0,"axis":"x","origin":[8.001,5.66288,15.69343]},"faces":{"north":{"uv":[2.5,11.5,3,12.25],"texture":"#0"},"east":{"uv":[6,6,8,6.75],"texture":"#0"},"south":{"uv":[3,11.5,3.5,12.25],"texture":"#0"},"west":{"uv":[6.5,0,8.5,0.75],"texture":"#0"},"up":{"uv":[9,2,8.5,0],"texture":"#0"},"down":{"uv":[3,8.5,2.5,10.5],"texture":"#0"}}},{"from":[7,6.5,11],"to":[9,8.5,13],"rotation":{"angle":0,"axis":"y","origin":[7.5,3.5,1]},"faces":{"north":{"uv":[8,3,9,4],"texture":"#0"},"east":{"uv":[6,8,7,9],"texture":"#0"},"south":{"uv":[8,6,9,7],"texture":"#0"},"west":{"uv":[7,8,8,9],"texture":"#0"},"up":{"uv":[9,8,8,7],"texture":"#0"},"down":{"uv":[9,8,8,9],"texture":"#0"}}},{"from":[7.45,4.90094,18.30209],"to":[8.55,6.95094,18.80209],"rotation":{"angle":0,"axis":"y","origin":[7.75,4.85094,18.30209]},"faces":{"north":{"uv":[3,8.5,3.5,9.5],"texture":"#0"},"east":{"uv":[11,11.5,11.25,12.5],"texture":"#0"},"south":{"uv":[9.5,10.5,10,11.5],"texture":"#0"},"west":{"uv":[11.5,11.5,11.75,12.5],"texture":"#0"},"up":{"uv":[12.5,10.75,12,10.5],"texture":"#0"},"down":{"uv":[12.5,11,12,11.25],"texture":"#0"}}},{"from":[7.4,4,11.9],"to":[8.6,7,13.1],"rotation":{"angle":-22.5,"axis":"x","origin":[7.5,5,12]},"faces":{"north":{"uv":[9,3,9.625,4.5],"texture":"#0"},"east":{"uv":[9,4.5,9.625,6],"texture":"#0"},"south":{"uv":[6,9,6.625,10.5],"texture":"#0"},"west":{"uv":[9,6,9.625,7.5],"texture":"#0"}}},{"from":[7.325,3.9375,12.325],"to":[8.675,4.6125,13.675],"rotation":{"angle":-45,"axis":"x","origin":[8,4.25,13]},"faces":{"north":{"uv":[12,3.5,12.625,3.875],"texture":"#0"},"east":{"uv":[12,4,12.625,4.375],"texture":"#0"},"south":{"uv":[4.5,12,5.125,12.375],"texture":"#0"},"west":{"uv":[12,4.5,12.625,4.875],"texture":"#0"},"up":{"uv":[8.625,11.625,8,11],"texture":"#0"},"down":{"uv":[11.625,8,11,8.625],"texture":"#0"}}},{"from":[7.25,8,12],"to":[8.75,10.5,13.25],"rotation":{"angle":0,"axis":"y","origin":[7.25,9,11.5]},"faces":{"north":{"uv":[7,9,7.75,10.25],"texture":"#0"},"east":{"uv":[1.5,9.5,2.125,10.75],"texture":"#0"},"south":{"uv":[9,7.5,9.75,8.75],"texture":"#0"},"west":{"uv":[4.5,9.5,5.125,10.75],"texture":"#0"},"up":{"uv":[11.75,3.625,11,3],"texture":"#0"},"down":{"uv":[11.75,4,11,4.625],"texture":"#0"}}},{"from":[7.5,9.35,11.75],"to":[8.5,10.35,13.5],"rotation":{"angle":0,"axis":"y","origin":[7.5,0.5,7.5]},"faces":{"east":{"uv":[11,6,11.875,6.5],"texture":"#0"},"west":{"uv":[11,6.5,11.875,7],"texture":"#0"},"up":{"uv":[6,11.875,5.5,11],"texture":"#0"},"down":{"uv":[11.5,7,11,7.875],"texture":"#0"}}},{"from":[7.35,9.2,13.5],"to":[8.65,10.5,14.25],"rotation":{"angle":0,"axis":"y","origin":[7.5,0.5,7.25]},"faces":{"north":{"uv":[11,9,11.625,9.625],"texture":"#0"},"east":{"uv":[12,5,12.375,5.625],"texture":"#0"},"south":{"uv":[10,11,10.625,11.625],"texture":"#0"},"west":{"uv":[5.5,12,5.875,12.625],"texture":"#0"},"up":{"uv":[12.625,6.375,12,6],"texture":"#0"},"down":{"uv":[12.625,6.5,12,6.875],"texture":"#0"}}},{"from":[7.45,9.35,14.25],"to":[8.55,10.35,14.5],"rotation":{"angle":0,"axis":"y","origin":[7.5,0.5,8]},"faces":{"east":{"uv":[12,12.5,12.125,13],"texture":"#0"},"south":{"uv":[12,2,12.5,2.5],"texture":"#0"},"west":{"uv":[12.5,12,12.625,12.5],"texture":"#0"},"up":{"uv":[13,12.625,12.5,12.5],"texture":"#0"},"down":{"uv":[1,13,0.5,13.125],"texture":"#0"}}},{"from":[7.25,9.1,10.25],"to":[8.75,10.6,11.75],"rotation":{"angle":0,"axis":"y","origin":[7.5,0.5,8]},"faces":{"north":{"uv":[10,3,10.75,3.75],"texture":"#0"},"east":{"uv":[10,4,10.75,4.75],"texture":"#0"},"south":{"uv":[10,5,10.75,5.75],"texture":"#0"},"west":{"uv":[10,6,10.75,6.75],"texture":"#0"},"up":{"uv":[10.75,7.75,10,7],"texture":"#0"},"down":{"uv":[8.75,10,8,10.75],"texture":"#0"}}},{"from":[7.35,9.2,10],"to":[8.65,10.5,10.25],"rotation":{"angle":0,"axis":"y","origin":[7.5,0.5,6.5]},"faces":{"north":{"uv":[11,10,11.625,10.625],"texture":"#0"},"east":{"uv":[12.5,5,12.625,5.625],"texture":"#0"},"west":{"uv":[6,12.5,6.125,13.125],"texture":"#0"},"up":{"uv":[9.625,12.625,9,12.5],"texture":"#0"},"down":{"uv":[10.625,12.5,10,12.625],"texture":"#0"}}},{"from":[7.65,10.5,12.3],"to":[8.35,10.75,13],"rotation":{"angle":45,"axis":"y","origin":[8,10.625,12.65]},"faces":{"north":{"uv":[1,13,1.375,13.125],"texture":"#0"},"east":{"uv":[1.5,13,1.875,13.125],"texture":"#0"},"south":{"uv":[2,13,2.375,13.125],"texture":"#0"},"west":{"uv":[13,2,13.375,2.125],"texture":"#0"},"up":{"uv":[10.875,12.375,10.5,12],"texture":"#0"}}},{"from":[7.985,4.75,9.5],"to":[8.015,6.5,12],"rotation":{"angle":0,"axis":"y","origin":[7.985,4.5,10]},"faces":{"east":{"uv":[9.25,2,8,2.875],"texture":"#0"},"west":{"uv":[8,2,9.25,2.875],"texture":"#0"}}},{"from":[7.25,5.85,15],"to":[8.75,7.1,18],"rotation":{"angle":0,"axis":"y","origin":[7,5.1,15.5]},"faces":{"north":{"uv":[4.5,11,5.25,11.625],"texture":"#0"},"east":{"uv":[8,9,9.5,9.625],"texture":"#0"},"south":{"uv":[11,5,11.75,5.625],"texture":"#0"},"west":{"uv":[0,9.5,1.5,10.125],"texture":"#0"},"up":{"uv":[1.25,9.5,0.5,8],"texture":"#0"},"down":{"uv":[2.25,8,1.5,9.5],"texture":"#0"}}},{"from":[7,7,3],"to":[9,9,4],"rotation":{"angle":0,"axis":"y","origin":[7,7,3]},"faces":{"north":{"uv":[9,0,10,1],"texture":"#0"},"east":{"uv":[1.5,11,2,12],"texture":"#0"},"south":{"uv":[9,1,10,2],"texture":"#0"},"west":{"uv":[2,11,2.5,12],"texture":"#0"},"up":{"uv":[12,2.5,11,2],"texture":"#0"},"down":{"uv":[12,2.5,11,3],"texture":"#0"}}},{"from":[6,8.25,3.25],"to":[7.5,9.75,3.75],"rotation":{"angle":0,"axis":"y","origin":[5.5,8.25,3]},"faces":{"north":{"uv":[10,10,10.75,10.75],"texture":"#0"},"east":{"uv":[8,12,8.25,12.75],"texture":"#0"},"south":{"uv":[0,10.5,0.75,11.25],"texture":"#0"},"up":{"uv":[12.75,8.25,12,8],"texture":"#0"},"down":{"uv":[12.75,8.5,12,8.75],"texture":"#0"}}},{"from":[4.67179,8.25,3.61365],"to":[6.17179,9.75,4.11365],"rotation":{"angle":22.5,"axis":"y","origin":[5.17179,9,3.86365]},"faces":{"north":{"uv":[2.5,10.5,3.25,11.25],"texture":"#0"},"south":{"uv":[3.5,10.5,4.25,11.25],"texture":"#0"},"up":{"uv":[12.75,9.25,12,9],"texture":"#0"},"down":{"uv":[10.25,12,9.5,12.25],"texture":"#0"}}},{"from":[3.58385,8.25,4.45791],"to":[5.08385,9.75,4.95791],"rotation":{"angle":45,"axis":"y","origin":[4.08385,9,4.70791]},"faces":{"north":{"uv":[6,10.5,6.75,11.25],"texture":"#0"},"south":{"uv":[7,10.5,7.75,11.25],"texture":"#0"},"up":{"uv":[12.75,9.75,12,9.5],"texture":"#0"},"down":{"uv":[12.75,10,12,10.25],"texture":"#0"}}},{"from":[2.86849,8.25,5.04428],"to":[3.86849,9.75,5.54428],"rotation":{"angle":22.5,"axis":"y","origin":[3.11849,9,5.29428]},"faces":{"north":{"uv":[3.5,11.5,4,12.25],"texture":"#0"},"south":{"uv":[4,11.5,4.5,12.25],"texture":"#0"},"up":{"uv":[1,12.75,0.5,12.5],"texture":"#0"},"down":{"uv":[2,12.5,1.5,12.75],"texture":"#0"}}},{"from":[1.98319,8.25,5.12092],"to":[2.98319,9.75,5.62092],"rotation":{"angle":0,"axis":"y","origin":[3.23319,9,5.37092]},"faces":{"north":{"uv":[6,11.5,6.5,12.25],"texture":"#0"},"south":{"uv":[6.5,11.5,7,12.25],"texture":"#0"},"west":{"uv":[8.5,12,8.75,12.75],"texture":"#0"},"up":{"uv":[2.5,12.75,2,12.5],"texture":"#0"},"down":{"uv":[13,2,12.5,2.25],"texture":"#0"}}},{"from":[1.48319,8.75,5.32803],"to":[2.48319,9.25,6.32803],"rotation":{"angle":-45,"axis":"y","origin":[1.98319,9,5.82803]},"faces":{"north":{"uv":[2.5,12.5,3,12.75],"texture":"#0"},"east":{"uv":[12.5,2.5,13,2.75],"texture":"#0"},"south":{"uv":[3,12.5,3.5,12.75],"texture":"#0"},"west":{"uv":[12.5,3,13,3.25],"texture":"#0"},"up":{"uv":[2,12.5,1.5,12],"texture":"#0"},"down":{"uv":[2.5,12,2,12.5],"texture":"#0"}}},{"from":[8.5,8.25,3.25],"to":[10,9.75,3.75],"rotation":{"angle":0,"axis":"y","origin":[10.5,8.25,3]},"faces":{"north":{"uv":[10.75,10,10,10.75],"texture":"#0"},"south":{"uv":[0.75,10.5,0,11.25],"texture":"#0"},"west":{"uv":[8.25,12,8,12.75],"texture":"#0"},"up":{"uv":[12,8.25,12.75,8],"texture":"#0"},"down":{"uv":[12,8.5,12.75,8.75],"texture":"#0"}}},{"from":[9.82821,8.25,3.61365],"to":[11.32821,9.75,4.11365],"rotation":{"angle":-22.5,"axis":"y","origin":[10.82821,9,3.86365]},"faces":{"north":{"uv":[3.25,10.5,2.5,11.25],"texture":"#0"},"south":{"uv":[4.25,10.5,3.5,11.25],"texture":"#0"},"up":{"uv":[12,9.25,12.75,9],"texture":"#0"},"down":{"uv":[9.5,12,10.25,12.25],"texture":"#0"}}},{"from":[10.91615,8.25,4.45791],"to":[12.41615,9.75,4.95791],"rotation":{"angle":-45,"axis":"y","origin":[11.91615,9,4.70791]},"faces":{"north":{"uv":[6.75,10.5,6,11.25],"texture":"#0"},"south":{"uv":[7.75,10.5,7,11.25],"texture":"#0"},"up":{"uv":[12,9.75,12.75,9.5],"texture":"#0"},"down":{"uv":[12,10,12.75,10.25],"texture":"#0"}}},{"from":[12.13151,8.25,5.04428],"to":[13.13151,9.75,5.54428],"rotation":{"angle":-22.5,"axis":"y","origin":[12.88151,9,5.29428]},"faces":{"north":{"uv":[4,11.5,3.5,12.25],"texture":"#0"},"south":{"uv":[4.5,11.5,4,12.25],"texture":"#0"},"up":{"uv":[0.5,12.75,1,12.5],"texture":"#0"},"down":{"uv":[1.5,12.5,2,12.75],"texture":"#0"}}},{"from":[13.01681,8.25,5.12092],"to":[14.01681,9.75,5.62092],"rotation":{"angle":0,"axis":"y","origin":[12.76681,9,5.37092]},"faces":{"north":{"uv":[6.5,11.5,6,12.25],"texture":"#0"},"east":{"uv":[8.75,12,8.5,12.75],"texture":"#0"},"south":{"uv":[7,11.5,6.5,12.25],"texture":"#0"},"up":{"uv":[2,12.75,2.5,12.5],"texture":"#0"},"down":{"uv":[12.5,2,13,2.25],"texture":"#0"}}},{"from":[13.51681,8.75,5.32803],"to":[14.51681,9.25,6.32803],"rotation":{"angle":45,"axis":"y","origin":[14.01681,9,5.82803]},"faces":{"north":{"uv":[3,12.5,2.5,12.75],"texture":"#0"},"east":{"uv":[13,3,12.5,3.25],"texture":"#0"},"south":{"uv":[3.5,12.5,3,12.75],"texture":"#0"},"west":{"uv":[13,2.5,12.5,2.75],"texture":"#0"},"up":{"uv":[1.5,12.5,2,12],"texture":"#0"},"down":{"uv":[2,12,2.5,12.5],"texture":"#0"}}},{"from":[7.75,8,9.75],"to":[8.25,9,10.75],"rotation":{"angle":-45,"axis":"x","origin":[7.75,8,9.75]},"faces":{"north":{"uv":[3.5,12.5,3.75,13],"texture":"#0"},"east":{"uv":[12,2.5,12.5,3],"texture":"#0"},"south":{"uv":[4,12.5,4.25,13],"texture":"#0"},"west":{"uv":[12,3,12.5,3.5],"texture":"#0"},"up":{"uv":[4.75,13,4.5,12.5],"texture":"#0"},"down":{"uv":[5.25,12.5,5,13],"texture":"#0"}}},{"from":[2.25,9,-0.75],"to":[6.75,9.03,5.5],"rotation":{"angle":0,"axis":"y","origin":[4.5,9,2.25]},"faces":{"up":{"uv":[2.25,5.125,0,2],"texture":"#0"},"down":{"uv":[2.25,2,0,5.125],"texture":"#0"}}},{"from":[9.25,9,-0.75],"to":[13.75,9.03,5.5],"rotation":{"angle":0,"axis":"y","origin":[11.5,9,2.25]},"faces":{"up":{"uv":[0,5.125,2.25,2],"texture":"#0"},"down":{"uv":[0,2,2.25,5.125],"texture":"#0"}}},{"from":[5.25,9.725,3.525],"to":[10.75,12.975,3.565],"rotation":{"angle":0,"axis":"x","origin":[8,11.35,3.525]},"faces":{"north":{"uv":[2.5,2,5.25,3.625],"texture":"#0"},"south":{"uv":[2.5,2,5.25,3.625],"texture":"#0"}}},{"from":[5.5,5.25,5],"to":[7,6.75,10],"rotation":{"angle":0,"axis":"y","origin":[6.25,6,7]},"faces":{"north":{"uv":[10,8,10.75,8.75],"texture":"#0"},"east":{"uv":[5.5,2,8,2.75],"texture":"#0"},"south":{"uv":[10,9,10.75,9.75],"texture":"#0"},"west":{"uv":[5.5,3,8,3.75],"texture":"#0"},"up":{"uv":[5.5,3.75,8,3],"rotation":90,"texture":"#0"},"down":{"uv":[8,3,5.5,3.75],"rotation":90,"texture":"#0"}}},{"from":[8.72671,5.75,6.23045],"to":[9.02671,6.25,8.23045],"rotation":{"angle":0,"axis":"y","origin":[9.22671,6,7.23045]},"faces":{"north":{"uv":[2.625,13,2.5,13.25],"texture":"#0"},"south":{"uv":[13.125,2.5,13,2.75],"texture":"#0"},"up":{"uv":[12,12.5,12.125,11.5],"texture":"#0"},"down":{"uv":[0,12.5,0.125,13.5],"texture":"#0"}}},{"from":[9,5.25,5],"to":[10.5,6.75,10],"rotation":{"angle":0,"axis":"y","origin":[9.75,6,7]},"faces":{"north":{"uv":[10.75,8,10,8.75],"texture":"#0"},"east":{"uv":[8,3,5.5,3.75],"texture":"#0"},"south":{"uv":[10.75,9,10,9.75],"texture":"#0"},"west":{"uv":[8,2,5.5,2.75],"texture":"#0"},"up":{"uv":[5.5,3,8,3.75],"rotation":90,"texture":"#0"},"down":{"uv":[8,3.75,5.5,3],"rotation":90,"texture":"#0"}}},{"from":[1.75,8.975,6],"to":[14.25,9.005,9.25],"rotation":{"angle":0,"axis":"y","origin":[4,8.975,6]},"faces":{"up":{"uv":[6.25,1.625,0,0],"texture":"#0"},"down":{"uv":[6.25,0,0,1.625],"texture":"#0"}}},{"from":[0.05931,8.125,4.73824],"to":[2.05931,9.875,4.76824],"rotation":{"angle":-22.5,"axis":"y","origin":[1.05931,9,4.73824]},"faces":{"north":{"uv":[13.5,7.25,14.5,8.125],"texture":"#0"},"south":{"uv":[14.5,7.25,13.5,8.125],"texture":"#0"}}},{"from":[13.94069,8.125,4.73824],"to":[15.94069,9.875,4.76824],"rotation":{"angle":22.5,"axis":"y","origin":[14.94069,9,4.73824]},"faces":{"north":{"uv":[14.5,7.25,13.5,8.125],"texture":"#0"},"south":{"uv":[13.5,7.25,14.5,8.125],"texture":"#0"}}},{"from":[7,6.75,12],"to":[7.03,10.75,16],"rotation":{"angle":-22.5,"axis":"y","origin":[7,6.75,12]},"faces":{"east":{"uv":[15.375,8.625,13.375,10.625],"texture":"#0"},"west":{"uv":[13.375,8.625,15.375,10.625],"texture":"#0"}}},{"from":[8.97,6.75,12],"to":[9,10.75,16],"rotation":{"angle":22.5,"axis":"y","origin":[9,6.75,12]},"faces":{"east":{"uv":[15.375,8.625,13.375,10.625],"texture":"#0"},"west":{"uv":[13.375,8.625,15.375,10.625],"texture":"#0"}}},{"from":[1.25,9.5,4.75],"to":[7.25,9.53,11.75],"rotation":{"angle":0,"axis":"y","origin":[1.25,9.5,11.75]},"faces":{"up":{"uv":[0,11.33333,9.33333,0],"texture":"#1"},"down":{"uv":[0,0,9.33333,11.33333],"texture":"#1"}}},{"from":[8.75,9.5,4.75],"to":[14.75,9.53,11.75],"rotation":{"angle":0,"axis":"y","origin":[14.75,9.5,11.75]},"faces":{"up":{"uv":[9.33333,11.33333,0,0],"texture":"#1"},"down":{"uv":[9.33333,0,0,11.33333],"texture":"#1"}}}],"gui_light":"front","display":{"thirdperson_righthand":{"translation":[0,1.5,-2.75]},"thirdperson_lefthand":{"translation":[0,1.5,-2.75]},"firstperson_righthand":{"rotation":[0,-8,0],"translation":[8.25,3.25,-0.25]},"firstperson_lefthand":{"rotation":[0,-8,0],"translation":[8.25,3.25,-0.25]},"ground":{"rotation":[45,0,0],"translation":[0,9.5,0]},"gui":{"rotation":[90,45,0],"scale":[0.94336,0.94336,0.94336]},"head":{"rotation":[-45,180,0]},"fixed":{"rotation":[-90,0,0],"translation":[0,-2.75,-6.75],"scale":[2,2,2]}},"mcmodels":"0b1125552b50be0b9d0c0928d08a01c5"}