{"textures​":{"layer0":"minecraft:item/music_disc_stal"},"credit":"Made by PolygonMC","texture_size":[32,32],"\u0074\u0065\u0078\u0074\u0075\u0072\u0065\u0073":{"3":"\u0066\u0061\u0069\u0072\u0079\u0073\u0065\u0074:\u0061\u006e\u0069\u006d\u0061\u0074\u0069\u006f\u006e\u0073/\u0061\u006e\u0069\u006d\u0061\u0074\u0069\u006f\u006e\u0073_\u0070\u0069\u0063\u006b\u0061\u0078\u0065","4":"\u0066\u0061\u0069\u0072\u0079\u0073\u0065\u0074:\u0061\u006e\u0069\u006d\u0061\u0074\u0069\u006f\u006e\u0073/\u0061\u006e\u0069\u006d\u0061\u0074\u0069\u006f\u006e\u0073_03","5":"\u0066\u0061\u0069\u0072\u0079\u0073\u0065\u0074:\u0068\u0061\u006d\u006d\u0065\u0072","\u0070\u0061\u0072\u0074\u0069\u0063\u006c\u0065":"\u0066\u0061\u0069\u0072\u0079\u0073\u0065\u0074:\u0061\u006e\u0069\u006d\u0061\u0074\u0069\u006f\u006e\u0073/\u0061\u006e\u0069\u006d\u0061\u0074\u0069\u006f\u006e\u0073_\u0070\u0069\u0063\u006b\u0061\u0078\u0065"},"elements":[{"from":[7.5,0.8,7.5],"to":[8.5,6.8,8.5],"rotation":{"angle":0,"axis":"y","origin":[7.5,0,7.5]},"faces":{"north":{"uv":[2.5,7.5,3,10.5],"texture":"#5"},"east":{"uv":[1,9,1.5,12],"texture":"#5"},"south":{"uv":[1.5,9,2,12],"texture":"#5"},"west":{"uv":[2,9,2.5,12],"texture":"#5"}}},{"from":[7.5,11.8,7.5],"to":[8.5,15.8,8.5],"rotation":{"angle":0,"axis":"y","origin":[7.5,9,7.5]},"faces":{"north":{"uv":[8,9.5,8.5,11.5],"texture":"#5"},"east":{"uv":[8.5,9.5,9,11.5],"texture":"#5"},"south":{"uv":[6,10,6.5,12],"texture":"#5"},"west":{"uv":[6.5,10,7,12],"texture":"#5"}}},{"from":[7.4,1.8,7.4],"to":[8.6,2.3,8.6],"rotation":{"angle":0,"axis":"y","origin":[7.5,0,7.5]},"faces":{"north":{"uv":[14,0,14.625,0.25],"texture":"#5"},"east":{"uv":[14,0.5,14.625,0.75],"texture":"#5"},"south":{"uv":[1,14,1.625,14.25],"texture":"#5"},"west":{"uv":[14,1,14.625,1.25],"texture":"#5"},"up":{"uv":[1.625,12.625,1,12],"texture":"#5"},"down":{"uv":[6.625,12,6,12.625],"texture":"#5"}}},{"from":[7.4,5.55,7.4],"to":[8.6,6.05,8.6],"rotation":{"angle":0,"axis":"y","origin":[7.5,0,7.5]},"faces":{"north":{"uv":[14,1.5,14.625,1.75],"texture":"#5"},"east":{"uv":[14,2,14.625,2.25],"texture":"#5"},"south":{"uv":[14,2.5,14.625,2.75],"texture":"#5"},"west":{"uv":[3,14,3.625,14.25],"texture":"#5"},"up":{"uv":[12.625,7.125,12,6.5],"texture":"#5"},"down":{"uv":[7.625,12,7,12.625],"texture":"#5"}}},{"from":[7.4,3.3,7.4],"to":[8.6,4.55,8.6],"rotation":{"angle":0,"axis":"y","origin":[7.5,0,7.5]},"faces":{"north":{"uv":[12,9,12.625,9.625],"texture":"#5"},"east":{"uv":[9.5,12,10.125,12.625],"texture":"#5"},"south":{"uv":[12,10,12.625,10.625],"texture":"#5"},"west":{"uv":[12,11,12.625,11.625],"texture":"#5"},"up":{"uv":[12.625,12.625,12,12],"texture":"#5"},"down":{"uv":[0.625,12.5,0,13.125],"texture":"#5"}}},{"from":[7.4,6.8,7.4],"to":[8.6,11.8,8.6],"rotation":{"angle":0,"axis":"y","origin":[7.5,3.5,7.5]},"faces":{"north":{"uv":[8,1.5,8.625,4],"texture":"#5"},"east":{"uv":[4,8,4.625,10.5],"texture":"#5"},"south":{"uv":[5,8,5.625,10.5],"texture":"#5"},"west":{"uv":[8,7,8.625,9.5],"texture":"#5"},"up":{"uv":[2.625,13.125,2,12.5],"texture":"#5"},"down":{"uv":[13.125,2,12.5,2.625],"texture":"#5"}}},{"from":[7.4,-0.1,7.4],"to":[8.6,1.1,8.6],"rotation":{"angle":-45,"axis":"x","origin":[8,0.5,8]},"faces":{"north":{"uv":[3,12.5,3.625,13.125],"texture":"#5"},"east":{"uv":[4,12.5,4.625,13.125],"texture":"#5"},"south":{"uv":[12.5,4,13.125,4.625],"texture":"#5"},"west":{"uv":[5,12.5,5.625,13.125],"texture":"#5"},"up":{"uv":[13.125,5.625,12.5,5],"texture":"#5"},"down":{"uv":[13.125,7.5,12.5,8.125],"texture":"#5"}}},{"from":[7.2,0.1,7.6],"to":[8.8,0.9,8.4],"rotation":{"angle":-45,"axis":"x","origin":[8,0.5,8]},"faces":{"north":{"uv":[12.5,3,13.25,3.375],"texture":"#5"},"east":{"uv":[14,5,14.375,5.375],"texture":"#5"},"south":{"uv":[13,7,13.75,7.375],"texture":"#5"},"west":{"uv":[6,14,6.375,14.375],"texture":"#5"},"up":{"uv":[3.75,13.875,3,13.5],"texture":"#5"},"down":{"uv":[14.25,3,13.5,3.375],"texture":"#5"}}},{"from":[7.3,21.325,7.4],"to":[8.7,23.525,9.6],"rotation":{"angle":-45,"axis":"x","origin":[8,21.925,8]},"faces":{"north":{"uv":[4,10.5,4.75,11.625],"texture":"#5"},"east":{"uv":[9.5,8.5,10.625,9.625],"texture":"#5"},"south":{"uv":[5,10.5,5.75,11.625],"texture":"#5"},"west":{"uv":[10,1.5,11.125,2.625],"texture":"#5"},"up":{"uv":[11.25,6.125,10.5,5],"texture":"#5"},"down":{"uv":[11.25,10,10.5,11.125],"texture":"#5"}}},{"from":[7.05,21.575,7.65],"to":[8.95,23.275,9.35],"rotation":{"angle":-45,"axis":"x","origin":[8,21.925,8]},"faces":{"north":{"uv":[9.5,10,10.5,10.875],"texture":"#5"},"east":{"uv":[7,11,7.875,11.875],"texture":"#5"},"south":{"uv":[0,10.5,1,11.375],"texture":"#5"},"west":{"uv":[11,9,11.875,9.875],"texture":"#5"},"up":{"uv":[11.5,0.875,10.5,0],"texture":"#5"},"down":{"uv":[11.5,3,10.5,3.875],"texture":"#5"}}},{"from":[7.4,22.09575,5.34675],"to":[8.6,23.09575,7.34675],"rotation":{"angle":0,"axis":"x","origin":[8,22.69176,6.41522]},"faces":{"north":{"uv":[10.5,1,11.125,1.5],"texture":"#5"},"east":{"uv":[6.5,1.5,7.5,2],"texture":"#5"},"west":{"uv":[8,5.5,9,6],"texture":"#5"},"down":{"uv":[8.625,11.5,8,12.5],"texture":"#5"}}},{"from":[7.495,21.64926,5.50522],"to":[8.505,22.45926,7.12522],"rotation":{"angle":-22.5,"axis":"x","origin":[8,22.69176,6.41522]},"faces":{"north":{"uv":[11,13.5,11.5,13.875],"texture":"#5"},"east":{"uv":[13.5,3.5,14.25,3.875],"texture":"#5"},"west":{"uv":[4,13.5,4.75,13.875],"texture":"#5"},"down":{"uv":[1.5,13,1,13.75],"texture":"#5"}}},{"from":[7.33,22.64325,4.89515],"to":[8.67,23.78325,7.17515],"rotation":{"angle":22.5,"axis":"x","origin":[8,22.69176,6.41522]},"faces":{"north":{"uv":[8,12.5,8.625,13.125],"texture":"#5"},"east":{"uv":[11.5,0,12.625,0.625],"texture":"#5"},"south":{"uv":[13,0,13.625,0.625],"texture":"#5"},"west":{"uv":[11.5,1,12.625,1.625],"texture":"#5"},"up":{"uv":[12.125,3.125,11.5,2],"texture":"#5"},"down":{"uv":[12.125,5,11.5,6.125],"texture":"#5"}}},{"from":[7.985,-2.25,5.75],"to":[8.015,1.75,10.25],"rotation":{"angle":0,"axis":"y","origin":[7.985,-1.25,6.5]},"faces":{"east":{"uv":[6.25,0,4,2],"texture":"#5"},"west":{"uv":[4,0,6.25,2],"texture":"#5"}}},{"from":[7.5,16,7.25],"to":[8.5,22,8.75],"rotation":{"angle":0,"axis":"y","origin":[7.75,11,6.75]},"faces":{"north":{"uv":[9,5.5,9.5,8.5],"texture":"#5"},"east":{"uv":[7,7,7.75,10],"texture":"#5"},"south":{"uv":[9,8.5,9.5,11.5],"texture":"#5"},"west":{"uv":[0,7.5,0.75,10.5],"texture":"#5"}}},{"from":[7.601,18.17938,5.22084],"to":[8.399,19.17938,5.97084],"rotation":{"angle":-45,"axis":"x","origin":[8.001,20.17938,5.59584]},"faces":{"north":{"uv":[13.5,11,13.875,11.5],"texture":"#5"},"east":{"uv":[11.5,13.5,11.875,14],"texture":"#5"},"south":{"uv":[13.5,11.5,13.875,12],"texture":"#5"},"west":{"uv":[13.5,12,13.875,12.5],"texture":"#5"},"up":{"uv":[6.875,14.375,6.5,14],"texture":"#5"}}},{"from":[7.601,21.4205,6.1565],"to":[8.399,22.1705,7.1565],"rotation":{"angle":-45,"axis":"x","origin":[8.001,21.7955,6.6565]},"faces":{"east":{"uv":[13.5,12.5,14,12.875],"texture":"#5"},"south":{"uv":[14,6.5,14.375,6.875],"texture":"#5"},"west":{"uv":[13,13.5,13.5,13.875],"texture":"#5"},"up":{"uv":[13.875,13.5,13.5,13],"texture":"#5"},"down":{"uv":[13.875,13.5,13.5,14],"texture":"#5"}}},{"from":[7.6,19.20711,6.03778],"to":[8.4,21.70711,6.78778],"rotation":{"angle":0,"axis":"x","origin":[8,19.95711,6.41278]},"faces":{"north":{"uv":[3.5,11,3.875,12.25],"texture":"#5"},"east":{"uv":[9,11.5,9.375,12.75],"texture":"#5"},"south":{"uv":[11.5,10,11.875,11.25],"texture":"#5"},"west":{"uv":[10.5,11.5,10.875,12.75],"texture":"#5"},"up":{"uv":[7.375,14.375,7,14],"texture":"#5"},"down":{"uv":[14.375,7,14,7.375],"texture":"#5"}}},{"from":[7.5975,17.24489,8],"to":[8.4025,19.01989,9.775],"rotation":{"angle":-45,"axis":"x","origin":[7.7475,17.24489,8]},"faces":{"north":{"uv":[13.5,1,13.875,1.875],"texture":"#5"},"east":{"uv":[9.5,11,10.375,11.875],"texture":"#5"},"south":{"uv":[2,13.5,2.375,14.375],"texture":"#5"},"west":{"uv":[0,11.5,0.875,12.375],"texture":"#5"},"up":{"uv":[13.875,2.875,13.5,2],"texture":"#5"},"down":{"uv":[2.875,13.5,2.5,14.375],"texture":"#5"}}},{"from":[7.4975,15.24835,8],"to":[8.5025,16.31135,9.063],"rotation":{"angle":-45,"axis":"x","origin":[8.2525,15.24835,8]},"faces":{"north":{"uv":[7.5,1.5,8,2],"texture":"#5"},"east":{"uv":[2.5,10.5,3,11],"texture":"#5"},"south":{"uv":[2,12,2.5,12.5],"texture":"#5"},"west":{"uv":[12,7.5,12.5,8],"texture":"#5"},"up":{"uv":[13,6.5,12.5,6],"texture":"#5"},"down":{"uv":[13,8.5,12.5,9],"texture":"#5"}}},{"from":[7.5,23.47654,6.07178],"to":[8.5,24.97654,7.07178],"rotation":{"angle":-22.5,"axis":"x","origin":[8,25.21485,6.90852]},"faces":{"north":{"uv":[13,1,13.5,1.75],"texture":"#5"},"east":{"uv":[1.5,13,2,13.75],"texture":"#5"},"south":{"uv":[6,13,6.5,13.75],"texture":"#5"},"west":{"uv":[13,6,13.5,6.75],"texture":"#5"},"up":{"uv":[14,4.5,13.5,4],"texture":"#5"}}},{"from":[7.605,24.67718,6.28869],"to":[8.395,25.86218,7.07869],"rotation":{"angle":0,"axis":"x","origin":[8,25.21485,6.90852]},"faces":{"north":{"uv":[13.5,8,13.875,8.625],"texture":"#5"},"east":{"uv":[8.5,13.5,8.875,14.125],"texture":"#5"},"south":{"uv":[13.5,9,13.875,9.625],"texture":"#5"},"west":{"uv":[13.5,10,13.875,10.625],"texture":"#5"},"up":{"uv":[7.875,14.375,7.5,14],"texture":"#5"}}},{"from":[7.68795,25.55871,6.13574],"to":[8.31205,26.74486,6.75984],"rotation":{"angle":22.5,"axis":"x","origin":[8,25.21485,6.90852]},"faces":{"north":{"uv":[4,14,4.25,14.625],"texture":"#5"},"east":{"uv":[14,4,14.25,4.625],"texture":"#5"},"south":{"uv":[4.5,14,4.75,14.625],"texture":"#5"},"west":{"uv":[5.5,14,5.75,14.625],"texture":"#5"},"up":{"uv":[14.25,7.75,14,7.5],"texture":"#5"}}},{"from":[7.601,18.17938,10.02916],"to":[8.399,19.17938,10.77916],"rotation":{"angle":45,"axis":"x","origin":[8.001,20.17938,10.40416]},"faces":{"north":{"uv":[13.875,11.5,13.5,12],"texture":"#5"},"east":{"uv":[11.875,13.5,11.5,14],"texture":"#5"},"south":{"uv":[13.875,11,13.5,11.5],"texture":"#5"},"west":{"uv":[13.875,12,13.5,12.5],"texture":"#5"},"up":{"uv":[6.875,14,6.5,14.375],"texture":"#5"}}},{"from":[7.6,19.20711,9.21222],"to":[8.4,21.70711,9.96222],"rotation":{"angle":0,"axis":"x","origin":[8,19.95711,9.58722]},"faces":{"north":{"uv":[11.875,10,11.5,11.25],"texture":"#5"},"east":{"uv":[9.375,11.5,9,12.75],"texture":"#5"},"south":{"uv":[3.875,11,3.5,12.25],"texture":"#5"},"west":{"uv":[10.875,11.5,10.5,12.75],"texture":"#5"},"up":{"uv":[7.375,14,7,14.375],"texture":"#5"},"down":{"uv":[14.375,7.375,14,7],"texture":"#5"}}},{"from":[7.601,21.4205,8.8435],"to":[8.399,22.1705,9.8435],"rotation":{"angle":45,"axis":"x","origin":[8.001,21.7955,9.3435]},"faces":{"north":{"uv":[14.375,6.5,14,6.875],"texture":"#5"},"east":{"uv":[14,12.5,13.5,12.875],"texture":"#5"},"west":{"uv":[13.5,13.5,13,13.875],"texture":"#5"},"up":{"uv":[13.875,13,13.5,13.5],"texture":"#5"},"down":{"uv":[13.875,14,13.5,13.5],"texture":"#5"}}},{"from":[7.495,21.64926,8.87478],"to":[8.505,22.45926,10.49478],"rotation":{"angle":22.5,"axis":"x","origin":[8,22.69176,9.58478]},"faces":{"east":{"uv":[14.25,3.5,13.5,3.875],"texture":"#5"},"south":{"uv":[11.5,13.5,11,13.875],"texture":"#5"},"west":{"uv":[4.75,13.5,4,13.875],"texture":"#5"},"down":{"uv":[1.5,13.75,1,13],"texture":"#5"}}},{"from":[7.4,22.09575,8.65325],"to":[8.6,23.09575,10.65325],"rotation":{"angle":0,"axis":"x","origin":[8,22.69176,9.58478]},"faces":{"east":{"uv":[7.5,1.5,6.5,2],"texture":"#5"},"south":{"uv":[11.125,1,10.5,1.5],"texture":"#5"},"west":{"uv":[9,5.5,8,6],"texture":"#5"},"down":{"uv":[8.625,12.5,8,11.5],"texture":"#5"}}},{"from":[7.33,22.64325,8.82485],"to":[8.67,23.78325,11.10485],"rotation":{"angle":-22.5,"axis":"x","origin":[8,22.69176,9.58478]},"faces":{"north":{"uv":[13.625,0,13,0.625],"texture":"#5"},"east":{"uv":[12.625,0,11.5,0.625],"texture":"#5"},"south":{"uv":[8.625,12.5,8,13.125],"texture":"#5"},"west":{"uv":[12.625,1,11.5,1.625],"texture":"#5"},"up":{"uv":[12.125,2,11.5,3.125],"texture":"#5"},"down":{"uv":[12.125,6.125,11.5,5],"texture":"#5"}}},{"from":[7.5,23.47654,8.92822],"to":[8.5,24.97654,9.92822],"rotation":{"angle":22.5,"axis":"x","origin":[8,25.21485,9.09148]},"faces":{"north":{"uv":[6.5,13,6,13.75],"texture":"#5"},"east":{"uv":[2,13,1.5,13.75],"texture":"#5"},"south":{"uv":[13.5,1,13,1.75],"texture":"#5"},"west":{"uv":[13.5,6,13,6.75],"texture":"#5"},"up":{"uv":[14,4,13.5,4.5],"texture":"#5"}}},{"from":[7.605,24.67718,8.92131],"to":[8.395,25.86218,9.71131],"rotation":{"angle":0,"axis":"x","origin":[8,25.21485,9.09148]},"faces":{"north":{"uv":[13.875,9,13.5,9.625],"texture":"#5"},"east":{"uv":[8.875,13.5,8.5,14.125],"texture":"#5"},"south":{"uv":[13.875,8,13.5,8.625],"texture":"#5"},"west":{"uv":[13.875,10,13.5,10.625],"texture":"#5"},"up":{"uv":[7.875,14,7.5,14.375],"texture":"#5"}}},{"from":[7.68795,25.55871,9.24016],"to":[8.31205,26.74486,9.86426],"rotation":{"angle":-22.5,"axis":"x","origin":[8,25.21485,9.09148]},"faces":{"north":{"uv":[4.75,14,4.5,14.625],"texture":"#5"},"east":{"uv":[14.25,4,14,4.625],"texture":"#5"},"south":{"uv":[4.25,14,4,14.625],"texture":"#5"},"west":{"uv":[5.75,14,5.5,14.625],"texture":"#5"},"up":{"uv":[14.25,7.5,14,7.75],"texture":"#5"}}},{"from":[6.5,19,3.25],"to":[9.5,22,5.25],"rotation":{"angle":-45,"axis":"z","origin":[8,20.5,4.25]},"faces":{"east":{"uv":[9,1.5,10,3],"texture":"#5"},"south":{"uv":[6.5,0,8,1.5],"texture":"#5"},"west":{"uv":[9.5,0,10.5,1.5],"texture":"#5"},"up":{"uv":[10.5,4,9,3],"texture":"#5"},"down":{"uv":[9.5,5,11,4],"texture":"#5"}}},{"from":[6.5,19,10.75],"to":[9.5,22,12.75],"rotation":{"angle":-45,"axis":"z","origin":[8,20.5,11.75]},"faces":{"north":{"uv":[1,7.5,2.5,9],"texture":"#5"},"east":{"uv":[3,9.5,4,11],"texture":"#5"},"south":{"uv":[8,0,9.5,1.5],"texture":"#5"},"west":{"uv":[9.5,5,10.5,6.5],"texture":"#5"},"up":{"uv":[9.5,6.5,10.5,5],"rotation":90,"texture":"#5"},"down":{"uv":[10.5,6.5,9.5,5],"rotation":90,"texture":"#5"}}},{"from":[6.75,19.25,12.75],"to":[9.25,21.75,14],"rotation":{"angle":-45,"axis":"z","origin":[8,20.5,13.75]},"faces":{"east":{"uv":[2.5,11,3.125,12.25],"texture":"#5"},"south":{"uv":[8,4,9.25,5.25],"texture":"#5"},"west":{"uv":[11,6.5,11.625,7.75],"texture":"#5"},"up":{"uv":[11,7.75,11.625,6.5],"rotation":90,"texture":"#5"},"down":{"uv":[11,8.625,12.25,8],"texture":"#5"}}},{"from":[7,19.5,14],"to":[9,21.5,14.5],"rotation":{"angle":-45,"axis":"z","origin":[8,20.5,13.75]},"faces":{"east":{"uv":[13.5,4.5,13.75,5.5],"texture":"#5"},"south":{"uv":[7,10,8,11],"texture":"#5"},"west":{"uv":[5,13.5,5.25,14.5],"texture":"#5"},"up":{"uv":[14.5,5.75,13.5,5.5],"texture":"#5"},"down":{"uv":[14.5,6,13.5,6.25],"texture":"#5"}}},{"from":[7,19.5,5.25],"to":[9,21.5,10.75],"rotation":{"angle":-45,"axis":"z","origin":[8,20.5,6]},"faces":{"east":{"uv":[7,9.75,6,7],"rotation":90,"texture":"#5"},"west":{"uv":[0,6.5,2.75,7.5],"texture":"#5"},"up":{"uv":[4,9.25,3,6.5],"texture":"#5"},"down":{"uv":[7,7,6,9.75],"texture":"#5"}}},{"from":[6,18.5,-0.25],"to":[10,22.5,3.25],"rotation":{"angle":-45,"axis":"z","origin":[8,20.5,2.25]},"faces":{"north":{"uv":[4,2,6,4],"texture":"#5"},"east":{"uv":[0,4.5,1.75,6.5],"texture":"#5"},"south":{"uv":[4,4,6,6],"texture":"#5"},"west":{"uv":[2,4.5,3.75,6.5],"texture":"#5"},"up":{"uv":[8,3.75,6,2],"texture":"#5"},"down":{"uv":[6,7.75,4,6],"texture":"#5"}}},{"from":[6.25,18.75,-0.75],"to":[9.75,22.25,-0.25],"rotation":{"angle":-45,"axis":"z","origin":[8,20.5,-1.25]},"faces":{"north":{"uv":[6,4,7.75,5.75],"texture":"#5"},"east":{"uv":[11,11.5,11.25,13.25],"texture":"#5"},"west":{"uv":[11.5,11.5,11.75,13.25],"texture":"#5"},"up":{"uv":[13.25,3.75,11.5,3.5],"texture":"#5"},"down":{"uv":[5.75,12,4,12.25],"texture":"#5"}}},{"from":[5.79289,22.62132,1.75],"to":[6.79289,24.12132,2.75],"rotation":{"angle":45,"axis":"z","origin":[7.29289,22.62132,-0.25]},"faces":{"north":{"uv":[6.5,13,7,13.75],"texture":"#5"},"east":{"uv":[7,13,7.5,13.75],"texture":"#5"},"south":{"uv":[7.5,13,8,13.75],"texture":"#5"},"west":{"uv":[13,8.5,13.5,9.25],"texture":"#5"},"up":{"uv":[6,14,5.5,13.5],"texture":"#5"}}},{"from":[4.945,18.225,13.35],"to":[5.005,26.725,20.85],"rotation":{"angle":-22.5,"axis":"y","origin":[4.975,22.475,17.1]},"faces":{"east":{"uv":[3.75,0,0,4.25],"texture":"#5"},"west":{"uv":[0,0,3.75,4.25],"texture":"#5"}}},{"from":[10.995,18.225,13.35],"to":[11.055,26.725,20.85],"rotation":{"angle":22.5,"axis":"y","origin":[11.025,22.475,17.1]},"faces":{"east":{"uv":[3.75,0,0,4.25],"texture":"#5"},"west":{"uv":[0,0,3.75,4.25],"texture":"#5"}}},{"from":[9.20711,22.62132,1.75],"to":[10.20711,24.12132,2.75],"rotation":{"angle":-45,"axis":"z","origin":[8.70711,22.62132,-0.25]},"faces":{"north":{"uv":[9,13,9.5,13.75],"texture":"#5"},"east":{"uv":[9.5,13,10,13.75],"texture":"#5"},"south":{"uv":[13,9.5,13.5,10.25],"texture":"#5"},"west":{"uv":[10,13,10.5,13.75],"texture":"#5"},"up":{"uv":[14,7,13.5,6.5],"texture":"#5"}}},{"from":[5.79289,16.87868,1.75],"to":[6.79289,18.37868,2.75],"rotation":{"angle":-45,"axis":"z","origin":[7.29289,18.37868,-0.25]},"faces":{"north":{"uv":[12.5,13,13,13.75],"texture":"#5"},"east":{"uv":[13,12.5,13.5,13.25],"texture":"#5"},"south":{"uv":[0,13.5,0.5,14.25],"texture":"#5"},"west":{"uv":[0.5,13.5,1,14.25],"texture":"#5"},"down":{"uv":[8.5,13.5,8,14],"texture":"#5"}}},{"from":[9.20711,16.87868,1.75],"to":[10.20711,18.37868,2.75],"rotation":{"angle":45,"axis":"z","origin":[8.70711,18.37868,-0.25]},"faces":{"north":{"uv":[10.5,13,11,13.75],"texture":"#5"},"east":{"uv":[13,10.5,13.5,11.25],"texture":"#5"},"south":{"uv":[13,11.5,13.5,12.25],"texture":"#5"},"west":{"uv":[12,13,12.5,13.75],"texture":"#5"},"down":{"uv":[14,7.5,13.5,8],"texture":"#5"}}},{"from":[5.40201,19.27209,-5.25],"to":[5.43201,23.02209,1.75],"rotation":{"angle":45,"axis":"z","origin":[4.91701,22.89709,5.25]},"faces":{"east":{"uv":[0,7.5,14,0],"rotation":180,"texture":"#3"},"west":{"uv":[14,7.5,0,0],"rotation":180,"texture":"#3"}}},{"from":[10.56799,19.27209,-5.25],"to":[10.59799,23.02209,1.75],"rotation":{"angle":-45,"axis":"z","origin":[11.08299,22.89709,5.25]},"faces":{"east":{"uv":[0,7.5,14,0],"rotation":180,"texture":"#3"},"west":{"uv":[14,7.5,0,0],"rotation":180,"texture":"#3"}}},{"from":[5.40201,17.97791,-5.25],"to":[5.43201,21.72791,1.75],"rotation":{"angle":-45,"axis":"z","origin":[4.91701,18.10291,5.25]},"faces":{"east":{"uv":[0,0,14,7.5],"rotation":180,"texture":"#3"},"west":{"uv":[14,0,0,7.5],"rotation":180,"texture":"#3"}}},{"from":[10.56799,17.97791,-5.25],"to":[10.59799,21.72791,1.75],"rotation":{"angle":45,"axis":"z","origin":[11.08299,18.10291,5.25]},"faces":{"east":{"uv":[0,0,14,7.5],"rotation":180,"texture":"#3"},"west":{"uv":[14,0,0,7.5],"rotation":180,"texture":"#3"}}},{"from":[7.6,-2.5,5.5],"to":[7.6,2.5,10.5],"rotation":{"angle":0,"axis":"y","origin":[7.6,-7,6.5]},"faces":{"west":{"uv":[0,0,10,10],"texture":"#4"}}},{"from":[8.4,-2.5,5.5],"to":[8.4,2.5,10.5],"rotation":{"angle":0,"axis":"y","origin":[8.4,-7,6.5]},"faces":{"east":{"uv":[10,0,0,10],"texture":"#4"}}}],"gui_light":"front","display":{"thirdperson_righthand":{"translation":[0,-3.25,1]},"thirdperson_lefthand":{"translation":[0,-3.25,1]},"firstperson_righthand":{"rotation":[-10,0,0],"translation":[0,-3,1.5]},"firstperson_lefthand":{"rotation":[-10,0,0],"translation":[0,-3,1.5]},"ground":{"rotation":[-45,0,0],"translation":[0,9.5,0]},"gui":{"rotation":[-90,45,90],"translation":[3.25,-3.25,0],"scale":[0.67969,0.67969,0.67969]},"head":{"rotation":[90,-90,90]},"fixed":{"rotation":[0,-90,0],"translation":[0,-6.25,-1.75],"scale":[2,2,2]}},"mcmodels":"0b1125552b50be0b9d0c0928d08a01c5"}