{"textures​":{"layer0":"minecraft:item/gunpowder"},"credit":"Made by PolygonMC","texture_size":[28,28],"\u0074\u0065\u0078\u0074\u0075\u0072\u0065\u0073":{"1":"\u0066\u0061\u0069\u0072\u0079\u0073\u0065\u0074:\u0077\u0069\u006e\u0067\u0073","2":"\u0066\u0061\u0069\u0072\u0079\u0073\u0065\u0074:\u0061\u006e\u0069\u006d\u0061\u0074\u0069\u006f\u006e\u0073/\u0061\u006e\u0069\u006d\u0061\u0074\u0069\u006f\u006e\u0073_04","\u0070\u0061\u0072\u0074\u0069\u0063\u006c\u0065":"\u0066\u0061\u0069\u0072\u0079\u0073\u0065\u0074:\u0061\u006e\u0069\u006d\u0061\u0074\u0069\u006f\u006e\u0073/\u0061\u006e\u0069\u006d\u0061\u0074\u0069\u006f\u006e\u0073_04"},"elements":[{"from":[6.25,3.5125,7.5],"to":[9.75,7.0125,8.5],"rotation":{"angle":-45,"axis":"z","origin":[8,5.2625,8]},"faces":{"north":{"uv":[0.28571,12.85714,2.28571,14.85714],"texture":"#1","tintindex":0},"east":{"uv":[7.14286,12.85714,7.71429,14.85714],"texture":"#1","tintindex":0},"south":{"uv":[12.85714,0.28571,14.85714,2.28571],"texture":"#1","tintindex":0},"west":{"uv":[12.85714,7.14286,13.42857,9.14286],"texture":"#1","tintindex":0},"up":{"uv":[9.71429,13.42857,7.71429,12.85714],"texture":"#1","tintindex":0},"down":{"uv":[14.85714,9.42857,12.85714,10],"texture":"#1","tintindex":0}}},{"from":[6.75,4.0125,7.25],"to":[9.25,6.5125,8.75],"rotation":{"angle":-45,"axis":"z","origin":[8,5.2625,8]},"faces":{"north":{"uv":[2.57143,12.85714,4,14.28571],"texture":"#1","tintindex":0},"east":{"uv":[4.28571,12.85714,5.14286,14.28571],"texture":"#1","tintindex":0},"south":{"uv":[12.85714,2.57143,14.28571,4],"texture":"#1","tintindex":0},"west":{"uv":[12.85714,4.28571,13.71429,5.71429],"texture":"#1","tintindex":0},"up":{"uv":[6.85714,13.71429,5.42857,12.85714],"texture":"#1","tintindex":0},"down":{"uv":[14.28571,6,12.85714,6.85714],"texture":"#1","tintindex":0}}},{"from":[9.05,-0.1375,8],"to":[16.3,21.6125,8.03],"rotation":{"angle":0,"axis":"y","origin":[9.05,6.6125,8]},"faces":{"north":{"uv":[8.42857,0,12.57143,12.42857],"texture":"#1","tintindex":0},"south":{"uv":[12.57143,0,8.42857,12.42857],"texture":"#1","tintindex":0}}},{"from":[16.3,-0.1375,8],"to":[23.05,21.6125,8.03],"rotation":{"angle":-22.5,"axis":"y","origin":[16.3,-0.1375,8]},"faces":{"north":{"uv":[4.57143,0,8.42857,12.42857],"texture":"#1","tintindex":0},"south":{"uv":[8.42857,0,4.57143,12.42857],"texture":"#1","tintindex":0}}},{"from":[22.50619,-0.1375,10.58311],"to":[22.53619,21.6125,18.08311],"rotation":{"angle":45,"axis":"y","origin":[22.53619,-0.1375,10.58311]},"faces":{"east":{"uv":[0.28571,0,4.57143,12.42857],"texture":"#1","tintindex":0},"west":{"uv":[4.57143,0,0.28571,12.42857],"texture":"#1","tintindex":0}}},{"from":[-0.3,-0.1375,8],"to":[6.95,21.6125,8.03],"rotation":{"angle":0,"axis":"y","origin":[6.95,6.6125,8]},"faces":{"north":{"uv":[12.57143,0,8.42857,12.42857],"texture":"#1","tintindex":0},"south":{"uv":[8.42857,0,12.57143,12.42857],"texture":"#1","tintindex":0}}},{"from":[-7.05,-0.1375,8],"to":[-0.3,21.6125,8.03],"rotation":{"angle":22.5,"axis":"y","origin":[-0.3,-0.1375,8]},"faces":{"north":{"uv":[8.42857,0,4.57143,12.42857],"texture":"#1","tintindex":0},"south":{"uv":[4.57143,0,8.42857,12.42857],"texture":"#1","tintindex":0}}},{"from":[-6.53619,-0.1375,10.58311],"to":[-6.50619,21.6125,18.08311],"rotation":{"angle":-45,"axis":"y","origin":[-6.53619,-0.1375,10.58311]},"faces":{"east":{"uv":[0.28571,0,4.57143,12.42857],"texture":"#1","tintindex":0},"west":{"uv":[4.57143,0,0.28571,12.42857],"texture":"#1","tintindex":0}}},{"from":[9.59011,4,7.70509],"to":[16.39011,8.8,7.70509],"rotation":{"angle":0,"axis":"z","origin":[19.39011,6.4,10.10509]},"faces":{"north":{"uv":[0,10,3.9994,15.66607],"rotation":270,"texture":"#2","tintindex":0},"south":{"uv":[0,15.66607,3.9994,10],"rotation":270,"texture":"#2","tintindex":0}}},{"from":[16.1313,4,9.00621],"to":[22.9313,8.8,9.00621],"rotation":{"angle":-22.5,"axis":"y","origin":[19.5313,6.4,9.00621]},"faces":{"north":{"uv":[0,4.33333,3.9994,9.99941],"rotation":270,"texture":"#2","tintindex":0},"south":{"uv":[0,9.99941,3.9994,4.33333],"rotation":270,"texture":"#2","tintindex":0}}},{"from":[21.91097,4,12.14582],"to":[27.11097,8.8,12.14582],"rotation":{"angle":-45,"axis":"y","origin":[24.51097,6.4,12.14582]},"faces":{"north":{"uv":[0,0,3.9994,4.33274],"rotation":270,"texture":"#2","tintindex":0},"south":{"uv":[0,4.33274,3.9994,0],"rotation":270,"texture":"#2","tintindex":0}}},{"from":[-0.00989,4.6,11.95509],"to":[4.79011,11.4,11.95509],"rotation":{"angle":22.5,"axis":"x","origin":[8,13.76043,14.17546]},"faces":{"north":{"uv":[0,10,3.9994,15.66607],"texture":"#2","tintindex":0},"south":{"uv":[0,15.66607,3.9994,10],"rotation":180,"texture":"#2","tintindex":0}}},{"from":[-0.00989,10.72998,13.0274],"to":[4.79011,17.52998,13.0274],"rotation":{"angle":45,"axis":"x","origin":[8,13.76043,14.17546]},"faces":{"north":{"uv":[0,4.33333,3.9994,9.99941],"texture":"#2","tintindex":0},"south":{"uv":[0,9.99941,3.9994,4.33333],"rotation":180,"texture":"#2","tintindex":0}}},{"from":[-0.00989,16.26363,17.21873],"to":[4.79011,16.26363,22.41873],"rotation":{"angle":-22.5,"axis":"x","origin":[8,13.76043,14.17546]},"faces":{"up":{"uv":[0,0,3.9994,4.33274],"rotation":180,"texture":"#2","tintindex":0},"down":{"uv":[0,4.33274,3.9994,0],"rotation":180,"texture":"#2","tintindex":0}}},{"from":[11.20989,4.6,11.95509],"to":[16.00989,11.4,11.95509],"rotation":{"angle":22.5,"axis":"x","origin":[8,13.76043,14.17546]},"faces":{"north":{"uv":[3.9994,10,0,15.66607],"texture":"#2","tintindex":0},"south":{"uv":[3.9994,15.66607,0,10],"rotation":180,"texture":"#2","tintindex":0}}},{"from":[11.20989,10.72998,13.0274],"to":[16.00989,17.52998,13.0274],"rotation":{"angle":45,"axis":"x","origin":[8,13.76043,14.17546]},"faces":{"north":{"uv":[3.9994,4.33333,0,9.99941],"texture":"#2","tintindex":0},"south":{"uv":[3.9994,9.99941,0,4.33333],"rotation":180,"texture":"#2","tintindex":0}}},{"from":[11.20989,16.26363,17.21873],"to":[16.00989,16.26363,22.41873],"rotation":{"angle":-22.5,"axis":"x","origin":[8,13.76043,14.17546]},"faces":{"up":{"uv":[3.9994,0,0,4.33274],"rotation":180,"texture":"#2","tintindex":0},"down":{"uv":[3.9994,4.33274,0,0],"rotation":180,"texture":"#2","tintindex":0}}},{"from":[-6.9313,4,9.00621],"to":[-0.1313,8.8,9.00621],"rotation":{"angle":22.5,"axis":"y","origin":[-3.5313,6.4,9.00621]},"faces":{"north":{"uv":[0,9.99941,3.9994,4.33333],"rotation":270,"texture":"#2","tintindex":0},"south":{"uv":[0,4.33333,3.9994,9.99941],"rotation":270,"texture":"#2","tintindex":0}}},{"from":[-0.39011,4,7.70509],"to":[6.40989,8.8,7.70509],"rotation":{"angle":0,"axis":"z","origin":[-3.39011,6.4,10.10509]},"faces":{"north":{"uv":[0,15.66607,3.9994,10],"rotation":270,"texture":"#2","tintindex":0},"south":{"uv":[0,10,3.9994,15.66607],"rotation":270,"texture":"#2","tintindex":0}}},{"from":[-11.11097,4,12.14582],"to":[-5.91097,8.8,12.14582],"rotation":{"angle":45,"axis":"y","origin":[-8.51097,6.4,12.14582]},"faces":{"north":{"uv":[0,4.33274,3.9994,0],"rotation":270,"texture":"#2","tintindex":0},"south":{"uv":[0,0,3.9994,4.33274],"rotation":270,"texture":"#2","tintindex":0}}}],"gui_light":"front","display":{"thirdperson_righthand":{"rotation":[30.5,0,0],"translation":[0,1.25,0],"scale":[0.5332,0.5332,0.5332]},"thirdperson_lefthand":{"rotation":[67,0,0],"translation":[-5.5,-5.75,12],"scale":[1.3,1.3,1.3]},"firstperson_righthand":{"rotation":[149.25,0,-180],"translation":[0,3.75,1.25],"scale":[0.72266,0.72266,0.72266]},"firstperson_lefthand":{"scale":[0,0,0]},"ground":{"rotation":[-45,0,0],"translation":[0,7,-1.5]},"gui":{"rotation":[0,180,0],"translation":[0,-0.25,0],"scale":[0.45313,0.45313,0.45313]},"head":{"translation":[0,-53.5,7.5],"scale":[2.2,2.2,2.2]},"fixed":{"rotation":[0,180,0],"translation":[0,4.25,-1.5],"scale":[2.31641,2.31641,2.31641]}},"mcmodels":"0b1125552b50be0b9d0c0928d08a01c5"}