{"textures":{"0":"modelengine:entity/kite","1":"modelengine:entity/kite_colors"},"elements":[{"from":[6.6911983,4.75,7.851922],"to":[14.191198,5.25,8.351922],"faces":{"east":{"uv":[3.75,10.0,4.0,10.25],"tintindex":0,"rotation":0,"texture":"#0"},"south":{"uv":[7.5,7.25,11.25,7.5],"tintindex":0,"rotation":0,"texture":"#0"},"north":{"uv":[7.5,7.0,11.25,7.25],"tintindex":0,"rotation":0,"texture":"#0"},"west":{"uv":[10.0,3.75,10.25,4.0],"tintindex":0,"rotation":0,"texture":"#0"},"up":{"uv":[11.25,7.75,7.5,7.5],"tintindex":0,"rotation":0,"texture":"#0"},"down":{"uv":[11.25,7.75,7.5,8.0],"tintindex":0,"rotation":0,"texture":"#0"}},"rotation":{"origin":[10.441198,5.0,8.101922],"angle":-45.0,"axis":"y"}},{"from":[7.7586145,4.7,5.599018],"to":[8.258614,5.2,19.099018],"faces":{"east":{"uv":[7.0,6.5,13.75,6.75],"tintindex":0,"rotation":0,"texture":"#0"},"south":{"uv":[10.0,4.75,10.25,5.0],"tintindex":0,"rotation":0,"texture":"#0"},"north":{"uv":[4.75,10.0,5.0,10.25],"tintindex":0,"rotation":0,"texture":"#0"},"west":{"uv":[7.0,6.75,13.75,7.0],"tintindex":0,"rotation":0,"texture":"#0"},"up":{"uv":[7.25,13.75,7.0,7.0],"tintindex":0,"rotation":0,"texture":"#0"},"down":{"uv":[7.5,7.0,7.25,13.75],"tintindex":0,"rotation":0,"texture":"#0"}}},{"from":[5.0646744,4.75,4.778699],"to":[5.5646744,5.25,11.778699],"faces":{"east":{"uv":[0.0,10.0,3.5,10.25],"tintindex":0,"rotation":0,"texture":"#0"},"south":{"uv":[10.0,4.25,10.25,4.5],"tintindex":0,"rotation":0,"texture":"#0"},"north":{"uv":[4.25,10.0,4.5,10.25],"tintindex":0,"rotation":0,"texture":"#0"},"west":{"uv":[10.0,0.0,13.5,0.25],"tintindex":0,"rotation":0,"texture":"#0"},"up":{"uv":[10.25,3.75,10.0,0.25],"tintindex":0,"rotation":0,"texture":"#0"},"down":{"uv":[3.75,10.0,3.5,13.5],"tintindex":0,"rotation":0,"texture":"#0"}},"rotation":{"origin":[5.3146744,5.0,8.278699],"angle":-45.0,"axis":"y"}},{"from":[-2.808732,4.95,11.504429],"to":[7.191268,4.95,18.004429],"faces":{"up":{"uv":[5.0,3.25,0.0,0.0],"tintindex":0,"rotation":0,"texture":"#1"},"down":{"uv":[5.0,3.25,0.0,6.5],"tintindex":0,"rotation":0,"texture":"#1"}},"rotation":{"origin":[2.191268,4.95,14.754429],"angle":22.5,"axis":"y"}},{"from":[8.731266,4.95,11.500238],"to":[18.731266,4.95,18.000238],"faces":{"up":{"uv":[10.0,3.25,5.0,0.0],"tintindex":0,"rotation":0,"texture":"#1"},"down":{"uv":[10.0,3.25,5.0,6.5],"tintindex":0,"rotation":0,"texture":"#1"}},"rotation":{"origin":[13.731266,4.95,14.750238],"angle":-22.5,"axis":"y"}},{"from":[-3.9913855,4.7,11.884442],"to":[3.508614,5.2,12.384442],"faces":{"east":{"uv":[4.0,10.0,4.25,10.25],"tintindex":0,"rotation":0,"texture":"#0"},"south":{"uv":[7.5,8.25,11.25,8.5],"tintindex":0,"rotation":0,"texture":"#0"},"north":{"uv":[7.5,8.0,11.25,8.25],"tintindex":0,"rotation":0,"texture":"#0"},"west":{"uv":[10.0,4.0,10.25,4.25],"tintindex":0,"rotation":0,"texture":"#0"},"up":{"uv":[11.25,8.75,7.5,8.5],"tintindex":0,"rotation":0,"texture":"#0"},"down":{"uv":[11.25,8.75,7.5,9.0],"tintindex":0,"rotation":0,"texture":"#0"}},"rotation":{"origin":[-0.5436411,4.95,12.134442],"angle":22.5,"axis":"y"}},{"from":[4.466325,5.0,7.4303493],"to":[11.466325,5.0,14.430349],"faces":{"up":{"uv":[3.5,10.0,0.0,6.5],"tintindex":0,"rotation":0,"texture":"#1"},"down":{"uv":[7.0,6.5,3.5,10.0],"tintindex":0,"rotation":0,"texture":"#1"}},"rotation":{"origin":[7.966325,5.0,10.930349],"angle":-45.0,"axis":"y"}},{"from":[12.508614,4.7,11.884442],"to":[20.008614,5.2,12.384442],"faces":{"east":{"uv":[4.5,10.0,4.75,10.25],"tintindex":0,"rotation":0,"texture":"#0"},"south":{"uv":[7.5,9.25,11.25,9.5],"tintindex":0,"rotation":0,"texture":"#0"},"north":{"uv":[7.5,9.0,11.25,9.25],"tintindex":0,"rotation":0,"texture":"#0"},"west":{"uv":[10.0,4.5,10.25,4.75],"tintindex":0,"rotation":0,"texture":"#0"},"up":{"uv":[11.25,9.75,7.5,9.5],"tintindex":0,"rotation":0,"texture":"#0"},"down":{"uv":[11.25,9.75,7.5,10.0],"tintindex":0,"rotation":0,"texture":"#0"}},"rotation":{"origin":[16.476292,4.95,12.134442],"angle":-22.5,"axis":"y"}}],"display":{"head":{"rotation":[0.0,0.0,0.0]},"firstperson_righthand":{"rotation":[0.0,0.0,0.0]},"thirdperson_lefthand":{"rotation":[0.0,-0.0,-0.0]},"firstperson_lefthand":{"rotation":[0.0,-0.0,-0.0]},"fixed":{"rotation":[0.0,0.0,0.0]},"ground":{"rotation":[0.0,0.0,0.0]},"thirdperson_righthand":{"rotation":[0.0,0.0,0.0]},"gui":{"rotation":[-150.0,-75.0,-180.0]}}}