{"textures":{"0":"modelengine:block/sculked_crustacean"},"elements":[{"from":[5.975,0.975,5.975],"to":[10.025,8.025,10.025],"faces":{"east":{"uv":[9.0,12.0,8.0,13.75],"tintindex":0,"rotation":0,"texture":"#0"},"south":{"uv":[4.75,12.0,3.75,13.75],"tintindex":0,"rotation":0,"texture":"#0"},"north":{"uv":[13.0,1.75,12.0,3.5],"tintindex":0,"rotation":0,"texture":"#0"},"west":{"uv":[3.75,12.0,2.75,13.75],"tintindex":0,"rotation":0,"texture":"#0"},"up":{"uv":[0.0,14.75,1.0,13.75],"tintindex":0,"rotation":0,"texture":"#0"},"down":{"uv":[13.75,0.0,14.75,1.0],"tintindex":0,"rotation":0,"texture":"#0"}}}],"display":{"head":{"rotation":[0.0,0.0,0.0]},"firstperson_righthand":{"rotation":[0.0,0.0,0.0]},"thirdperson_lefthand":{"rotation":[0.0,-0.0,-0.0]},"firstperson_lefthand":{"rotation":[0.0,-0.0,-0.0]},"fixed":{"rotation":[0.0,0.0,0.0]},"ground":{"rotation":[0.0,0.0,0.0]},"thirdperson_righthand":{"rotation":[0.0,0.0,0.0]},"gui":{"rotation":[-150.0,-75.0,-180.0]}}}