{"textures":{"0":"modelengine:block/dark_duck","1":"modelengine:block/dark_duck_tail"},"elements":[{"from":[6.6452746,6.3004055,4.7986755],"to":[9.354725,9.009855,8.858127],"faces":{"east":{"uv":[0.008,0.008,2.992,1.992],"tintindex":0,"rotation":0,"texture":"#0"},"south":{"uv":[5.008,0.008,6.992,1.992],"tintindex":0,"rotation":0,"texture":"#0"},"north":{"uv":[0.008,4.008,1.992,5.992],"tintindex":0,"rotation":0,"texture":"#0"},"west":{"uv":[2.992,0.008,0.008,1.992],"tintindex":0,"rotation":0,"texture":"#0"},"up":{"uv":[4.992,2.992,3.008,0.008],"tintindex":0,"rotation":0,"texture":"#0"},"down":{"uv":[4.992,3.008,3.008,5.992],"tintindex":0,"rotation":0,"texture":"#0"}}},{"from":[7.5455,7.532094,9.486593],"to":[8.4545,8.891094,9.945594],"faces":{"east":{"uv":[0.0,3.0,1.0,6.0],"tintindex":0,"rotation":0,"texture":"#1"},"south":{"uv":[2.0,0.0,4.0,3.0],"tintindex":0,"rotation":0,"texture":"#1"},"north":{"uv":[0.0,0.0,2.0,3.0],"tintindex":0,"rotation":0,"texture":"#1"},"west":{"uv":[1.0,3.0,2.0,6.0],"tintindex":0,"rotation":0,"texture":"#1"},"up":{"uv":[4.0,4.0,2.0,3.0],"tintindex":0,"rotation":0,"texture":"#1"},"down":{"uv":[6.0,0.0,4.0,1.0],"tintindex":0,"rotation":0,"texture":"#1"}},"rotation":{"origin":[8.0,7.620969,9.2829685],"angle":-45.0,"axis":"x"}}],"display":{"head":{"rotation":[0.0,0.0,0.0]},"firstperson_righthand":{"rotation":[0.0,0.0,0.0]},"thirdperson_lefthand":{"rotation":[0.0,-0.0,-0.0]},"firstperson_lefthand":{"rotation":[0.0,-0.0,-0.0]},"fixed":{"rotation":[0.0,0.0,0.0]},"ground":{"rotation":[0.0,0.0,0.0]},"thirdperson_righthand":{"rotation":[0.0,0.0,0.0]},"gui":{"rotation":[-150.0,-75.0,-180.0]}}}