{"textures":{"0":"modelengine:block/dark_duck"},"elements":[{"from":[6.9825497,7.8600497,7.0388],"to":[9.01745,9.894951,9.0737],"faces":{"east":{"uv":[6.508,6.508,7.992,7.992],"tintindex":0,"rotation":0,"texture":"#0"},"south":{"uv":[7.008,0.008,8.492,1.492],"tintindex":0,"rotation":0,"texture":"#0"},"north":{"uv":[5.008,6.508,6.492,7.992],"tintindex":0,"rotation":0,"texture":"#0"},"west":{"uv":[7.992,6.508,6.508,7.992],"tintindex":0,"rotation":0,"texture":"#0"},"up":{"uv":[8.492,4.492,7.008,3.008],"tintindex":0,"rotation":0,"texture":"#0"},"down":{"uv":[8.492,4.508,7.008,5.992],"tintindex":0,"rotation":0,"texture":"#0"}}},{"from":[7.32005,8.13005,5.6888],"to":[8.679951,8.81495,7.0487003],"faces":{"east":{"uv":[7.008,6.008,7.992,6.492],"tintindex":0,"rotation":0,"texture":"#0"},"south":{"uv":[9.008,7.008,9.992,7.492],"tintindex":0,"rotation":0,"texture":"#0"},"north":{"uv":[2.008,5.508,2.992,5.992],"tintindex":0,"rotation":0,"texture":"#0"},"west":{"uv":[7.508,9.008,8.492,9.492],"tintindex":0,"rotation":0,"texture":"#0"},"up":{"uv":[9.492,4.992,8.508,4.008],"tintindex":0,"rotation":0,"texture":"#0"},"down":{"uv":[9.492,5.008,8.508,5.992],"tintindex":0,"rotation":0,"texture":"#0"}}}],"display":{"head":{"rotation":[0.0,0.0,0.0]},"firstperson_righthand":{"rotation":[0.0,0.0,0.0]},"thirdperson_lefthand":{"rotation":[0.0,-0.0,-0.0]},"firstperson_lefthand":{"rotation":[0.0,-0.0,-0.0]},"fixed":{"rotation":[0.0,0.0,0.0]},"ground":{"rotation":[0.0,0.0,0.0]},"thirdperson_righthand":{"rotation":[0.0,0.0,0.0]},"gui":{"rotation":[-150.0,-75.0,-180.0]}}}