{"textures":{"0":"modelengine:entity/stormtrooper"},"elements":[{"from":[7.1,7.6,7.1],"to":[8.9,8.4,8.9],"faces":{"east":{"uv":[6.0,10.0,5.5,10.25],"tintindex":0,"rotation":0,"texture":"#0"},"south":{"uv":[5.75,9.0,6.25,9.25],"tintindex":0,"rotation":0,"texture":"#0"},"north":{"uv":[5.25,9.0,5.75,9.25],"tintindex":0,"rotation":0,"texture":"#0"},"west":{"uv":[6.25,10.0,6.75,10.25],"tintindex":0,"rotation":0,"texture":"#0"},"up":{"uv":[5.75,9.75,5.25,9.25],"tintindex":0,"rotation":0,"texture":"#0"},"down":{"uv":[6.5,9.25,6.0,9.75],"tintindex":0,"rotation":0,"texture":"#0"}}}],"display":{"head":{"rotation":[0.0,0.0,0.0]},"firstperson_righthand":{"rotation":[0.0,0.0,0.0]},"thirdperson_lefthand":{"rotation":[0.0,-0.0,-0.0]},"firstperson_lefthand":{"rotation":[0.0,-0.0,-0.0]},"fixed":{"rotation":[0.0,0.0,0.0]},"ground":{"rotation":[0.0,0.0,0.0]},"thirdperson_righthand":{"rotation":[0.0,0.0,0.0]},"gui":{"rotation":[-150.0,-75.0,-180.0]}}}