{"credit":"Made with Blockbench","texture_size":[64,64],"textures":{"0":"modelengine:entity/babyyoda"},"elements":[{"from":[3.25,2.75,4.25],"to":[12.75,7.25,12.75],"rotation":{"angle":0,"axis":"y","origin":[8,0,9]},"faces":{"north":{"uv":[7.75,0,10,1],"texture":"#0"},"east":{"uv":[12,0,10,1],"texture":"#0"},"south":{"uv":[7.75,2.5,10,3.5],"texture":"#0"},"west":{"uv":[10,0,12,1],"texture":"#0"},"up":{"uv":[9.5,2,9.75,2.25],"texture":"#0"},"down":{"uv":[9.5,2,9.75,2.25],"texture":"#0"}}},{"from":[3.5,3,4.5],"to":[12.5,7,12.5],"rotation":{"angle":0,"axis":"y","origin":[8,0,9]},"faces":{"north":{"uv":[0.25,0,2.5,1],"texture":"#0"},"east":{"uv":[4.5,0,2.5,1],"texture":"#0"},"south":{"uv":[0.25,2.5,2.5,3.5],"texture":"#0"},"west":{"uv":[2.5,0,4.5,1],"texture":"#0"},"up":{"uv":[3.25,2.25,3.5,2.5],"texture":"#0"},"down":{"uv":[3.25,2.25,3.5,2.5],"texture":"#0"}}},{"from":[3,6.5,4],"to":[13,9.5,13],"rotation":{"angle":0,"axis":"x","origin":[8,8,8.5]},"faces":{"north":{"uv":[0,4.25,2.5,5],"texture":"#0"},"east":{"uv":[0,5,2.25,5.75],"texture":"#0"},"south":{"uv":[2.5,4.25,0,5],"texture":"#0"},"west":{"uv":[2.25,5,0,5.75],"texture":"#0"},"up":{"uv":[2.75,4.25,5.25,6.5],"texture":"#0"},"down":{"uv":[3.25,2.25,3.5,2.5],"texture":"#0"}}},{"from":[2.75,6.25,3.75],"to":[13.25,9.75,13.25],"rotation":{"angle":0,"axis":"x","origin":[8,8,8.5]},"faces":{"north":{"uv":[0,5.75,2.5,6.5],"texture":"#0"},"east":{"uv":[0,6.5,2.25,7.25],"texture":"#0"},"south":{"uv":[2.5,5.75,0,6.5],"texture":"#0"},"west":{"uv":[2.25,6.5,0,7.25],"texture":"#0"},"up":{"uv":[5.25,6.5,2.75,8.75],"texture":"#0"},"down":{"uv":[3.25,2.25,3.5,2.5],"texture":"#0"}}},{"from":[4,8.5,5],"to":[12,13.5,12],"rotation":{"angle":0,"axis":"y","origin":[8,-1.5,9]},"faces":{"north":{"uv":[7.75,3.75,9.75,5],"texture":"#0"},"east":{"uv":[11.5,3.75,9.75,5],"texture":"#0"},"south":{"uv":[11.5,3.75,13.5,5],"texture":"#0"},"west":{"uv":[9.75,3.75,11.5,5],"texture":"#0"},"up":{"uv":[7.75,6.75,9.75,5],"texture":"#0"},"down":{"uv":[8.5,6,8.75,5.75],"texture":"#0"}}},{"from":[3.75,8.25,4.75],"to":[12.25,13.75,12.25],"rotation":{"angle":0,"axis":"y","origin":[8,-1.5,9]},"faces":{"north":{"uv":[7.75,6.75,9.75,8],"texture":"#0"},"east":{"uv":[11.5,6.75,9.75,8],"texture":"#0"},"south":{"uv":[11.5,6.75,13.5,8],"texture":"#0"},"west":{"uv":[9.75,6.75,11.5,8],"texture":"#0"},"up":{"uv":[7.75,9.75,9.75,8],"texture":"#0"},"down":{"uv":[8.5,6,8.75,5.75],"texture":"#0"}}},{"from":[-2,10.5,8],"to":[4,13.5,9],"rotation":{"angle":0,"axis":"y","origin":[8,-1.5,9]},"faces":{"north":{"uv":[0,7.5,1.5,8.25],"texture":"#0"},"east":{"uv":[9.5,2,9.75,2.25],"texture":"#0"},"south":{"uv":[1.5,7.5,0,8.25],"texture":"#0"},"west":{"uv":[1.25,7.5,1.5,8.25],"texture":"#0"},"up":{"uv":[1.5,7.5,0,7.75],"texture":"#0"},"down":{"uv":[9.5,2,9.75,2.25],"texture":"#0"}}},{"from":[12,10.5,8],"to":[18,13.5,9],"rotation":{"angle":0,"axis":"y","origin":[8,-1.5,9]},"faces":{"north":{"uv":[1.5,7.5,0,8.25],"texture":"#0"},"east":{"uv":[1.5,7.5,1.25,8.25],"texture":"#0"},"south":{"uv":[0,7.5,1.5,8.25],"texture":"#0"},"west":{"uv":[9.75,2,9.5,2.25],"texture":"#0"},"up":{"uv":[0,7.5,1.5,7.75],"texture":"#0"},"down":{"uv":[9.75,2,9.5,2.25],"texture":"#0"}}},{"from":[0.5,1,7],"to":[3.5,8,10],"rotation":{"angle":0,"axis":"y","origin":[8,0,9]},"faces":{"north":{"uv":[5.75,2.25,6.5,4],"texture":"#0"},"east":{"uv":[6.5,4,5.75,5.75],"texture":"#0"},"south":{"uv":[6.5,2.25,5.75,4],"texture":"#0"},"west":{"uv":[6.5,2.25,7.25,4],"texture":"#0"},"up":{"uv":[7.5,4.25,6.75,5],"texture":"#0"},"down":{"uv":[7.5,5.25,6.75,6],"texture":"#0"}}},{"from":[0.25,0.75,6.75],"to":[3.75,8.25,10.25],"rotation":{"angle":0,"axis":"y","origin":[8,0,9]},"faces":{"north":{"uv":[5.75,6.25,6.5,8],"texture":"#0"},"east":{"uv":[6.5,8,5.75,9.75],"texture":"#0"},"south":{"uv":[6.5,6.25,5.75,8],"texture":"#0"},"west":{"uv":[6.5,6.25,7.25,8],"texture":"#0"},"up":{"uv":[7.5,4.25,6.75,5],"texture":"#0"},"down":{"uv":[5.75,4.25,5.5,4.5],"texture":"#0"}}},{"from":[12.5,1,7],"to":[15.5,8,10],"rotation":{"angle":0,"axis":"y","origin":[8,0,9]},"faces":{"north":{"uv":[6.5,2.25,5.75,4],"texture":"#0"},"east":{"uv":[7.25,2.25,6.5,4],"texture":"#0"},"south":{"uv":[5.75,2.25,6.5,4],"texture":"#0"},"west":{"uv":[5.75,4,6.5,5.75],"texture":"#0"},"up":{"uv":[6.75,4.25,7.5,5],"texture":"#0"},"down":{"uv":[6.75,5.25,7.5,6],"texture":"#0"}}},{"from":[12.25,0.75,6.75],"to":[15.75,8.25,10.25],"rotation":{"angle":0,"axis":"y","origin":[8,0,9]},"faces":{"north":{"uv":[6.5,6.25,5.75,8],"texture":"#0"},"east":{"uv":[7.25,6.25,6.5,8],"texture":"#0"},"south":{"uv":[5.75,6.25,6.5,8],"texture":"#0"},"west":{"uv":[5.75,8,6.5,9.75],"texture":"#0"},"up":{"uv":[6.75,4.25,7.5,5],"texture":"#0"},"down":{"uv":[5.5,4.25,5.75,4.5],"texture":"#0"}}},{"from":[2.25,-0.25,4.15],"to":[13.75,3.25,12.65],"rotation":{"angle":0,"axis":"y","origin":[8,0,9]},"faces":{"north":{"uv":[7.5,1,10.25,1.75],"texture":"#0"},"east":{"uv":[12.25,1,10.25,1.75],"texture":"#0"},"south":{"uv":[7.5,1.75,10.25,2.5],"texture":"#0"},"west":{"uv":[10.25,1,12.25,1.75],"texture":"#0"},"up":{"uv":[9.5,2,9.75,2.25],"texture":"#0"},"down":{"uv":[12.25,2,15,0],"texture":"#0"}}},{"from":[2.5,0,4.4],"to":[13.5,3,12.4],"rotation":{"angle":0,"axis":"y","origin":[8,0,9]},"faces":{"north":{"uv":[0,1,2.75,1.75],"texture":"#0"},"east":{"uv":[4.75,1,2.75,1.75],"texture":"#0"},"south":{"uv":[0,1.75,2.75,2.5],"texture":"#0"},"west":{"uv":[2.75,1,4.75,1.75],"texture":"#0"},"up":{"uv":[2.75,2,5.5,4],"texture":"#0"},"down":{"uv":[4.75,0,7.5,2],"texture":"#0"}}}],"gui_light":"front","display":{"thirdperson_righthand":{"scale":[0.31641,0.31641,0.31641]},"thirdperson_lefthand":{"scale":[0.31641,0.31641,0.31641]},"firstperson_righthand":{"translation":[5.25,0,0],"scale":[0.31641,0.31641,0.31641]},"firstperson_lefthand":{"translation":[5.25,0,0],"scale":[0.31641,0.31641,0.31641]},"ground":{"scale":[0.31641,0.31641,0.31641]},"gui":{"rotation":[-158.75,33,-180],"translation":[-0.25,0.75,0],"scale":[0.71875,0.71875,0.71875]},"head":{"translation":[0,11.5,0],"scale":[0.61719,0.61719,0.61719]}},"mcmodels":"8630017fd8ddb2649c493e1aae55d74e"}