{"textures":{"0":"modelengine:block/sculk_sentinel"},"elements":[{"from":[3.475,7.975,3.475],"to":[12.525,17.025,12.525],"faces":{"east":{"uv":[2.0,11.0,3.125,12.125],"tintindex":0,"rotation":0,"texture":"#0"},"south":{"uv":[11.0,2.5,12.125,3.625],"tintindex":0,"rotation":0,"texture":"#0"},"north":{"uv":[10.875,7.5,12.0,8.625],"tintindex":0,"rotation":0,"texture":"#0"},"west":{"uv":[3.125,11.0,4.25,12.125],"tintindex":0,"rotation":0,"texture":"#0"},"up":{"uv":[12.125,4.75,11.0,3.625],"tintindex":0,"rotation":0,"texture":"#0"},"down":{"uv":[5.375,11.0,4.25,12.125],"tintindex":0,"rotation":0,"texture":"#0"}}},{"from":[8.0,17.0,4.5],"to":[8.0,22.0,10.5],"faces":{"east":{"uv":[0.0,12.5,0.75,13.125],"tintindex":0,"rotation":0,"texture":"#0"},"west":{"uv":[0.75,12.5,0.0,13.125],"tintindex":0,"rotation":0,"texture":"#0"}}},{"from":[10.5,8.0,3.5],"to":[13.5,12.0,12.5],"faces":{"east":{"uv":[12.125,4.0,13.25,4.5],"tintindex":0,"rotation":0,"texture":"#0"},"south":{"uv":[12.875,13.125,13.25,13.625],"tintindex":0,"rotation":0,"texture":"#0"},"north":{"uv":[7.25,3.5,7.625,4.0],"tintindex":0,"rotation":0,"texture":"#0"},"west":{"uv":[12.25,4.5,13.375,5.0],"tintindex":0,"rotation":0,"texture":"#0"},"up":{"uv":[11.125,13.875,10.75,12.75],"tintindex":0,"rotation":0,"texture":"#0"},"down":{"uv":[11.5,12.875,11.125,14.0],"tintindex":0,"rotation":0,"texture":"#0"}},"rotation":{"origin":[12.5,12.0,8.0],"angle":22.5,"axis":"z"}}],"display":{"head":{"rotation":[0.0,0.0,0.0]},"firstperson_righthand":{"rotation":[0.0,0.0,0.0]},"thirdperson_lefthand":{"rotation":[0.0,-0.0,-0.0]},"firstperson_lefthand":{"rotation":[0.0,-0.0,-0.0]},"fixed":{"rotation":[0.0,0.0,0.0]},"ground":{"rotation":[0.0,0.0,0.0]},"thirdperson_righthand":{"rotation":[0.0,0.0,0.0]},"gui":{"rotation":[-150.0,-75.0,-180.0]}}}