{"textures":{"0":"modelengine:block/sculk_sentinel"},"elements":[{"from":[7.975,5.975,2.975],"to":[17.025,16.025,13.025],"faces":{"east":{"uv":[2.5,8.5,1.25,9.75],"tintindex":0,"rotation":0,"texture":"#0"},"south":{"uv":[7.25,9.75,6.125,11.0],"tintindex":0,"rotation":0,"texture":"#0"},"north":{"uv":[6.125,9.75,5.0,11.0],"tintindex":0,"rotation":0,"texture":"#0"},"west":{"uv":[1.25,8.25,0.0,9.5],"tintindex":0,"rotation":0,"texture":"#0"},"up":{"uv":[9.75,8.25,10.875,7.0],"tintindex":0,"rotation":0,"texture":"#0"},"down":{"uv":[9.75,8.25,10.875,9.5],"tintindex":0,"rotation":0,"texture":"#0"}},"rotation":{"origin":[12.5,11.0,8.0],"angle":22.5,"axis":"z"}},{"from":[8.0,-2.0,4.5],"to":[14.0,10.0,11.5],"faces":{"east":{"uv":[11.75,6.0,10.875,7.5],"tintindex":0,"rotation":0,"texture":"#0"},"south":{"uv":[11.875,0.0,11.125,1.5],"tintindex":0,"rotation":0,"texture":"#0"},"north":{"uv":[0.75,11.0,0.0,12.5],"tintindex":0,"rotation":0,"texture":"#0"},"west":{"uv":[10.375,10.625,9.5,12.125],"tintindex":0,"rotation":0,"texture":"#0"},"up":{"uv":[10.125,6.875,10.875,6.0],"tintindex":0,"rotation":0,"texture":"#0"},"down":{"uv":[2.625,12.125,3.375,13.0],"tintindex":0,"rotation":0,"texture":"#0"}}},{"from":[9.0,-2.0,2.5],"to":[9.0,1.0,4.5],"faces":{"east":{"uv":[9.0,13.375,8.75,13.75],"tintindex":0,"rotation":0,"texture":"#0"},"west":{"uv":[8.75,13.375,9.0,13.75],"tintindex":0,"rotation":0,"texture":"#0"}},"rotation":{"origin":[9.001,1.0,4.5],"angle":22.5,"axis":"y"}}],"display":{"head":{"rotation":[0.0,0.0,0.0]},"firstperson_righthand":{"rotation":[0.0,0.0,0.0]},"thirdperson_lefthand":{"rotation":[0.0,-0.0,-0.0]},"firstperson_lefthand":{"rotation":[0.0,-0.0,-0.0]},"fixed":{"rotation":[0.0,0.0,0.0]},"ground":{"rotation":[0.0,0.0,0.0]},"thirdperson_righthand":{"rotation":[0.0,0.0,0.0]},"gui":{"rotation":[-150.0,-75.0,-180.0]}}}