{"textures":{"0":"modelengine:block/nm_poodle_white_texture"},"elements":[{"from":[6.166667,4.8333335,6.5],"to":[9.166667,8.833334,9.5],"faces":{"east":{"uv":[1.75,9.75,1.0,10.75],"tintindex":0,"rotation":0,"texture":"#0"},"south":{"uv":[0.75,9.75,0.0,10.75],"tintindex":0,"rotation":0,"texture":"#0"},"north":{"uv":[10.0,9.25,9.25,10.25],"tintindex":0,"rotation":0,"texture":"#0"},"west":{"uv":[10.25,7.5,9.5,8.5],"tintindex":0,"rotation":0,"texture":"#0"},"up":{"uv":[10.25,9.5,11.0,8.75],"tintindex":0,"rotation":0,"texture":"#0"},"down":{"uv":[10.25,9.75,11.0,10.5],"tintindex":0,"rotation":0,"texture":"#0"}}},{"from":[7.166667,0.8333335,7.5],"to":[9.166667,4.8333335,9.5],"faces":{"east":{"uv":[9.75,10.5,9.25,11.5],"tintindex":0,"rotation":0,"texture":"#0"},"south":{"uv":[11.0,7.5,10.5,8.5],"tintindex":0,"rotation":0,"texture":"#0"},"north":{"uv":[11.0,3.0,10.5,4.0],"tintindex":0,"rotation":0,"texture":"#0"},"west":{"uv":[5.75,10.5,5.25,11.5],"tintindex":0,"rotation":0,"texture":"#0"},"up":{"uv":[11.25,0.5,11.75,0.0],"tintindex":0,"rotation":0,"texture":"#0"},"down":{"uv":[11.25,0.75,11.75,1.25],"tintindex":0,"rotation":0,"texture":"#0"}}}],"display":{"head":{"rotation":[0.0,0.0,0.0]},"firstperson_righthand":{"rotation":[0.0,0.0,0.0]},"thirdperson_lefthand":{"rotation":[0.0,-0.0,-0.0]},"firstperson_lefthand":{"rotation":[0.0,-0.0,-0.0]},"fixed":{"rotation":[0.0,0.0,0.0]},"ground":{"rotation":[0.0,0.0,0.0]},"thirdperson_righthand":{"rotation":[0.0,0.0,0.0]},"gui":{"rotation":[-150.0,-75.0,-180.0]}}}