{"textures":{"0":"modelengine:block/nm_poodle_white_texture"},"elements":[{"from":[6.9043293,3.2309704,6.5125],"to":[8.904329,8.23097,9.487499],"faces":{"east":{"uv":[9.0,1.5,8.25,2.75],"tintindex":0,"rotation":0,"texture":"#0"},"south":{"uv":[10.5,6.0,10.0,7.25],"tintindex":0,"rotation":0,"texture":"#0"},"north":{"uv":[4.0,10.0,3.5,11.25],"tintindex":0,"rotation":0,"texture":"#0"},"west":{"uv":[9.0,0.0,8.25,1.25],"tintindex":0,"rotation":0,"texture":"#0"},"up":{"uv":[0.0,11.75,0.5,11.0],"tintindex":0,"rotation":0,"texture":"#0"},"down":{"uv":[0.75,11.0,1.25,11.75],"tintindex":0,"rotation":0,"texture":"#0"}}}],"display":{"head":{"rotation":[0.0,0.0,0.0]},"firstperson_righthand":{"rotation":[0.0,0.0,0.0]},"thirdperson_lefthand":{"rotation":[0.0,-0.0,-0.0]},"firstperson_lefthand":{"rotation":[0.0,-0.0,-0.0]},"fixed":{"rotation":[0.0,0.0,0.0]},"ground":{"rotation":[0.0,0.0,0.0]},"thirdperson_righthand":{"rotation":[0.0,0.0,0.0]},"gui":{"rotation":[-150.0,-75.0,-180.0]}}}