{"textures​":{"layer0":"minecraft:item/end_gateway"},"credit":"momirealms","texture_size":[48,48],"\u0074\u0065\u0078\u0074\u0075\u0072\u0065\u0073":{"0":"\u0062\u006c\u006f\u0063\u006b/\u006f\u0061\u006b_\u006c\u006f\u0067","1":"\u0063\u0075\u0073\u0074\u006f\u006d\u0063\u0072\u006f\u0070\u0073:\u0069\u0074\u0065\u006d/\u0063\u0072\u006f\u0070\u0073/\u0061\u0070\u0070\u006c\u0065/\u0073\u0074\u0061\u0067\u0065","\u0070\u0061\u0072\u0074\u0069\u0063\u006c\u0065":"\u0062\u006c\u006f\u0063\u006b/\u006f\u0061\u006b_\u006c\u006f\u0067"},"elements":[{"from":[7,0,7.25],"to":[9,11,9.25],"faces":{"north":{"uv":[7,0,5,11],"texture":"#0"},"east":{"uv":[12,0,10,11],"texture":"#0"},"south":{"uv":[13,0,11,11],"texture":"#0"},"west":{"uv":[8,0,6,11],"texture":"#0"},"up":{"uv":[2,0,0,2],"texture":"#0"},"down":{"uv":[2,0,0,2],"texture":"#0"}}},{"from":[3,-3,8],"to":[8,-1,10],"rotation":{"angle":22.5,"axis":"z","origin":[0,0,0]},"faces":{"north":{"uv":[7,5,9,10],"rotation":90,"texture":"#0"},"east":{"uv":[0,0,2,2],"texture":"#0"},"south":{"uv":[8,10,10,15],"rotation":90,"texture":"#0"},"west":{"uv":[0,0,2,2],"texture":"#0"},"up":{"uv":[8,5,10,10],"rotation":90,"texture":"#0"},"down":{"uv":[0,0,5,2],"texture":"#0"}}},{"from":[4,0,8],"to":[9,1,10],"rotation":{"angle":22.5,"axis":"y","origin":[0,0,0]},"faces":{"north":{"uv":[0,0,5,1],"texture":"#0"},"east":{"uv":[0,0,2,1],"texture":"#0"},"south":{"uv":[0,0,5,1],"texture":"#0"},"west":{"uv":[0,0,2,1],"texture":"#0"},"up":{"uv":[9,7,11,12],"rotation":90,"texture":"#0"},"down":{"uv":[0,0,5,2],"texture":"#0"}}},{"from":[8,3,7],"to":[10,5,12],"rotation":{"angle":22.5,"axis":"x","origin":[0,0,0]},"faces":{"north":{"uv":[0,0,2,2],"texture":"#0"},"east":{"uv":[0,0,5,2],"texture":"#0"},"south":{"uv":[0,0,2,2],"texture":"#0"},"west":{"uv":[0,0,5,2],"texture":"#0"},"up":{"uv":[0,0,2,5],"texture":"#0"},"down":{"uv":[0,0,2,5],"texture":"#0"}}},{"from":[1,6,8],"to":[6,11,13],"faces":{"north":{"uv":[0.33333,1.33333,2,3],"texture":"#1"},"east":{"uv":[0,0,1.66667,1.66667],"texture":"#1"},"south":{"uv":[0,0,1.66667,1.66667],"texture":"#1"},"west":{"uv":[1.33333,1.66667,3,3.33334],"texture":"#1","tintindex":0},"up":{"uv":[0,0,1.66667,1.66667],"texture":"#1"},"down":{"uv":[0,0,1.66667,1.66667],"texture":"#1"}}},{"from":[3,8,1],"to":[13,18,11],"faces":{"north":{"uv":[0.33333,1.33333,3.66667,4.66667],"texture":"#1"},"east":{"uv":[0,0,3.33333,3.33333],"texture":"#1"},"south":{"uv":[0,0,3.33333,3.33333],"texture":"#1"},"west":{"uv":[1.33333,1.66667,4.66667,5],"texture":"#1","tintindex":0},"up":{"uv":[0,0,3.33333,3.33333],"texture":"#1"},"down":{"uv":[0,0,3.33333,3.33333],"texture":"#1"}}},{"from":[9,7,9],"to":[15,13,15],"faces":{"north":{"uv":[0.33333,1.33333,2.33333,3.33333],"texture":"#1"},"east":{"uv":[0,0,2,2],"texture":"#1"},"south":{"uv":[0,0,2,2],"texture":"#1"},"west":{"uv":[2.66666,2.66667,4.66666,4.66667],"texture":"#1","tintindex":0},"up":{"uv":[0,0,2,2],"texture":"#1"},"down":{"uv":[0,0,2,2],"texture":"#1"}}}],"gui_light":"front","display":{"fixed":{"rotation":[-90,0,0],"translation":[0,0,-16],"scale":[2,2,2]}}}