{"textures":{"0":"modelengine:brute2/nocsy_skeleton_brute2_skin"},"elements":[{"from":[6.1758137,-1.7606313,6.648286],"to":[7.2281857,8.015717,9.037361],"faces":{"east":{"uv":[5.125,6.4375,5.25,7.0625],"tintindex":0,"rotation":0,"texture":"#0"},"south":{"uv":[5.4375,7.3125,5.5,7.9375],"tintindex":0,"rotation":0,"texture":"#0"},"north":{"uv":[4.0625,7.25,4.125,7.875],"tintindex":0,"rotation":0,"texture":"#0"},"west":{"uv":[1.1875,6.5,1.3125,7.125],"tintindex":0,"rotation":0,"texture":"#0"},"up":{"uv":[8.125,2.9375,8.0625,2.8125],"tintindex":0,"rotation":0,"texture":"#0"},"down":{"uv":[3.0,8.0625,2.9375,8.1875],"tintindex":0,"rotation":0,"texture":"#0"}}},{"from":[7.709814,-1.7606313,6.648286],"to":[8.998186,8.015717,9.037361],"faces":{"east":{"uv":[0.1875,5.6875,0.3125,6.3125],"tintindex":0,"rotation":0,"texture":"#0"},"south":{"uv":[2.375,7.25,2.4375,7.875],"tintindex":0,"rotation":0,"texture":"#0"},"north":{"uv":[0.5625,7.25,0.625,7.875],"tintindex":0,"rotation":0,"texture":"#0"},"west":{"uv":[0.0,6.4375,0.125,7.0625],"tintindex":0,"rotation":0,"texture":"#0"},"up":{"uv":[1.375,6.625,1.3125,6.5],"tintindex":0,"rotation":0,"texture":"#0"},"down":{"uv":[1.5,8.0625,1.4375,8.1875],"tintindex":0,"rotation":0,"texture":"#0"}}},{"from":[5.41049,-8.053329,9.020317],"to":[7.6421385,-4.5089474,10.431507],"faces":{"east":{"uv":[4.625,7.8125,4.6875,8.0625],"tintindex":0,"rotation":0,"texture":"#0"},"south":{"uv":[1.8125,7.5,1.9375,7.75],"tintindex":0,"rotation":0,"texture":"#0"},"north":{"uv":[1.375,7.5,1.5,7.75],"tintindex":0,"rotation":0,"texture":"#0"},"west":{"uv":[7.8125,4.9375,7.875,5.1875],"tintindex":0,"rotation":0,"texture":"#0"},"up":{"uv":[8.1875,4.0625,8.0625,4.0],"tintindex":0,"rotation":0,"texture":"#0"},"down":{"uv":[8.1875,4.0625,8.0625,4.125],"tintindex":0,"rotation":0,"texture":"#0"}}},{"from":[5.8586545,-9.957483,7.455976],"to":[7.6089664,-6.8944364,8.495224],"faces":{"east":{"uv":[5.1875,7.875,5.25,8.0625],"tintindex":0,"rotation":0,"texture":"#0"},"south":{"uv":[7.625,7.625,7.75,7.8125],"tintindex":0,"rotation":0,"texture":"#0"},"north":{"uv":[7.625,7.4375,7.75,7.625],"tintindex":0,"rotation":0,"texture":"#0"},"west":{"uv":[7.875,5.8125,7.9375,6.0],"tintindex":0,"rotation":0,"texture":"#0"},"up":{"uv":[8.1875,3.5,8.0625,3.4375],"tintindex":0,"rotation":0,"texture":"#0"},"down":{"uv":[3.625,8.0625,3.5,8.125],"tintindex":0,"rotation":0,"texture":"#0"}},"rotation":{"origin":[7.0545616,-8.103733,7.920903],"angle":22.5,"axis":"z"}},{"from":[5.667936,-11.2046795,5.7603617],"to":[7.1994586,-8.360422,6.4167285],"faces":{"east":{"uv":[1.4375,7.875,1.5,8.0625],"tintindex":0,"rotation":0,"texture":"#0"},"south":{"uv":[7.625,3.375,7.75,3.5625],"tintindex":0,"rotation":0,"texture":"#0"},"north":{"uv":[7.625,3.1875,7.75,3.375],"tintindex":0,"rotation":0,"texture":"#0"},"west":{"uv":[2.1875,7.875,2.25,8.0625],"tintindex":0,"rotation":0,"texture":"#0"},"up":{"uv":[3.25,8.125,3.125,8.0625],"tintindex":0,"rotation":0,"texture":"#0"},"down":{"uv":[8.1875,3.125,8.0625,3.1875],"tintindex":0,"rotation":0,"texture":"#0"}},"rotation":{"origin":[7.0545616,-8.103733,7.920903],"angle":45.0,"axis":"z"}},{"from":[5.8586545,-9.957483,9.206289],"to":[7.6089664,-6.8944364,10.245536],"faces":{"east":{"uv":[3.5625,7.875,3.625,8.0625],"tintindex":0,"rotation":0,"texture":"#0"},"south":{"uv":[7.625,4.0625,7.75,4.25],"tintindex":0,"rotation":0,"texture":"#0"},"north":{"uv":[7.625,3.5625,7.75,3.75],"tintindex":0,"rotation":0,"texture":"#0"},"west":{"uv":[3.625,7.875,3.6875,8.0625],"tintindex":0,"rotation":0,"texture":"#0"},"up":{"uv":[8.1875,3.25,8.0625,3.1875],"tintindex":0,"rotation":0,"texture":"#0"},"down":{"uv":[3.375,8.0625,3.25,8.125],"tintindex":0,"rotation":0,"texture":"#0"}},"rotation":{"origin":[7.0545616,-8.103733,7.920903],"angle":22.5,"axis":"z"}},{"from":[5.962242,5.6711407,5.8908367],"to":[9.688494,9.397392,9.459912],"faces":{"east":{"uv":[6.75,6.75,7.0,7.0],"tintindex":0,"rotation":0,"texture":"#0"},"south":{"uv":[6.8125,0.0,7.0625,0.25],"tintindex":0,"rotation":0,"texture":"#0"},"north":{"uv":[6.75,6.5,7.0,6.75],"tintindex":0,"rotation":0,"texture":"#0"},"west":{"uv":[6.8125,0.625,7.0625,0.875],"tintindex":0,"rotation":0,"texture":"#0"},"up":{"uv":[3.0,7.0625,2.75,6.8125],"tintindex":0,"rotation":0,"texture":"#0"},"down":{"uv":[3.25,6.8125,3.0,7.0625],"tintindex":0,"rotation":0,"texture":"#0"}}},{"from":[5.629279,-5.8654394,5.5196934],"to":[8.298505,-1.4459021,10.37681],"faces":{"east":{"uv":[6.1875,6.5625,6.5,6.8125],"tintindex":0,"rotation":0,"texture":"#0"},"south":{"uv":[5.75,7.1875,5.9375,7.4375],"tintindex":0,"rotation":0,"texture":"#0"},"north":{"uv":[5.5625,7.1875,5.75,7.4375],"tintindex":0,"rotation":0,"texture":"#0"},"west":{"uv":[6.5625,6.25,6.875,6.5],"tintindex":0,"rotation":0,"texture":"#0"},"up":{"uv":[1.8125,5.1875,1.625,4.875],"tintindex":0,"rotation":0,"texture":"#0"},"down":{"uv":[2.75,6.875,2.5625,7.1875],"tintindex":0,"rotation":0,"texture":"#0"}}},{"from":[11.339671,-8.906606,5.7603617],"to":[11.996039,-7.812661,7.073096],"faces":{"east":{"uv":[8.0625,3.625,8.1875,3.6875],"tintindex":0,"rotation":0,"texture":"#0"},"south":{"uv":[1.75,8.1875,1.8125,8.25],"tintindex":0,"rotation":0,"texture":"#0"},"north":{"uv":[8.1875,1.6875,8.25,1.75],"tintindex":0,"rotation":0,"texture":"#0"},"west":{"uv":[8.0625,3.6875,8.1875,3.75],"tintindex":0,"rotation":0,"texture":"#0"},"up":{"uv":[3.75,8.1875,3.6875,8.0625],"tintindex":0,"rotation":0,"texture":"#0"},"down":{"uv":[8.125,3.75,8.0625,3.875],"tintindex":0,"rotation":0,"texture":"#0"}},"rotation":{"origin":[11.011488,-6.4999275,6.416729],"angle":-22.5,"axis":"z"}},{"from":[5.8586545,-9.957483,5.650967],"to":[7.6089664,-6.8944364,6.5261235],"faces":{"east":{"uv":[0.875,6.75,0.9375,6.9375],"tintindex":0,"rotation":0,"texture":"#0"},"south":{"uv":[3.0625,7.625,3.1875,7.8125],"tintindex":0,"rotation":0,"texture":"#0"},"north":{"uv":[7.625,2.75,7.75,2.9375],"tintindex":0,"rotation":0,"texture":"#0"},"west":{"uv":[0.25,7.875,0.3125,8.0625],"tintindex":0,"rotation":0,"texture":"#0"},"up":{"uv":[8.1875,3.0625,8.0625,3.0],"tintindex":0,"rotation":0,"texture":"#0"},"down":{"uv":[8.1875,3.0625,8.0625,3.125],"tintindex":0,"rotation":0,"texture":"#0"}},"rotation":{"origin":[7.0545616,-8.103733,7.920903],"angle":22.5,"axis":"z"}},{"from":[5.7605524,-3.5462754,5.6509676],"to":[10.355121,-1.5771759,10.245536],"faces":{"east":{"uv":[7.3125,6.9375,7.625,7.0625],"tintindex":0,"rotation":0,"texture":"#0"},"south":{"uv":[7.375,0.3125,7.6875,0.4375],"tintindex":0,"rotation":0,"texture":"#0"},"north":{"uv":[6.1875,7.3125,6.5,7.4375],"tintindex":0,"rotation":0,"texture":"#0"},"west":{"uv":[7.375,0.8125,7.6875,0.9375],"tintindex":0,"rotation":0,"texture":"#0"},"up":{"uv":[3.25,6.5625,2.9375,6.25],"tintindex":0,"rotation":0,"texture":"#0"},"down":{"uv":[3.5625,6.25,3.25,6.5625],"tintindex":0,"rotation":0,"texture":"#0"}}},{"from":[5.54097,-11.122943,9.4250765],"to":[6.8537045,-8.716262,10.026748],"faces":{"east":{"uv":[5.125,7.875,5.1875,8.0625],"tintindex":0,"rotation":0,"texture":"#0"},"south":{"uv":[5.3125,7.625,5.4375,7.8125],"tintindex":0,"rotation":0,"texture":"#0"},"north":{"uv":[4.5625,7.625,4.6875,7.8125],"tintindex":0,"rotation":0,"texture":"#0"},"west":{"uv":[7.875,5.125,7.9375,5.3125],"tintindex":0,"rotation":0,"texture":"#0"},"up":{"uv":[3.5,8.125,3.375,8.0625],"tintindex":0,"rotation":0,"texture":"#0"},"down":{"uv":[8.1875,3.375,8.0625,3.4375],"tintindex":0,"rotation":0,"texture":"#0"}},"rotation":{"origin":[7.0545616,-8.103733,7.920903],"angle":45.0,"axis":"z"}},{"from":[5.54097,-11.122943,7.674765],"to":[6.8537045,-8.716262,8.276435],"faces":{"east":{"uv":[7.875,4.9375,7.9375,5.125],"tintindex":0,"rotation":0,"texture":"#0"},"south":{"uv":[7.625,4.5,7.75,4.6875],"tintindex":0,"rotation":0,"texture":"#0"},"north":{"uv":[4.4375,7.625,4.5625,7.8125],"tintindex":0,"rotation":0,"texture":"#0"},"west":{"uv":[5.0625,7.875,5.125,8.0625],"tintindex":0,"rotation":0,"texture":"#0"},"up":{"uv":[8.1875,3.3125,8.0625,3.25],"tintindex":0,"rotation":0,"texture":"#0"},"down":{"uv":[8.1875,3.3125,8.0625,3.375],"tintindex":0,"rotation":0,"texture":"#0"}},"rotation":{"origin":[7.0545616,-8.103733,7.920903],"angle":45.0,"axis":"z"}},{"from":[5.41049,-8.053329,7.270005],"to":[7.6421385,-4.5089474,8.626497],"faces":{"east":{"uv":[4.5,7.8125,4.5625,8.0625],"tintindex":0,"rotation":0,"texture":"#0"},"south":{"uv":[1.25,7.5,1.375,7.75],"tintindex":0,"rotation":0,"texture":"#0"},"north":{"uv":[1.125,7.5,1.25,7.75],"tintindex":0,"rotation":0,"texture":"#0"},"west":{"uv":[4.5625,7.8125,4.625,8.0625],"tintindex":0,"rotation":0,"texture":"#0"},"up":{"uv":[8.1875,3.9375,8.0625,3.875],"tintindex":0,"rotation":0,"texture":"#0"},"down":{"uv":[8.1875,3.9375,8.0625,4.0],"tintindex":0,"rotation":0,"texture":"#0"}}},{"from":[5.41049,-8.053329,5.4102993],"to":[7.6421385,-4.5089474,6.657397],"faces":{"east":{"uv":[4.25,7.8125,4.3125,8.0625],"tintindex":0,"rotation":0,"texture":"#0"},"south":{"uv":[3.25,7.4375,3.375,7.6875],"tintindex":0,"rotation":0,"texture":"#0"},"north":{"uv":[0.0,7.4375,0.125,7.6875],"tintindex":0,"rotation":0,"texture":"#0"},"west":{"uv":[4.3125,7.8125,4.375,8.0625],"tintindex":0,"rotation":0,"texture":"#0"},"up":{"uv":[8.1875,3.0,8.0625,2.9375],"tintindex":0,"rotation":0,"texture":"#0"},"down":{"uv":[3.125,8.0625,3.0,8.125],"tintindex":0,"rotation":0,"texture":"#0"}}},{"from":[10.464516,-8.03145,5.5415726],"to":[11.55846,-4.9684043,7.291885],"faces":{"east":{"uv":[0.0,7.6875,0.125,7.875],"tintindex":0,"rotation":0,"texture":"#0"},"south":{"uv":[6.125,7.875,6.1875,8.0625],"tintindex":0,"rotation":0,"texture":"#0"},"north":{"uv":[6.0625,7.875,6.125,8.0625],"tintindex":0,"rotation":0,"texture":"#0"},"west":{"uv":[7.6875,0.25,7.8125,0.4375],"tintindex":0,"rotation":0,"texture":"#0"},"up":{"uv":[8.125,3.625,8.0625,3.5],"tintindex":0,"rotation":0,"texture":"#0"},"down":{"uv":[3.6875,8.0625,3.625,8.1875],"tintindex":0,"rotation":0,"texture":"#0"}}},{"from":[9.56748,-5.8654394,5.3009043],"to":[11.142762,-2.3210585,7.5325527],"faces":{"east":{"uv":[7.375,7.4375,7.5,7.6875],"tintindex":0,"rotation":0,"texture":"#0"},"south":{"uv":[0.125,7.5,0.25,7.75],"tintindex":0,"rotation":0,"texture":"#0"},"north":{"uv":[5.125,7.4375,5.25,7.6875],"tintindex":0,"rotation":0,"texture":"#0"},"west":{"uv":[0.375,7.5,0.5,7.75],"tintindex":0,"rotation":0,"texture":"#0"},"up":{"uv":[7.9375,4.375,7.8125,4.25],"tintindex":0,"rotation":0,"texture":"#0"},"down":{"uv":[4.5,7.8125,4.375,7.9375],"tintindex":0,"rotation":0,"texture":"#0"}},"rotation":{"origin":[9.917543,-4.0932484,6.416729],"angle":22.5,"axis":"z"}}],"display":{"head":{"rotation":[0.0,0.0,0.0]},"firstperson_righthand":{"rotation":[0.0,0.0,0.0]},"thirdperson_lefthand":{"rotation":[0.0,-0.0,-0.0]},"firstperson_lefthand":{"rotation":[0.0,-0.0,-0.0]},"fixed":{"rotation":[0.0,0.0,0.0]},"ground":{"rotation":[0.0,0.0,0.0]},"thirdperson_righthand":{"rotation":[0.0,0.0,0.0]},"gui":{"rotation":[-150.0,-75.0,-180.0]}}}