{"textures":{"0":"modelengine:brute2/nocsy_skeleton_brute2_skin"},"elements":[{"from":[7.1578617,-8.053329,5.4102993],"to":[9.38951,-4.5089474,6.657397],"faces":{"east":{"uv":[5.375,7.8125,5.4375,8.0625],"tintindex":0,"rotation":0,"texture":"#0"},"south":{"uv":[2.0625,7.5,2.1875,7.75],"tintindex":0,"rotation":0,"texture":"#0"},"north":{"uv":[1.9375,7.5,2.0625,7.75],"tintindex":0,"rotation":0,"texture":"#0"},"west":{"uv":[5.6875,7.8125,5.75,8.0625],"tintindex":0,"rotation":0,"texture":"#0"},"up":{"uv":[4.625,8.125,4.5,8.0625],"tintindex":0,"rotation":0,"texture":"#0"},"down":{"uv":[8.1875,4.5,8.0625,4.5625],"tintindex":0,"rotation":0,"texture":"#0"}},"rotation":{"origin":[7.7454386,-8.503733,7.920903],"angle":-22.5,"axis":"z"}},{"from":[7.701495,-5.8654394,5.5196934],"to":[10.370721,-1.4459021,10.37681],"faces":{"east":{"uv":[2.0625,6.625,2.375,6.875],"tintindex":0,"rotation":0,"texture":"#0"},"south":{"uv":[0.125,7.25,0.3125,7.5],"tintindex":0,"rotation":0,"texture":"#0"},"north":{"uv":[5.9375,7.1875,6.125,7.4375],"tintindex":0,"rotation":0,"texture":"#0"},"west":{"uv":[4.0,6.625,4.3125,6.875],"tintindex":0,"rotation":0,"texture":"#0"},"up":{"uv":[5.75,7.1875,5.5625,6.875],"tintindex":0,"rotation":0,"texture":"#0"},"down":{"uv":[5.9375,6.875,5.75,7.1875],"tintindex":0,"rotation":0,"texture":"#0"}}},{"from":[6.340975,-8.688547,9.206289],"to":[9.40402,-6.938235,10.245536],"faces":{"east":{"uv":[5.1875,8.125,5.0625,8.0625],"tintindex":0,"rotation":90,"texture":"#0"},"south":{"uv":[7.6875,5.75,7.8125,5.9375],"tintindex":0,"rotation":90,"texture":"#0"},"north":{"uv":[7.6875,5.5625,7.8125,5.75],"tintindex":0,"rotation":270,"texture":"#0"},"west":{"uv":[5.3125,8.0625,5.1875,8.125],"tintindex":0,"rotation":90,"texture":"#0"},"up":{"uv":[7.5625,7.875,7.625,8.0625],"tintindex":0,"rotation":90,"texture":"#0"},"down":{"uv":[7.5,7.875,7.5625,8.0625],"tintindex":0,"rotation":90,"texture":"#0"}}},{"from":[7.0018144,-1.7606313,6.648286],"to":[8.290186,8.015717,9.037361],"faces":{"east":{"uv":[4.5625,6.5,4.6875,7.125],"tintindex":0,"rotation":0,"texture":"#0"},"south":{"uv":[6.5,7.3125,6.5625,7.9375],"tintindex":0,"rotation":0,"texture":"#0"},"north":{"uv":[5.5,7.3125,5.5625,7.9375],"tintindex":0,"rotation":0,"texture":"#0"},"west":{"uv":[0.375,6.625,0.5,7.25],"tintindex":0,"rotation":0,"texture":"#0"},"up":{"uv":[4.1875,8.1875,4.125,8.0625],"tintindex":0,"rotation":0,"texture":"#0"},"down":{"uv":[8.125,4.125,8.0625,4.25],"tintindex":0,"rotation":0,"texture":"#0"}}},{"from":[5.644879,-3.5462754,5.6509676],"to":[10.239448,-1.5771759,10.245536],"faces":{"east":{"uv":[7.375,5.3125,7.6875,5.4375],"tintindex":0,"rotation":0,"texture":"#0"},"south":{"uv":[7.375,5.4375,7.6875,5.5625],"tintindex":0,"rotation":0,"texture":"#0"},"north":{"uv":[7.375,3.9375,7.6875,4.0625],"tintindex":0,"rotation":0,"texture":"#0"},"west":{"uv":[7.375,5.5625,7.6875,5.6875],"tintindex":0,"rotation":0,"texture":"#0"},"up":{"uv":[4.3125,6.625,4.0,6.3125],"tintindex":0,"rotation":0,"texture":"#0"},"down":{"uv":[6.625,5.1875,6.3125,5.5],"tintindex":0,"rotation":0,"texture":"#0"}}},{"from":[6.3115067,5.6711407,5.8908367],"to":[10.037758,9.397392,9.459912],"faces":{"east":{"uv":[6.8125,4.0625,7.0625,4.3125],"tintindex":0,"rotation":0,"texture":"#0"},"south":{"uv":[6.1875,6.8125,6.4375,7.0625],"tintindex":0,"rotation":0,"texture":"#0"},"north":{"uv":[3.25,6.8125,3.5,7.0625],"tintindex":0,"rotation":0,"texture":"#0"},"west":{"uv":[2.0625,6.875,2.3125,7.125],"tintindex":0,"rotation":0,"texture":"#0"},"up":{"uv":[2.5625,7.125,2.3125,6.875],"tintindex":0,"rotation":0,"texture":"#0"},"down":{"uv":[4.0,6.875,3.75,7.125],"tintindex":0,"rotation":0,"texture":"#0"}}},{"from":[5.093778,-8.879267,5.7603617],"to":[7.9380345,-7.3477426,6.4167285],"faces":{"east":{"uv":[4.875,8.125,4.75,8.0625],"tintindex":0,"rotation":90,"texture":"#0"},"south":{"uv":[7.6875,5.375,7.8125,5.5625],"tintindex":0,"rotation":90,"texture":"#0"},"north":{"uv":[7.6875,5.1875,7.8125,5.375],"tintindex":0,"rotation":270,"texture":"#0"},"west":{"uv":[8.1875,4.75,8.0625,4.8125],"tintindex":0,"rotation":90,"texture":"#0"},"up":{"uv":[7.4375,7.875,7.5,8.0625],"tintindex":0,"rotation":90,"texture":"#0"},"down":{"uv":[7.375,7.875,7.4375,8.0625],"tintindex":0,"rotation":90,"texture":"#0"}},"rotation":{"origin":[8.194725,-7.4926395,7.920903],"angle":-22.5,"axis":"z"}},{"from":[5.175515,-9.00623,9.4250765],"to":[7.5821943,-7.6934967,10.026748],"faces":{"east":{"uv":[8.1875,5.4375,8.0625,5.375],"tintindex":0,"rotation":90,"texture":"#0"},"south":{"uv":[7.6875,7.125,7.8125,7.3125],"tintindex":0,"rotation":90,"texture":"#0"},"north":{"uv":[7.6875,6.625,7.8125,6.8125],"tintindex":0,"rotation":270,"texture":"#0"},"west":{"uv":[8.1875,5.4375,8.0625,5.5],"tintindex":0,"rotation":90,"texture":"#0"},"up":{"uv":[0.125,7.9375,0.1875,8.125],"tintindex":0,"rotation":90,"texture":"#0"},"down":{"uv":[7.875,7.875,7.9375,8.0625],"tintindex":0,"rotation":90,"texture":"#0"}},"rotation":{"origin":[8.194725,-7.4926395,7.920903],"angle":-22.5,"axis":"z"}},{"from":[4.4415393,-8.03145,5.5415726],"to":[5.5354843,-4.9684043,7.291885],"faces":{"east":{"uv":[7.75,0.0,7.875,0.1875],"tintindex":0,"rotation":0,"texture":"#0"},"south":{"uv":[7.9375,0.9375,8.0,1.125],"tintindex":0,"rotation":0,"texture":"#0"},"north":{"uv":[7.9375,0.625,8.0,0.8125],"tintindex":0,"rotation":0,"texture":"#0"},"west":{"uv":[0.125,7.75,0.25,7.9375],"tintindex":0,"rotation":0,"texture":"#0"},"up":{"uv":[5.6875,8.1875,5.625,8.0625],"tintindex":0,"rotation":0,"texture":"#0"},"down":{"uv":[5.75,8.0625,5.6875,8.1875],"tintindex":0,"rotation":0,"texture":"#0"}}},{"from":[7.1578617,-8.053329,7.270005],"to":[9.38951,-4.5089474,8.626497],"faces":{"east":{"uv":[7.8125,5.8125,7.875,6.0625],"tintindex":0,"rotation":0,"texture":"#0"},"south":{"uv":[2.9375,7.5,3.0625,7.75],"tintindex":0,"rotation":0,"texture":"#0"},"north":{"uv":[2.8125,7.5,2.9375,7.75],"tintindex":0,"rotation":0,"texture":"#0"},"west":{"uv":[5.875,7.8125,5.9375,8.0625],"tintindex":0,"rotation":0,"texture":"#0"},"up":{"uv":[8.1875,6.1875,8.0625,6.125],"tintindex":0,"rotation":0,"texture":"#0"},"down":{"uv":[6.3125,8.0625,6.1875,8.125],"tintindex":0,"rotation":0,"texture":"#0"}},"rotation":{"origin":[7.7454386,-8.503733,7.920903],"angle":-22.5,"axis":"z"}},{"from":[4.857238,-5.8654394,5.3009043],"to":[6.4325194,-2.3210585,7.5325527],"faces":{"east":{"uv":[2.4375,7.5,2.5625,7.75],"tintindex":0,"rotation":0,"texture":"#0"},"south":{"uv":[2.5625,7.5,2.6875,7.75],"tintindex":0,"rotation":0,"texture":"#0"},"north":{"uv":[2.1875,7.5,2.3125,7.75],"tintindex":0,"rotation":0,"texture":"#0"},"west":{"uv":[2.6875,7.5,2.8125,7.75],"tintindex":0,"rotation":0,"texture":"#0"},"up":{"uv":[7.9375,5.8125,7.8125,5.6875],"tintindex":0,"rotation":0,"texture":"#0"},"down":{"uv":[5.875,7.8125,5.75,7.9375],"tintindex":0,"rotation":0,"texture":"#0"}},"rotation":{"origin":[6.0824566,-4.0932484,6.416729],"angle":-22.5,"axis":"z"}},{"from":[6.340975,-8.688547,7.455976],"to":[9.40402,-6.938235,8.495224],"faces":{"east":{"uv":[5.625,8.125,5.5,8.0625],"tintindex":0,"rotation":90,"texture":"#0"},"south":{"uv":[7.5,7.6875,7.625,7.875],"tintindex":0,"rotation":90,"texture":"#0"},"north":{"uv":[7.375,7.6875,7.5,7.875],"tintindex":0,"rotation":270,"texture":"#0"},"west":{"uv":[8.1875,5.5,8.0625,5.5625],"tintindex":0,"rotation":90,"texture":"#0"},"up":{"uv":[7.9375,0.4375,8.0,0.625],"tintindex":0,"rotation":90,"texture":"#0"},"down":{"uv":[0.1875,7.9375,0.25,8.125],"tintindex":0,"rotation":90,"texture":"#0"}}},{"from":[8.771814,-1.7606313,6.648286],"to":[9.824186,8.015717,9.037361],"faces":{"east":{"uv":[1.8125,6.625,1.9375,7.25],"tintindex":0,"rotation":0,"texture":"#0"},"south":{"uv":[6.625,7.3125,6.6875,7.9375],"tintindex":0,"rotation":0,"texture":"#0"},"north":{"uv":[6.5625,7.3125,6.625,7.9375],"tintindex":0,"rotation":0,"texture":"#0"},"west":{"uv":[1.9375,6.625,2.0625,7.25],"tintindex":0,"rotation":0,"texture":"#0"},"up":{"uv":[4.25,8.1875,4.1875,8.0625],"tintindex":0,"rotation":0,"texture":"#0"},"down":{"uv":[4.3125,8.0625,4.25,8.1875],"tintindex":0,"rotation":0,"texture":"#0"}}},{"from":[4.003961,-8.906606,5.7603617],"to":[4.6603284,-7.812661,7.073096],"faces":{"east":{"uv":[5.875,8.0625,6.0,8.125],"tintindex":0,"rotation":0,"texture":"#0"},"south":{"uv":[1.8125,8.1875,1.875,8.25],"tintindex":0,"rotation":0,"texture":"#0"},"north":{"uv":[8.1875,1.75,8.25,1.8125],"tintindex":0,"rotation":0,"texture":"#0"},"west":{"uv":[6.0,8.0625,6.125,8.125],"tintindex":0,"rotation":0,"texture":"#0"},"up":{"uv":[8.125,6.125,8.0625,6.0],"tintindex":0,"rotation":0,"texture":"#0"},"down":{"uv":[6.1875,8.0625,6.125,8.1875],"tintindex":0,"rotation":0,"texture":"#0"}},"rotation":{"origin":[4.9885116,-6.4999275,6.416729],"angle":22.5,"axis":"z"}},{"from":[6.340975,-8.688547,5.650967],"to":[9.40402,-6.938235,6.5261235],"faces":{"east":{"uv":[8.1875,4.625,8.0625,4.5625],"tintindex":0,"rotation":90,"texture":"#0"},"south":{"uv":[5.125,7.6875,5.25,7.875],"tintindex":0,"rotation":90,"texture":"#0"},"north":{"uv":[7.6875,5.0,7.8125,5.1875],"tintindex":0,"rotation":270,"texture":"#0"},"west":{"uv":[4.75,8.0625,4.625,8.125],"tintindex":0,"rotation":90,"texture":"#0"},"up":{"uv":[6.25,7.875,6.3125,8.0625],"tintindex":0,"rotation":90,"texture":"#0"},"down":{"uv":[6.1875,7.875,6.25,8.0625],"tintindex":0,"rotation":90,"texture":"#0"}}},{"from":[5.175515,-9.00623,7.674765],"to":[7.5821943,-7.6934967,8.276435],"faces":{"east":{"uv":[5.4375,8.125,5.3125,8.0625],"tintindex":0,"rotation":90,"texture":"#0"},"south":{"uv":[7.6875,6.4375,7.8125,6.625],"tintindex":0,"rotation":90,"texture":"#0"},"north":{"uv":[7.6875,5.9375,7.8125,6.125],"tintindex":0,"rotation":270,"texture":"#0"},"west":{"uv":[8.1875,5.3125,8.0625,5.375],"tintindex":0,"rotation":90,"texture":"#0"},"up":{"uv":[7.8125,7.875,7.875,8.0625],"tintindex":0,"rotation":90,"texture":"#0"},"down":{"uv":[7.75,7.875,7.8125,8.0625],"tintindex":0,"rotation":90,"texture":"#0"}},"rotation":{"origin":[8.194725,-7.4926395,7.920903],"angle":-22.5,"axis":"z"}},{"from":[7.1578617,-8.053329,9.020317],"to":[9.38951,-4.5089474,10.431507],"faces":{"east":{"uv":[5.9375,7.8125,6.0,8.0625],"tintindex":0,"rotation":0,"texture":"#0"},"south":{"uv":[3.75,7.5,3.875,7.75],"tintindex":0,"rotation":0,"texture":"#0"},"north":{"uv":[3.375,7.5,3.5,7.75],"tintindex":0,"rotation":0,"texture":"#0"},"west":{"uv":[6.0,7.8125,6.0625,8.0625],"tintindex":0,"rotation":0,"texture":"#0"},"up":{"uv":[8.1875,6.25,8.0625,6.1875],"tintindex":0,"rotation":0,"texture":"#0"},"down":{"uv":[8.1875,6.3125,8.0625,6.375],"tintindex":0,"rotation":0,"texture":"#0"}},"rotation":{"origin":[7.7454386,-8.503733,7.920903],"angle":-22.5,"axis":"z"}}],"display":{"head":{"rotation":[0.0,0.0,0.0]},"firstperson_righthand":{"rotation":[0.0,0.0,0.0]},"thirdperson_lefthand":{"rotation":[0.0,-0.0,-0.0]},"firstperson_lefthand":{"rotation":[0.0,-0.0,-0.0]},"fixed":{"rotation":[0.0,0.0,0.0]},"ground":{"rotation":[0.0,0.0,0.0]},"thirdperson_righthand":{"rotation":[0.0,0.0,0.0]},"gui":{"rotation":[-150.0,-75.0,-180.0]}}}