{"textures":{"0":"modelengine:block/nm_pug_black_texture"},"elements":[{"from":[7.025,7.5125,6.5],"to":[8.975,8.487499,8.5],"faces":{"east":{"uv":[0.0,8.5,0.5,8.75],"tintindex":0,"rotation":0,"texture":"#0"},"south":{"uv":[0.75,8.5,1.25,8.75],"tintindex":0,"rotation":0,"texture":"#0"},"north":{"uv":[8.25,8.25,8.75,8.5],"tintindex":0,"rotation":0,"texture":"#0"},"west":{"uv":[1.5,8.5,2.0,8.75],"tintindex":0,"rotation":0,"texture":"#0"},"up":{"uv":[4.5,2.25,4.0,1.75],"tintindex":0,"rotation":0,"texture":"#0"},"down":{"uv":[5.5,3.5,5.0,4.0],"tintindex":0,"rotation":0,"texture":"#0"}}}],"display":{"head":{"rotation":[0.0,0.0,0.0]},"firstperson_righthand":{"rotation":[0.0,0.0,0.0]},"thirdperson_lefthand":{"rotation":[0.0,-0.0,-0.0]},"firstperson_lefthand":{"rotation":[0.0,-0.0,-0.0]},"fixed":{"rotation":[0.0,0.0,0.0]},"ground":{"rotation":[0.0,0.0,0.0]},"thirdperson_righthand":{"rotation":[0.0,0.0,0.0]},"gui":{"rotation":[-150.0,-75.0,-180.0]}}}