{"textures":{"0":"modelengine:block/nm_pug_black_texture"},"elements":[{"from":[8.633731,8.327688,7.0],"to":[10.633731,9.327688,8.975],"faces":{"east":{"uv":[8.75,0.0,9.25,0.25],"tintindex":0,"rotation":0,"texture":"#0"},"south":{"uv":[8.75,0.5,9.25,0.75],"tintindex":0,"rotation":0,"texture":"#0"},"north":{"uv":[8.5,6.75,9.0,7.0],"tintindex":0,"rotation":0,"texture":"#0"},"west":{"uv":[8.75,1.0,9.25,1.25],"tintindex":0,"rotation":0,"texture":"#0"},"up":{"uv":[8.5,1.25,8.0,0.75],"tintindex":0,"rotation":0,"texture":"#0"},"down":{"uv":[8.5,7.5,8.0,8.0],"tintindex":0,"rotation":0,"texture":"#0"}}},{"from":[7.633731,7.327688,7.0],"to":[8.633731,9.327688,8.975],"faces":{"east":{"uv":[7.75,6.75,8.25,7.25],"tintindex":0,"rotation":0,"texture":"#0"},"south":{"uv":[5.25,8.5,5.5,9.0],"tintindex":0,"rotation":0,"texture":"#0"},"north":{"uv":[8.5,3.75,8.75,4.25],"tintindex":0,"rotation":0,"texture":"#0"},"west":{"uv":[8.0,0.0,8.5,0.5],"tintindex":0,"rotation":0,"texture":"#0"},"up":{"uv":[6.0,9.0,5.75,8.5],"tintindex":0,"rotation":0,"texture":"#0"},"down":{"uv":[6.5,8.5,6.25,9.0],"tintindex":0,"rotation":0,"texture":"#0"}}}],"display":{"head":{"rotation":[0.0,0.0,0.0]},"firstperson_righthand":{"rotation":[0.0,0.0,0.0]},"thirdperson_lefthand":{"rotation":[0.0,-0.0,-0.0]},"firstperson_lefthand":{"rotation":[0.0,-0.0,-0.0]},"fixed":{"rotation":[0.0,0.0,0.0]},"ground":{"rotation":[0.0,0.0,0.0]},"thirdperson_righthand":{"rotation":[0.0,0.0,0.0]},"gui":{"rotation":[-150.0,-75.0,-180.0]}}}