{"parent":"item/generated","textures":{"layer0":"item/crossbow_standby"},"display":{"thirdperson_righthand":{"rotation":[-90,0,-60],"translation":[2,0.1,-3],"scale":[0.9,0.9,0.9]},"thirdperson_lefthand":{"rotation":[-90,0,30],"translation":[2,0.1,-3],"scale":[0.9,0.9,0.9]},"firstperson_righthand":{"rotation":[-90,0,-55],"translation":[1.13,3.2,1.13],"scale":[0.68,0.68,0.68]},"firstperson_lefthand":{"rotation":[-90,0,35],"translation":[1.13,3.2,1.13],"scale":[0.68,0.68,0.68]}},"overrides":[{"predicate":{"pulling":1},"model":"item/crossbow_pulling_0"},{"predicate":{"pulling":1,"pull":0.58},"model":"item/crossbow_pulling_1"},{"predicate":{"pulling":1,"pull":1.0},"model":"item/crossbow_pulling_2"},{"predicate":{"charged":1},"model":"item/crossbow_arrow"},{"predicate":{"charged":1,"firework":1},"model":"item/crossbow_firework"},{"predicate":{"custom_model_data":77703},"model":"rpg_mobs_goblins:rpg_mobs_goblins_model/goblin_archer_crossbow"},{"predicate":{"pulling":1,"custom_model_data":77703},"model":"rpg_mobs_goblins:rpg_mobs_goblins_model/goblin_archer_crossbow_0"},{"predicate":{"pulling":1,"pull":0.58,"custom_model_data":77703},"model":"rpg_mobs_goblins:rpg_mobs_goblins_model/goblin_archer_crossbow_1"},{"predicate":{"pulling":1,"pull":1.0,"custom_model_data":77703},"model":"rpg_mobs_goblins:rpg_mobs_goblins_model/goblin_archer_crossbow_2"},{"predicate":{"charged":1,"custom_model_data":77703},"model":"rpg_mobs_goblins:rpg_mobs_goblins_model/goblin_archer_crossbow_charged"},{"predicate":{"charged":1,"firework":1,"custom_model_data":77703},"model":"rpg_mobs_goblins:rpg_mobs_goblins_model/goblin_archer_crossbow_firework"},{"predicate":{"custom_model_data":77704},"model":"gamingarmor:ia_auto_gen/gots_crossbow"},{"predicate":{"pulling":1,"custom_model_data":77704},"model":"gamingarmor:ia_auto_gen/gots_crossbow_0"},{"predicate":{"pulling":1,"pull":0.58,"custom_model_data":77704},"model":"gamingarmor:ia_auto_gen/gots_crossbow_1"},{"predicate":{"pulling":1,"pull":1.0,"custom_model_data":77704},"model":"gamingarmor:ia_auto_gen/gots_crossbow_2"},{"predicate":{"charged":1,"custom_model_data":77704},"model":"gamingarmor:ia_auto_gen/gots_crossbow_charged"},{"predicate":{"charged":1,"firework":1,"custom_model_data":77704},"model":"gamingarmor:ia_auto_gen/gots_crossbow_firework"},{"predicate":{"custom_model_data":77705},"model":"clones_armors:clone_blaster/clone_blaster"},{"predicate":{"pulling":1,"custom_model_data":77705},"model":"clones_armors:clone_blaster/clone_blaster_0"},{"predicate":{"pulling":1,"pull":0.58,"custom_model_data":77705},"model":"clones_armors:clone_blaster/clone_blaster_1"},{"predicate":{"pulling":1,"pull":1.0,"custom_model_data":77705},"model":"clones_armors:clone_blaster/clone_blaster_2"},{"predicate":{"charged":1,"custom_model_data":77705},"model":"clones_armors:clone_blaster/clone_blaster_charged"},{"predicate":{"charged":1,"firework":1,"custom_model_data":77705},"model":"clones_armors:clone_blaster/clone_blaster_firework"},{"predicate":{"custom_model_data":77706},"model":"item/crossbow"}]}