{"parent":"minecraft:item/handheld","textures":{"layer0":"minecraft:item/iron_sword"},"overrides":[{"predicate":{"custom_model_data":10000},"model":"element_witch_costume:fire_staff"},{"predicate":{"custom_model_data":10001},"model":"element_witch_costume:wind_staff"},{"predicate":{"custom_model_data":10002},"model":"ero_sci_fi_cosmetic:gas_powered_sword_backpack"},{"predicate":{"custom_model_data":10003},"model":"leviathanset:battle_axe"},{"predicate":{"custom_model_data":10004},"model":"leviathanset:blade"},{"predicate":{"custom_model_data":10005},"model":"leviathanset:dagger"},{"predicate":{"custom_model_data":10006},"model":"leviathanset:halberd"},{"predicate":{"custom_model_data":10007},"model":"leviathanset:sickle"},{"predicate":{"custom_model_data":10008},"model":"leviathanset:spear"},{"predicate":{"custom_model_data":10009},"model":"leviathanset:staff"},{"predicate":{"custom_model_data":10010},"model":"leviathanset:sword"},{"predicate":{"custom_model_data":10011},"model":"item/iron_sword"}]}