{"overrides":[{"predicate":{"custom_model_data":1},"model":"modelengine:mob_goblin_archer/left_leg"},{"predicate":{"custom_model_data":2},"model":"modelengine:mob_goblin_archer/right_leg"},{"predicate":{"custom_model_data":3},"model":"modelengine:mob_goblin_archer/only_body"},{"predicate":{"custom_model_data":4},"model":"modelengine:mob_goblin_archer/right_arm"},{"predicate":{"custom_model_data":5},"model":"modelengine:mob_goblin_archer/left_arm"},{"predicate":{"custom_model_data":6},"model":"modelengine:mob_goblin_archer/head"},{"predicate":{"custom_model_data":7},"model":"modelengine:mob_goblin_archer/back_cape"},{"predicate":{"custom_model_data":8},"model":"modelengine:mob_goblin_archer/quiver"},{"predicate":{"custom_model_data":9},"model":"modelengine:mob_goblin_archer/bomb"},{"predicate":{"custom_model_data":10},"model":"modelengine:mob_goblin_archer/front_cape"},{"predicate":{"custom_model_data":11},"model":"modelengine:mob_goblin_archer/bomb2"},{"predicate":{"custom_model_data":12},"model":"modelengine:mob_goblin_archer/crossbow"},{"predicate":{"custom_model_data":13},"model":"modelengine:mob_goblin_archer/eye"},{"predicate":{"custom_model_data":14},"model":"modelengine:mob_goblin_archer/jaw"},{"predicate":{"custom_model_data":15},"model":"modelengine:mob_goblin_archer/right_ear"},{"predicate":{"custom_model_data":16},"model":"modelengine:mob_goblin_archer/left_ear"},{"predicate":{"custom_model_data":17},"model":"modelengine:mob_goblin_archer/arrow"},{"predicate":{"custom_model_data":18},"model":"modelengine:mob_goblin_assassin/left_leg"},{"predicate":{"custom_model_data":19},"model":"modelengine:mob_goblin_assassin/right_leg"},{"predicate":{"custom_model_data":20},"model":"modelengine:mob_goblin_assassin/only_body"},{"predicate":{"custom_model_data":21},"model":"modelengine:mob_goblin_assassin/right_arm"},{"predicate":{"custom_model_data":22},"model":"modelengine:mob_goblin_assassin/left_arm"},{"predicate":{"custom_model_data":23},"model":"modelengine:mob_goblin_assassin/head"},{"predicate":{"custom_model_data":24},"model":"modelengine:mob_goblin_assassin/back_cape"},{"predicate":{"custom_model_data":25},"model":"modelengine:mob_goblin_assassin/front_cape"},{"predicate":{"custom_model_data":26},"model":"modelengine:mob_goblin_assassin/right_dagger"},{"predicate":{"custom_model_data":27},"model":"modelengine:mob_goblin_assassin/left_dagger"},{"predicate":{"custom_model_data":28},"model":"modelengine:mob_goblin_assassin/eye"},{"predicate":{"custom_model_data":29},"model":"modelengine:mob_goblin_assassin/right_ear"},{"predicate":{"custom_model_data":30},"model":"modelengine:mob_goblin_assassin/left_ear"},{"predicate":{"custom_model_data":31},"model":"modelengine:mob_goblin_shaman/left_leg"},{"predicate":{"custom_model_data":32},"model":"modelengine:mob_goblin_shaman/right_leg"},{"predicate":{"custom_model_data":33},"model":"modelengine:mob_goblin_shaman/only_body"},{"predicate":{"custom_model_data":34},"model":"modelengine:mob_goblin_shaman/right_arm"},{"predicate":{"custom_model_data":35},"model":"modelengine:mob_goblin_shaman/left_arm"},{"predicate":{"custom_model_data":36},"model":"modelengine:mob_goblin_shaman/head"},{"predicate":{"custom_model_data":37},"model":"modelengine:mob_goblin_shaman/back_cape"},{"predicate":{"custom_model_data":38},"model":"modelengine:mob_goblin_shaman/front_cape"},{"predicate":{"custom_model_data":39},"model":"modelengine:mob_goblin_shaman/staff"},{"predicate":{"custom_model_data":40},"model":"modelengine:mob_goblin_shaman/eye"},{"predicate":{"custom_model_data":41},"model":"modelengine:mob_goblin_shaman/jaw"},{"predicate":{"custom_model_data":42},"model":"modelengine:mob_goblin_shaman/right_ear"},{"predicate":{"custom_model_data":43},"model":"modelengine:mob_goblin_shaman/left_ear"},{"predicate":{"custom_model_data":44},"model":"modelengine:mob_goblin_warrior/left_leg"},{"predicate":{"custom_model_data":45},"model":"modelengine:mob_goblin_warrior/right_leg"},{"predicate":{"custom_model_data":46},"model":"modelengine:mob_goblin_warrior/only_body"},{"predicate":{"custom_model_data":47},"model":"modelengine:mob_goblin_warrior/right_arm"},{"predicate":{"custom_model_data":48},"model":"modelengine:mob_goblin_warrior/left_arm"},{"predicate":{"custom_model_data":49},"model":"modelengine:mob_goblin_warrior/head"},{"predicate":{"custom_model_data":50},"model":"modelengine:mob_goblin_warrior/back_cape"},{"predicate":{"custom_model_data":51},"model":"modelengine:mob_goblin_warrior/front_cape"},{"predicate":{"custom_model_data":52},"model":"modelengine:mob_goblin_warrior/shield"},{"predicate":{"custom_model_data":53},"model":"modelengine:mob_goblin_warrior/sword"},{"predicate":{"custom_model_data":54},"model":"modelengine:mob_goblin_warrior/eye"},{"predicate":{"custom_model_data":55},"model":"modelengine:mob_goblin_warrior/jaw"},{"predicate":{"custom_model_data":56},"model":"modelengine:mob_goblin_warrior/right_ear"},{"predicate":{"custom_model_data":57},"model":"modelengine:mob_goblin_warrior/left_ear"},{"predicate":{"custom_model_data":58},"model":"modelengine:vfx_goblin_bomb/bone"},{"predicate":{"custom_model_data":59},"model":"modelengine:vfx_goblin_bomb_flash/bone"},{"predicate":{"custom_model_data":60},"model":"modelengine:vfx_mob_arrow/trail"},{"predicate":{"custom_model_data":61},"model":"modelengine:vfx_mob_arrow/body"},{"predicate":{"custom_model_data":62},"model":"modelengine:vfx_mob_fireball/fx3"},{"predicate":{"custom_model_data":63},"model":"modelengine:vfx_mob_fireball/fx2"},{"predicate":{"custom_model_data":64},"model":"modelengine:vfx_mob_fireball/fx4"},{"predicate":{"custom_model_data":65},"model":"modelengine:vfx_mob_fireball/front"},{"predicate":{"custom_model_data":66},"model":"modelengine:vfx_mob_fireball/fx1"},{"predicate":{"custom_model_data":67},"model":"modelengine:am_goblin_boss/left_leg"},{"predicate":{"custom_model_data":68},"model":"modelengine:am_goblin_boss/right_leg"},{"predicate":{"custom_model_data":69},"model":"modelengine:am_goblin_boss/hip"},{"predicate":{"custom_model_data":70},"model":"modelengine:am_goblin_boss/armor_leg"},{"predicate":{"custom_model_data":71},"model":"modelengine:am_goblin_boss/torso"},{"predicate":{"custom_model_data":72},"model":"modelengine:am_goblin_boss/armor_hip"},{"predicate":{"custom_model_data":73},"model":"modelengine:am_goblin_boss/head"},{"predicate":{"custom_model_data":74},"model":"modelengine:am_goblin_boss/right_arm"},{"predicate":{"custom_model_data":75},"model":"modelengine:am_goblin_boss/left_arm"},{"predicate":{"custom_model_data":76},"model":"modelengine:am_goblin_boss/armor_torso"},{"predicate":{"custom_model_data":77},"model":"modelengine:am_goblin_boss/right_eye"},{"predicate":{"custom_model_data":78},"model":"modelengine:am_goblin_boss/jaw"},{"predicate":{"custom_model_data":79},"model":"modelengine:am_goblin_boss/frenzy_eye"},{"predicate":{"custom_model_data":80},"model":"modelengine:am_goblin_boss/left_eye"},{"predicate":{"custom_model_data":81},"model":"modelengine:am_goblin_boss/right_ear"},{"predicate":{"custom_model_data":82},"model":"modelengine:am_goblin_boss/left_ear"},{"predicate":{"custom_model_data":83},"model":"modelengine:am_goblin_boss/armor_right"},{"predicate":{"custom_model_data":84},"model":"modelengine:am_goblin_boss/weapon"},{"predicate":{"custom_model_data":85},"model":"modelengine:am_goblin_boss/armor_left"},{"predicate":{"custom_model_data":86},"model":"modelengine:garbage_truck_balloon/truck"},{"predicate":{"custom_model_data":87},"model":"modelengine:kite/group"},{"predicate":{"custom_model_data":88},"model":"modelengine:corruptblood_32/frame1"},{"predicate":{"custom_model_data":89},"model":"modelengine:corruptblood_64/frame1"},{"predicate":{"custom_model_data":90},"model":"modelengine:corruptblood_64_projectile/frame1"},{"predicate":{"custom_model_data":91},"model":"modelengine:corruptblood_64_splash/frame1"},{"predicate":{"custom_model_data":92},"model":"modelengine:corruptblood_64a/frame1"},{"predicate":{"custom_model_data":93},"model":"modelengine:corruptblood_64b/frame1"},{"predicate":{"custom_model_data":94},"model":"modelengine:corruptblood_64c/frame1"},{"predicate":{"custom_model_data":95},"model":"modelengine:corruptblood_64d/frame1"},{"predicate":{"custom_model_data":96},"model":"modelengine:corruptblood_resources/shocking1"},{"predicate":{"custom_model_data":97},"model":"modelengine:corruptblood_resources/shocking2"},{"predicate":{"custom_model_data":98},"model":"modelengine:corruptblood_resources/shocking3"},{"predicate":{"custom_model_data":99},"model":"modelengine:corruptblood_resources/shocking4"},{"predicate":{"custom_model_data":100},"model":"modelengine:corruptblood_resources/shocking5"},{"predicate":{"custom_model_data":101},"model":"modelengine:corruptblood_resources/shocking6"},{"predicate":{"custom_model_data":102},"model":"modelengine:corruptblood_resources/shocking7"},{"predicate":{"custom_model_data":103},"model":"modelengine:corruptblood_resources/shocking8"},{"predicate":{"custom_model_data":104},"model":"modelengine:corruptblood_resources/shocking11"},{"predicate":{"custom_model_data":105},"model":"modelengine:corruptblood_resources/shocking9"},{"predicate":{"custom_model_data":106},"model":"modelengine:corruptblood_resources/shocking12"},{"predicate":{"custom_model_data":107},"model":"modelengine:corruptblood_resources/shocking13"},{"predicate":{"custom_model_data":108},"model":"modelengine:corruptblood_resources/shocking14"},{"predicate":{"custom_model_data":109},"model":"modelengine:corruptblood_resources/shocking10"},{"predicate":{"custom_model_data":110},"model":"modelengine:corruptblood_resources/ravage1"},{"predicate":{"custom_model_data":111},"model":"modelengine:corruptblood_resources/ravage2"},{"predicate":{"custom_model_data":112},"model":"modelengine:corruptblood_resources/ravage3"},{"predicate":{"custom_model_data":113},"model":"modelengine:corruptblood_resources/ravage4"},{"predicate":{"custom_model_data":114},"model":"modelengine:corruptblood_resources/ravage5"},{"predicate":{"custom_model_data":115},"model":"modelengine:corruptblood_resources/ravage6"},{"predicate":{"custom_model_data":116},"model":"modelengine:corruptblood_resources/ravage7"},{"predicate":{"custom_model_data":117},"model":"modelengine:corruptblood_resources/ravage10"},{"predicate":{"custom_model_data":118},"model":"modelengine:corruptblood_resources/ravage8"},{"predicate":{"custom_model_data":119},"model":"modelengine:corruptblood_resources/ravage9"},{"predicate":{"custom_model_data":120},"model":"modelengine:corruptblood_resources/ravage12"},{"predicate":{"custom_model_data":121},"model":"modelengine:corruptblood_resources/ravage11"},{"predicate":{"custom_model_data":122},"model":"modelengine:corruptblood_resources/ravage14"},{"predicate":{"custom_model_data":123},"model":"modelengine:corruptblood_resources/ravage13"},{"predicate":{"custom_model_data":124},"model":"modelengine:corruptblood_resources/frame3"},{"predicate":{"custom_model_data":125},"model":"modelengine:corruptblood_resources/frame4"},{"predicate":{"custom_model_data":126},"model":"modelengine:corruptblood_resources/frame1"},{"predicate":{"custom_model_data":127},"model":"modelengine:corruptblood_resources/frame2"},{"predicate":{"custom_model_data":128},"model":"modelengine:corruptblood_resources/frame7"},{"predicate":{"custom_model_data":129},"model":"modelengine:corruptblood_resources/frame5"},{"predicate":{"custom_model_data":130},"model":"modelengine:corruptblood_resources/frame6"},{"predicate":{"custom_model_data":131},"model":"modelengine:corruptblood_resources/ffxc8"},{"predicate":{"custom_model_data":132},"model":"modelengine:corruptblood_resources/ffxc7"},{"predicate":{"custom_model_data":133},"model":"modelengine:corruptblood_resources/ffxc9"},{"predicate":{"custom_model_data":134},"model":"modelengine:corruptblood_resources/ffxc4"},{"predicate":{"custom_model_data":135},"model":"modelengine:corruptblood_resources/ffxc3"},{"predicate":{"custom_model_data":136},"model":"modelengine:corruptblood_resources/ffxc6"},{"predicate":{"custom_model_data":137},"model":"modelengine:corruptblood_resources/ffxc5"},{"predicate":{"custom_model_data":138},"model":"modelengine:corruptblood_resources/ffxc11"},{"predicate":{"custom_model_data":139},"model":"modelengine:corruptblood_resources/ffxc10"},{"predicate":{"custom_model_data":140},"model":"modelengine:corruptblood_resources/ffxc2"},{"predicate":{"custom_model_data":141},"model":"modelengine:corruptblood_resources/ffxc1"},{"predicate":{"custom_model_data":142},"model":"modelengine:corruptblood_resources/ffxc15"},{"predicate":{"custom_model_data":143},"model":"modelengine:corruptblood_resources/ffxc14"},{"predicate":{"custom_model_data":144},"model":"modelengine:corruptblood_resources/ffxc13"},{"predicate":{"custom_model_data":145},"model":"modelengine:corruptblood_resources/ffxc12"},{"predicate":{"custom_model_data":146},"model":"modelengine:corruptblood_resources/ffxc17"},{"predicate":{"custom_model_data":147},"model":"modelengine:corruptblood_resources/ffxc16"},{"predicate":{"custom_model_data":148},"model":"modelengine:corruptblood_resources/firewavea8"},{"predicate":{"custom_model_data":149},"model":"modelengine:corruptblood_resources/firewavea9"},{"predicate":{"custom_model_data":150},"model":"modelengine:corruptblood_resources/firewavea6"},{"predicate":{"custom_model_data":151},"model":"modelengine:corruptblood_resources/firewavea7"},{"predicate":{"custom_model_data":152},"model":"modelengine:corruptblood_resources/firewavea4"},{"predicate":{"custom_model_data":153},"model":"modelengine:corruptblood_resources/firewavea5"},{"predicate":{"custom_model_data":154},"model":"modelengine:corruptblood_resources/firewavea2"},{"predicate":{"custom_model_data":155},"model":"modelengine:corruptblood_resources/firewavea3"},{"predicate":{"custom_model_data":156},"model":"modelengine:corruptblood_resources/firewavea1"},{"predicate":{"custom_model_data":157},"model":"modelengine:corruptblood_resources/firewavea10"},{"predicate":{"custom_model_data":158},"model":"modelengine:corruptblood_resources/firewavea11"},{"predicate":{"custom_model_data":159},"model":"modelengine:corruptblood_resources/firewavea12"},{"predicate":{"custom_model_data":160},"model":"modelengine:corruptblood_resources/firewavea13"},{"predicate":{"custom_model_data":161},"model":"modelengine:corruptblood_resources/bspl_a10"},{"predicate":{"custom_model_data":162},"model":"modelengine:corruptblood_resources/bspl_a7"},{"predicate":{"custom_model_data":163},"model":"modelengine:corruptblood_resources/bspl_a8"},{"predicate":{"custom_model_data":164},"model":"modelengine:corruptblood_resources/bspl_a9"},{"predicate":{"custom_model_data":165},"model":"modelengine:corruptblood_resources/bspl_a3"},{"predicate":{"custom_model_data":166},"model":"modelengine:corruptblood_resources/bspl_a4"},{"predicate":{"custom_model_data":167},"model":"modelengine:corruptblood_resources/bspl_a5"},{"predicate":{"custom_model_data":168},"model":"modelengine:corruptblood_resources/bspl_a6"},{"predicate":{"custom_model_data":169},"model":"modelengine:corruptblood_resources/bspl_a1"},{"predicate":{"custom_model_data":170},"model":"modelengine:corruptblood_resources/bspl_a2"},{"predicate":{"custom_model_data":171},"model":"modelengine:corruptblood_resources/ffxb7"},{"predicate":{"custom_model_data":172},"model":"modelengine:corruptblood_resources/ffxb6"},{"predicate":{"custom_model_data":173},"model":"modelengine:corruptblood_resources/ffxb9"},{"predicate":{"custom_model_data":174},"model":"modelengine:corruptblood_resources/ffxb8"},{"predicate":{"custom_model_data":175},"model":"modelengine:corruptblood_resources/ffxb3"},{"predicate":{"custom_model_data":176},"model":"modelengine:corruptblood_resources/ffxb2"},{"predicate":{"custom_model_data":177},"model":"modelengine:corruptblood_resources/ffxb5"},{"predicate":{"custom_model_data":178},"model":"modelengine:corruptblood_resources/ffxb4"},{"predicate":{"custom_model_data":179},"model":"modelengine:corruptblood_resources/ffxb12"},{"predicate":{"custom_model_data":180},"model":"modelengine:corruptblood_resources/ffxb11"},{"predicate":{"custom_model_data":181},"model":"modelengine:corruptblood_resources/ffxb1"},{"predicate":{"custom_model_data":182},"model":"modelengine:corruptblood_resources/ffxb10"},{"predicate":{"custom_model_data":183},"model":"modelengine:corruptblood_resources/ffxb16"},{"predicate":{"custom_model_data":184},"model":"modelengine:corruptblood_resources/ffxb15"},{"predicate":{"custom_model_data":185},"model":"modelengine:corruptblood_resources/ffxb14"},{"predicate":{"custom_model_data":186},"model":"modelengine:corruptblood_resources/ffxb13"},{"predicate":{"custom_model_data":187},"model":"modelengine:corruptblood_resources/bspl_c11"},{"predicate":{"custom_model_data":188},"model":"modelengine:corruptblood_resources/bspl_c10"},{"predicate":{"custom_model_data":189},"model":"modelengine:corruptblood_resources/bspl_c13"},{"predicate":{"custom_model_data":190},"model":"modelengine:corruptblood_resources/bspl_c12"},{"predicate":{"custom_model_data":191},"model":"modelengine:corruptblood_resources/bspl_c9"},{"predicate":{"custom_model_data":192},"model":"modelengine:corruptblood_resources/bspl_c5"},{"predicate":{"custom_model_data":193},"model":"modelengine:corruptblood_resources/bspl_c6"},{"predicate":{"custom_model_data":194},"model":"modelengine:corruptblood_resources/bspl_c7"},{"predicate":{"custom_model_data":195},"model":"modelengine:corruptblood_resources/bspl_c8"},{"predicate":{"custom_model_data":196},"model":"modelengine:corruptblood_resources/bspl_c1"},{"predicate":{"custom_model_data":197},"model":"modelengine:corruptblood_resources/bspl_c2"},{"predicate":{"custom_model_data":198},"model":"modelengine:corruptblood_resources/bspl_c3"},{"predicate":{"custom_model_data":199},"model":"modelengine:corruptblood_resources/bspl_c4"},{"predicate":{"custom_model_data":200},"model":"modelengine:corruptblood_resources/dusthit9"},{"predicate":{"custom_model_data":201},"model":"modelengine:corruptblood_resources/dusthit8"},{"predicate":{"custom_model_data":202},"model":"modelengine:corruptblood_resources/dusthit7"},{"predicate":{"custom_model_data":203},"model":"modelengine:corruptblood_resources/dusthit6"},{"predicate":{"custom_model_data":204},"model":"modelengine:corruptblood_resources/dusthit5"},{"predicate":{"custom_model_data":205},"model":"modelengine:corruptblood_resources/dusthit4"},{"predicate":{"custom_model_data":206},"model":"modelengine:corruptblood_resources/dusthit3"},{"predicate":{"custom_model_data":207},"model":"modelengine:corruptblood_resources/dusthit2"},{"predicate":{"custom_model_data":208},"model":"modelengine:corruptblood_resources/dusthit10"},{"predicate":{"custom_model_data":209},"model":"modelengine:corruptblood_resources/dusthit1"},{"predicate":{"custom_model_data":210},"model":"modelengine:cpblood_dusthit/dusthit1"},{"predicate":{"custom_model_data":211},"model":"modelengine:cpblood_dustplosionmarker/frame1"},{"predicate":{"custom_model_data":212},"model":"modelengine:cpblood_ravagemarker/rswa_1"},{"predicate":{"custom_model_data":213},"model":"modelengine:cpblood_ravagemarker/rswa_4"},{"predicate":{"custom_model_data":214},"model":"modelengine:cpblood_ravagemarker/rswa_3"},{"predicate":{"custom_model_data":215},"model":"modelengine:cpblood_ravagemarker/rswa_2"},{"predicate":{"custom_model_data":216},"model":"modelengine:cpblood_shockwaveresources/rswa_4"},{"predicate":{"custom_model_data":217},"model":"modelengine:cpblood_shockwaveresources/rswa_1"},{"predicate":{"custom_model_data":218},"model":"modelengine:cpblood_shockwaveresources/rswa_2"},{"predicate":{"custom_model_data":219},"model":"modelengine:cpblood_shockwaveresources/rswa_3"},{"predicate":{"custom_model_data":220},"model":"modelengine:cpblood_shockwaveresources/rswc_2"},{"predicate":{"custom_model_data":221},"model":"modelengine:cpblood_shockwaveresources/rswc_3"},{"predicate":{"custom_model_data":222},"model":"modelengine:cpblood_shockwaveresources/rswc_4"},{"predicate":{"custom_model_data":223},"model":"modelengine:cpblood_shockwaveresources/rswc_1"},{"predicate":{"custom_model_data":224},"model":"modelengine:cpblood_shockwaveresources/rswk_1"},{"predicate":{"custom_model_data":225},"model":"modelengine:cpblood_shockwaveresources/rswk_2"},{"predicate":{"custom_model_data":226},"model":"modelengine:cpblood_shockwaveresources/rswk_3"},{"predicate":{"custom_model_data":227},"model":"modelengine:cpblood_shockwaveresources/rswk_4"},{"predicate":{"custom_model_data":228},"model":"modelengine:cpblood_shockwaveresources/rswb_3"},{"predicate":{"custom_model_data":229},"model":"modelengine:cpblood_shockwaveresources/rswb_4"},{"predicate":{"custom_model_data":230},"model":"modelengine:cpblood_shockwaveresources/rswb_1"},{"predicate":{"custom_model_data":231},"model":"modelengine:cpblood_shockwaveresources/rswb_2"},{"predicate":{"custom_model_data":232},"model":"modelengine:cpblood_shockwaveresources/rswj_1"},{"predicate":{"custom_model_data":233},"model":"modelengine:cpblood_shockwaveresources/rswj_2"},{"predicate":{"custom_model_data":234},"model":"modelengine:cpblood_shockwaveresources/rswj_3"},{"predicate":{"custom_model_data":235},"model":"modelengine:cpblood_shockwaveresources/rswj_4"},{"predicate":{"custom_model_data":236},"model":"modelengine:cpblood_shockwaveresources/rswi_1"},{"predicate":{"custom_model_data":237},"model":"modelengine:cpblood_shockwaveresources/rswi_2"},{"predicate":{"custom_model_data":238},"model":"modelengine:cpblood_shockwaveresources/rswi_3"},{"predicate":{"custom_model_data":239},"model":"modelengine:cpblood_shockwaveresources/rswi_4"},{"predicate":{"custom_model_data":240},"model":"modelengine:cpblood_shockwaveresources/rswh_1"},{"predicate":{"custom_model_data":241},"model":"modelengine:cpblood_shockwaveresources/rswh_2"},{"predicate":{"custom_model_data":242},"model":"modelengine:cpblood_shockwaveresources/rswh_3"},{"predicate":{"custom_model_data":243},"model":"modelengine:cpblood_shockwaveresources/rswh_4"},{"predicate":{"custom_model_data":244},"model":"modelengine:cpblood_shockwaveresources/rswe_4"},{"predicate":{"custom_model_data":245},"model":"modelengine:cpblood_shockwaveresources/rswe_1"},{"predicate":{"custom_model_data":246},"model":"modelengine:cpblood_shockwaveresources/rswe_2"},{"predicate":{"custom_model_data":247},"model":"modelengine:cpblood_shockwaveresources/rswe_3"},{"predicate":{"custom_model_data":248},"model":"modelengine:cpblood_shockwaveresources/rswd_1"},{"predicate":{"custom_model_data":249},"model":"modelengine:cpblood_shockwaveresources/rswd_2"},{"predicate":{"custom_model_data":250},"model":"modelengine:cpblood_shockwaveresources/rswd_3"},{"predicate":{"custom_model_data":251},"model":"modelengine:cpblood_shockwaveresources/rswd_4"},{"predicate":{"custom_model_data":252},"model":"modelengine:cpblood_shockwaveresources/rswg_2"},{"predicate":{"custom_model_data":253},"model":"modelengine:cpblood_shockwaveresources/rswg_3"},{"predicate":{"custom_model_data":254},"model":"modelengine:cpblood_shockwaveresources/rswg_4"},{"predicate":{"custom_model_data":255},"model":"modelengine:cpblood_shockwaveresources/rswg_1"},{"predicate":{"custom_model_data":256},"model":"modelengine:cpblood_shockwaveresources/rswf_3"},{"predicate":{"custom_model_data":257},"model":"modelengine:cpblood_shockwaveresources/rswf_4"},{"predicate":{"custom_model_data":258},"model":"modelengine:cpblood_shockwaveresources/rswf_1"},{"predicate":{"custom_model_data":259},"model":"modelengine:cpblood_shockwaveresources/rswf_2"},{"predicate":{"custom_model_data":260},"model":"modelengine:cpblood_supershockwave/rswa_4"},{"predicate":{"custom_model_data":261},"model":"modelengine:cpblood_supershockwave/rswa_1"},{"predicate":{"custom_model_data":262},"model":"modelengine:cpblood_supershockwave/rswa_2"},{"predicate":{"custom_model_data":263},"model":"modelengine:cpblood_supershockwave/rswa_3"},{"predicate":{"custom_model_data":264},"model":"modelengine:cpblood_vfx32/frame1"},{"predicate":{"custom_model_data":265},"model":"modelengine:em_corruptedbrute/head_decapit"},{"predicate":{"custom_model_data":266},"model":"modelengine:em_corruptedbrute/jaw_decapit"},{"predicate":{"custom_model_data":267},"model":"modelengine:em_corruptedbrute/hip"},{"predicate":{"custom_model_data":268},"model":"modelengine:em_corruptedbrute/right_leg"},{"predicate":{"custom_model_data":269},"model":"modelengine:em_corruptedbrute/left_leg"},{"predicate":{"custom_model_data":270},"model":"modelengine:em_corruptedbrute/right_shin"},{"predicate":{"custom_model_data":271},"model":"modelengine:em_corruptedbrute/left_shin"},{"predicate":{"custom_model_data":272},"model":"modelengine:em_corruptedbrute/right_foot"},{"predicate":{"custom_model_data":273},"model":"modelengine:em_corruptedbrute/left_foot"},{"predicate":{"custom_model_data":274},"model":"modelengine:em_corruptedbrute/chest"},{"predicate":{"custom_model_data":275},"model":"modelengine:em_corruptedbrute/left_arm"},{"predicate":{"custom_model_data":276},"model":"modelengine:em_corruptedbrute/right_arm"},{"predicate":{"custom_model_data":277},"model":"modelengine:em_corruptedbrute/right_backcostillum"},{"predicate":{"custom_model_data":278},"model":"modelengine:em_corruptedbrute/left_backcostillum"},{"predicate":{"custom_model_data":279},"model":"modelengine:em_corruptedbrute/head"},{"predicate":{"custom_model_data":280},"model":"modelengine:em_corruptedbrute/left_forearm"},{"predicate":{"custom_model_data":281},"model":"modelengine:em_corruptedbrute/right_forearm"},{"predicate":{"custom_model_data":282},"model":"modelengine:em_corruptedbrute/jaw"},{"predicate":{"custom_model_data":283},"model":"modelengine:em_darklurker/head_decapit"},{"predicate":{"custom_model_data":284},"model":"modelengine:em_darklurker/hip2"},{"predicate":{"custom_model_data":285},"model":"modelengine:em_darklurker/jaw_decapit"},{"predicate":{"custom_model_data":286},"model":"modelengine:em_darklurker/head2"},{"predicate":{"custom_model_data":287},"model":"modelengine:em_darklurker/right_leg"},{"predicate":{"custom_model_data":288},"model":"modelengine:em_darklurker/left_leg"},{"predicate":{"custom_model_data":289},"model":"modelengine:em_darklurker/jaw2"},{"predicate":{"custom_model_data":290},"model":"modelengine:em_darklurker/hip"},{"predicate":{"custom_model_data":291},"model":"modelengine:em_darklurker/left_arm"},{"predicate":{"custom_model_data":292},"model":"modelengine:em_darklurker/right_arm"},{"predicate":{"custom_model_data":293},"model":"modelengine:em_darklurker/head"},{"predicate":{"custom_model_data":294},"model":"modelengine:em_darklurker/jaw"},{"predicate":{"custom_model_data":295},"model":"modelengine:em_darkpuker/head_decapit"},{"predicate":{"custom_model_data":296},"model":"modelengine:em_darkpuker/hip2"},{"predicate":{"custom_model_data":297},"model":"modelengine:em_darkpuker/head2"},{"predicate":{"custom_model_data":298},"model":"modelengine:em_darkpuker/right_leg"},{"predicate":{"custom_model_data":299},"model":"modelengine:em_darkpuker/left_leg"},{"predicate":{"custom_model_data":300},"model":"modelengine:em_darkpuker/hip"},{"predicate":{"custom_model_data":301},"model":"modelengine:em_darkpuker/left_arm"},{"predicate":{"custom_model_data":302},"model":"modelengine:em_darkpuker/right_arm"},{"predicate":{"custom_model_data":303},"model":"modelengine:em_darkpuker/head"},{"predicate":{"custom_model_data":304},"model":"modelengine:babyyoda/bone5"},{"predicate":{"custom_model_data":305},"model":"modelengine:babyyoda/bone"},{"predicate":{"custom_model_data":306},"model":"modelengine:babyyoda/bone3"},{"predicate":{"custom_model_data":307},"model":"modelengine:babyyoda/bone2"},{"predicate":{"custom_model_data":308},"model":"modelengine:babyyoda/bone8"},{"predicate":{"custom_model_data":309},"model":"modelengine:babyyoda/bone4"},{"predicate":{"custom_model_data":310},"model":"modelengine:babyyoda/bone7"},{"predicate":{"custom_model_data":311},"model":"modelengine:babyyoda/bone6"},{"predicate":{"custom_model_data":312},"model":"modelengine:r2d2/bone3"},{"predicate":{"custom_model_data":313},"model":"modelengine:r2d2/bone"},{"predicate":{"custom_model_data":314},"model":"modelengine:r2d2/bone8"},{"predicate":{"custom_model_data":315},"model":"modelengine:r2d2/bone2"},{"predicate":{"custom_model_data":316},"model":"modelengine:r2d2/bone9"},{"predicate":{"custom_model_data":317},"model":"modelengine:r2d2/bone4"},{"predicate":{"custom_model_data":318},"model":"modelengine:r2d2/bone10"},{"predicate":{"custom_model_data":319},"model":"modelengine:bobafett/leg_right"},{"predicate":{"custom_model_data":320},"model":"modelengine:bobafett/torso"},{"predicate":{"custom_model_data":321},"model":"modelengine:bobafett/leg_left"},{"predicate":{"custom_model_data":322},"model":"modelengine:bobafett/leg_right2"},{"predicate":{"custom_model_data":323},"model":"modelengine:bobafett/head"},{"predicate":{"custom_model_data":324},"model":"modelengine:bobafett/arm_right"},{"predicate":{"custom_model_data":325},"model":"modelengine:bobafett/jetpack"},{"predicate":{"custom_model_data":326},"model":"modelengine:bobafett/arm_left"},{"predicate":{"custom_model_data":327},"model":"modelengine:bobafett/leg_left2"},{"predicate":{"custom_model_data":328},"model":"modelengine:bobafett/blaster_right"},{"predicate":{"custom_model_data":329},"model":"modelengine:clone_cody/leg_right"},{"predicate":{"custom_model_data":330},"model":"modelengine:clone_cody/torso"},{"predicate":{"custom_model_data":331},"model":"modelengine:clone_cody/leg_left"},{"predicate":{"custom_model_data":332},"model":"modelengine:clone_cody/leg_right3"},{"predicate":{"custom_model_data":333},"model":"modelengine:clone_cody/head"},{"predicate":{"custom_model_data":334},"model":"modelengine:clone_cody/arm_right"},{"predicate":{"custom_model_data":335},"model":"modelengine:clone_cody/arm_left"},{"predicate":{"custom_model_data":336},"model":"modelengine:clone_cody/leg_left2"},{"predicate":{"custom_model_data":337},"model":"modelengine:clone_cody/blaster_right"},{"predicate":{"custom_model_data":338},"model":"modelengine:clone_cody/palpatine"},{"predicate":{"custom_model_data":339},"model":"modelengine:clone_cody/palpatine_head"},{"predicate":{"custom_model_data":340},"model":"modelengine:clone_phase_i/leg_right"},{"predicate":{"custom_model_data":341},"model":"modelengine:clone_phase_i/torso"},{"predicate":{"custom_model_data":342},"model":"modelengine:clone_phase_i/leg_left"},{"predicate":{"custom_model_data":343},"model":"modelengine:clone_phase_i/leg_right3"},{"predicate":{"custom_model_data":344},"model":"modelengine:clone_phase_i/head"},{"predicate":{"custom_model_data":345},"model":"modelengine:clone_phase_i/arm_right"},{"predicate":{"custom_model_data":346},"model":"modelengine:clone_phase_i/arm_left"},{"predicate":{"custom_model_data":347},"model":"modelengine:clone_phase_i/leg_left2"},{"predicate":{"custom_model_data":348},"model":"modelengine:clone_phase_i/blaster"},{"predicate":{"custom_model_data":349},"model":"modelengine:clone_rex/leg_right"},{"predicate":{"custom_model_data":350},"model":"modelengine:clone_rex/torso"},{"predicate":{"custom_model_data":351},"model":"modelengine:clone_rex/leg_left"},{"predicate":{"custom_model_data":352},"model":"modelengine:clone_rex/leg_right2"},{"predicate":{"custom_model_data":353},"model":"modelengine:clone_rex/head"},{"predicate":{"custom_model_data":354},"model":"modelengine:clone_rex/arm_right"},{"predicate":{"custom_model_data":355},"model":"modelengine:clone_rex/arm_left"},{"predicate":{"custom_model_data":356},"model":"modelengine:clone_rex/leg_left2"},{"predicate":{"custom_model_data":357},"model":"modelengine:clone_rex/blaster_right"},{"predicate":{"custom_model_data":358},"model":"modelengine:clone_rex/blaster_left"},{"predicate":{"custom_model_data":359},"model":"modelengine:darth_vader/leg_right"},{"predicate":{"custom_model_data":360},"model":"modelengine:darth_vader/torso"},{"predicate":{"custom_model_data":361},"model":"modelengine:darth_vader/leg_left"},{"predicate":{"custom_model_data":362},"model":"modelengine:darth_vader/leg_right3"},{"predicate":{"custom_model_data":363},"model":"modelengine:darth_vader/head"},{"predicate":{"custom_model_data":364},"model":"modelengine:darth_vader/arm_right"},{"predicate":{"custom_model_data":365},"model":"modelengine:darth_vader/arm_left"},{"predicate":{"custom_model_data":366},"model":"modelengine:darth_vader/leg_left2"},{"predicate":{"custom_model_data":367},"model":"modelengine:darth_vader/lightsaber"},{"predicate":{"custom_model_data":368},"model":"modelengine:darth_vader/laser"},{"predicate":{"custom_model_data":369},"model":"modelengine:mandalorian/leg_right"},{"predicate":{"custom_model_data":370},"model":"modelengine:mandalorian/torso"},{"predicate":{"custom_model_data":371},"model":"modelengine:mandalorian/leg_left"},{"predicate":{"custom_model_data":372},"model":"modelengine:mandalorian/leg_right2"},{"predicate":{"custom_model_data":373},"model":"modelengine:mandalorian/head"},{"predicate":{"custom_model_data":374},"model":"modelengine:mandalorian/arm_right"},{"predicate":{"custom_model_data":375},"model":"modelengine:mandalorian/jetpack"},{"predicate":{"custom_model_data":376},"model":"modelengine:mandalorian/arm_left"},{"predicate":{"custom_model_data":377},"model":"modelengine:mandalorian/leg_left2"},{"predicate":{"custom_model_data":378},"model":"modelengine:mandalorian/blaster_right"},{"predicate":{"custom_model_data":379},"model":"modelengine:obiwan/leg_right"},{"predicate":{"custom_model_data":380},"model":"modelengine:obiwan/torso"},{"predicate":{"custom_model_data":381},"model":"modelengine:obiwan/leg_left"},{"predicate":{"custom_model_data":382},"model":"modelengine:obiwan/leg_right3"},{"predicate":{"custom_model_data":383},"model":"modelengine:obiwan/head"},{"predicate":{"custom_model_data":384},"model":"modelengine:obiwan/arm_right"},{"predicate":{"custom_model_data":385},"model":"modelengine:obiwan/arm_left"},{"predicate":{"custom_model_data":386},"model":"modelengine:obiwan/leg_left2"},{"predicate":{"custom_model_data":387},"model":"modelengine:obiwan/lightsaber"},{"predicate":{"custom_model_data":388},"model":"modelengine:obiwan/laser"},{"predicate":{"custom_model_data":389},"model":"modelengine:phasma/leg_right"},{"predicate":{"custom_model_data":390},"model":"modelengine:phasma/torso"},{"predicate":{"custom_model_data":391},"model":"modelengine:phasma/leg_left"},{"predicate":{"custom_model_data":392},"model":"modelengine:phasma/leg_right3"},{"predicate":{"custom_model_data":393},"model":"modelengine:phasma/head"},{"predicate":{"custom_model_data":394},"model":"modelengine:phasma/arm_right"},{"predicate":{"custom_model_data":395},"model":"modelengine:phasma/arm_left"},{"predicate":{"custom_model_data":396},"model":"modelengine:phasma/leg_left2"},{"predicate":{"custom_model_data":397},"model":"modelengine:phasma/blaster_right"},{"predicate":{"custom_model_data":398},"model":"modelengine:stormtrooper/leg_right"},{"predicate":{"custom_model_data":399},"model":"modelengine:stormtrooper/torso"},{"predicate":{"custom_model_data":400},"model":"modelengine:stormtrooper/leg_left"},{"predicate":{"custom_model_data":401},"model":"modelengine:stormtrooper/leg_right3"},{"predicate":{"custom_model_data":402},"model":"modelengine:stormtrooper/head"},{"predicate":{"custom_model_data":403},"model":"modelengine:stormtrooper/arm_right"},{"predicate":{"custom_model_data":404},"model":"modelengine:stormtrooper/arm_left"},{"predicate":{"custom_model_data":405},"model":"modelengine:stormtrooper/leg_left2"},{"predicate":{"custom_model_data":406},"model":"modelengine:stormtrooper/blaster_right"},{"predicate":{"custom_model_data":407},"model":"modelengine:stormtrooper/palpatine"},{"predicate":{"custom_model_data":408},"model":"modelengine:stormtrooper/palpatine_head"},{"predicate":{"custom_model_data":409},"model":"modelengine:yoda/leg_right"},{"predicate":{"custom_model_data":410},"model":"modelengine:yoda/torso"},{"predicate":{"custom_model_data":411},"model":"modelengine:yoda/leg_left"},{"predicate":{"custom_model_data":412},"model":"modelengine:yoda/leg_right3"},{"predicate":{"custom_model_data":413},"model":"modelengine:yoda/head"},{"predicate":{"custom_model_data":414},"model":"modelengine:yoda/arm_right"},{"predicate":{"custom_model_data":415},"model":"modelengine:yoda/arm_left"},{"predicate":{"custom_model_data":416},"model":"modelengine:yoda/leg_left2"},{"predicate":{"custom_model_data":417},"model":"modelengine:yoda/lightsaber"},{"predicate":{"custom_model_data":418},"model":"modelengine:yoda/laser"},{"predicate":{"custom_model_data":419},"model":"modelengine:r2d2/bone8/1"},{"predicate":{"custom_model_data":420},"model":"modelengine:r2d2/bone9/1"},{"predicate":{"custom_model_data":10000},"model":"hmccosmetics:item/beanie"},{"predicate":{"custom_model_data":10001},"model":"hmccosmetics:item/paintbrush"},{"predicate":{"custom_model_data":10002},"model":"hmccosmetics:item/explorer_backpack"},{"predicate":{"custom_model_data":10003},"model":"hmccosmetics:item/earth_day_grabber"},{"predicate":{"custom_model_data":10004},"model":"hmccosmetics:item/explorer_backpack_thirdperson"},{"predicate":{"custom_model_data":10005},"model":"adventure:item/1"},{"predicate":{"custom_model_data":10006},"model":"adventure:item/2"},{"predicate":{"custom_model_data":10007},"model":"adventure:item/3"},{"predicate":{"custom_model_data":10008},"model":"item/leather_horse_armor"}],"parent":"minecraft:item/generated","textures":{"layer0":"minecraft:item/leather_horse_armor"}}