{"parent":"minecraft:item/generated","overrides":[{"model":"minecraft:item/leather_helmet_quartz_trim","predicate":{"trim_type":0.1}},{"model":"minecraft:item/leather_helmet_iron_trim","predicate":{"trim_type":0.2}},{"model":"minecraft:item/leather_helmet_netherite_trim","predicate":{"trim_type":0.3}},{"model":"minecraft:item/leather_helmet_redstone_trim","predicate":{"trim_type":0.4}},{"model":"minecraft:item/leather_helmet_copper_trim","predicate":{"trim_type":0.5}},{"model":"minecraft:item/leather_helmet_gold_trim","predicate":{"trim_type":0.6}},{"model":"minecraft:item/leather_helmet_emerald_trim","predicate":{"trim_type":0.7}},{"model":"minecraft:item/leather_helmet_diamond_trim","predicate":{"trim_type":0.8}},{"model":"minecraft:item/leather_helmet_lapis_trim","predicate":{"trim_type":0.9}},{"model":"minecraft:item/leather_helmet_amethyst_trim","predicate":{"trim_type":1.0}},{"predicate":{"custom_model_data":5002},"model":"lunar_studios:enderkariz/block_wars/darth/darth_mask"},{"predicate":{"trim_type":0.1,"custom_model_data":5002},"model":"lunar_studios:enderkariz/block_wars/darth/darth_mask"},{"predicate":{"trim_type":0.2,"custom_model_data":5002},"model":"lunar_studios:enderkariz/block_wars/darth/darth_mask"},{"predicate":{"trim_type":0.3,"custom_model_data":5002},"model":"lunar_studios:enderkariz/block_wars/darth/darth_mask"},{"predicate":{"trim_type":0.4,"custom_model_data":5002},"model":"lunar_studios:enderkariz/block_wars/darth/darth_mask"},{"predicate":{"trim_type":0.5,"custom_model_data":5002},"model":"lunar_studios:enderkariz/block_wars/darth/darth_mask"},{"predicate":{"trim_type":0.6,"custom_model_data":5002},"model":"lunar_studios:enderkariz/block_wars/darth/darth_mask"},{"predicate":{"trim_type":0.7,"custom_model_data":5002},"model":"lunar_studios:enderkariz/block_wars/darth/darth_mask"},{"predicate":{"trim_type":0.8,"custom_model_data":5002},"model":"lunar_studios:enderkariz/block_wars/darth/darth_mask"},{"predicate":{"trim_type":0.9,"custom_model_data":5002},"model":"lunar_studios:enderkariz/block_wars/darth/darth_mask"},{"predicate":{"trim_type":1.0,"custom_model_data":5002},"model":"lunar_studios:enderkariz/block_wars/darth/darth_mask"},{"predicate":{"custom_model_data":5004},"model":"lunar_studios:enderkariz/block_wars/stormtrooper/stormtrooper_helmet"},{"predicate":{"trim_type":0.1,"custom_model_data":5004},"model":"lunar_studios:enderkariz/block_wars/stormtrooper/stormtrooper_helmet"},{"predicate":{"trim_type":0.2,"custom_model_data":5004},"model":"lunar_studios:enderkariz/block_wars/stormtrooper/stormtrooper_helmet"},{"predicate":{"trim_type":0.3,"custom_model_data":5004},"model":"lunar_studios:enderkariz/block_wars/stormtrooper/stormtrooper_helmet"},{"predicate":{"trim_type":0.4,"custom_model_data":5004},"model":"lunar_studios:enderkariz/block_wars/stormtrooper/stormtrooper_helmet"},{"predicate":{"trim_type":0.5,"custom_model_data":5004},"model":"lunar_studios:enderkariz/block_wars/stormtrooper/stormtrooper_helmet"},{"predicate":{"trim_type":0.6,"custom_model_data":5004},"model":"lunar_studios:enderkariz/block_wars/stormtrooper/stormtrooper_helmet"},{"predicate":{"trim_type":0.7,"custom_model_data":5004},"model":"lunar_studios:enderkariz/block_wars/stormtrooper/stormtrooper_helmet"},{"predicate":{"trim_type":0.8,"custom_model_data":5004},"model":"lunar_studios:enderkariz/block_wars/stormtrooper/stormtrooper_helmet"},{"predicate":{"trim_type":0.9,"custom_model_data":5004},"model":"lunar_studios:enderkariz/block_wars/stormtrooper/stormtrooper_helmet"},{"predicate":{"trim_type":1.0,"custom_model_data":5004},"model":"lunar_studios:enderkariz/block_wars/stormtrooper/stormtrooper_helmet"},{"predicate":{"custom_model_data":10000},"model":"gamingarmor:ia_auto_gen/guardian_of_the_sea_helmet"},{"predicate":{"trim_type":0.1,"custom_model_data":10000},"model":"gamingarmor:ia_auto_gen/guardian_of_the_sea_helmet"},{"predicate":{"trim_type":0.2,"custom_model_data":10000},"model":"gamingarmor:ia_auto_gen/guardian_of_the_sea_helmet"},{"predicate":{"trim_type":0.3,"custom_model_data":10000},"model":"gamingarmor:ia_auto_gen/guardian_of_the_sea_helmet"},{"predicate":{"trim_type":0.4,"custom_model_data":10000},"model":"gamingarmor:ia_auto_gen/guardian_of_the_sea_helmet"},{"predicate":{"trim_type":0.5,"custom_model_data":10000},"model":"gamingarmor:ia_auto_gen/guardian_of_the_sea_helmet"},{"predicate":{"trim_type":0.6,"custom_model_data":10000},"model":"gamingarmor:ia_auto_gen/guardian_of_the_sea_helmet"},{"predicate":{"trim_type":0.7,"custom_model_data":10000},"model":"gamingarmor:ia_auto_gen/guardian_of_the_sea_helmet"},{"predicate":{"trim_type":0.8,"custom_model_data":10000},"model":"gamingarmor:ia_auto_gen/guardian_of_the_sea_helmet"},{"predicate":{"trim_type":0.9,"custom_model_data":10000},"model":"gamingarmor:ia_auto_gen/guardian_of_the_sea_helmet"},{"predicate":{"trim_type":1.0,"custom_model_data":10000},"model":"gamingarmor:ia_auto_gen/guardian_of_the_sea_helmet"},{"predicate":{"custom_model_data":10001},"model":"leviathanset:ia_auto_gen/leviathanhelmet"},{"predicate":{"trim_type":0.1,"custom_model_data":10001},"model":"leviathanset:ia_auto_gen/leviathanhelmet"},{"predicate":{"trim_type":0.2,"custom_model_data":10001},"model":"leviathanset:ia_auto_gen/leviathanhelmet"},{"predicate":{"trim_type":0.3,"custom_model_data":10001},"model":"leviathanset:ia_auto_gen/leviathanhelmet"},{"predicate":{"trim_type":0.4,"custom_model_data":10001},"model":"leviathanset:ia_auto_gen/leviathanhelmet"},{"predicate":{"trim_type":0.5,"custom_model_data":10001},"model":"leviathanset:ia_auto_gen/leviathanhelmet"},{"predicate":{"trim_type":0.6,"custom_model_data":10001},"model":"leviathanset:ia_auto_gen/leviathanhelmet"},{"predicate":{"trim_type":0.7,"custom_model_data":10001},"model":"leviathanset:ia_auto_gen/leviathanhelmet"},{"predicate":{"trim_type":0.8,"custom_model_data":10001},"model":"leviathanset:ia_auto_gen/leviathanhelmet"},{"predicate":{"trim_type":0.9,"custom_model_data":10001},"model":"leviathanset:ia_auto_gen/leviathanhelmet"},{"predicate":{"trim_type":1.0,"custom_model_data":10001},"model":"leviathanset:ia_auto_gen/leviathanhelmet"},{"predicate":{"custom_model_data":10002},"model":"clones_armors:ia_auto_gen/cody_helmet"},{"predicate":{"trim_type":0.1,"custom_model_data":10002},"model":"clones_armors:ia_auto_gen/cody_helmet"},{"predicate":{"trim_type":0.2,"custom_model_data":10002},"model":"clones_armors:ia_auto_gen/cody_helmet"},{"predicate":{"trim_type":0.3,"custom_model_data":10002},"model":"clones_armors:ia_auto_gen/cody_helmet"},{"predicate":{"trim_type":0.4,"custom_model_data":10002},"model":"clones_armors:ia_auto_gen/cody_helmet"},{"predicate":{"trim_type":0.5,"custom_model_data":10002},"model":"clones_armors:ia_auto_gen/cody_helmet"},{"predicate":{"trim_type":0.6,"custom_model_data":10002},"model":"clones_armors:ia_auto_gen/cody_helmet"},{"predicate":{"trim_type":0.7,"custom_model_data":10002},"model":"clones_armors:ia_auto_gen/cody_helmet"},{"predicate":{"trim_type":0.8,"custom_model_data":10002},"model":"clones_armors:ia_auto_gen/cody_helmet"},{"predicate":{"trim_type":0.9,"custom_model_data":10002},"model":"clones_armors:ia_auto_gen/cody_helmet"},{"predicate":{"trim_type":1.0,"custom_model_data":10002},"model":"clones_armors:ia_auto_gen/cody_helmet"},{"predicate":{"custom_model_data":10003},"model":"clones_armors:ia_auto_gen/501st_helmet"},{"predicate":{"trim_type":0.1,"custom_model_data":10003},"model":"clones_armors:ia_auto_gen/501st_helmet"},{"predicate":{"trim_type":0.2,"custom_model_data":10003},"model":"clones_armors:ia_auto_gen/501st_helmet"},{"predicate":{"trim_type":0.3,"custom_model_data":10003},"model":"clones_armors:ia_auto_gen/501st_helmet"},{"predicate":{"trim_type":0.4,"custom_model_data":10003},"model":"clones_armors:ia_auto_gen/501st_helmet"},{"predicate":{"trim_type":0.5,"custom_model_data":10003},"model":"clones_armors:ia_auto_gen/501st_helmet"},{"predicate":{"trim_type":0.6,"custom_model_data":10003},"model":"clones_armors:ia_auto_gen/501st_helmet"},{"predicate":{"trim_type":0.7,"custom_model_data":10003},"model":"clones_armors:ia_auto_gen/501st_helmet"},{"predicate":{"trim_type":0.8,"custom_model_data":10003},"model":"clones_armors:ia_auto_gen/501st_helmet"},{"predicate":{"trim_type":0.9,"custom_model_data":10003},"model":"clones_armors:ia_auto_gen/501st_helmet"},{"predicate":{"trim_type":1.0,"custom_model_data":10003},"model":"clones_armors:ia_auto_gen/501st_helmet"},{"predicate":{"custom_model_data":10004},"model":"clones_armors:ia_auto_gen/212th_helmet"},{"predicate":{"trim_type":0.1,"custom_model_data":10004},"model":"clones_armors:ia_auto_gen/212th_helmet"},{"predicate":{"trim_type":0.2,"custom_model_data":10004},"model":"clones_armors:ia_auto_gen/212th_helmet"},{"predicate":{"trim_type":0.3,"custom_model_data":10004},"model":"clones_armors:ia_auto_gen/212th_helmet"},{"predicate":{"trim_type":0.4,"custom_model_data":10004},"model":"clones_armors:ia_auto_gen/212th_helmet"},{"predicate":{"trim_type":0.5,"custom_model_data":10004},"model":"clones_armors:ia_auto_gen/212th_helmet"},{"predicate":{"trim_type":0.6,"custom_model_data":10004},"model":"clones_armors:ia_auto_gen/212th_helmet"},{"predicate":{"trim_type":0.7,"custom_model_data":10004},"model":"clones_armors:ia_auto_gen/212th_helmet"},{"predicate":{"trim_type":0.8,"custom_model_data":10004},"model":"clones_armors:ia_auto_gen/212th_helmet"},{"predicate":{"trim_type":0.9,"custom_model_data":10004},"model":"clones_armors:ia_auto_gen/212th_helmet"},{"predicate":{"trim_type":1.0,"custom_model_data":10004},"model":"clones_armors:ia_auto_gen/212th_helmet"},{"predicate":{"custom_model_data":10005},"model":"clones_armors:ia_auto_gen/barlex_helmet"},{"predicate":{"trim_type":0.1,"custom_model_data":10005},"model":"clones_armors:ia_auto_gen/barlex_helmet"},{"predicate":{"trim_type":0.2,"custom_model_data":10005},"model":"clones_armors:ia_auto_gen/barlex_helmet"},{"predicate":{"trim_type":0.3,"custom_model_data":10005},"model":"clones_armors:ia_auto_gen/barlex_helmet"},{"predicate":{"trim_type":0.4,"custom_model_data":10005},"model":"clones_armors:ia_auto_gen/barlex_helmet"},{"predicate":{"trim_type":0.5,"custom_model_data":10005},"model":"clones_armors:ia_auto_gen/barlex_helmet"},{"predicate":{"trim_type":0.6,"custom_model_data":10005},"model":"clones_armors:ia_auto_gen/barlex_helmet"},{"predicate":{"trim_type":0.7,"custom_model_data":10005},"model":"clones_armors:ia_auto_gen/barlex_helmet"},{"predicate":{"trim_type":0.8,"custom_model_data":10005},"model":"clones_armors:ia_auto_gen/barlex_helmet"},{"predicate":{"trim_type":0.9,"custom_model_data":10005},"model":"clones_armors:ia_auto_gen/barlex_helmet"},{"predicate":{"trim_type":1.0,"custom_model_data":10005},"model":"clones_armors:ia_auto_gen/barlex_helmet"},{"predicate":{"custom_model_data":10006},"model":"clones_armors:ia_auto_gen/fox_helmet"},{"predicate":{"trim_type":0.1,"custom_model_data":10006},"model":"clones_armors:ia_auto_gen/fox_helmet"},{"predicate":{"trim_type":0.2,"custom_model_data":10006},"model":"clones_armors:ia_auto_gen/fox_helmet"},{"predicate":{"trim_type":0.3,"custom_model_data":10006},"model":"clones_armors:ia_auto_gen/fox_helmet"},{"predicate":{"trim_type":0.4,"custom_model_data":10006},"model":"clones_armors:ia_auto_gen/fox_helmet"},{"predicate":{"trim_type":0.5,"custom_model_data":10006},"model":"clones_armors:ia_auto_gen/fox_helmet"},{"predicate":{"trim_type":0.6,"custom_model_data":10006},"model":"clones_armors:ia_auto_gen/fox_helmet"},{"predicate":{"trim_type":0.7,"custom_model_data":10006},"model":"clones_armors:ia_auto_gen/fox_helmet"},{"predicate":{"trim_type":0.8,"custom_model_data":10006},"model":"clones_armors:ia_auto_gen/fox_helmet"},{"predicate":{"trim_type":0.9,"custom_model_data":10006},"model":"clones_armors:ia_auto_gen/fox_helmet"},{"predicate":{"trim_type":1.0,"custom_model_data":10006},"model":"clones_armors:ia_auto_gen/fox_helmet"},{"predicate":{"custom_model_data":10007},"model":"clones_armors:ia_auto_gen/vyse_helmet"},{"predicate":{"trim_type":0.1,"custom_model_data":10007},"model":"clones_armors:ia_auto_gen/vyse_helmet"},{"predicate":{"trim_type":0.2,"custom_model_data":10007},"model":"clones_armors:ia_auto_gen/vyse_helmet"},{"predicate":{"trim_type":0.3,"custom_model_data":10007},"model":"clones_armors:ia_auto_gen/vyse_helmet"},{"predicate":{"trim_type":0.4,"custom_model_data":10007},"model":"clones_armors:ia_auto_gen/vyse_helmet"},{"predicate":{"trim_type":0.5,"custom_model_data":10007},"model":"clones_armors:ia_auto_gen/vyse_helmet"},{"predicate":{"trim_type":0.6,"custom_model_data":10007},"model":"clones_armors:ia_auto_gen/vyse_helmet"},{"predicate":{"trim_type":0.7,"custom_model_data":10007},"model":"clones_armors:ia_auto_gen/vyse_helmet"},{"predicate":{"trim_type":0.8,"custom_model_data":10007},"model":"clones_armors:ia_auto_gen/vyse_helmet"},{"predicate":{"trim_type":0.9,"custom_model_data":10007},"model":"clones_armors:ia_auto_gen/vyse_helmet"},{"predicate":{"trim_type":1.0,"custom_model_data":10007},"model":"clones_armors:ia_auto_gen/vyse_helmet"},{"predicate":{"custom_model_data":10008},"model":"clones_armors:ia_auto_gen/rex_helmet"},{"predicate":{"trim_type":0.1,"custom_model_data":10008},"model":"clones_armors:ia_auto_gen/rex_helmet"},{"predicate":{"trim_type":0.2,"custom_model_data":10008},"model":"clones_armors:ia_auto_gen/rex_helmet"},{"predicate":{"trim_type":0.3,"custom_model_data":10008},"model":"clones_armors:ia_auto_gen/rex_helmet"},{"predicate":{"trim_type":0.4,"custom_model_data":10008},"model":"clones_armors:ia_auto_gen/rex_helmet"},{"predicate":{"trim_type":0.5,"custom_model_data":10008},"model":"clones_armors:ia_auto_gen/rex_helmet"},{"predicate":{"trim_type":0.6,"custom_model_data":10008},"model":"clones_armors:ia_auto_gen/rex_helmet"},{"predicate":{"trim_type":0.7,"custom_model_data":10008},"model":"clones_armors:ia_auto_gen/rex_helmet"},{"predicate":{"trim_type":0.8,"custom_model_data":10008},"model":"clones_armors:ia_auto_gen/rex_helmet"},{"predicate":{"trim_type":0.9,"custom_model_data":10008},"model":"clones_armors:ia_auto_gen/rex_helmet"},{"predicate":{"trim_type":1.0,"custom_model_data":10008},"model":"clones_armors:ia_auto_gen/rex_helmet"},{"predicate":{"custom_model_data":10009},"model":"clones_armors:ia_auto_gen/wolffe_helmet"},{"predicate":{"trim_type":0.1,"custom_model_data":10009},"model":"clones_armors:ia_auto_gen/wolffe_helmet"},{"predicate":{"trim_type":0.2,"custom_model_data":10009},"model":"clones_armors:ia_auto_gen/wolffe_helmet"},{"predicate":{"trim_type":0.3,"custom_model_data":10009},"model":"clones_armors:ia_auto_gen/wolffe_helmet"},{"predicate":{"trim_type":0.4,"custom_model_data":10009},"model":"clones_armors:ia_auto_gen/wolffe_helmet"},{"predicate":{"trim_type":0.5,"custom_model_data":10009},"model":"clones_armors:ia_auto_gen/wolffe_helmet"},{"predicate":{"trim_type":0.6,"custom_model_data":10009},"model":"clones_armors:ia_auto_gen/wolffe_helmet"},{"predicate":{"trim_type":0.7,"custom_model_data":10009},"model":"clones_armors:ia_auto_gen/wolffe_helmet"},{"predicate":{"trim_type":0.8,"custom_model_data":10009},"model":"clones_armors:ia_auto_gen/wolffe_helmet"},{"predicate":{"trim_type":0.9,"custom_model_data":10009},"model":"clones_armors:ia_auto_gen/wolffe_helmet"},{"predicate":{"trim_type":1.0,"custom_model_data":10009},"model":"clones_armors:ia_auto_gen/wolffe_helmet"},{"predicate":{"custom_model_data":10010},"model":"clones_armors:ia_auto_gen/coruscant_guard_helmet"},{"predicate":{"trim_type":0.1,"custom_model_data":10010},"model":"clones_armors:ia_auto_gen/coruscant_guard_helmet"},{"predicate":{"trim_type":0.2,"custom_model_data":10010},"model":"clones_armors:ia_auto_gen/coruscant_guard_helmet"},{"predicate":{"trim_type":0.3,"custom_model_data":10010},"model":"clones_armors:ia_auto_gen/coruscant_guard_helmet"},{"predicate":{"trim_type":0.4,"custom_model_data":10010},"model":"clones_armors:ia_auto_gen/coruscant_guard_helmet"},{"predicate":{"trim_type":0.5,"custom_model_data":10010},"model":"clones_armors:ia_auto_gen/coruscant_guard_helmet"},{"predicate":{"trim_type":0.6,"custom_model_data":10010},"model":"clones_armors:ia_auto_gen/coruscant_guard_helmet"},{"predicate":{"trim_type":0.7,"custom_model_data":10010},"model":"clones_armors:ia_auto_gen/coruscant_guard_helmet"},{"predicate":{"trim_type":0.8,"custom_model_data":10010},"model":"clones_armors:ia_auto_gen/coruscant_guard_helmet"},{"predicate":{"trim_type":0.9,"custom_model_data":10010},"model":"clones_armors:ia_auto_gen/coruscant_guard_helmet"},{"predicate":{"trim_type":1.0,"custom_model_data":10010},"model":"clones_armors:ia_auto_gen/coruscant_guard_helmet"},{"predicate":{"custom_model_data":10011},"model":"clones_armors:ia_auto_gen/41st_helmet"},{"predicate":{"trim_type":0.1,"custom_model_data":10011},"model":"clones_armors:ia_auto_gen/41st_helmet"},{"predicate":{"trim_type":0.2,"custom_model_data":10011},"model":"clones_armors:ia_auto_gen/41st_helmet"},{"predicate":{"trim_type":0.3,"custom_model_data":10011},"model":"clones_armors:ia_auto_gen/41st_helmet"},{"predicate":{"trim_type":0.4,"custom_model_data":10011},"model":"clones_armors:ia_auto_gen/41st_helmet"},{"predicate":{"trim_type":0.5,"custom_model_data":10011},"model":"clones_armors:ia_auto_gen/41st_helmet"},{"predicate":{"trim_type":0.6,"custom_model_data":10011},"model":"clones_armors:ia_auto_gen/41st_helmet"},{"predicate":{"trim_type":0.7,"custom_model_data":10011},"model":"clones_armors:ia_auto_gen/41st_helmet"},{"predicate":{"trim_type":0.8,"custom_model_data":10011},"model":"clones_armors:ia_auto_gen/41st_helmet"},{"predicate":{"trim_type":0.9,"custom_model_data":10011},"model":"clones_armors:ia_auto_gen/41st_helmet"},{"predicate":{"trim_type":1.0,"custom_model_data":10011},"model":"clones_armors:ia_auto_gen/41st_helmet"},{"predicate":{"custom_model_data":10012},"model":"clones_armors:ia_auto_gen/332nd_helmet"},{"predicate":{"trim_type":0.1,"custom_model_data":10012},"model":"clones_armors:ia_auto_gen/332nd_helmet"},{"predicate":{"trim_type":0.2,"custom_model_data":10012},"model":"clones_armors:ia_auto_gen/332nd_helmet"},{"predicate":{"trim_type":0.3,"custom_model_data":10012},"model":"clones_armors:ia_auto_gen/332nd_helmet"},{"predicate":{"trim_type":0.4,"custom_model_data":10012},"model":"clones_armors:ia_auto_gen/332nd_helmet"},{"predicate":{"trim_type":0.5,"custom_model_data":10012},"model":"clones_armors:ia_auto_gen/332nd_helmet"},{"predicate":{"trim_type":0.6,"custom_model_data":10012},"model":"clones_armors:ia_auto_gen/332nd_helmet"},{"predicate":{"trim_type":0.7,"custom_model_data":10012},"model":"clones_armors:ia_auto_gen/332nd_helmet"},{"predicate":{"trim_type":0.8,"custom_model_data":10012},"model":"clones_armors:ia_auto_gen/332nd_helmet"},{"predicate":{"trim_type":0.9,"custom_model_data":10012},"model":"clones_armors:ia_auto_gen/332nd_helmet"},{"predicate":{"trim_type":1.0,"custom_model_data":10012},"model":"clones_armors:ia_auto_gen/332nd_helmet"},{"predicate":{"custom_model_data":10013},"model":"clones_armors:ia_auto_gen/gree_helmet"},{"predicate":{"trim_type":0.1,"custom_model_data":10013},"model":"clones_armors:ia_auto_gen/gree_helmet"},{"predicate":{"trim_type":0.2,"custom_model_data":10013},"model":"clones_armors:ia_auto_gen/gree_helmet"},{"predicate":{"trim_type":0.3,"custom_model_data":10013},"model":"clones_armors:ia_auto_gen/gree_helmet"},{"predicate":{"trim_type":0.4,"custom_model_data":10013},"model":"clones_armors:ia_auto_gen/gree_helmet"},{"predicate":{"trim_type":0.5,"custom_model_data":10013},"model":"clones_armors:ia_auto_gen/gree_helmet"},{"predicate":{"trim_type":0.6,"custom_model_data":10013},"model":"clones_armors:ia_auto_gen/gree_helmet"},{"predicate":{"trim_type":0.7,"custom_model_data":10013},"model":"clones_armors:ia_auto_gen/gree_helmet"},{"predicate":{"trim_type":0.8,"custom_model_data":10013},"model":"clones_armors:ia_auto_gen/gree_helmet"},{"predicate":{"trim_type":0.9,"custom_model_data":10013},"model":"clones_armors:ia_auto_gen/gree_helmet"},{"predicate":{"trim_type":1.0,"custom_model_data":10013},"model":"clones_armors:ia_auto_gen/gree_helmet"},{"predicate":{"custom_model_data":10014},"model":"clones_armors:ia_auto_gen/104st_helmet"},{"predicate":{"trim_type":0.1,"custom_model_data":10014},"model":"clones_armors:ia_auto_gen/104st_helmet"},{"predicate":{"trim_type":0.2,"custom_model_data":10014},"model":"clones_armors:ia_auto_gen/104st_helmet"},{"predicate":{"trim_type":0.3,"custom_model_data":10014},"model":"clones_armors:ia_auto_gen/104st_helmet"},{"predicate":{"trim_type":0.4,"custom_model_data":10014},"model":"clones_armors:ia_auto_gen/104st_helmet"},{"predicate":{"trim_type":0.5,"custom_model_data":10014},"model":"clones_armors:ia_auto_gen/104st_helmet"},{"predicate":{"trim_type":0.6,"custom_model_data":10014},"model":"clones_armors:ia_auto_gen/104st_helmet"},{"predicate":{"trim_type":0.7,"custom_model_data":10014},"model":"clones_armors:ia_auto_gen/104st_helmet"},{"predicate":{"trim_type":0.8,"custom_model_data":10014},"model":"clones_armors:ia_auto_gen/104st_helmet"},{"predicate":{"trim_type":0.9,"custom_model_data":10014},"model":"clones_armors:ia_auto_gen/104st_helmet"},{"predicate":{"trim_type":1.0,"custom_model_data":10014},"model":"clones_armors:ia_auto_gen/104st_helmet"},{"predicate":{"custom_model_data":10015},"model":"clones_armors:ia_auto_gen/clone_helmet"},{"predicate":{"trim_type":0.1,"custom_model_data":10015},"model":"clones_armors:ia_auto_gen/clone_helmet"},{"predicate":{"trim_type":0.2,"custom_model_data":10015},"model":"clones_armors:ia_auto_gen/clone_helmet"},{"predicate":{"trim_type":0.3,"custom_model_data":10015},"model":"clones_armors:ia_auto_gen/clone_helmet"},{"predicate":{"trim_type":0.4,"custom_model_data":10015},"model":"clones_armors:ia_auto_gen/clone_helmet"},{"predicate":{"trim_type":0.5,"custom_model_data":10015},"model":"clones_armors:ia_auto_gen/clone_helmet"},{"predicate":{"trim_type":0.6,"custom_model_data":10015},"model":"clones_armors:ia_auto_gen/clone_helmet"},{"predicate":{"trim_type":0.7,"custom_model_data":10015},"model":"clones_armors:ia_auto_gen/clone_helmet"},{"predicate":{"trim_type":0.8,"custom_model_data":10015},"model":"clones_armors:ia_auto_gen/clone_helmet"},{"predicate":{"trim_type":0.9,"custom_model_data":10015},"model":"clones_armors:ia_auto_gen/clone_helmet"},{"predicate":{"trim_type":1.0,"custom_model_data":10015},"model":"clones_armors:ia_auto_gen/clone_helmet"},{"predicate":{"custom_model_data":10016},"model":"item/leather_helmet"}],"textures":{"layer0":"minecraft:item/leather_helmet","layer1":"minecraft:item/leather_helmet_overlay"}}