{"parent":"minecraft:item/generated","overrides":[{"model":"minecraft:item/leather_chestplate_quartz_trim","predicate":{"trim_type":0.1}},{"model":"minecraft:item/leather_chestplate_iron_trim","predicate":{"trim_type":0.2}},{"model":"minecraft:item/leather_chestplate_netherite_trim","predicate":{"trim_type":0.3}},{"model":"minecraft:item/leather_chestplate_redstone_trim","predicate":{"trim_type":0.4}},{"model":"minecraft:item/leather_chestplate_copper_trim","predicate":{"trim_type":0.5}},{"model":"minecraft:item/leather_chestplate_gold_trim","predicate":{"trim_type":0.6}},{"model":"minecraft:item/leather_chestplate_emerald_trim","predicate":{"trim_type":0.7}},{"model":"minecraft:item/leather_chestplate_diamond_trim","predicate":{"trim_type":0.8}},{"model":"minecraft:item/leather_chestplate_lapis_trim","predicate":{"trim_type":0.9}},{"model":"minecraft:item/leather_chestplate_amethyst_trim","predicate":{"trim_type":1.0}},{"predicate":{"custom_model_data":5000},"model":"lunar_studios:enderkariz/block_wars/darth/darth_chestplate"},{"predicate":{"trim_type":0.1,"custom_model_data":5000},"model":"lunar_studios:enderkariz/block_wars/darth/darth_chestplate"},{"predicate":{"trim_type":0.2,"custom_model_data":5000},"model":"lunar_studios:enderkariz/block_wars/darth/darth_chestplate"},{"predicate":{"trim_type":0.3,"custom_model_data":5000},"model":"lunar_studios:enderkariz/block_wars/darth/darth_chestplate"},{"predicate":{"trim_type":0.4,"custom_model_data":5000},"model":"lunar_studios:enderkariz/block_wars/darth/darth_chestplate"},{"predicate":{"trim_type":0.5,"custom_model_data":5000},"model":"lunar_studios:enderkariz/block_wars/darth/darth_chestplate"},{"predicate":{"trim_type":0.6,"custom_model_data":5000},"model":"lunar_studios:enderkariz/block_wars/darth/darth_chestplate"},{"predicate":{"trim_type":0.7,"custom_model_data":5000},"model":"lunar_studios:enderkariz/block_wars/darth/darth_chestplate"},{"predicate":{"trim_type":0.8,"custom_model_data":5000},"model":"lunar_studios:enderkariz/block_wars/darth/darth_chestplate"},{"predicate":{"trim_type":0.9,"custom_model_data":5000},"model":"lunar_studios:enderkariz/block_wars/darth/darth_chestplate"},{"predicate":{"trim_type":1.0,"custom_model_data":5000},"model":"lunar_studios:enderkariz/block_wars/darth/darth_chestplate"},{"predicate":{"custom_model_data":5001},"model":"lunar_studios:enderkariz/block_wars/obi/obi_chestplate"},{"predicate":{"trim_type":0.1,"custom_model_data":5001},"model":"lunar_studios:enderkariz/block_wars/obi/obi_chestplate"},{"predicate":{"trim_type":0.2,"custom_model_data":5001},"model":"lunar_studios:enderkariz/block_wars/obi/obi_chestplate"},{"predicate":{"trim_type":0.3,"custom_model_data":5001},"model":"lunar_studios:enderkariz/block_wars/obi/obi_chestplate"},{"predicate":{"trim_type":0.4,"custom_model_data":5001},"model":"lunar_studios:enderkariz/block_wars/obi/obi_chestplate"},{"predicate":{"trim_type":0.5,"custom_model_data":5001},"model":"lunar_studios:enderkariz/block_wars/obi/obi_chestplate"},{"predicate":{"trim_type":0.6,"custom_model_data":5001},"model":"lunar_studios:enderkariz/block_wars/obi/obi_chestplate"},{"predicate":{"trim_type":0.7,"custom_model_data":5001},"model":"lunar_studios:enderkariz/block_wars/obi/obi_chestplate"},{"predicate":{"trim_type":0.8,"custom_model_data":5001},"model":"lunar_studios:enderkariz/block_wars/obi/obi_chestplate"},{"predicate":{"trim_type":0.9,"custom_model_data":5001},"model":"lunar_studios:enderkariz/block_wars/obi/obi_chestplate"},{"predicate":{"trim_type":1.0,"custom_model_data":5001},"model":"lunar_studios:enderkariz/block_wars/obi/obi_chestplate"},{"predicate":{"custom_model_data":5002},"model":"lunar_studios:enderkariz/block_wars/stormtrooper/stormtrooper_chestplate"},{"predicate":{"trim_type":0.1,"custom_model_data":5002},"model":"lunar_studios:enderkariz/block_wars/stormtrooper/stormtrooper_chestplate"},{"predicate":{"trim_type":0.2,"custom_model_data":5002},"model":"lunar_studios:enderkariz/block_wars/stormtrooper/stormtrooper_chestplate"},{"predicate":{"trim_type":0.3,"custom_model_data":5002},"model":"lunar_studios:enderkariz/block_wars/stormtrooper/stormtrooper_chestplate"},{"predicate":{"trim_type":0.4,"custom_model_data":5002},"model":"lunar_studios:enderkariz/block_wars/stormtrooper/stormtrooper_chestplate"},{"predicate":{"trim_type":0.5,"custom_model_data":5002},"model":"lunar_studios:enderkariz/block_wars/stormtrooper/stormtrooper_chestplate"},{"predicate":{"trim_type":0.6,"custom_model_data":5002},"model":"lunar_studios:enderkariz/block_wars/stormtrooper/stormtrooper_chestplate"},{"predicate":{"trim_type":0.7,"custom_model_data":5002},"model":"lunar_studios:enderkariz/block_wars/stormtrooper/stormtrooper_chestplate"},{"predicate":{"trim_type":0.8,"custom_model_data":5002},"model":"lunar_studios:enderkariz/block_wars/stormtrooper/stormtrooper_chestplate"},{"predicate":{"trim_type":0.9,"custom_model_data":5002},"model":"lunar_studios:enderkariz/block_wars/stormtrooper/stormtrooper_chestplate"},{"predicate":{"trim_type":1.0,"custom_model_data":5002},"model":"lunar_studios:enderkariz/block_wars/stormtrooper/stormtrooper_chestplate"},{"predicate":{"custom_model_data":10000},"model":"gamingarmor:ia_auto_gen/guardian_of_the_sea_chestplate"},{"predicate":{"trim_type":0.1,"custom_model_data":10000},"model":"gamingarmor:ia_auto_gen/guardian_of_the_sea_chestplate"},{"predicate":{"trim_type":0.2,"custom_model_data":10000},"model":"gamingarmor:ia_auto_gen/guardian_of_the_sea_chestplate"},{"predicate":{"trim_type":0.3,"custom_model_data":10000},"model":"gamingarmor:ia_auto_gen/guardian_of_the_sea_chestplate"},{"predicate":{"trim_type":0.4,"custom_model_data":10000},"model":"gamingarmor:ia_auto_gen/guardian_of_the_sea_chestplate"},{"predicate":{"trim_type":0.5,"custom_model_data":10000},"model":"gamingarmor:ia_auto_gen/guardian_of_the_sea_chestplate"},{"predicate":{"trim_type":0.6,"custom_model_data":10000},"model":"gamingarmor:ia_auto_gen/guardian_of_the_sea_chestplate"},{"predicate":{"trim_type":0.7,"custom_model_data":10000},"model":"gamingarmor:ia_auto_gen/guardian_of_the_sea_chestplate"},{"predicate":{"trim_type":0.8,"custom_model_data":10000},"model":"gamingarmor:ia_auto_gen/guardian_of_the_sea_chestplate"},{"predicate":{"trim_type":0.9,"custom_model_data":10000},"model":"gamingarmor:ia_auto_gen/guardian_of_the_sea_chestplate"},{"predicate":{"trim_type":1.0,"custom_model_data":10000},"model":"gamingarmor:ia_auto_gen/guardian_of_the_sea_chestplate"},{"predicate":{"custom_model_data":10001},"model":"leviathanset:ia_auto_gen/leviathanchestplate"},{"predicate":{"trim_type":0.1,"custom_model_data":10001},"model":"leviathanset:ia_auto_gen/leviathanchestplate"},{"predicate":{"trim_type":0.2,"custom_model_data":10001},"model":"leviathanset:ia_auto_gen/leviathanchestplate"},{"predicate":{"trim_type":0.3,"custom_model_data":10001},"model":"leviathanset:ia_auto_gen/leviathanchestplate"},{"predicate":{"trim_type":0.4,"custom_model_data":10001},"model":"leviathanset:ia_auto_gen/leviathanchestplate"},{"predicate":{"trim_type":0.5,"custom_model_data":10001},"model":"leviathanset:ia_auto_gen/leviathanchestplate"},{"predicate":{"trim_type":0.6,"custom_model_data":10001},"model":"leviathanset:ia_auto_gen/leviathanchestplate"},{"predicate":{"trim_type":0.7,"custom_model_data":10001},"model":"leviathanset:ia_auto_gen/leviathanchestplate"},{"predicate":{"trim_type":0.8,"custom_model_data":10001},"model":"leviathanset:ia_auto_gen/leviathanchestplate"},{"predicate":{"trim_type":0.9,"custom_model_data":10001},"model":"leviathanset:ia_auto_gen/leviathanchestplate"},{"predicate":{"trim_type":1.0,"custom_model_data":10001},"model":"leviathanset:ia_auto_gen/leviathanchestplate"},{"predicate":{"custom_model_data":10002},"model":"clones_armors:ia_auto_gen/cody_chestplate"},{"predicate":{"trim_type":0.1,"custom_model_data":10002},"model":"clones_armors:ia_auto_gen/cody_chestplate"},{"predicate":{"trim_type":0.2,"custom_model_data":10002},"model":"clones_armors:ia_auto_gen/cody_chestplate"},{"predicate":{"trim_type":0.3,"custom_model_data":10002},"model":"clones_armors:ia_auto_gen/cody_chestplate"},{"predicate":{"trim_type":0.4,"custom_model_data":10002},"model":"clones_armors:ia_auto_gen/cody_chestplate"},{"predicate":{"trim_type":0.5,"custom_model_data":10002},"model":"clones_armors:ia_auto_gen/cody_chestplate"},{"predicate":{"trim_type":0.6,"custom_model_data":10002},"model":"clones_armors:ia_auto_gen/cody_chestplate"},{"predicate":{"trim_type":0.7,"custom_model_data":10002},"model":"clones_armors:ia_auto_gen/cody_chestplate"},{"predicate":{"trim_type":0.8,"custom_model_data":10002},"model":"clones_armors:ia_auto_gen/cody_chestplate"},{"predicate":{"trim_type":0.9,"custom_model_data":10002},"model":"clones_armors:ia_auto_gen/cody_chestplate"},{"predicate":{"trim_type":1.0,"custom_model_data":10002},"model":"clones_armors:ia_auto_gen/cody_chestplate"},{"predicate":{"custom_model_data":10003},"model":"clones_armors:ia_auto_gen/501st_chestplate"},{"predicate":{"trim_type":0.1,"custom_model_data":10003},"model":"clones_armors:ia_auto_gen/501st_chestplate"},{"predicate":{"trim_type":0.2,"custom_model_data":10003},"model":"clones_armors:ia_auto_gen/501st_chestplate"},{"predicate":{"trim_type":0.3,"custom_model_data":10003},"model":"clones_armors:ia_auto_gen/501st_chestplate"},{"predicate":{"trim_type":0.4,"custom_model_data":10003},"model":"clones_armors:ia_auto_gen/501st_chestplate"},{"predicate":{"trim_type":0.5,"custom_model_data":10003},"model":"clones_armors:ia_auto_gen/501st_chestplate"},{"predicate":{"trim_type":0.6,"custom_model_data":10003},"model":"clones_armors:ia_auto_gen/501st_chestplate"},{"predicate":{"trim_type":0.7,"custom_model_data":10003},"model":"clones_armors:ia_auto_gen/501st_chestplate"},{"predicate":{"trim_type":0.8,"custom_model_data":10003},"model":"clones_armors:ia_auto_gen/501st_chestplate"},{"predicate":{"trim_type":0.9,"custom_model_data":10003},"model":"clones_armors:ia_auto_gen/501st_chestplate"},{"predicate":{"trim_type":1.0,"custom_model_data":10003},"model":"clones_armors:ia_auto_gen/501st_chestplate"},{"predicate":{"custom_model_data":10004},"model":"clones_armors:ia_auto_gen/212th_chestplate"},{"predicate":{"trim_type":0.1,"custom_model_data":10004},"model":"clones_armors:ia_auto_gen/212th_chestplate"},{"predicate":{"trim_type":0.2,"custom_model_data":10004},"model":"clones_armors:ia_auto_gen/212th_chestplate"},{"predicate":{"trim_type":0.3,"custom_model_data":10004},"model":"clones_armors:ia_auto_gen/212th_chestplate"},{"predicate":{"trim_type":0.4,"custom_model_data":10004},"model":"clones_armors:ia_auto_gen/212th_chestplate"},{"predicate":{"trim_type":0.5,"custom_model_data":10004},"model":"clones_armors:ia_auto_gen/212th_chestplate"},{"predicate":{"trim_type":0.6,"custom_model_data":10004},"model":"clones_armors:ia_auto_gen/212th_chestplate"},{"predicate":{"trim_type":0.7,"custom_model_data":10004},"model":"clones_armors:ia_auto_gen/212th_chestplate"},{"predicate":{"trim_type":0.8,"custom_model_data":10004},"model":"clones_armors:ia_auto_gen/212th_chestplate"},{"predicate":{"trim_type":0.9,"custom_model_data":10004},"model":"clones_armors:ia_auto_gen/212th_chestplate"},{"predicate":{"trim_type":1.0,"custom_model_data":10004},"model":"clones_armors:ia_auto_gen/212th_chestplate"},{"predicate":{"custom_model_data":10005},"model":"clones_armors:ia_auto_gen/barlex_chestplate"},{"predicate":{"trim_type":0.1,"custom_model_data":10005},"model":"clones_armors:ia_auto_gen/barlex_chestplate"},{"predicate":{"trim_type":0.2,"custom_model_data":10005},"model":"clones_armors:ia_auto_gen/barlex_chestplate"},{"predicate":{"trim_type":0.3,"custom_model_data":10005},"model":"clones_armors:ia_auto_gen/barlex_chestplate"},{"predicate":{"trim_type":0.4,"custom_model_data":10005},"model":"clones_armors:ia_auto_gen/barlex_chestplate"},{"predicate":{"trim_type":0.5,"custom_model_data":10005},"model":"clones_armors:ia_auto_gen/barlex_chestplate"},{"predicate":{"trim_type":0.6,"custom_model_data":10005},"model":"clones_armors:ia_auto_gen/barlex_chestplate"},{"predicate":{"trim_type":0.7,"custom_model_data":10005},"model":"clones_armors:ia_auto_gen/barlex_chestplate"},{"predicate":{"trim_type":0.8,"custom_model_data":10005},"model":"clones_armors:ia_auto_gen/barlex_chestplate"},{"predicate":{"trim_type":0.9,"custom_model_data":10005},"model":"clones_armors:ia_auto_gen/barlex_chestplate"},{"predicate":{"trim_type":1.0,"custom_model_data":10005},"model":"clones_armors:ia_auto_gen/barlex_chestplate"},{"predicate":{"custom_model_data":10006},"model":"clones_armors:ia_auto_gen/fox_chestplate"},{"predicate":{"trim_type":0.1,"custom_model_data":10006},"model":"clones_armors:ia_auto_gen/fox_chestplate"},{"predicate":{"trim_type":0.2,"custom_model_data":10006},"model":"clones_armors:ia_auto_gen/fox_chestplate"},{"predicate":{"trim_type":0.3,"custom_model_data":10006},"model":"clones_armors:ia_auto_gen/fox_chestplate"},{"predicate":{"trim_type":0.4,"custom_model_data":10006},"model":"clones_armors:ia_auto_gen/fox_chestplate"},{"predicate":{"trim_type":0.5,"custom_model_data":10006},"model":"clones_armors:ia_auto_gen/fox_chestplate"},{"predicate":{"trim_type":0.6,"custom_model_data":10006},"model":"clones_armors:ia_auto_gen/fox_chestplate"},{"predicate":{"trim_type":0.7,"custom_model_data":10006},"model":"clones_armors:ia_auto_gen/fox_chestplate"},{"predicate":{"trim_type":0.8,"custom_model_data":10006},"model":"clones_armors:ia_auto_gen/fox_chestplate"},{"predicate":{"trim_type":0.9,"custom_model_data":10006},"model":"clones_armors:ia_auto_gen/fox_chestplate"},{"predicate":{"trim_type":1.0,"custom_model_data":10006},"model":"clones_armors:ia_auto_gen/fox_chestplate"},{"predicate":{"custom_model_data":10007},"model":"clones_armors:ia_auto_gen/vyse_chestplate"},{"predicate":{"trim_type":0.1,"custom_model_data":10007},"model":"clones_armors:ia_auto_gen/vyse_chestplate"},{"predicate":{"trim_type":0.2,"custom_model_data":10007},"model":"clones_armors:ia_auto_gen/vyse_chestplate"},{"predicate":{"trim_type":0.3,"custom_model_data":10007},"model":"clones_armors:ia_auto_gen/vyse_chestplate"},{"predicate":{"trim_type":0.4,"custom_model_data":10007},"model":"clones_armors:ia_auto_gen/vyse_chestplate"},{"predicate":{"trim_type":0.5,"custom_model_data":10007},"model":"clones_armors:ia_auto_gen/vyse_chestplate"},{"predicate":{"trim_type":0.6,"custom_model_data":10007},"model":"clones_armors:ia_auto_gen/vyse_chestplate"},{"predicate":{"trim_type":0.7,"custom_model_data":10007},"model":"clones_armors:ia_auto_gen/vyse_chestplate"},{"predicate":{"trim_type":0.8,"custom_model_data":10007},"model":"clones_armors:ia_auto_gen/vyse_chestplate"},{"predicate":{"trim_type":0.9,"custom_model_data":10007},"model":"clones_armors:ia_auto_gen/vyse_chestplate"},{"predicate":{"trim_type":1.0,"custom_model_data":10007},"model":"clones_armors:ia_auto_gen/vyse_chestplate"},{"predicate":{"custom_model_data":10008},"model":"clones_armors:ia_auto_gen/rex_chestplate"},{"predicate":{"trim_type":0.1,"custom_model_data":10008},"model":"clones_armors:ia_auto_gen/rex_chestplate"},{"predicate":{"trim_type":0.2,"custom_model_data":10008},"model":"clones_armors:ia_auto_gen/rex_chestplate"},{"predicate":{"trim_type":0.3,"custom_model_data":10008},"model":"clones_armors:ia_auto_gen/rex_chestplate"},{"predicate":{"trim_type":0.4,"custom_model_data":10008},"model":"clones_armors:ia_auto_gen/rex_chestplate"},{"predicate":{"trim_type":0.5,"custom_model_data":10008},"model":"clones_armors:ia_auto_gen/rex_chestplate"},{"predicate":{"trim_type":0.6,"custom_model_data":10008},"model":"clones_armors:ia_auto_gen/rex_chestplate"},{"predicate":{"trim_type":0.7,"custom_model_data":10008},"model":"clones_armors:ia_auto_gen/rex_chestplate"},{"predicate":{"trim_type":0.8,"custom_model_data":10008},"model":"clones_armors:ia_auto_gen/rex_chestplate"},{"predicate":{"trim_type":0.9,"custom_model_data":10008},"model":"clones_armors:ia_auto_gen/rex_chestplate"},{"predicate":{"trim_type":1.0,"custom_model_data":10008},"model":"clones_armors:ia_auto_gen/rex_chestplate"},{"predicate":{"custom_model_data":10009},"model":"clones_armors:ia_auto_gen/wolffe_chestplate"},{"predicate":{"trim_type":0.1,"custom_model_data":10009},"model":"clones_armors:ia_auto_gen/wolffe_chestplate"},{"predicate":{"trim_type":0.2,"custom_model_data":10009},"model":"clones_armors:ia_auto_gen/wolffe_chestplate"},{"predicate":{"trim_type":0.3,"custom_model_data":10009},"model":"clones_armors:ia_auto_gen/wolffe_chestplate"},{"predicate":{"trim_type":0.4,"custom_model_data":10009},"model":"clones_armors:ia_auto_gen/wolffe_chestplate"},{"predicate":{"trim_type":0.5,"custom_model_data":10009},"model":"clones_armors:ia_auto_gen/wolffe_chestplate"},{"predicate":{"trim_type":0.6,"custom_model_data":10009},"model":"clones_armors:ia_auto_gen/wolffe_chestplate"},{"predicate":{"trim_type":0.7,"custom_model_data":10009},"model":"clones_armors:ia_auto_gen/wolffe_chestplate"},{"predicate":{"trim_type":0.8,"custom_model_data":10009},"model":"clones_armors:ia_auto_gen/wolffe_chestplate"},{"predicate":{"trim_type":0.9,"custom_model_data":10009},"model":"clones_armors:ia_auto_gen/wolffe_chestplate"},{"predicate":{"trim_type":1.0,"custom_model_data":10009},"model":"clones_armors:ia_auto_gen/wolffe_chestplate"},{"predicate":{"custom_model_data":10010},"model":"clones_armors:ia_auto_gen/coruscant_guard_chestplate"},{"predicate":{"trim_type":0.1,"custom_model_data":10010},"model":"clones_armors:ia_auto_gen/coruscant_guard_chestplate"},{"predicate":{"trim_type":0.2,"custom_model_data":10010},"model":"clones_armors:ia_auto_gen/coruscant_guard_chestplate"},{"predicate":{"trim_type":0.3,"custom_model_data":10010},"model":"clones_armors:ia_auto_gen/coruscant_guard_chestplate"},{"predicate":{"trim_type":0.4,"custom_model_data":10010},"model":"clones_armors:ia_auto_gen/coruscant_guard_chestplate"},{"predicate":{"trim_type":0.5,"custom_model_data":10010},"model":"clones_armors:ia_auto_gen/coruscant_guard_chestplate"},{"predicate":{"trim_type":0.6,"custom_model_data":10010},"model":"clones_armors:ia_auto_gen/coruscant_guard_chestplate"},{"predicate":{"trim_type":0.7,"custom_model_data":10010},"model":"clones_armors:ia_auto_gen/coruscant_guard_chestplate"},{"predicate":{"trim_type":0.8,"custom_model_data":10010},"model":"clones_armors:ia_auto_gen/coruscant_guard_chestplate"},{"predicate":{"trim_type":0.9,"custom_model_data":10010},"model":"clones_armors:ia_auto_gen/coruscant_guard_chestplate"},{"predicate":{"trim_type":1.0,"custom_model_data":10010},"model":"clones_armors:ia_auto_gen/coruscant_guard_chestplate"},{"predicate":{"custom_model_data":10011},"model":"clones_armors:ia_auto_gen/41st_chestplate"},{"predicate":{"trim_type":0.1,"custom_model_data":10011},"model":"clones_armors:ia_auto_gen/41st_chestplate"},{"predicate":{"trim_type":0.2,"custom_model_data":10011},"model":"clones_armors:ia_auto_gen/41st_chestplate"},{"predicate":{"trim_type":0.3,"custom_model_data":10011},"model":"clones_armors:ia_auto_gen/41st_chestplate"},{"predicate":{"trim_type":0.4,"custom_model_data":10011},"model":"clones_armors:ia_auto_gen/41st_chestplate"},{"predicate":{"trim_type":0.5,"custom_model_data":10011},"model":"clones_armors:ia_auto_gen/41st_chestplate"},{"predicate":{"trim_type":0.6,"custom_model_data":10011},"model":"clones_armors:ia_auto_gen/41st_chestplate"},{"predicate":{"trim_type":0.7,"custom_model_data":10011},"model":"clones_armors:ia_auto_gen/41st_chestplate"},{"predicate":{"trim_type":0.8,"custom_model_data":10011},"model":"clones_armors:ia_auto_gen/41st_chestplate"},{"predicate":{"trim_type":0.9,"custom_model_data":10011},"model":"clones_armors:ia_auto_gen/41st_chestplate"},{"predicate":{"trim_type":1.0,"custom_model_data":10011},"model":"clones_armors:ia_auto_gen/41st_chestplate"},{"predicate":{"custom_model_data":10012},"model":"clones_armors:ia_auto_gen/332nd_chestplate"},{"predicate":{"trim_type":0.1,"custom_model_data":10012},"model":"clones_armors:ia_auto_gen/332nd_chestplate"},{"predicate":{"trim_type":0.2,"custom_model_data":10012},"model":"clones_armors:ia_auto_gen/332nd_chestplate"},{"predicate":{"trim_type":0.3,"custom_model_data":10012},"model":"clones_armors:ia_auto_gen/332nd_chestplate"},{"predicate":{"trim_type":0.4,"custom_model_data":10012},"model":"clones_armors:ia_auto_gen/332nd_chestplate"},{"predicate":{"trim_type":0.5,"custom_model_data":10012},"model":"clones_armors:ia_auto_gen/332nd_chestplate"},{"predicate":{"trim_type":0.6,"custom_model_data":10012},"model":"clones_armors:ia_auto_gen/332nd_chestplate"},{"predicate":{"trim_type":0.7,"custom_model_data":10012},"model":"clones_armors:ia_auto_gen/332nd_chestplate"},{"predicate":{"trim_type":0.8,"custom_model_data":10012},"model":"clones_armors:ia_auto_gen/332nd_chestplate"},{"predicate":{"trim_type":0.9,"custom_model_data":10012},"model":"clones_armors:ia_auto_gen/332nd_chestplate"},{"predicate":{"trim_type":1.0,"custom_model_data":10012},"model":"clones_armors:ia_auto_gen/332nd_chestplate"},{"predicate":{"custom_model_data":10013},"model":"clones_armors:ia_auto_gen/gree_chestplate"},{"predicate":{"trim_type":0.1,"custom_model_data":10013},"model":"clones_armors:ia_auto_gen/gree_chestplate"},{"predicate":{"trim_type":0.2,"custom_model_data":10013},"model":"clones_armors:ia_auto_gen/gree_chestplate"},{"predicate":{"trim_type":0.3,"custom_model_data":10013},"model":"clones_armors:ia_auto_gen/gree_chestplate"},{"predicate":{"trim_type":0.4,"custom_model_data":10013},"model":"clones_armors:ia_auto_gen/gree_chestplate"},{"predicate":{"trim_type":0.5,"custom_model_data":10013},"model":"clones_armors:ia_auto_gen/gree_chestplate"},{"predicate":{"trim_type":0.6,"custom_model_data":10013},"model":"clones_armors:ia_auto_gen/gree_chestplate"},{"predicate":{"trim_type":0.7,"custom_model_data":10013},"model":"clones_armors:ia_auto_gen/gree_chestplate"},{"predicate":{"trim_type":0.8,"custom_model_data":10013},"model":"clones_armors:ia_auto_gen/gree_chestplate"},{"predicate":{"trim_type":0.9,"custom_model_data":10013},"model":"clones_armors:ia_auto_gen/gree_chestplate"},{"predicate":{"trim_type":1.0,"custom_model_data":10013},"model":"clones_armors:ia_auto_gen/gree_chestplate"},{"predicate":{"custom_model_data":10014},"model":"clones_armors:ia_auto_gen/104st_chestplate"},{"predicate":{"trim_type":0.1,"custom_model_data":10014},"model":"clones_armors:ia_auto_gen/104st_chestplate"},{"predicate":{"trim_type":0.2,"custom_model_data":10014},"model":"clones_armors:ia_auto_gen/104st_chestplate"},{"predicate":{"trim_type":0.3,"custom_model_data":10014},"model":"clones_armors:ia_auto_gen/104st_chestplate"},{"predicate":{"trim_type":0.4,"custom_model_data":10014},"model":"clones_armors:ia_auto_gen/104st_chestplate"},{"predicate":{"trim_type":0.5,"custom_model_data":10014},"model":"clones_armors:ia_auto_gen/104st_chestplate"},{"predicate":{"trim_type":0.6,"custom_model_data":10014},"model":"clones_armors:ia_auto_gen/104st_chestplate"},{"predicate":{"trim_type":0.7,"custom_model_data":10014},"model":"clones_armors:ia_auto_gen/104st_chestplate"},{"predicate":{"trim_type":0.8,"custom_model_data":10014},"model":"clones_armors:ia_auto_gen/104st_chestplate"},{"predicate":{"trim_type":0.9,"custom_model_data":10014},"model":"clones_armors:ia_auto_gen/104st_chestplate"},{"predicate":{"trim_type":1.0,"custom_model_data":10014},"model":"clones_armors:ia_auto_gen/104st_chestplate"},{"predicate":{"custom_model_data":10015},"model":"clones_armors:ia_auto_gen/clone_chestplate"},{"predicate":{"trim_type":0.1,"custom_model_data":10015},"model":"clones_armors:ia_auto_gen/clone_chestplate"},{"predicate":{"trim_type":0.2,"custom_model_data":10015},"model":"clones_armors:ia_auto_gen/clone_chestplate"},{"predicate":{"trim_type":0.3,"custom_model_data":10015},"model":"clones_armors:ia_auto_gen/clone_chestplate"},{"predicate":{"trim_type":0.4,"custom_model_data":10015},"model":"clones_armors:ia_auto_gen/clone_chestplate"},{"predicate":{"trim_type":0.5,"custom_model_data":10015},"model":"clones_armors:ia_auto_gen/clone_chestplate"},{"predicate":{"trim_type":0.6,"custom_model_data":10015},"model":"clones_armors:ia_auto_gen/clone_chestplate"},{"predicate":{"trim_type":0.7,"custom_model_data":10015},"model":"clones_armors:ia_auto_gen/clone_chestplate"},{"predicate":{"trim_type":0.8,"custom_model_data":10015},"model":"clones_armors:ia_auto_gen/clone_chestplate"},{"predicate":{"trim_type":0.9,"custom_model_data":10015},"model":"clones_armors:ia_auto_gen/clone_chestplate"},{"predicate":{"trim_type":1.0,"custom_model_data":10015},"model":"clones_armors:ia_auto_gen/clone_chestplate"},{"predicate":{"custom_model_data":10016},"model":"item/leather_chestplate"}],"textures":{"layer0":"minecraft:item/leather_chestplate","layer1":"minecraft:item/leather_chestplate_overlay"}}