{"parent":"minecraft:item/generated","overrides":[{"model":"minecraft:item/leather_leggings_quartz_trim","predicate":{"trim_type":0.1}},{"model":"minecraft:item/leather_leggings_iron_trim","predicate":{"trim_type":0.2}},{"model":"minecraft:item/leather_leggings_netherite_trim","predicate":{"trim_type":0.3}},{"model":"minecraft:item/leather_leggings_redstone_trim","predicate":{"trim_type":0.4}},{"model":"minecraft:item/leather_leggings_copper_trim","predicate":{"trim_type":0.5}},{"model":"minecraft:item/leather_leggings_gold_trim","predicate":{"trim_type":0.6}},{"model":"minecraft:item/leather_leggings_emerald_trim","predicate":{"trim_type":0.7}},{"model":"minecraft:item/leather_leggings_diamond_trim","predicate":{"trim_type":0.8}},{"model":"minecraft:item/leather_leggings_lapis_trim","predicate":{"trim_type":0.9}},{"model":"minecraft:item/leather_leggings_amethyst_trim","predicate":{"trim_type":1.0}},{"predicate":{"custom_model_data":5000},"model":"lunar_studios:enderkariz/block_wars/darth/darth_leggings"},{"predicate":{"trim_type":0.1,"custom_model_data":5000},"model":"lunar_studios:enderkariz/block_wars/darth/darth_leggings"},{"predicate":{"trim_type":0.2,"custom_model_data":5000},"model":"lunar_studios:enderkariz/block_wars/darth/darth_leggings"},{"predicate":{"trim_type":0.3,"custom_model_data":5000},"model":"lunar_studios:enderkariz/block_wars/darth/darth_leggings"},{"predicate":{"trim_type":0.4,"custom_model_data":5000},"model":"lunar_studios:enderkariz/block_wars/darth/darth_leggings"},{"predicate":{"trim_type":0.5,"custom_model_data":5000},"model":"lunar_studios:enderkariz/block_wars/darth/darth_leggings"},{"predicate":{"trim_type":0.6,"custom_model_data":5000},"model":"lunar_studios:enderkariz/block_wars/darth/darth_leggings"},{"predicate":{"trim_type":0.7,"custom_model_data":5000},"model":"lunar_studios:enderkariz/block_wars/darth/darth_leggings"},{"predicate":{"trim_type":0.8,"custom_model_data":5000},"model":"lunar_studios:enderkariz/block_wars/darth/darth_leggings"},{"predicate":{"trim_type":0.9,"custom_model_data":5000},"model":"lunar_studios:enderkariz/block_wars/darth/darth_leggings"},{"predicate":{"trim_type":1.0,"custom_model_data":5000},"model":"lunar_studios:enderkariz/block_wars/darth/darth_leggings"},{"predicate":{"custom_model_data":5001},"model":"lunar_studios:enderkariz/block_wars/obi/obi_leggings"},{"predicate":{"trim_type":0.1,"custom_model_data":5001},"model":"lunar_studios:enderkariz/block_wars/obi/obi_leggings"},{"predicate":{"trim_type":0.2,"custom_model_data":5001},"model":"lunar_studios:enderkariz/block_wars/obi/obi_leggings"},{"predicate":{"trim_type":0.3,"custom_model_data":5001},"model":"lunar_studios:enderkariz/block_wars/obi/obi_leggings"},{"predicate":{"trim_type":0.4,"custom_model_data":5001},"model":"lunar_studios:enderkariz/block_wars/obi/obi_leggings"},{"predicate":{"trim_type":0.5,"custom_model_data":5001},"model":"lunar_studios:enderkariz/block_wars/obi/obi_leggings"},{"predicate":{"trim_type":0.6,"custom_model_data":5001},"model":"lunar_studios:enderkariz/block_wars/obi/obi_leggings"},{"predicate":{"trim_type":0.7,"custom_model_data":5001},"model":"lunar_studios:enderkariz/block_wars/obi/obi_leggings"},{"predicate":{"trim_type":0.8,"custom_model_data":5001},"model":"lunar_studios:enderkariz/block_wars/obi/obi_leggings"},{"predicate":{"trim_type":0.9,"custom_model_data":5001},"model":"lunar_studios:enderkariz/block_wars/obi/obi_leggings"},{"predicate":{"trim_type":1.0,"custom_model_data":5001},"model":"lunar_studios:enderkariz/block_wars/obi/obi_leggings"},{"predicate":{"custom_model_data":5002},"model":"lunar_studios:enderkariz/block_wars/stormtrooper/stormtrooper_leggings"},{"predicate":{"trim_type":0.1,"custom_model_data":5002},"model":"lunar_studios:enderkariz/block_wars/stormtrooper/stormtrooper_leggings"},{"predicate":{"trim_type":0.2,"custom_model_data":5002},"model":"lunar_studios:enderkariz/block_wars/stormtrooper/stormtrooper_leggings"},{"predicate":{"trim_type":0.3,"custom_model_data":5002},"model":"lunar_studios:enderkariz/block_wars/stormtrooper/stormtrooper_leggings"},{"predicate":{"trim_type":0.4,"custom_model_data":5002},"model":"lunar_studios:enderkariz/block_wars/stormtrooper/stormtrooper_leggings"},{"predicate":{"trim_type":0.5,"custom_model_data":5002},"model":"lunar_studios:enderkariz/block_wars/stormtrooper/stormtrooper_leggings"},{"predicate":{"trim_type":0.6,"custom_model_data":5002},"model":"lunar_studios:enderkariz/block_wars/stormtrooper/stormtrooper_leggings"},{"predicate":{"trim_type":0.7,"custom_model_data":5002},"model":"lunar_studios:enderkariz/block_wars/stormtrooper/stormtrooper_leggings"},{"predicate":{"trim_type":0.8,"custom_model_data":5002},"model":"lunar_studios:enderkariz/block_wars/stormtrooper/stormtrooper_leggings"},{"predicate":{"trim_type":0.9,"custom_model_data":5002},"model":"lunar_studios:enderkariz/block_wars/stormtrooper/stormtrooper_leggings"},{"predicate":{"trim_type":1.0,"custom_model_data":5002},"model":"lunar_studios:enderkariz/block_wars/stormtrooper/stormtrooper_leggings"},{"predicate":{"custom_model_data":10000},"model":"gamingarmor:ia_auto_gen/guardian_of_the_sea_leggings"},{"predicate":{"trim_type":0.1,"custom_model_data":10000},"model":"gamingarmor:ia_auto_gen/guardian_of_the_sea_leggings"},{"predicate":{"trim_type":0.2,"custom_model_data":10000},"model":"gamingarmor:ia_auto_gen/guardian_of_the_sea_leggings"},{"predicate":{"trim_type":0.3,"custom_model_data":10000},"model":"gamingarmor:ia_auto_gen/guardian_of_the_sea_leggings"},{"predicate":{"trim_type":0.4,"custom_model_data":10000},"model":"gamingarmor:ia_auto_gen/guardian_of_the_sea_leggings"},{"predicate":{"trim_type":0.5,"custom_model_data":10000},"model":"gamingarmor:ia_auto_gen/guardian_of_the_sea_leggings"},{"predicate":{"trim_type":0.6,"custom_model_data":10000},"model":"gamingarmor:ia_auto_gen/guardian_of_the_sea_leggings"},{"predicate":{"trim_type":0.7,"custom_model_data":10000},"model":"gamingarmor:ia_auto_gen/guardian_of_the_sea_leggings"},{"predicate":{"trim_type":0.8,"custom_model_data":10000},"model":"gamingarmor:ia_auto_gen/guardian_of_the_sea_leggings"},{"predicate":{"trim_type":0.9,"custom_model_data":10000},"model":"gamingarmor:ia_auto_gen/guardian_of_the_sea_leggings"},{"predicate":{"trim_type":1.0,"custom_model_data":10000},"model":"gamingarmor:ia_auto_gen/guardian_of_the_sea_leggings"},{"predicate":{"custom_model_data":10001},"model":"leviathanset:ia_auto_gen/leviathanleggings"},{"predicate":{"trim_type":0.1,"custom_model_data":10001},"model":"leviathanset:ia_auto_gen/leviathanleggings"},{"predicate":{"trim_type":0.2,"custom_model_data":10001},"model":"leviathanset:ia_auto_gen/leviathanleggings"},{"predicate":{"trim_type":0.3,"custom_model_data":10001},"model":"leviathanset:ia_auto_gen/leviathanleggings"},{"predicate":{"trim_type":0.4,"custom_model_data":10001},"model":"leviathanset:ia_auto_gen/leviathanleggings"},{"predicate":{"trim_type":0.5,"custom_model_data":10001},"model":"leviathanset:ia_auto_gen/leviathanleggings"},{"predicate":{"trim_type":0.6,"custom_model_data":10001},"model":"leviathanset:ia_auto_gen/leviathanleggings"},{"predicate":{"trim_type":0.7,"custom_model_data":10001},"model":"leviathanset:ia_auto_gen/leviathanleggings"},{"predicate":{"trim_type":0.8,"custom_model_data":10001},"model":"leviathanset:ia_auto_gen/leviathanleggings"},{"predicate":{"trim_type":0.9,"custom_model_data":10001},"model":"leviathanset:ia_auto_gen/leviathanleggings"},{"predicate":{"trim_type":1.0,"custom_model_data":10001},"model":"leviathanset:ia_auto_gen/leviathanleggings"},{"predicate":{"custom_model_data":10002},"model":"clones_armors:ia_auto_gen/cody_leggings"},{"predicate":{"trim_type":0.1,"custom_model_data":10002},"model":"clones_armors:ia_auto_gen/cody_leggings"},{"predicate":{"trim_type":0.2,"custom_model_data":10002},"model":"clones_armors:ia_auto_gen/cody_leggings"},{"predicate":{"trim_type":0.3,"custom_model_data":10002},"model":"clones_armors:ia_auto_gen/cody_leggings"},{"predicate":{"trim_type":0.4,"custom_model_data":10002},"model":"clones_armors:ia_auto_gen/cody_leggings"},{"predicate":{"trim_type":0.5,"custom_model_data":10002},"model":"clones_armors:ia_auto_gen/cody_leggings"},{"predicate":{"trim_type":0.6,"custom_model_data":10002},"model":"clones_armors:ia_auto_gen/cody_leggings"},{"predicate":{"trim_type":0.7,"custom_model_data":10002},"model":"clones_armors:ia_auto_gen/cody_leggings"},{"predicate":{"trim_type":0.8,"custom_model_data":10002},"model":"clones_armors:ia_auto_gen/cody_leggings"},{"predicate":{"trim_type":0.9,"custom_model_data":10002},"model":"clones_armors:ia_auto_gen/cody_leggings"},{"predicate":{"trim_type":1.0,"custom_model_data":10002},"model":"clones_armors:ia_auto_gen/cody_leggings"},{"predicate":{"custom_model_data":10003},"model":"clones_armors:ia_auto_gen/501st_leggings"},{"predicate":{"trim_type":0.1,"custom_model_data":10003},"model":"clones_armors:ia_auto_gen/501st_leggings"},{"predicate":{"trim_type":0.2,"custom_model_data":10003},"model":"clones_armors:ia_auto_gen/501st_leggings"},{"predicate":{"trim_type":0.3,"custom_model_data":10003},"model":"clones_armors:ia_auto_gen/501st_leggings"},{"predicate":{"trim_type":0.4,"custom_model_data":10003},"model":"clones_armors:ia_auto_gen/501st_leggings"},{"predicate":{"trim_type":0.5,"custom_model_data":10003},"model":"clones_armors:ia_auto_gen/501st_leggings"},{"predicate":{"trim_type":0.6,"custom_model_data":10003},"model":"clones_armors:ia_auto_gen/501st_leggings"},{"predicate":{"trim_type":0.7,"custom_model_data":10003},"model":"clones_armors:ia_auto_gen/501st_leggings"},{"predicate":{"trim_type":0.8,"custom_model_data":10003},"model":"clones_armors:ia_auto_gen/501st_leggings"},{"predicate":{"trim_type":0.9,"custom_model_data":10003},"model":"clones_armors:ia_auto_gen/501st_leggings"},{"predicate":{"trim_type":1.0,"custom_model_data":10003},"model":"clones_armors:ia_auto_gen/501st_leggings"},{"predicate":{"custom_model_data":10004},"model":"clones_armors:ia_auto_gen/212th_leggings"},{"predicate":{"trim_type":0.1,"custom_model_data":10004},"model":"clones_armors:ia_auto_gen/212th_leggings"},{"predicate":{"trim_type":0.2,"custom_model_data":10004},"model":"clones_armors:ia_auto_gen/212th_leggings"},{"predicate":{"trim_type":0.3,"custom_model_data":10004},"model":"clones_armors:ia_auto_gen/212th_leggings"},{"predicate":{"trim_type":0.4,"custom_model_data":10004},"model":"clones_armors:ia_auto_gen/212th_leggings"},{"predicate":{"trim_type":0.5,"custom_model_data":10004},"model":"clones_armors:ia_auto_gen/212th_leggings"},{"predicate":{"trim_type":0.6,"custom_model_data":10004},"model":"clones_armors:ia_auto_gen/212th_leggings"},{"predicate":{"trim_type":0.7,"custom_model_data":10004},"model":"clones_armors:ia_auto_gen/212th_leggings"},{"predicate":{"trim_type":0.8,"custom_model_data":10004},"model":"clones_armors:ia_auto_gen/212th_leggings"},{"predicate":{"trim_type":0.9,"custom_model_data":10004},"model":"clones_armors:ia_auto_gen/212th_leggings"},{"predicate":{"trim_type":1.0,"custom_model_data":10004},"model":"clones_armors:ia_auto_gen/212th_leggings"},{"predicate":{"custom_model_data":10005},"model":"clones_armors:ia_auto_gen/barlex_leggings"},{"predicate":{"trim_type":0.1,"custom_model_data":10005},"model":"clones_armors:ia_auto_gen/barlex_leggings"},{"predicate":{"trim_type":0.2,"custom_model_data":10005},"model":"clones_armors:ia_auto_gen/barlex_leggings"},{"predicate":{"trim_type":0.3,"custom_model_data":10005},"model":"clones_armors:ia_auto_gen/barlex_leggings"},{"predicate":{"trim_type":0.4,"custom_model_data":10005},"model":"clones_armors:ia_auto_gen/barlex_leggings"},{"predicate":{"trim_type":0.5,"custom_model_data":10005},"model":"clones_armors:ia_auto_gen/barlex_leggings"},{"predicate":{"trim_type":0.6,"custom_model_data":10005},"model":"clones_armors:ia_auto_gen/barlex_leggings"},{"predicate":{"trim_type":0.7,"custom_model_data":10005},"model":"clones_armors:ia_auto_gen/barlex_leggings"},{"predicate":{"trim_type":0.8,"custom_model_data":10005},"model":"clones_armors:ia_auto_gen/barlex_leggings"},{"predicate":{"trim_type":0.9,"custom_model_data":10005},"model":"clones_armors:ia_auto_gen/barlex_leggings"},{"predicate":{"trim_type":1.0,"custom_model_data":10005},"model":"clones_armors:ia_auto_gen/barlex_leggings"},{"predicate":{"custom_model_data":10006},"model":"clones_armors:ia_auto_gen/fox_leggings"},{"predicate":{"trim_type":0.1,"custom_model_data":10006},"model":"clones_armors:ia_auto_gen/fox_leggings"},{"predicate":{"trim_type":0.2,"custom_model_data":10006},"model":"clones_armors:ia_auto_gen/fox_leggings"},{"predicate":{"trim_type":0.3,"custom_model_data":10006},"model":"clones_armors:ia_auto_gen/fox_leggings"},{"predicate":{"trim_type":0.4,"custom_model_data":10006},"model":"clones_armors:ia_auto_gen/fox_leggings"},{"predicate":{"trim_type":0.5,"custom_model_data":10006},"model":"clones_armors:ia_auto_gen/fox_leggings"},{"predicate":{"trim_type":0.6,"custom_model_data":10006},"model":"clones_armors:ia_auto_gen/fox_leggings"},{"predicate":{"trim_type":0.7,"custom_model_data":10006},"model":"clones_armors:ia_auto_gen/fox_leggings"},{"predicate":{"trim_type":0.8,"custom_model_data":10006},"model":"clones_armors:ia_auto_gen/fox_leggings"},{"predicate":{"trim_type":0.9,"custom_model_data":10006},"model":"clones_armors:ia_auto_gen/fox_leggings"},{"predicate":{"trim_type":1.0,"custom_model_data":10006},"model":"clones_armors:ia_auto_gen/fox_leggings"},{"predicate":{"custom_model_data":10007},"model":"clones_armors:ia_auto_gen/vyse_leggings"},{"predicate":{"trim_type":0.1,"custom_model_data":10007},"model":"clones_armors:ia_auto_gen/vyse_leggings"},{"predicate":{"trim_type":0.2,"custom_model_data":10007},"model":"clones_armors:ia_auto_gen/vyse_leggings"},{"predicate":{"trim_type":0.3,"custom_model_data":10007},"model":"clones_armors:ia_auto_gen/vyse_leggings"},{"predicate":{"trim_type":0.4,"custom_model_data":10007},"model":"clones_armors:ia_auto_gen/vyse_leggings"},{"predicate":{"trim_type":0.5,"custom_model_data":10007},"model":"clones_armors:ia_auto_gen/vyse_leggings"},{"predicate":{"trim_type":0.6,"custom_model_data":10007},"model":"clones_armors:ia_auto_gen/vyse_leggings"},{"predicate":{"trim_type":0.7,"custom_model_data":10007},"model":"clones_armors:ia_auto_gen/vyse_leggings"},{"predicate":{"trim_type":0.8,"custom_model_data":10007},"model":"clones_armors:ia_auto_gen/vyse_leggings"},{"predicate":{"trim_type":0.9,"custom_model_data":10007},"model":"clones_armors:ia_auto_gen/vyse_leggings"},{"predicate":{"trim_type":1.0,"custom_model_data":10007},"model":"clones_armors:ia_auto_gen/vyse_leggings"},{"predicate":{"custom_model_data":10008},"model":"clones_armors:ia_auto_gen/rex_leggings"},{"predicate":{"trim_type":0.1,"custom_model_data":10008},"model":"clones_armors:ia_auto_gen/rex_leggings"},{"predicate":{"trim_type":0.2,"custom_model_data":10008},"model":"clones_armors:ia_auto_gen/rex_leggings"},{"predicate":{"trim_type":0.3,"custom_model_data":10008},"model":"clones_armors:ia_auto_gen/rex_leggings"},{"predicate":{"trim_type":0.4,"custom_model_data":10008},"model":"clones_armors:ia_auto_gen/rex_leggings"},{"predicate":{"trim_type":0.5,"custom_model_data":10008},"model":"clones_armors:ia_auto_gen/rex_leggings"},{"predicate":{"trim_type":0.6,"custom_model_data":10008},"model":"clones_armors:ia_auto_gen/rex_leggings"},{"predicate":{"trim_type":0.7,"custom_model_data":10008},"model":"clones_armors:ia_auto_gen/rex_leggings"},{"predicate":{"trim_type":0.8,"custom_model_data":10008},"model":"clones_armors:ia_auto_gen/rex_leggings"},{"predicate":{"trim_type":0.9,"custom_model_data":10008},"model":"clones_armors:ia_auto_gen/rex_leggings"},{"predicate":{"trim_type":1.0,"custom_model_data":10008},"model":"clones_armors:ia_auto_gen/rex_leggings"},{"predicate":{"custom_model_data":10009},"model":"clones_armors:ia_auto_gen/wolffe_leggings"},{"predicate":{"trim_type":0.1,"custom_model_data":10009},"model":"clones_armors:ia_auto_gen/wolffe_leggings"},{"predicate":{"trim_type":0.2,"custom_model_data":10009},"model":"clones_armors:ia_auto_gen/wolffe_leggings"},{"predicate":{"trim_type":0.3,"custom_model_data":10009},"model":"clones_armors:ia_auto_gen/wolffe_leggings"},{"predicate":{"trim_type":0.4,"custom_model_data":10009},"model":"clones_armors:ia_auto_gen/wolffe_leggings"},{"predicate":{"trim_type":0.5,"custom_model_data":10009},"model":"clones_armors:ia_auto_gen/wolffe_leggings"},{"predicate":{"trim_type":0.6,"custom_model_data":10009},"model":"clones_armors:ia_auto_gen/wolffe_leggings"},{"predicate":{"trim_type":0.7,"custom_model_data":10009},"model":"clones_armors:ia_auto_gen/wolffe_leggings"},{"predicate":{"trim_type":0.8,"custom_model_data":10009},"model":"clones_armors:ia_auto_gen/wolffe_leggings"},{"predicate":{"trim_type":0.9,"custom_model_data":10009},"model":"clones_armors:ia_auto_gen/wolffe_leggings"},{"predicate":{"trim_type":1.0,"custom_model_data":10009},"model":"clones_armors:ia_auto_gen/wolffe_leggings"},{"predicate":{"custom_model_data":10010},"model":"clones_armors:ia_auto_gen/coruscant_guard_leggings"},{"predicate":{"trim_type":0.1,"custom_model_data":10010},"model":"clones_armors:ia_auto_gen/coruscant_guard_leggings"},{"predicate":{"trim_type":0.2,"custom_model_data":10010},"model":"clones_armors:ia_auto_gen/coruscant_guard_leggings"},{"predicate":{"trim_type":0.3,"custom_model_data":10010},"model":"clones_armors:ia_auto_gen/coruscant_guard_leggings"},{"predicate":{"trim_type":0.4,"custom_model_data":10010},"model":"clones_armors:ia_auto_gen/coruscant_guard_leggings"},{"predicate":{"trim_type":0.5,"custom_model_data":10010},"model":"clones_armors:ia_auto_gen/coruscant_guard_leggings"},{"predicate":{"trim_type":0.6,"custom_model_data":10010},"model":"clones_armors:ia_auto_gen/coruscant_guard_leggings"},{"predicate":{"trim_type":0.7,"custom_model_data":10010},"model":"clones_armors:ia_auto_gen/coruscant_guard_leggings"},{"predicate":{"trim_type":0.8,"custom_model_data":10010},"model":"clones_armors:ia_auto_gen/coruscant_guard_leggings"},{"predicate":{"trim_type":0.9,"custom_model_data":10010},"model":"clones_armors:ia_auto_gen/coruscant_guard_leggings"},{"predicate":{"trim_type":1.0,"custom_model_data":10010},"model":"clones_armors:ia_auto_gen/coruscant_guard_leggings"},{"predicate":{"custom_model_data":10011},"model":"clones_armors:ia_auto_gen/41st_leggings"},{"predicate":{"trim_type":0.1,"custom_model_data":10011},"model":"clones_armors:ia_auto_gen/41st_leggings"},{"predicate":{"trim_type":0.2,"custom_model_data":10011},"model":"clones_armors:ia_auto_gen/41st_leggings"},{"predicate":{"trim_type":0.3,"custom_model_data":10011},"model":"clones_armors:ia_auto_gen/41st_leggings"},{"predicate":{"trim_type":0.4,"custom_model_data":10011},"model":"clones_armors:ia_auto_gen/41st_leggings"},{"predicate":{"trim_type":0.5,"custom_model_data":10011},"model":"clones_armors:ia_auto_gen/41st_leggings"},{"predicate":{"trim_type":0.6,"custom_model_data":10011},"model":"clones_armors:ia_auto_gen/41st_leggings"},{"predicate":{"trim_type":0.7,"custom_model_data":10011},"model":"clones_armors:ia_auto_gen/41st_leggings"},{"predicate":{"trim_type":0.8,"custom_model_data":10011},"model":"clones_armors:ia_auto_gen/41st_leggings"},{"predicate":{"trim_type":0.9,"custom_model_data":10011},"model":"clones_armors:ia_auto_gen/41st_leggings"},{"predicate":{"trim_type":1.0,"custom_model_data":10011},"model":"clones_armors:ia_auto_gen/41st_leggings"},{"predicate":{"custom_model_data":10012},"model":"clones_armors:ia_auto_gen/332nd_leggings"},{"predicate":{"trim_type":0.1,"custom_model_data":10012},"model":"clones_armors:ia_auto_gen/332nd_leggings"},{"predicate":{"trim_type":0.2,"custom_model_data":10012},"model":"clones_armors:ia_auto_gen/332nd_leggings"},{"predicate":{"trim_type":0.3,"custom_model_data":10012},"model":"clones_armors:ia_auto_gen/332nd_leggings"},{"predicate":{"trim_type":0.4,"custom_model_data":10012},"model":"clones_armors:ia_auto_gen/332nd_leggings"},{"predicate":{"trim_type":0.5,"custom_model_data":10012},"model":"clones_armors:ia_auto_gen/332nd_leggings"},{"predicate":{"trim_type":0.6,"custom_model_data":10012},"model":"clones_armors:ia_auto_gen/332nd_leggings"},{"predicate":{"trim_type":0.7,"custom_model_data":10012},"model":"clones_armors:ia_auto_gen/332nd_leggings"},{"predicate":{"trim_type":0.8,"custom_model_data":10012},"model":"clones_armors:ia_auto_gen/332nd_leggings"},{"predicate":{"trim_type":0.9,"custom_model_data":10012},"model":"clones_armors:ia_auto_gen/332nd_leggings"},{"predicate":{"trim_type":1.0,"custom_model_data":10012},"model":"clones_armors:ia_auto_gen/332nd_leggings"},{"predicate":{"custom_model_data":10013},"model":"clones_armors:ia_auto_gen/gree_leggings"},{"predicate":{"trim_type":0.1,"custom_model_data":10013},"model":"clones_armors:ia_auto_gen/gree_leggings"},{"predicate":{"trim_type":0.2,"custom_model_data":10013},"model":"clones_armors:ia_auto_gen/gree_leggings"},{"predicate":{"trim_type":0.3,"custom_model_data":10013},"model":"clones_armors:ia_auto_gen/gree_leggings"},{"predicate":{"trim_type":0.4,"custom_model_data":10013},"model":"clones_armors:ia_auto_gen/gree_leggings"},{"predicate":{"trim_type":0.5,"custom_model_data":10013},"model":"clones_armors:ia_auto_gen/gree_leggings"},{"predicate":{"trim_type":0.6,"custom_model_data":10013},"model":"clones_armors:ia_auto_gen/gree_leggings"},{"predicate":{"trim_type":0.7,"custom_model_data":10013},"model":"clones_armors:ia_auto_gen/gree_leggings"},{"predicate":{"trim_type":0.8,"custom_model_data":10013},"model":"clones_armors:ia_auto_gen/gree_leggings"},{"predicate":{"trim_type":0.9,"custom_model_data":10013},"model":"clones_armors:ia_auto_gen/gree_leggings"},{"predicate":{"trim_type":1.0,"custom_model_data":10013},"model":"clones_armors:ia_auto_gen/gree_leggings"},{"predicate":{"custom_model_data":10014},"model":"clones_armors:ia_auto_gen/104st_leggings"},{"predicate":{"trim_type":0.1,"custom_model_data":10014},"model":"clones_armors:ia_auto_gen/104st_leggings"},{"predicate":{"trim_type":0.2,"custom_model_data":10014},"model":"clones_armors:ia_auto_gen/104st_leggings"},{"predicate":{"trim_type":0.3,"custom_model_data":10014},"model":"clones_armors:ia_auto_gen/104st_leggings"},{"predicate":{"trim_type":0.4,"custom_model_data":10014},"model":"clones_armors:ia_auto_gen/104st_leggings"},{"predicate":{"trim_type":0.5,"custom_model_data":10014},"model":"clones_armors:ia_auto_gen/104st_leggings"},{"predicate":{"trim_type":0.6,"custom_model_data":10014},"model":"clones_armors:ia_auto_gen/104st_leggings"},{"predicate":{"trim_type":0.7,"custom_model_data":10014},"model":"clones_armors:ia_auto_gen/104st_leggings"},{"predicate":{"trim_type":0.8,"custom_model_data":10014},"model":"clones_armors:ia_auto_gen/104st_leggings"},{"predicate":{"trim_type":0.9,"custom_model_data":10014},"model":"clones_armors:ia_auto_gen/104st_leggings"},{"predicate":{"trim_type":1.0,"custom_model_data":10014},"model":"clones_armors:ia_auto_gen/104st_leggings"},{"predicate":{"custom_model_data":10015},"model":"clones_armors:ia_auto_gen/clone_leggings"},{"predicate":{"trim_type":0.1,"custom_model_data":10015},"model":"clones_armors:ia_auto_gen/clone_leggings"},{"predicate":{"trim_type":0.2,"custom_model_data":10015},"model":"clones_armors:ia_auto_gen/clone_leggings"},{"predicate":{"trim_type":0.3,"custom_model_data":10015},"model":"clones_armors:ia_auto_gen/clone_leggings"},{"predicate":{"trim_type":0.4,"custom_model_data":10015},"model":"clones_armors:ia_auto_gen/clone_leggings"},{"predicate":{"trim_type":0.5,"custom_model_data":10015},"model":"clones_armors:ia_auto_gen/clone_leggings"},{"predicate":{"trim_type":0.6,"custom_model_data":10015},"model":"clones_armors:ia_auto_gen/clone_leggings"},{"predicate":{"trim_type":0.7,"custom_model_data":10015},"model":"clones_armors:ia_auto_gen/clone_leggings"},{"predicate":{"trim_type":0.8,"custom_model_data":10015},"model":"clones_armors:ia_auto_gen/clone_leggings"},{"predicate":{"trim_type":0.9,"custom_model_data":10015},"model":"clones_armors:ia_auto_gen/clone_leggings"},{"predicate":{"trim_type":1.0,"custom_model_data":10015},"model":"clones_armors:ia_auto_gen/clone_leggings"},{"predicate":{"custom_model_data":10016},"model":"item/leather_leggings"}],"textures":{"layer0":"minecraft:item/leather_leggings","layer1":"minecraft:item/leather_leggings_overlay"}}