{"parent":"minecraft:item/generated","overrides":[{"model":"minecraft:item/leather_boots_quartz_trim","predicate":{"trim_type":0.1}},{"model":"minecraft:item/leather_boots_iron_trim","predicate":{"trim_type":0.2}},{"model":"minecraft:item/leather_boots_netherite_trim","predicate":{"trim_type":0.3}},{"model":"minecraft:item/leather_boots_redstone_trim","predicate":{"trim_type":0.4}},{"model":"minecraft:item/leather_boots_copper_trim","predicate":{"trim_type":0.5}},{"model":"minecraft:item/leather_boots_gold_trim","predicate":{"trim_type":0.6}},{"model":"minecraft:item/leather_boots_emerald_trim","predicate":{"trim_type":0.7}},{"model":"minecraft:item/leather_boots_diamond_trim","predicate":{"trim_type":0.8}},{"model":"minecraft:item/leather_boots_lapis_trim","predicate":{"trim_type":0.9}},{"model":"minecraft:item/leather_boots_amethyst_trim","predicate":{"trim_type":1.0}},{"predicate":{"custom_model_data":5000},"model":"lunar_studios:enderkariz/block_wars/darth/darth_boots"},{"predicate":{"trim_type":0.1,"custom_model_data":5000},"model":"lunar_studios:enderkariz/block_wars/darth/darth_boots"},{"predicate":{"trim_type":0.2,"custom_model_data":5000},"model":"lunar_studios:enderkariz/block_wars/darth/darth_boots"},{"predicate":{"trim_type":0.3,"custom_model_data":5000},"model":"lunar_studios:enderkariz/block_wars/darth/darth_boots"},{"predicate":{"trim_type":0.4,"custom_model_data":5000},"model":"lunar_studios:enderkariz/block_wars/darth/darth_boots"},{"predicate":{"trim_type":0.5,"custom_model_data":5000},"model":"lunar_studios:enderkariz/block_wars/darth/darth_boots"},{"predicate":{"trim_type":0.6,"custom_model_data":5000},"model":"lunar_studios:enderkariz/block_wars/darth/darth_boots"},{"predicate":{"trim_type":0.7,"custom_model_data":5000},"model":"lunar_studios:enderkariz/block_wars/darth/darth_boots"},{"predicate":{"trim_type":0.8,"custom_model_data":5000},"model":"lunar_studios:enderkariz/block_wars/darth/darth_boots"},{"predicate":{"trim_type":0.9,"custom_model_data":5000},"model":"lunar_studios:enderkariz/block_wars/darth/darth_boots"},{"predicate":{"trim_type":1.0,"custom_model_data":5000},"model":"lunar_studios:enderkariz/block_wars/darth/darth_boots"},{"predicate":{"custom_model_data":5001},"model":"lunar_studios:enderkariz/block_wars/obi/obi_boots"},{"predicate":{"trim_type":0.1,"custom_model_data":5001},"model":"lunar_studios:enderkariz/block_wars/obi/obi_boots"},{"predicate":{"trim_type":0.2,"custom_model_data":5001},"model":"lunar_studios:enderkariz/block_wars/obi/obi_boots"},{"predicate":{"trim_type":0.3,"custom_model_data":5001},"model":"lunar_studios:enderkariz/block_wars/obi/obi_boots"},{"predicate":{"trim_type":0.4,"custom_model_data":5001},"model":"lunar_studios:enderkariz/block_wars/obi/obi_boots"},{"predicate":{"trim_type":0.5,"custom_model_data":5001},"model":"lunar_studios:enderkariz/block_wars/obi/obi_boots"},{"predicate":{"trim_type":0.6,"custom_model_data":5001},"model":"lunar_studios:enderkariz/block_wars/obi/obi_boots"},{"predicate":{"trim_type":0.7,"custom_model_data":5001},"model":"lunar_studios:enderkariz/block_wars/obi/obi_boots"},{"predicate":{"trim_type":0.8,"custom_model_data":5001},"model":"lunar_studios:enderkariz/block_wars/obi/obi_boots"},{"predicate":{"trim_type":0.9,"custom_model_data":5001},"model":"lunar_studios:enderkariz/block_wars/obi/obi_boots"},{"predicate":{"trim_type":1.0,"custom_model_data":5001},"model":"lunar_studios:enderkariz/block_wars/obi/obi_boots"},{"predicate":{"custom_model_data":5002},"model":"lunar_studios:enderkariz/block_wars/stormtrooper/stormtrooper_boots"},{"predicate":{"trim_type":0.1,"custom_model_data":5002},"model":"lunar_studios:enderkariz/block_wars/stormtrooper/stormtrooper_boots"},{"predicate":{"trim_type":0.2,"custom_model_data":5002},"model":"lunar_studios:enderkariz/block_wars/stormtrooper/stormtrooper_boots"},{"predicate":{"trim_type":0.3,"custom_model_data":5002},"model":"lunar_studios:enderkariz/block_wars/stormtrooper/stormtrooper_boots"},{"predicate":{"trim_type":0.4,"custom_model_data":5002},"model":"lunar_studios:enderkariz/block_wars/stormtrooper/stormtrooper_boots"},{"predicate":{"trim_type":0.5,"custom_model_data":5002},"model":"lunar_studios:enderkariz/block_wars/stormtrooper/stormtrooper_boots"},{"predicate":{"trim_type":0.6,"custom_model_data":5002},"model":"lunar_studios:enderkariz/block_wars/stormtrooper/stormtrooper_boots"},{"predicate":{"trim_type":0.7,"custom_model_data":5002},"model":"lunar_studios:enderkariz/block_wars/stormtrooper/stormtrooper_boots"},{"predicate":{"trim_type":0.8,"custom_model_data":5002},"model":"lunar_studios:enderkariz/block_wars/stormtrooper/stormtrooper_boots"},{"predicate":{"trim_type":0.9,"custom_model_data":5002},"model":"lunar_studios:enderkariz/block_wars/stormtrooper/stormtrooper_boots"},{"predicate":{"trim_type":1.0,"custom_model_data":5002},"model":"lunar_studios:enderkariz/block_wars/stormtrooper/stormtrooper_boots"},{"predicate":{"custom_model_data":10000},"model":"gamingarmor:ia_auto_gen/guardian_of_the_sea_boots"},{"predicate":{"trim_type":0.1,"custom_model_data":10000},"model":"gamingarmor:ia_auto_gen/guardian_of_the_sea_boots"},{"predicate":{"trim_type":0.2,"custom_model_data":10000},"model":"gamingarmor:ia_auto_gen/guardian_of_the_sea_boots"},{"predicate":{"trim_type":0.3,"custom_model_data":10000},"model":"gamingarmor:ia_auto_gen/guardian_of_the_sea_boots"},{"predicate":{"trim_type":0.4,"custom_model_data":10000},"model":"gamingarmor:ia_auto_gen/guardian_of_the_sea_boots"},{"predicate":{"trim_type":0.5,"custom_model_data":10000},"model":"gamingarmor:ia_auto_gen/guardian_of_the_sea_boots"},{"predicate":{"trim_type":0.6,"custom_model_data":10000},"model":"gamingarmor:ia_auto_gen/guardian_of_the_sea_boots"},{"predicate":{"trim_type":0.7,"custom_model_data":10000},"model":"gamingarmor:ia_auto_gen/guardian_of_the_sea_boots"},{"predicate":{"trim_type":0.8,"custom_model_data":10000},"model":"gamingarmor:ia_auto_gen/guardian_of_the_sea_boots"},{"predicate":{"trim_type":0.9,"custom_model_data":10000},"model":"gamingarmor:ia_auto_gen/guardian_of_the_sea_boots"},{"predicate":{"trim_type":1.0,"custom_model_data":10000},"model":"gamingarmor:ia_auto_gen/guardian_of_the_sea_boots"},{"predicate":{"custom_model_data":10001},"model":"leviathanset:ia_auto_gen/leviathanboots"},{"predicate":{"trim_type":0.1,"custom_model_data":10001},"model":"leviathanset:ia_auto_gen/leviathanboots"},{"predicate":{"trim_type":0.2,"custom_model_data":10001},"model":"leviathanset:ia_auto_gen/leviathanboots"},{"predicate":{"trim_type":0.3,"custom_model_data":10001},"model":"leviathanset:ia_auto_gen/leviathanboots"},{"predicate":{"trim_type":0.4,"custom_model_data":10001},"model":"leviathanset:ia_auto_gen/leviathanboots"},{"predicate":{"trim_type":0.5,"custom_model_data":10001},"model":"leviathanset:ia_auto_gen/leviathanboots"},{"predicate":{"trim_type":0.6,"custom_model_data":10001},"model":"leviathanset:ia_auto_gen/leviathanboots"},{"predicate":{"trim_type":0.7,"custom_model_data":10001},"model":"leviathanset:ia_auto_gen/leviathanboots"},{"predicate":{"trim_type":0.8,"custom_model_data":10001},"model":"leviathanset:ia_auto_gen/leviathanboots"},{"predicate":{"trim_type":0.9,"custom_model_data":10001},"model":"leviathanset:ia_auto_gen/leviathanboots"},{"predicate":{"trim_type":1.0,"custom_model_data":10001},"model":"leviathanset:ia_auto_gen/leviathanboots"},{"predicate":{"custom_model_data":10002},"model":"clones_armors:ia_auto_gen/cody_boots"},{"predicate":{"trim_type":0.1,"custom_model_data":10002},"model":"clones_armors:ia_auto_gen/cody_boots"},{"predicate":{"trim_type":0.2,"custom_model_data":10002},"model":"clones_armors:ia_auto_gen/cody_boots"},{"predicate":{"trim_type":0.3,"custom_model_data":10002},"model":"clones_armors:ia_auto_gen/cody_boots"},{"predicate":{"trim_type":0.4,"custom_model_data":10002},"model":"clones_armors:ia_auto_gen/cody_boots"},{"predicate":{"trim_type":0.5,"custom_model_data":10002},"model":"clones_armors:ia_auto_gen/cody_boots"},{"predicate":{"trim_type":0.6,"custom_model_data":10002},"model":"clones_armors:ia_auto_gen/cody_boots"},{"predicate":{"trim_type":0.7,"custom_model_data":10002},"model":"clones_armors:ia_auto_gen/cody_boots"},{"predicate":{"trim_type":0.8,"custom_model_data":10002},"model":"clones_armors:ia_auto_gen/cody_boots"},{"predicate":{"trim_type":0.9,"custom_model_data":10002},"model":"clones_armors:ia_auto_gen/cody_boots"},{"predicate":{"trim_type":1.0,"custom_model_data":10002},"model":"clones_armors:ia_auto_gen/cody_boots"},{"predicate":{"custom_model_data":10003},"model":"clones_armors:ia_auto_gen/501st_boots"},{"predicate":{"trim_type":0.1,"custom_model_data":10003},"model":"clones_armors:ia_auto_gen/501st_boots"},{"predicate":{"trim_type":0.2,"custom_model_data":10003},"model":"clones_armors:ia_auto_gen/501st_boots"},{"predicate":{"trim_type":0.3,"custom_model_data":10003},"model":"clones_armors:ia_auto_gen/501st_boots"},{"predicate":{"trim_type":0.4,"custom_model_data":10003},"model":"clones_armors:ia_auto_gen/501st_boots"},{"predicate":{"trim_type":0.5,"custom_model_data":10003},"model":"clones_armors:ia_auto_gen/501st_boots"},{"predicate":{"trim_type":0.6,"custom_model_data":10003},"model":"clones_armors:ia_auto_gen/501st_boots"},{"predicate":{"trim_type":0.7,"custom_model_data":10003},"model":"clones_armors:ia_auto_gen/501st_boots"},{"predicate":{"trim_type":0.8,"custom_model_data":10003},"model":"clones_armors:ia_auto_gen/501st_boots"},{"predicate":{"trim_type":0.9,"custom_model_data":10003},"model":"clones_armors:ia_auto_gen/501st_boots"},{"predicate":{"trim_type":1.0,"custom_model_data":10003},"model":"clones_armors:ia_auto_gen/501st_boots"},{"predicate":{"custom_model_data":10004},"model":"clones_armors:ia_auto_gen/212th_boots"},{"predicate":{"trim_type":0.1,"custom_model_data":10004},"model":"clones_armors:ia_auto_gen/212th_boots"},{"predicate":{"trim_type":0.2,"custom_model_data":10004},"model":"clones_armors:ia_auto_gen/212th_boots"},{"predicate":{"trim_type":0.3,"custom_model_data":10004},"model":"clones_armors:ia_auto_gen/212th_boots"},{"predicate":{"trim_type":0.4,"custom_model_data":10004},"model":"clones_armors:ia_auto_gen/212th_boots"},{"predicate":{"trim_type":0.5,"custom_model_data":10004},"model":"clones_armors:ia_auto_gen/212th_boots"},{"predicate":{"trim_type":0.6,"custom_model_data":10004},"model":"clones_armors:ia_auto_gen/212th_boots"},{"predicate":{"trim_type":0.7,"custom_model_data":10004},"model":"clones_armors:ia_auto_gen/212th_boots"},{"predicate":{"trim_type":0.8,"custom_model_data":10004},"model":"clones_armors:ia_auto_gen/212th_boots"},{"predicate":{"trim_type":0.9,"custom_model_data":10004},"model":"clones_armors:ia_auto_gen/212th_boots"},{"predicate":{"trim_type":1.0,"custom_model_data":10004},"model":"clones_armors:ia_auto_gen/212th_boots"},{"predicate":{"custom_model_data":10005},"model":"clones_armors:ia_auto_gen/barlex_boots"},{"predicate":{"trim_type":0.1,"custom_model_data":10005},"model":"clones_armors:ia_auto_gen/barlex_boots"},{"predicate":{"trim_type":0.2,"custom_model_data":10005},"model":"clones_armors:ia_auto_gen/barlex_boots"},{"predicate":{"trim_type":0.3,"custom_model_data":10005},"model":"clones_armors:ia_auto_gen/barlex_boots"},{"predicate":{"trim_type":0.4,"custom_model_data":10005},"model":"clones_armors:ia_auto_gen/barlex_boots"},{"predicate":{"trim_type":0.5,"custom_model_data":10005},"model":"clones_armors:ia_auto_gen/barlex_boots"},{"predicate":{"trim_type":0.6,"custom_model_data":10005},"model":"clones_armors:ia_auto_gen/barlex_boots"},{"predicate":{"trim_type":0.7,"custom_model_data":10005},"model":"clones_armors:ia_auto_gen/barlex_boots"},{"predicate":{"trim_type":0.8,"custom_model_data":10005},"model":"clones_armors:ia_auto_gen/barlex_boots"},{"predicate":{"trim_type":0.9,"custom_model_data":10005},"model":"clones_armors:ia_auto_gen/barlex_boots"},{"predicate":{"trim_type":1.0,"custom_model_data":10005},"model":"clones_armors:ia_auto_gen/barlex_boots"},{"predicate":{"custom_model_data":10006},"model":"clones_armors:ia_auto_gen/fox_boots"},{"predicate":{"trim_type":0.1,"custom_model_data":10006},"model":"clones_armors:ia_auto_gen/fox_boots"},{"predicate":{"trim_type":0.2,"custom_model_data":10006},"model":"clones_armors:ia_auto_gen/fox_boots"},{"predicate":{"trim_type":0.3,"custom_model_data":10006},"model":"clones_armors:ia_auto_gen/fox_boots"},{"predicate":{"trim_type":0.4,"custom_model_data":10006},"model":"clones_armors:ia_auto_gen/fox_boots"},{"predicate":{"trim_type":0.5,"custom_model_data":10006},"model":"clones_armors:ia_auto_gen/fox_boots"},{"predicate":{"trim_type":0.6,"custom_model_data":10006},"model":"clones_armors:ia_auto_gen/fox_boots"},{"predicate":{"trim_type":0.7,"custom_model_data":10006},"model":"clones_armors:ia_auto_gen/fox_boots"},{"predicate":{"trim_type":0.8,"custom_model_data":10006},"model":"clones_armors:ia_auto_gen/fox_boots"},{"predicate":{"trim_type":0.9,"custom_model_data":10006},"model":"clones_armors:ia_auto_gen/fox_boots"},{"predicate":{"trim_type":1.0,"custom_model_data":10006},"model":"clones_armors:ia_auto_gen/fox_boots"},{"predicate":{"custom_model_data":10007},"model":"clones_armors:ia_auto_gen/vyse_boots"},{"predicate":{"trim_type":0.1,"custom_model_data":10007},"model":"clones_armors:ia_auto_gen/vyse_boots"},{"predicate":{"trim_type":0.2,"custom_model_data":10007},"model":"clones_armors:ia_auto_gen/vyse_boots"},{"predicate":{"trim_type":0.3,"custom_model_data":10007},"model":"clones_armors:ia_auto_gen/vyse_boots"},{"predicate":{"trim_type":0.4,"custom_model_data":10007},"model":"clones_armors:ia_auto_gen/vyse_boots"},{"predicate":{"trim_type":0.5,"custom_model_data":10007},"model":"clones_armors:ia_auto_gen/vyse_boots"},{"predicate":{"trim_type":0.6,"custom_model_data":10007},"model":"clones_armors:ia_auto_gen/vyse_boots"},{"predicate":{"trim_type":0.7,"custom_model_data":10007},"model":"clones_armors:ia_auto_gen/vyse_boots"},{"predicate":{"trim_type":0.8,"custom_model_data":10007},"model":"clones_armors:ia_auto_gen/vyse_boots"},{"predicate":{"trim_type":0.9,"custom_model_data":10007},"model":"clones_armors:ia_auto_gen/vyse_boots"},{"predicate":{"trim_type":1.0,"custom_model_data":10007},"model":"clones_armors:ia_auto_gen/vyse_boots"},{"predicate":{"custom_model_data":10008},"model":"clones_armors:ia_auto_gen/rex_boots"},{"predicate":{"trim_type":0.1,"custom_model_data":10008},"model":"clones_armors:ia_auto_gen/rex_boots"},{"predicate":{"trim_type":0.2,"custom_model_data":10008},"model":"clones_armors:ia_auto_gen/rex_boots"},{"predicate":{"trim_type":0.3,"custom_model_data":10008},"model":"clones_armors:ia_auto_gen/rex_boots"},{"predicate":{"trim_type":0.4,"custom_model_data":10008},"model":"clones_armors:ia_auto_gen/rex_boots"},{"predicate":{"trim_type":0.5,"custom_model_data":10008},"model":"clones_armors:ia_auto_gen/rex_boots"},{"predicate":{"trim_type":0.6,"custom_model_data":10008},"model":"clones_armors:ia_auto_gen/rex_boots"},{"predicate":{"trim_type":0.7,"custom_model_data":10008},"model":"clones_armors:ia_auto_gen/rex_boots"},{"predicate":{"trim_type":0.8,"custom_model_data":10008},"model":"clones_armors:ia_auto_gen/rex_boots"},{"predicate":{"trim_type":0.9,"custom_model_data":10008},"model":"clones_armors:ia_auto_gen/rex_boots"},{"predicate":{"trim_type":1.0,"custom_model_data":10008},"model":"clones_armors:ia_auto_gen/rex_boots"},{"predicate":{"custom_model_data":10009},"model":"clones_armors:ia_auto_gen/wolffe_boots"},{"predicate":{"trim_type":0.1,"custom_model_data":10009},"model":"clones_armors:ia_auto_gen/wolffe_boots"},{"predicate":{"trim_type":0.2,"custom_model_data":10009},"model":"clones_armors:ia_auto_gen/wolffe_boots"},{"predicate":{"trim_type":0.3,"custom_model_data":10009},"model":"clones_armors:ia_auto_gen/wolffe_boots"},{"predicate":{"trim_type":0.4,"custom_model_data":10009},"model":"clones_armors:ia_auto_gen/wolffe_boots"},{"predicate":{"trim_type":0.5,"custom_model_data":10009},"model":"clones_armors:ia_auto_gen/wolffe_boots"},{"predicate":{"trim_type":0.6,"custom_model_data":10009},"model":"clones_armors:ia_auto_gen/wolffe_boots"},{"predicate":{"trim_type":0.7,"custom_model_data":10009},"model":"clones_armors:ia_auto_gen/wolffe_boots"},{"predicate":{"trim_type":0.8,"custom_model_data":10009},"model":"clones_armors:ia_auto_gen/wolffe_boots"},{"predicate":{"trim_type":0.9,"custom_model_data":10009},"model":"clones_armors:ia_auto_gen/wolffe_boots"},{"predicate":{"trim_type":1.0,"custom_model_data":10009},"model":"clones_armors:ia_auto_gen/wolffe_boots"},{"predicate":{"custom_model_data":10010},"model":"clones_armors:ia_auto_gen/coruscant_guard_boots"},{"predicate":{"trim_type":0.1,"custom_model_data":10010},"model":"clones_armors:ia_auto_gen/coruscant_guard_boots"},{"predicate":{"trim_type":0.2,"custom_model_data":10010},"model":"clones_armors:ia_auto_gen/coruscant_guard_boots"},{"predicate":{"trim_type":0.3,"custom_model_data":10010},"model":"clones_armors:ia_auto_gen/coruscant_guard_boots"},{"predicate":{"trim_type":0.4,"custom_model_data":10010},"model":"clones_armors:ia_auto_gen/coruscant_guard_boots"},{"predicate":{"trim_type":0.5,"custom_model_data":10010},"model":"clones_armors:ia_auto_gen/coruscant_guard_boots"},{"predicate":{"trim_type":0.6,"custom_model_data":10010},"model":"clones_armors:ia_auto_gen/coruscant_guard_boots"},{"predicate":{"trim_type":0.7,"custom_model_data":10010},"model":"clones_armors:ia_auto_gen/coruscant_guard_boots"},{"predicate":{"trim_type":0.8,"custom_model_data":10010},"model":"clones_armors:ia_auto_gen/coruscant_guard_boots"},{"predicate":{"trim_type":0.9,"custom_model_data":10010},"model":"clones_armors:ia_auto_gen/coruscant_guard_boots"},{"predicate":{"trim_type":1.0,"custom_model_data":10010},"model":"clones_armors:ia_auto_gen/coruscant_guard_boots"},{"predicate":{"custom_model_data":10011},"model":"clones_armors:ia_auto_gen/41st_boots"},{"predicate":{"trim_type":0.1,"custom_model_data":10011},"model":"clones_armors:ia_auto_gen/41st_boots"},{"predicate":{"trim_type":0.2,"custom_model_data":10011},"model":"clones_armors:ia_auto_gen/41st_boots"},{"predicate":{"trim_type":0.3,"custom_model_data":10011},"model":"clones_armors:ia_auto_gen/41st_boots"},{"predicate":{"trim_type":0.4,"custom_model_data":10011},"model":"clones_armors:ia_auto_gen/41st_boots"},{"predicate":{"trim_type":0.5,"custom_model_data":10011},"model":"clones_armors:ia_auto_gen/41st_boots"},{"predicate":{"trim_type":0.6,"custom_model_data":10011},"model":"clones_armors:ia_auto_gen/41st_boots"},{"predicate":{"trim_type":0.7,"custom_model_data":10011},"model":"clones_armors:ia_auto_gen/41st_boots"},{"predicate":{"trim_type":0.8,"custom_model_data":10011},"model":"clones_armors:ia_auto_gen/41st_boots"},{"predicate":{"trim_type":0.9,"custom_model_data":10011},"model":"clones_armors:ia_auto_gen/41st_boots"},{"predicate":{"trim_type":1.0,"custom_model_data":10011},"model":"clones_armors:ia_auto_gen/41st_boots"},{"predicate":{"custom_model_data":10012},"model":"clones_armors:ia_auto_gen/332nd_boots"},{"predicate":{"trim_type":0.1,"custom_model_data":10012},"model":"clones_armors:ia_auto_gen/332nd_boots"},{"predicate":{"trim_type":0.2,"custom_model_data":10012},"model":"clones_armors:ia_auto_gen/332nd_boots"},{"predicate":{"trim_type":0.3,"custom_model_data":10012},"model":"clones_armors:ia_auto_gen/332nd_boots"},{"predicate":{"trim_type":0.4,"custom_model_data":10012},"model":"clones_armors:ia_auto_gen/332nd_boots"},{"predicate":{"trim_type":0.5,"custom_model_data":10012},"model":"clones_armors:ia_auto_gen/332nd_boots"},{"predicate":{"trim_type":0.6,"custom_model_data":10012},"model":"clones_armors:ia_auto_gen/332nd_boots"},{"predicate":{"trim_type":0.7,"custom_model_data":10012},"model":"clones_armors:ia_auto_gen/332nd_boots"},{"predicate":{"trim_type":0.8,"custom_model_data":10012},"model":"clones_armors:ia_auto_gen/332nd_boots"},{"predicate":{"trim_type":0.9,"custom_model_data":10012},"model":"clones_armors:ia_auto_gen/332nd_boots"},{"predicate":{"trim_type":1.0,"custom_model_data":10012},"model":"clones_armors:ia_auto_gen/332nd_boots"},{"predicate":{"custom_model_data":10013},"model":"clones_armors:ia_auto_gen/gree_boots"},{"predicate":{"trim_type":0.1,"custom_model_data":10013},"model":"clones_armors:ia_auto_gen/gree_boots"},{"predicate":{"trim_type":0.2,"custom_model_data":10013},"model":"clones_armors:ia_auto_gen/gree_boots"},{"predicate":{"trim_type":0.3,"custom_model_data":10013},"model":"clones_armors:ia_auto_gen/gree_boots"},{"predicate":{"trim_type":0.4,"custom_model_data":10013},"model":"clones_armors:ia_auto_gen/gree_boots"},{"predicate":{"trim_type":0.5,"custom_model_data":10013},"model":"clones_armors:ia_auto_gen/gree_boots"},{"predicate":{"trim_type":0.6,"custom_model_data":10013},"model":"clones_armors:ia_auto_gen/gree_boots"},{"predicate":{"trim_type":0.7,"custom_model_data":10013},"model":"clones_armors:ia_auto_gen/gree_boots"},{"predicate":{"trim_type":0.8,"custom_model_data":10013},"model":"clones_armors:ia_auto_gen/gree_boots"},{"predicate":{"trim_type":0.9,"custom_model_data":10013},"model":"clones_armors:ia_auto_gen/gree_boots"},{"predicate":{"trim_type":1.0,"custom_model_data":10013},"model":"clones_armors:ia_auto_gen/gree_boots"},{"predicate":{"custom_model_data":10014},"model":"clones_armors:ia_auto_gen/104st_boots"},{"predicate":{"trim_type":0.1,"custom_model_data":10014},"model":"clones_armors:ia_auto_gen/104st_boots"},{"predicate":{"trim_type":0.2,"custom_model_data":10014},"model":"clones_armors:ia_auto_gen/104st_boots"},{"predicate":{"trim_type":0.3,"custom_model_data":10014},"model":"clones_armors:ia_auto_gen/104st_boots"},{"predicate":{"trim_type":0.4,"custom_model_data":10014},"model":"clones_armors:ia_auto_gen/104st_boots"},{"predicate":{"trim_type":0.5,"custom_model_data":10014},"model":"clones_armors:ia_auto_gen/104st_boots"},{"predicate":{"trim_type":0.6,"custom_model_data":10014},"model":"clones_armors:ia_auto_gen/104st_boots"},{"predicate":{"trim_type":0.7,"custom_model_data":10014},"model":"clones_armors:ia_auto_gen/104st_boots"},{"predicate":{"trim_type":0.8,"custom_model_data":10014},"model":"clones_armors:ia_auto_gen/104st_boots"},{"predicate":{"trim_type":0.9,"custom_model_data":10014},"model":"clones_armors:ia_auto_gen/104st_boots"},{"predicate":{"trim_type":1.0,"custom_model_data":10014},"model":"clones_armors:ia_auto_gen/104st_boots"},{"predicate":{"custom_model_data":10015},"model":"clones_armors:ia_auto_gen/clone_boots"},{"predicate":{"trim_type":0.1,"custom_model_data":10015},"model":"clones_armors:ia_auto_gen/clone_boots"},{"predicate":{"trim_type":0.2,"custom_model_data":10015},"model":"clones_armors:ia_auto_gen/clone_boots"},{"predicate":{"trim_type":0.3,"custom_model_data":10015},"model":"clones_armors:ia_auto_gen/clone_boots"},{"predicate":{"trim_type":0.4,"custom_model_data":10015},"model":"clones_armors:ia_auto_gen/clone_boots"},{"predicate":{"trim_type":0.5,"custom_model_data":10015},"model":"clones_armors:ia_auto_gen/clone_boots"},{"predicate":{"trim_type":0.6,"custom_model_data":10015},"model":"clones_armors:ia_auto_gen/clone_boots"},{"predicate":{"trim_type":0.7,"custom_model_data":10015},"model":"clones_armors:ia_auto_gen/clone_boots"},{"predicate":{"trim_type":0.8,"custom_model_data":10015},"model":"clones_armors:ia_auto_gen/clone_boots"},{"predicate":{"trim_type":0.9,"custom_model_data":10015},"model":"clones_armors:ia_auto_gen/clone_boots"},{"predicate":{"trim_type":1.0,"custom_model_data":10015},"model":"clones_armors:ia_auto_gen/clone_boots"},{"predicate":{"custom_model_data":10016},"model":"item/leather_boots"}],"textures":{"layer0":"minecraft:item/leather_boots","layer1":"minecraft:item/leather_boots_overlay"}}