{"textures":{"0":"modelengine:block/sculk_crabby"},"elements":[{"from":[8.0,0.0,8.0],"to":[11.0,5.0,8.0],"faces":{"south":{"uv":[1.0,13.75,1.75,15.0],"tintindex":0,"rotation":0,"texture":"#0"},"north":{"uv":[1.75,13.75,1.0,15.0],"tintindex":0,"rotation":0,"texture":"#0"}},"rotation":{"origin":[11.0,5.0,8.0],"angle":-45.0,"axis":"z"}},{"from":[8.0,5.0,6.5],"to":[11.0,10.0,9.5],"faces":{"east":{"uv":[9.0,12.5,9.75,13.75],"tintindex":0,"rotation":0,"texture":"#0"},"south":{"uv":[12.75,13.0,13.5,14.25],"tintindex":0,"rotation":0,"texture":"#0"},"north":{"uv":[8.0,9.5,8.75,10.75],"tintindex":0,"rotation":0,"texture":"#0"},"west":{"uv":[13.0,0.5,13.75,1.75],"tintindex":0,"rotation":0,"texture":"#0"},"up":{"uv":[8.75,14.5,8.0,13.75],"tintindex":0,"rotation":0,"texture":"#0"},"down":{"uv":[9.5,13.75,8.75,14.5],"tintindex":0,"rotation":0,"texture":"#0"}}}],"display":{"head":{"rotation":[0.0,0.0,0.0]},"firstperson_righthand":{"rotation":[0.0,0.0,0.0]},"thirdperson_lefthand":{"rotation":[0.0,-0.0,-0.0]},"firstperson_lefthand":{"rotation":[0.0,-0.0,-0.0]},"fixed":{"rotation":[0.0,0.0,0.0]},"ground":{"rotation":[0.0,0.0,0.0]},"thirdperson_righthand":{"rotation":[0.0,0.0,0.0]},"gui":{"rotation":[-150.0,-75.0,-180.0]}}}