{"textures":{"0":"modelengine:block/sculk_crabby"},"elements":[{"from":[6.11652,1.2813044,7.0],"to":[8.11652,8.281304,9.0],"faces":{"east":{"uv":[15.5,2.5,15.0,4.25],"tintindex":0,"rotation":0,"texture":"#0"},"south":{"uv":[16.0,4.25,15.5,6.0],"tintindex":0,"rotation":0,"texture":"#0"},"north":{"uv":[15.5,4.25,15.0,6.0],"tintindex":0,"rotation":0,"texture":"#0"},"west":{"uv":[16.0,2.5,15.5,4.25],"tintindex":0,"rotation":0,"texture":"#0"},"up":{"uv":[16.0,6.0,15.5,6.5],"tintindex":0,"rotation":0,"texture":"#0"},"down":{"uv":[16.0,6.5,15.5,7.0],"tintindex":0,"rotation":0,"texture":"#0"}},"rotation":{"origin":[7.3511534,6.433545,8.0],"angle":-22.5,"axis":"z"}}],"display":{"head":{"rotation":[0.0,0.0,0.0]},"firstperson_righthand":{"rotation":[0.0,0.0,0.0]},"thirdperson_lefthand":{"rotation":[0.0,-0.0,-0.0]},"firstperson_lefthand":{"rotation":[0.0,-0.0,-0.0]},"fixed":{"rotation":[0.0,0.0,0.0]},"ground":{"rotation":[0.0,0.0,0.0]},"thirdperson_righthand":{"rotation":[0.0,0.0,0.0]},"gui":{"rotation":[-150.0,-75.0,-180.0]}}}