{"textures":{"0":"modelengine:block/sculk_crabby"},"elements":[{"from":[8.0,3.0,8.0],"to":[10.0,8.0,8.0],"faces":{"east":{"uv":[16.0,15.75,15.75,16.0],"tintindex":0,"rotation":0,"texture":"#0"},"south":{"uv":[16.0,7.25,15.5,8.5],"tintindex":0,"rotation":0,"texture":"#0"},"north":{"uv":[16.0,7.25,15.5,8.5],"tintindex":0,"rotation":0,"texture":"#0"},"west":{"uv":[16.0,15.75,15.75,16.0],"tintindex":0,"rotation":0,"texture":"#0"},"up":{"uv":[16.0,15.75,15.75,16.0],"tintindex":0,"rotation":0,"texture":"#0"},"down":{"uv":[16.0,15.75,15.75,16.0],"tintindex":0,"rotation":0,"texture":"#0"}},"rotation":{"origin":[8.0,8.0,8.0],"angle":22.5,"axis":"z"}}],"display":{"head":{"rotation":[0.0,0.0,0.0]},"firstperson_righthand":{"rotation":[0.0,0.0,0.0]},"thirdperson_lefthand":{"rotation":[0.0,-0.0,-0.0]},"firstperson_lefthand":{"rotation":[0.0,-0.0,-0.0]},"fixed":{"rotation":[0.0,0.0,0.0]},"ground":{"rotation":[0.0,0.0,0.0]},"thirdperson_righthand":{"rotation":[0.0,0.0,0.0]},"gui":{"rotation":[-150.0,-75.0,-180.0]}}}