{"textures":{"0":"modelengine:block/em_dskeleton_wizard"},"elements":[{"from":[7.5,8.0,8.0],"to":[8.5,12.0,8.0],"faces":{"south":{"uv":[8.8825,10.5075,8.9925,10.9925],"tintindex":0,"rotation":0,"texture":"#0"},"north":{"uv":[8.1325,10.5075,8.2425,10.9925],"tintindex":0,"rotation":0,"texture":"#0"}}},{"from":[8.0,8.0,7.5],"to":[8.0,12.0,8.5],"faces":{"east":{"uv":[9.0075,10.5075,9.1175,10.9925],"tintindex":0,"rotation":0,"texture":"#0"},"west":{"uv":[9.1325,10.5075,9.2425,10.9925],"tintindex":0,"rotation":0,"texture":"#0"}}}],"display":{"head":{"rotation":[0.0,0.0,0.0]},"firstperson_righthand":{"rotation":[0.0,0.0,0.0]},"thirdperson_lefthand":{"rotation":[0.0,-0.0,-0.0]},"firstperson_lefthand":{"rotation":[0.0,-0.0,-0.0]},"fixed":{"rotation":[0.0,0.0,0.0]},"ground":{"rotation":[0.0,0.0,0.0]},"thirdperson_righthand":{"rotation":[0.0,0.0,0.0]},"gui":{"rotation":[-150.0,-75.0,-180.0]}}}