{"textures":{"0":"modelengine:block/em_dskeleton_wizard"},"elements":[{"from":[7.5,4.0,8.0],"to":[8.5,8.0,8.0],"faces":{"south":{"uv":[6.2575,10.5075,6.3675,10.9925],"tintindex":0,"rotation":0,"texture":"#0"},"north":{"uv":[10.5075,6.1325,10.6175,6.6175],"tintindex":0,"rotation":0,"texture":"#0"}}}],"display":{"head":{"rotation":[0.0,0.0,0.0]},"firstperson_righthand":{"rotation":[0.0,0.0,0.0]},"thirdperson_lefthand":{"rotation":[0.0,-0.0,-0.0]},"firstperson_lefthand":{"rotation":[0.0,-0.0,-0.0]},"fixed":{"rotation":[0.0,0.0,0.0]},"ground":{"rotation":[0.0,0.0,0.0]},"thirdperson_righthand":{"rotation":[0.0,0.0,0.0]},"gui":{"rotation":[-150.0,-75.0,-180.0]}}}