{"textures":{"0":"modelengine:block/nm_finnish_lapphund_white_texture"},"elements":[{"from":[6.525,7.5125,5.0],"to":[9.475,8.487499,9.0],"faces":{"east":{"uv":[5.0,3.5,6.0,3.75],"tintindex":0,"rotation":0,"texture":"#0"},"south":{"uv":[0.0,10.75,0.75,11.0],"tintindex":0,"rotation":0,"texture":"#0"},"north":{"uv":[10.5,8.5,11.25,8.75],"tintindex":0,"rotation":0,"texture":"#0"},"west":{"uv":[6.5,5.25,7.5,5.5],"tintindex":0,"rotation":0,"texture":"#0"},"up":{"uv":[9.0,9.5,8.25,8.5],"tintindex":0,"rotation":0,"texture":"#0"},"down":{"uv":[9.5,1.0,8.75,2.0],"tintindex":0,"rotation":0,"texture":"#0"}}}],"display":{"head":{"rotation":[0.0,0.0,0.0]},"firstperson_righthand":{"rotation":[0.0,0.0,0.0]},"thirdperson_lefthand":{"rotation":[0.0,-0.0,-0.0]},"firstperson_lefthand":{"rotation":[0.0,-0.0,-0.0]},"fixed":{"rotation":[0.0,0.0,0.0]},"ground":{"rotation":[0.0,0.0,0.0]},"thirdperson_righthand":{"rotation":[0.0,0.0,0.0]},"gui":{"rotation":[-150.0,-75.0,-180.0]}}}