{"textures":{"0":"modelengine:block/nm_finnish_lapphund_white_texture"},"elements":[{"from":[3.5,4.0,1.25],"to":[12.5,12.0,8.25],"faces":{"east":{"uv":[2.5,4.0,4.25,6.0],"tintindex":0,"rotation":0,"texture":"#0"},"south":{"uv":[0.0,2.25,2.25,4.25],"tintindex":0,"rotation":0,"texture":"#0"},"north":{"uv":[0.0,0.0,2.25,2.0],"tintindex":0,"rotation":0,"texture":"#0"},"west":{"uv":[0.0,4.5,1.75,6.5],"tintindex":0,"rotation":0,"texture":"#0"},"up":{"uv":[4.75,1.75,2.5,0.0],"tintindex":0,"rotation":0,"texture":"#0"},"down":{"uv":[4.75,2.0,2.5,3.75],"tintindex":0,"rotation":0,"texture":"#0"}}}],"display":{"head":{"rotation":[0.0,0.0,0.0]},"firstperson_righthand":{"rotation":[0.0,0.0,0.0]},"thirdperson_lefthand":{"rotation":[0.0,-0.0,-0.0]},"firstperson_lefthand":{"rotation":[0.0,-0.0,-0.0]},"fixed":{"rotation":[0.0,0.0,0.0]},"ground":{"rotation":[0.0,0.0,0.0]},"thirdperson_righthand":{"rotation":[0.0,0.0,0.0]},"gui":{"rotation":[-150.0,-75.0,-180.0]}}}