{"textures":{"1":"modelengine:discord/discord2"},"elements":[{"from":[11.25,8.5,11.0],"to":[13.25,10.5,12.5],"faces":{"east":{"uv":[9.375,1.0,9.5625,1.25],"tintindex":0,"rotation":0,"texture":"#1"},"south":{"uv":[9.0,3.25,9.25,3.5],"tintindex":0,"rotation":0,"texture":"#1"},"north":{"uv":[9.0,5.125,9.25,5.375],"tintindex":0,"rotation":0,"texture":"#1"},"west":{"uv":[9.375,1.0,9.5625,1.25],"tintindex":0,"rotation":0,"texture":"#1"},"up":{"uv":[9.375,1.0,9.5625,1.25],"tintindex":0,"rotation":90,"texture":"#1"},"down":{"uv":[9.375,1.0,9.5625,1.25],"tintindex":0,"rotation":90,"texture":"#1"}}},{"from":[11.5,8.75,8.75],"to":[13.0,10.25,11.0],"faces":{"east":{"uv":[9.3125,7.0,8.875,7.1875],"tintindex":0,"rotation":0,"texture":"#1"},"south":{"uv":[4.0,9.375,4.1875,9.5625],"tintindex":0,"rotation":0,"texture":"#1"},"north":{"uv":[3.75,9.375,3.9375,9.5625],"tintindex":0,"rotation":0,"texture":"#1"},"west":{"uv":[8.875,7.0,9.3125,7.1875],"tintindex":0,"rotation":0,"texture":"#1"},"up":{"uv":[8.875,7.0,9.3125,7.1875],"tintindex":0,"rotation":90,"texture":"#1"},"down":{"uv":[9.3125,7.0,8.875,7.1875],"tintindex":0,"rotation":90,"texture":"#1"}}},{"from":[12.25,8.475,16.5],"to":[12.25,10.475,18.75],"faces":{"east":{"uv":[9.3125,1.5,9.0,1.75],"tintindex":0,"rotation":0,"texture":"#1"},"west":{"uv":[9.0,1.5,9.3125,1.75],"tintindex":0,"rotation":0,"texture":"#1"}}},{"from":[11.25,9.475,16.5],"to":[13.25,9.475,18.75],"faces":{"up":{"uv":[9.0,1.5,9.3125,1.75],"tintindex":0,"rotation":90,"texture":"#1"},"down":{"uv":[9.3125,1.5,9.0,1.75],"tintindex":0,"rotation":90,"texture":"#1"}}},{"from":[11.0,8.25,12.5],"to":[13.5,10.75,16.5],"faces":{"east":{"uv":[8.0,3.125,8.5,3.4375],"tintindex":0,"rotation":0,"texture":"#1"},"south":{"uv":[0.0,8.625,0.3125,8.9375],"tintindex":0,"rotation":0,"texture":"#1"},"north":{"uv":[0.0,8.625,0.3125,8.9375],"tintindex":0,"rotation":0,"texture":"#1"},"west":{"uv":[8.0,3.125,8.5,3.4375],"tintindex":0,"rotation":0,"texture":"#1"},"up":{"uv":[8.0,3.125,8.5,3.4375],"tintindex":0,"rotation":90,"texture":"#1"},"down":{"uv":[8.0,3.125,8.5,3.4375],"tintindex":0,"rotation":90,"texture":"#1"}}}],"display":{"head":{"rotation":[0.0,0.0,0.0]},"firstperson_righthand":{"rotation":[0.0,0.0,0.0]},"thirdperson_lefthand":{"rotation":[0.0,-0.0,-0.0]},"firstperson_lefthand":{"rotation":[0.0,-0.0,-0.0]},"fixed":{"rotation":[0.0,0.0,0.0]},"ground":{"rotation":[0.0,0.0,0.0]},"thirdperson_righthand":{"rotation":[0.0,0.0,0.0]},"gui":{"rotation":[-150.0,-75.0,-180.0]}}}