{"textures":{"1":"modelengine:discord/discord2"},"elements":[{"from":[8.5,6.3999996,9.6],"to":[9.25,7.25,12.95],"faces":{"east":{"uv":[0.625,9.6875,0.5,9.25],"tintindex":0,"rotation":90,"texture":"#1"},"south":{"uv":[1.75,9.625,1.875,9.75],"tintindex":0,"rotation":0,"texture":"#1"},"north":{"uv":[9.625,1.625,9.75,1.75],"tintindex":0,"rotation":0,"texture":"#1"},"west":{"uv":[0.5,9.25,0.625,9.6875],"tintindex":0,"rotation":90,"texture":"#1"},"up":{"uv":[0.625,9.6875,0.5,9.25],"tintindex":0,"rotation":0,"texture":"#1"},"down":{"uv":[0.625,9.25,0.5,9.6875],"tintindex":0,"rotation":0,"texture":"#1"}},"rotation":{"origin":[16.0,7.5,6.6],"angle":-45.0,"axis":"x"}},{"from":[23.75,5.75,6.85],"to":[24.0,8.1,9.2],"faces":{"east":{"uv":[2.375,8.625,2.6875,8.9375],"tintindex":0,"rotation":0,"texture":"#1"},"south":{"uv":[8.8125,9.8125,8.75,9.5],"tintindex":0,"rotation":0,"texture":"#1"},"north":{"uv":[8.8125,9.8125,8.75,9.5],"tintindex":0,"rotation":0,"texture":"#1"},"west":{"uv":[8.625,0.625,8.9375,0.9375],"tintindex":0,"rotation":0,"texture":"#1"},"up":{"uv":[8.8125,9.8125,8.75,9.5],"tintindex":0,"rotation":0,"texture":"#1"},"down":{"uv":[8.8125,9.8125,8.75,9.5],"tintindex":0,"rotation":0,"texture":"#1"}},"rotation":{"origin":[16.0,7.5,6.6],"angle":-45.0,"axis":"x"}},{"from":[8.0,5.75,6.85],"to":[8.25,8.1,9.2],"faces":{"east":{"uv":[0.75,8.625,1.0625,8.9375],"tintindex":0,"rotation":0,"texture":"#1"},"south":{"uv":[8.8125,9.8125,8.75,9.5],"tintindex":0,"rotation":0,"texture":"#1"},"north":{"uv":[8.8125,9.8125,8.75,9.5],"tintindex":0,"rotation":0,"texture":"#1"},"west":{"uv":[2.375,8.625,2.6875,8.9375],"tintindex":0,"rotation":0,"texture":"#1"},"up":{"uv":[8.8125,9.8125,8.75,9.5],"tintindex":0,"rotation":0,"texture":"#1"},"down":{"uv":[8.8125,9.8125,8.75,9.5],"tintindex":0,"rotation":0,"texture":"#1"}},"rotation":{"origin":[16.0,7.5,6.6],"angle":-45.0,"axis":"x"}},{"from":[8.25,5.25,6.35],"to":[9.25,8.6,9.7],"faces":{"east":{"uv":[3.5,7.125,3.9375,7.5625],"tintindex":0,"rotation":0,"texture":"#1"},"south":{"uv":[5.25,9.6875,5.125,9.25],"tintindex":0,"rotation":0,"texture":"#1"},"north":{"uv":[5.25,9.6875,5.125,9.25],"tintindex":0,"rotation":0,"texture":"#1"},"west":{"uv":[7.25,7.0,7.6875,7.4375],"tintindex":0,"rotation":0,"texture":"#1"},"up":{"uv":[5.25,9.6875,5.125,9.25],"tintindex":0,"rotation":0,"texture":"#1"},"down":{"uv":[5.25,9.6875,5.125,9.25],"tintindex":0,"rotation":0,"texture":"#1"}},"rotation":{"origin":[16.0,7.5,6.6],"angle":-45.0,"axis":"x"}},{"from":[22.75,6.3999996,9.6],"to":[23.5,7.25,12.95],"faces":{"east":{"uv":[0.625,9.6875,0.5,9.25],"tintindex":0,"rotation":90,"texture":"#1"},"south":{"uv":[1.75,9.625,1.875,9.75],"tintindex":0,"rotation":0,"texture":"#1"},"north":{"uv":[1.5,9.625,1.625,9.75],"tintindex":0,"rotation":0,"texture":"#1"},"west":{"uv":[0.625,9.6875,0.5,9.25],"tintindex":0,"rotation":90,"texture":"#1"},"up":{"uv":[0.625,9.6875,0.5,9.25],"tintindex":0,"rotation":0,"texture":"#1"},"down":{"uv":[0.5,9.25,0.625,9.6875],"tintindex":0,"rotation":0,"texture":"#1"}},"rotation":{"origin":[16.0,7.5,6.6],"angle":-45.0,"axis":"x"}},{"from":[22.75,5.25,6.35],"to":[23.75,8.6,9.7],"faces":{"east":{"uv":[7.25,7.0,7.6875,7.4375],"tintindex":0,"rotation":0,"texture":"#1"},"south":{"uv":[5.25,9.6875,5.125,9.25],"tintindex":0,"rotation":0,"texture":"#1"},"north":{"uv":[5.25,9.6875,5.125,9.25],"tintindex":0,"rotation":0,"texture":"#1"},"west":{"uv":[3.0,7.125,3.4375,7.5625],"tintindex":0,"rotation":0,"texture":"#1"},"up":{"uv":[5.25,9.6875,5.125,9.25],"tintindex":0,"rotation":0,"texture":"#1"},"down":{"uv":[5.25,9.6875,5.125,9.25],"tintindex":0,"rotation":0,"texture":"#1"}},"rotation":{"origin":[16.0,7.5,6.6],"angle":-45.0,"axis":"x"}}],"display":{"head":{"rotation":[0.0,0.0,0.0]},"firstperson_righthand":{"rotation":[0.0,0.0,0.0]},"thirdperson_lefthand":{"rotation":[0.0,-0.0,-0.0]},"firstperson_lefthand":{"rotation":[0.0,-0.0,-0.0]},"fixed":{"rotation":[0.0,0.0,0.0]},"ground":{"rotation":[0.0,0.0,0.0]},"thirdperson_righthand":{"rotation":[0.0,0.0,0.0]},"gui":{"rotation":[-150.0,-75.0,-180.0]}}}