{"textures":{"0":"modelengine:discord/discord1"},"elements":[{"from":[2.997,10.997,4.997],"to":[5.003,12.003,5.003],"faces":{"south":{"uv":[8.5,1.5,9.0,1.75],"tintindex":0,"rotation":0,"texture":"#0"},"north":{"uv":[4.75,1.25,5.25,1.5],"tintindex":0,"rotation":0,"texture":"#0"}}},{"from":[10.997,10.997,4.997],"to":[13.003,12.003,5.003],"faces":{"south":{"uv":[4.75,5.75,5.25,6.0],"tintindex":0,"rotation":0,"texture":"#0"},"north":{"uv":[2.75,1.25,3.25,1.5],"tintindex":0,"rotation":0,"texture":"#0"}}}],"display":{"head":{"rotation":[0.0,0.0,0.0]},"firstperson_righthand":{"rotation":[0.0,0.0,0.0]},"thirdperson_lefthand":{"rotation":[0.0,-0.0,-0.0]},"firstperson_lefthand":{"rotation":[0.0,-0.0,-0.0]},"fixed":{"rotation":[0.0,0.0,0.0]},"ground":{"rotation":[0.0,0.0,0.0]},"thirdperson_righthand":{"rotation":[0.0,0.0,0.0]},"gui":{"rotation":[-150.0,-75.0,-180.0]}}}