{"textures":{"0":"modelengine:block/wisp_unique"},"elements":[{"from":[2.6819806,5.0,9.267767],"to":[11.68198,18.0,9.267767],"faces":{"south":{"uv":[0.0,0.0,4.5,6.5],"tintindex":0,"rotation":0,"texture":"#0"},"north":{"uv":[4.5,0.0,0.0,6.5],"tintindex":0,"rotation":0,"texture":"#0"}},"rotation":{"origin":[8.18198,9.5,12.767767],"angle":45.0,"axis":"y"}}],"display":{"head":{"rotation":[0.0,0.0,0.0]},"firstperson_righthand":{"rotation":[0.0,0.0,0.0]},"thirdperson_lefthand":{"rotation":[0.0,-0.0,-0.0]},"firstperson_lefthand":{"rotation":[0.0,-0.0,-0.0]},"fixed":{"rotation":[0.0,0.0,0.0]},"ground":{"rotation":[0.0,0.0,0.0]},"thirdperson_righthand":{"rotation":[0.0,0.0,0.0]},"gui":{"rotation":[-150.0,-75.0,-180.0]}}}