{"textures":{"0":"modelengine:block/medieval_box4"},"elements":[{"from":[-5.5,4.25,7.25],"to":[-4.0,10.25,7.25],"faces":{"south":{"uv":[5.0,5.625,5.25,6.625],"tintindex":0,"rotation":0,"texture":"#0"},"north":{"uv":[4.75,5.625,5.0,6.625],"tintindex":0,"rotation":0,"texture":"#0"}}}],"display":{"head":{"rotation":[0.0,0.0,0.0]},"firstperson_righthand":{"rotation":[0.0,0.0,0.0]},"thirdperson_lefthand":{"rotation":[0.0,-0.0,-0.0]},"firstperson_lefthand":{"rotation":[0.0,-0.0,-0.0]},"fixed":{"rotation":[0.0,0.0,0.0]},"ground":{"rotation":[0.0,0.0,0.0]},"thirdperson_righthand":{"rotation":[0.0,0.0,0.0]},"gui":{"rotation":[-150.0,-75.0,-180.0]}}}