{"textures":{"0":"modelengine:block/medieval_box4"},"elements":[{"from":[8.0375,6.5,2.75],"to":[11.0375,9.5,13.25],"faces":{"east":{"uv":[10.0,10.5,10.875,10.75],"tintindex":0,"rotation":0,"texture":"#0"},"south":{"uv":[12.0,10.5,12.25,10.75],"tintindex":0,"rotation":0,"texture":"#0"},"north":{"uv":[10.875,10.5,11.125,10.75],"tintindex":0,"rotation":0,"texture":"#0"},"west":{"uv":[11.125,10.5,12.0,10.75],"tintindex":0,"rotation":0,"texture":"#0"},"up":{"uv":[11.125,10.5,10.875,9.625],"tintindex":0,"rotation":0,"texture":"#0"},"down":{"uv":[11.375,9.625,11.125,10.5],"tintindex":0,"rotation":0,"texture":"#0"}}},{"from":[-13.0,9.5,2.75],"to":[11.0,11.0,13.25],"faces":{"east":{"uv":[6.25,2.875,7.125,3.0],"tintindex":0,"rotation":0,"texture":"#0"},"south":{"uv":[10.0,2.875,12.0,3.0],"tintindex":0,"rotation":0,"texture":"#0"},"north":{"uv":[7.125,2.875,9.125,3.0],"tintindex":0,"rotation":0,"texture":"#0"},"west":{"uv":[9.125,2.875,10.0,3.0],"tintindex":0,"rotation":0,"texture":"#0"},"up":{"uv":[9.125,2.875,7.125,2.0],"tintindex":0,"rotation":0,"texture":"#0"},"down":{"uv":[11.125,2.0,9.125,2.875],"tintindex":0,"rotation":0,"texture":"#0"}}},{"from":[-10.0,8.0,2.75],"to":[8.0,9.5,13.25],"faces":{"east":{"uv":[7.125,3.875,8.0,4.0],"tintindex":0,"rotation":0,"texture":"#0"},"south":{"uv":[10.375,3.875,11.875,4.0],"tintindex":0,"rotation":0,"texture":"#0"},"north":{"uv":[8.0,3.875,9.5,4.0],"tintindex":0,"rotation":0,"texture":"#0"},"west":{"uv":[9.5,3.875,10.375,4.0],"tintindex":0,"rotation":0,"texture":"#0"},"up":{"uv":[9.5,3.875,8.0,3.0],"tintindex":0,"rotation":0,"texture":"#0"},"down":{"uv":[11.0,3.0,9.5,3.875],"tintindex":0,"rotation":0,"texture":"#0"}}}],"display":{"head":{"rotation":[0.0,0.0,0.0]},"firstperson_righthand":{"rotation":[0.0,0.0,0.0]},"thirdperson_lefthand":{"rotation":[0.0,-0.0,-0.0]},"firstperson_lefthand":{"rotation":[0.0,-0.0,-0.0]},"fixed":{"rotation":[0.0,0.0,0.0]},"ground":{"rotation":[0.0,0.0,0.0]},"thirdperson_righthand":{"rotation":[0.0,0.0,0.0]},"gui":{"rotation":[-150.0,-75.0,-180.0]}}}