{"textures":{"0":"modelengine:block/medieval_box4"},"elements":[{"from":[8.0,8.0,9.5],"to":[9.5,9.5,17.0],"faces":{"east":{"uv":[0.0,3.625,0.625,3.75],"tintindex":0,"rotation":0,"texture":"#0"},"south":{"uv":[1.375,3.625,1.5,3.75],"tintindex":0,"rotation":0,"texture":"#0"},"north":{"uv":[0.625,3.625,0.75,3.75],"tintindex":0,"rotation":0,"texture":"#0"},"west":{"uv":[0.75,3.625,1.375,3.75],"tintindex":0,"rotation":0,"texture":"#0"},"up":{"uv":[0.75,3.625,0.625,3.0],"tintindex":0,"rotation":0,"texture":"#0"},"down":{"uv":[0.875,3.0,0.75,3.625],"tintindex":0,"rotation":0,"texture":"#0"}}},{"from":[8.0,3.5,9.5],"to":[8.0,8.0,17.0],"faces":{"east":{"uv":[0.0,1.125,0.625,1.5],"tintindex":0,"rotation":0,"texture":"#0"},"west":{"uv":[0.625,1.125,1.25,1.5],"tintindex":0,"rotation":0,"texture":"#0"}}},{"from":[8.0,6.5,5.0],"to":[9.5,11.0,9.5],"faces":{"east":{"uv":[10.625,11.125,11.0,11.5],"tintindex":0,"rotation":0,"texture":"#0"},"south":{"uv":[11.5,11.125,11.625,11.5],"tintindex":0,"rotation":0,"texture":"#0"},"north":{"uv":[11.0,11.125,11.125,11.5],"tintindex":0,"rotation":0,"texture":"#0"},"west":{"uv":[11.125,11.125,11.5,11.5],"tintindex":0,"rotation":0,"texture":"#0"},"up":{"uv":[11.125,11.125,11.0,10.75],"tintindex":0,"rotation":0,"texture":"#0"},"down":{"uv":[11.25,10.75,11.125,11.125],"tintindex":0,"rotation":0,"texture":"#0"}}}],"display":{"head":{"rotation":[0.0,0.0,0.0]},"firstperson_righthand":{"rotation":[0.0,0.0,0.0]},"thirdperson_lefthand":{"rotation":[0.0,-0.0,-0.0]},"firstperson_lefthand":{"rotation":[0.0,-0.0,-0.0]},"fixed":{"rotation":[0.0,0.0,0.0]},"ground":{"rotation":[0.0,0.0,0.0]},"thirdperson_righthand":{"rotation":[0.0,0.0,0.0]},"gui":{"rotation":[-150.0,-75.0,-180.0]}}}