{"textures":{"0":"modelengine:block/goblin_archer_extra"},"elements":[{"from":[6.0,8.0,6.5],"to":[10.0,10.0,9.5],"faces":{"east":{"uv":[7.625,8.125,7.375,7.75],"tintindex":0,"rotation":90,"texture":"#0"},"south":{"uv":[1.25,7.5,1.5,8.0],"tintindex":0,"rotation":90,"texture":"#0"},"north":{"uv":[2.5,7.375,2.75,7.875],"tintindex":0,"rotation":270,"texture":"#0"},"west":{"uv":[8.0,7.75,7.75,8.125],"tintindex":0,"rotation":90,"texture":"#0"},"up":{"uv":[7.125,3.875,7.5,4.375],"tintindex":0,"rotation":90,"texture":"#0"},"down":{"uv":[3.5,7.125,3.875,7.625],"tintindex":0,"rotation":90,"texture":"#0"}}}],"display":{"head":{"rotation":[0.0,0.0,0.0]},"firstperson_righthand":{"rotation":[0.0,0.0,0.0]},"thirdperson_lefthand":{"rotation":[0.0,-0.0,-0.0]},"firstperson_lefthand":{"rotation":[0.0,-0.0,-0.0]},"fixed":{"rotation":[0.0,0.0,0.0]},"ground":{"rotation":[0.0,0.0,0.0]},"thirdperson_righthand":{"rotation":[0.0,0.0,0.0]},"gui":{"rotation":[-150.0,-75.0,-180.0]}}}