{"textures":{"0":"modelengine:block/nm_pug_yellow_texture"},"elements":[{"from":[4.5,4.025,10.5],"to":[11.5,10.025,10.5],"faces":{"south":{"uv":[3.75,4.25,2.0,5.75],"tintindex":0,"rotation":0,"texture":"#0"},"north":{"uv":[2.0,4.25,3.75,5.75],"tintindex":0,"rotation":0,"texture":"#0"}}}],"display":{"head":{"rotation":[0.0,0.0,0.0]},"firstperson_righthand":{"rotation":[0.0,0.0,0.0]},"thirdperson_lefthand":{"rotation":[0.0,-0.0,-0.0]},"firstperson_lefthand":{"rotation":[0.0,-0.0,-0.0]},"fixed":{"rotation":[0.0,0.0,0.0]},"ground":{"rotation":[0.0,0.0,0.0]},"thirdperson_righthand":{"rotation":[0.0,0.0,0.0]},"gui":{"rotation":[-150.0,-75.0,-180.0]}}}