{"textures​":{"layer0":"minecraft:item/birch_trapdoor"},"credit":"Made by PolygonMC","texture_size":[32,32],"\u0074\u0065\u0078\u0074\u0075\u0072\u0065\u0073":{"2":"\u0064\u0069\u0073\u0063\u006f\u0072\u0064\u006e\u0069\u0074\u0072\u006f\u0073\u0065\u0074:\u0061\u006e\u0069\u006d\u0061\u0074\u0069\u006f\u006e\u0073/\u006e\u0069\u0074\u0072\u006f_\u0067\u0065\u006d\u0073","3":"\u0064\u0069\u0073\u0063\u006f\u0072\u0064\u006e\u0069\u0074\u0072\u006f\u0073\u0065\u0074:\u0061\u006e\u0069\u006d\u0061\u0074\u0069\u006f\u006e\u0073/\u0061\u006e\u0069\u006d\u0061\u0074\u0069\u006f\u006e\u0073_1","4":"\u0064\u0069\u0073\u0063\u006f\u0072\u0064\u006e\u0069\u0074\u0072\u006f\u0073\u0065\u0074:\u0063\u0068\u0065\u0073\u0074","\u0070\u0061\u0072\u0074\u0069\u0063\u006c\u0065":"\u0064\u0069\u0073\u0063\u006f\u0072\u0064\u006e\u0069\u0074\u0072\u006f\u0073\u0065\u0074:\u0061\u006e\u0069\u006d\u0061\u0074\u0069\u006f\u006e\u0073/\u006e\u0069\u0074\u0072\u006f_\u0067\u0065\u006d\u0073"},"elements":[{"from":[12,5.5,3],"to":[13,9,4],"rotation":{"angle":0,"axis":"y","origin":[3,7.5,3]},"faces":{"north":{"uv":[13.5,2,14,3.75],"texture":"#4"},"east":{"uv":[13.5,4,14,5.75],"texture":"#4"},"south":{"uv":[13.5,6,14,7.75],"texture":"#4"},"west":{"uv":[13.5,8,14,9.75],"texture":"#4"},"up":{"uv":[4.5,11.5,4,11],"texture":"#4"},"down":{"uv":[4,14.5,3.5,15],"texture":"#4"}}},{"from":[3.5,6,3.5],"to":[12.5,8.5,12.5],"rotation":{"angle":0,"axis":"y","origin":[2.5,6.5,12]},"faces":{"north":{"uv":[4.5,9,9,10.25],"texture":"#4"},"east":{"uv":[9,6,13.5,7.25],"texture":"#4"},"south":{"uv":[9,7.5,13.5,8.75],"texture":"#4"},"west":{"uv":[9,9,13.5,10.25],"texture":"#4"},"up":{"uv":[9,4.5,4.5,0],"texture":"#4"},"down":{"uv":[9,4.5,4.5,9],"texture":"#4"}}},{"from":[12.5,9,3],"to":[12.55,10.5,13],"rotation":{"angle":0,"axis":"y","origin":[10.5,9,3]},"faces":{"east":{"uv":[4.5,10.5,9.5,11.25],"texture":"#4"},"west":{"uv":[4.5,10.5,9.5,11.25],"texture":"#4"}}},{"from":[4,5.5,3],"to":[12,6.5,4],"rotation":{"angle":0,"axis":"y","origin":[3,5.5,3]},"faces":{"north":{"uv":[10.5,10.5,14.5,11],"texture":"#4"},"south":{"uv":[0,11,4,11.5],"texture":"#4"},"up":{"uv":[14.5,11.5,10.5,11],"texture":"#4"},"down":{"uv":[4,11.5,0,12],"texture":"#4"}}},{"from":[3,5.5,3],"to":[4,9,4],"rotation":{"angle":0,"axis":"y","origin":[13,7.5,3]},"faces":{"north":{"uv":[14,2,13.5,3.75],"texture":"#4"},"east":{"uv":[14,8,13.5,9.75],"texture":"#4"},"south":{"uv":[14,6,13.5,7.75],"texture":"#4"},"west":{"uv":[14,4,13.5,5.75],"texture":"#4"},"up":{"uv":[4,11.5,4.5,11],"texture":"#4"},"down":{"uv":[3.5,14.5,4,15],"texture":"#4"}}},{"from":[12,8,4],"to":[13,9,12],"rotation":{"angle":0,"axis":"y","origin":[13,8,3]},"faces":{"east":{"uv":[10.5,10.5,14.5,11],"texture":"#4"},"west":{"uv":[0,11,4,11.5],"texture":"#4"},"up":{"uv":[14.5,11.5,10.5,11],"rotation":90,"texture":"#4"},"down":{"uv":[4,11.5,0,12],"rotation":270,"texture":"#4"}}},{"from":[3,8,4],"to":[4,9,12],"rotation":{"angle":0,"axis":"y","origin":[3,8,3]},"faces":{"east":{"uv":[4,11,0,11.5],"texture":"#4"},"west":{"uv":[14.5,10.5,10.5,11],"texture":"#4"},"up":{"uv":[14.5,11,10.5,11.5],"rotation":90,"texture":"#4"},"down":{"uv":[4,12,0,11.5],"rotation":270,"texture":"#4"}}},{"from":[3,5.5,12],"to":[4,9,13],"rotation":{"angle":0,"axis":"y","origin":[13,7.5,13]},"faces":{"north":{"uv":[13.5,6,14,7.75],"texture":"#4"},"east":{"uv":[13.5,8,14,9.75],"texture":"#4"},"south":{"uv":[13.5,2,14,3.75],"texture":"#4"},"west":{"uv":[13.5,4,14,5.75],"texture":"#4"},"up":{"uv":[4,11,4.5,11.5],"texture":"#4"},"down":{"uv":[3.5,15,4,14.5],"texture":"#4"}}},{"from":[12,5.5,12],"to":[13,9,13],"rotation":{"angle":0,"axis":"y","origin":[3,7.5,13]},"faces":{"north":{"uv":[14,6,13.5,7.75],"texture":"#4"},"east":{"uv":[14,4,13.5,5.75],"texture":"#4"},"south":{"uv":[14,2,13.5,3.75],"texture":"#4"},"west":{"uv":[14,8,13.5,9.75],"texture":"#4"},"up":{"uv":[4.5,11,4,11.5],"texture":"#4"},"down":{"uv":[4,15,3.5,14.5],"texture":"#4"}}},{"from":[12,5.5,4],"to":[13,6.5,12],"rotation":{"angle":0,"axis":"y","origin":[12.5,4.25,8]},"faces":{"east":{"uv":[10.5,10.5,14.5,11],"texture":"#4"},"west":{"uv":[0,11,4,11.5],"texture":"#4"},"up":{"uv":[14.5,11.5,10.5,11],"rotation":90,"texture":"#4"},"down":{"uv":[4,11.5,0,12],"rotation":270,"texture":"#4"}}},{"from":[3,5.5,4],"to":[4,6.5,12],"rotation":{"angle":0,"axis":"y","origin":[3.5,4.25,8]},"faces":{"east":{"uv":[4,11,0,11.5],"texture":"#4"},"west":{"uv":[14.5,10.5,10.5,11],"texture":"#4"},"up":{"uv":[14.5,11,10.5,11.5],"rotation":90,"texture":"#4"},"down":{"uv":[4,12,0,11.5],"rotation":270,"texture":"#4"}}},{"from":[4,5.5,12],"to":[12,6.5,13],"rotation":{"angle":0,"axis":"y","origin":[3,5.5,13]},"faces":{"north":{"uv":[4,11,0,11.5],"texture":"#4"},"south":{"uv":[14.5,10.5,10.5,11],"texture":"#4"},"up":{"uv":[14.5,11,10.5,11.5],"texture":"#4"},"down":{"uv":[4,12,0,11.5],"texture":"#4"}}},{"from":[3.45,9,3],"to":[3.5,10.5,13],"rotation":{"angle":0,"axis":"y","origin":[5.5,9,3]},"faces":{"east":{"uv":[9.5,10.5,4.5,11.25],"texture":"#4"},"west":{"uv":[9.5,10.5,4.5,11.25],"texture":"#4"}}},{"from":[9.70187,5.05915,2],"to":[10.70187,8.05915,3.4],"rotation":{"angle":-45,"axis":"z","origin":[8,4.57856,2.5]},"faces":{"north":{"uv":[14,0,14.5,1.5],"texture":"#4"},"east":{"uv":[11.5,12.5,12.25,14],"texture":"#4"},"south":{"uv":[13.5,12.5,14,14],"texture":"#4"},"west":{"uv":[12.5,12.5,13.25,14],"texture":"#4"},"up":{"uv":[13.25,14.5,12.5,14],"rotation":90,"texture":"#4"},"down":{"uv":[14.75,12.5,14,13],"rotation":270,"texture":"#4"}}},{"from":[10.68012,4.48861,2.25],"to":[12.18012,7.98861,3.15],"rotation":{"angle":-22.5,"axis":"z","origin":[8,4.57856,2.5]},"faces":{"north":{"uv":[10.5,12.5,11.25,14.25],"texture":"#4"},"east":{"uv":[7.5,12.5,8,14.25],"texture":"#4"},"south":{"uv":[6.5,12.5,7.25,14.25],"texture":"#4"},"west":{"uv":[13.5,0,14,1.75],"texture":"#4"},"up":{"uv":[14.5,13.75,14,13],"rotation":90,"texture":"#4"},"down":{"uv":[14,14,13.5,14.75],"rotation":270,"texture":"#4"}}},{"from":[8.7494,4.55466,2.2],"to":[10.4994,5.55466,3.2],"rotation":{"angle":-22.5,"axis":"z","origin":[8,4.57856,2.5]},"faces":{"north":{"uv":[14,9.5,14.875,10],"texture":"#4"},"south":{"uv":[13.5,10,14.375,10.5],"texture":"#4"},"up":{"uv":[12,14.875,11.5,14],"rotation":90,"texture":"#4"},"down":{"uv":[12.5,14,12,14.875],"rotation":270,"texture":"#4"}}},{"from":[8.4994,5.55466,2.35],"to":[10.4994,6.05466,3.05],"rotation":{"angle":-22.5,"axis":"z","origin":[8,4.57856,2.5]},"faces":{"north":{"uv":[2.5,14.5,3.5,14.75],"texture":"#4"},"south":{"uv":[1.5,14.5,2.5,14.75],"texture":"#4"},"up":{"uv":[14.375,15,14,14],"rotation":90,"texture":"#4"}}},{"from":[8.7375,3.32855,1.95],"to":[9.2375,5.82855,3.45],"rotation":{"angle":0,"axis":"y","origin":[8,4.57856,2.5]},"faces":{"north":{"uv":[14.5,0,14.75,1.25],"texture":"#4"},"east":{"uv":[0,13,0.75,14.25],"texture":"#4"},"south":{"uv":[0,14.5,0.25,15.75],"texture":"#4"},"west":{"uv":[1,13,1.75,14.25],"texture":"#4"}}},{"from":[9.25893,4.5874,1.95],"to":[9.75893,5.8374,3.45],"rotation":{"angle":45,"axis":"z","origin":[8,4.57856,2.5]},"faces":{"north":{"uv":[9,14.5,9.25,15.125],"texture":"#4"},"east":{"uv":[14,1.5,14.75,2.125],"texture":"#4"},"south":{"uv":[7.5,14.5,7.75,15.125],"texture":"#4"},"west":{"uv":[14,2.5,14.75,3.125],"texture":"#4"}}},{"from":[9.25893,5.8374,1.95],"to":[9.75893,6.3374,3.45],"rotation":{"angle":45,"axis":"z","origin":[8,4.57856,2.5]},"faces":{"north":{"uv":[1.5,15,1.75,15.25],"texture":"#4"},"east":{"uv":[14.5,10,15.25,10.25],"texture":"#4"},"south":{"uv":[15,1,15.25,1.25],"texture":"#4"},"up":{"uv":[11.25,14.75,10.5,14.5],"rotation":90,"texture":"#4"}}},{"from":[6.24107,2.81971,1.95],"to":[6.74107,3.31971,3.45],"rotation":{"angle":45,"axis":"z","origin":[8,4.57856,2.5]},"faces":{"north":{"uv":[2,15,2.25,15.25],"texture":"#4"},"south":{"uv":[15,1.5,15.25,1.75],"texture":"#4"},"west":{"uv":[14.5,10.5,15.25,10.75],"texture":"#4"},"down":{"uv":[15.25,11,14.5,11.25],"rotation":270,"texture":"#4"}}},{"from":[6.24107,4.5874,1.95],"to":[6.74107,5.8374,3.45],"rotation":{"angle":-45,"axis":"z","origin":[8,4.57856,2.5]},"faces":{"north":{"uv":[12.5,14.5,12.75,15.125],"texture":"#4"},"east":{"uv":[14,3.5,14.75,4.125],"texture":"#4"},"south":{"uv":[14.5,11.5,14.75,12.125],"texture":"#4"},"west":{"uv":[14,4.5,14.75,5.125],"texture":"#4"}}},{"from":[6.24107,3.31971,1.95],"to":[6.74107,4.56971,3.45],"rotation":{"angle":45,"axis":"z","origin":[8,4.57856,2.5]},"faces":{"north":{"uv":[14.5,13,14.75,13.625],"texture":"#4"},"east":{"uv":[14,5.5,14.75,6.125],"texture":"#4"},"south":{"uv":[13,14.5,13.25,15.125],"texture":"#4"},"west":{"uv":[14,6.5,14.75,7.125],"texture":"#4"}}},{"from":[9.25893,3.31971,1.95],"to":[9.75893,4.56971,3.45],"rotation":{"angle":-45,"axis":"z","origin":[8,4.57856,2.5]},"faces":{"north":{"uv":[15,0,15.25,0.625],"texture":"#4"},"east":{"uv":[14,7.5,14.75,8.125],"texture":"#4"},"south":{"uv":[14.5,14,14.75,14.625],"texture":"#4"},"west":{"uv":[14,8.5,14.75,9.125],"texture":"#4"}}},{"from":[6.7625,3.32855,1.95],"to":[7.2625,5.82855,3.45],"rotation":{"angle":0,"axis":"y","origin":[8,4.57856,2.5]},"faces":{"north":{"uv":[1,14.5,1.25,15.75],"texture":"#4"},"east":{"uv":[2,13,2.75,14.25],"texture":"#4"},"south":{"uv":[0.5,14.5,0.75,15.75],"texture":"#4"},"west":{"uv":[3,13,3.75,14.25],"texture":"#4"}}},{"from":[7.25,2.77322,2.1],"to":[8.75,6.39822,2.1],"rotation":{"angle":0,"axis":"y","origin":[8,4.57856,2.5]},"faces":{"north":{"uv":[0,0,6,15],"texture":"#2"}}},{"from":[4.5,1.25,1.7],"to":[11.5,8.25,1.7],"rotation":{"angle":0,"axis":"y","origin":[8,4.57856,2.5]},"faces":{"north":{"uv":[0,0,14,14],"texture":"#3"}}},{"from":[3.5,1.5,3.5],"to":[12.5,5,12.5],"rotation":{"angle":0,"axis":"y","origin":[2.5,1,12]},"faces":{"north":{"uv":[0,9,4.5,10.75],"texture":"#4"},"east":{"uv":[9,0,13.5,1.75],"texture":"#4"},"south":{"uv":[9,2,13.5,3.75],"texture":"#4"},"west":{"uv":[9,4,13.5,5.75],"texture":"#4"},"up":{"uv":[4.5,4.5,0,0],"texture":"#4"},"down":{"uv":[4.5,4.5,0,9],"texture":"#4"}}},{"from":[7,2.75,3.3],"to":[9,6.45,3.3],"rotation":{"angle":0,"axis":"y","origin":[8,4.57856,2.5]},"faces":{"east":{"uv":[0,0,0,1.875],"texture":"#4"},"south":{"uv":[4,12.5,5,14.375],"texture":"#4"},"west":{"uv":[0,0,0,1.875],"texture":"#4"},"up":{"uv":[0,1,0,0],"rotation":90,"texture":"#4"},"down":{"uv":[0,0,0,1],"rotation":270,"texture":"#4"}}},{"from":[4,4.5,3],"to":[12,5.5,4],"rotation":{"angle":0,"axis":"y","origin":[3,4.5,3]},"faces":{"north":{"uv":[10.5,10.5,14.5,11],"texture":"#4"},"south":{"uv":[0,11,4,11.5],"texture":"#4"},"up":{"uv":[14.5,11.5,10.5,11],"texture":"#4"},"down":{"uv":[4,11.5,0,12],"texture":"#4"}}},{"from":[4,1,3],"to":[12,2,4],"rotation":{"angle":0,"axis":"y","origin":[3,1,3]},"faces":{"north":{"uv":[0,12,4,12.5],"texture":"#4"},"south":{"uv":[4,12,8,12.5],"texture":"#4"},"up":{"uv":[14.5,12.5,10.5,12],"texture":"#4"},"down":{"uv":[4,12.5,0,13],"texture":"#4"}}},{"from":[12,0,3],"to":[13,5.5,4],"rotation":{"angle":0,"axis":"y","origin":[3,0,3]},"faces":{"north":{"uv":[9,11.5,9.5,14.25],"texture":"#4"},"east":{"uv":[5,12.5,5.5,15.25],"texture":"#4"},"south":{"uv":[5.5,12.5,6,15.25],"texture":"#4"},"west":{"uv":[6,12.5,6.5,15.25],"texture":"#4"},"up":{"uv":[7,15,6.5,14.5],"texture":"#4"},"down":{"uv":[7.5,14.5,7,15],"texture":"#4"}}},{"from":[13,1.499,3],"to":[14.5,1.549,13],"rotation":{"angle":0,"axis":"z","origin":[13.75,1.499,8.5]},"faces":{"up":{"uv":[10.25,15.5,9.5,10.5],"texture":"#4"},"down":{"uv":[10.25,15.5,9.5,10.5],"texture":"#4"}}},{"from":[12,1,4],"to":[13,2,12],"rotation":{"angle":0,"axis":"y","origin":[12.5,3.25,8]},"faces":{"east":{"uv":[0,12,4,12.5],"texture":"#4"},"west":{"uv":[4,12,8,12.5],"texture":"#4"},"up":{"uv":[14.5,12.5,10.5,12],"rotation":90,"texture":"#4"},"down":{"uv":[4,12.5,0,13],"rotation":270,"texture":"#4"}}},{"from":[12,4.5,4],"to":[13,5.5,12],"rotation":{"angle":0,"axis":"y","origin":[12.5,3.25,8]},"faces":{"east":{"uv":[10.5,10.5,14.5,11],"texture":"#4"},"west":{"uv":[0,11,4,11.5],"texture":"#4"},"up":{"uv":[14.5,11.5,10.5,11],"rotation":90,"texture":"#4"},"down":{"uv":[4,11.5,0,12],"rotation":270,"texture":"#4"}}},{"from":[12,0,12],"to":[13,5.5,13],"rotation":{"angle":0,"axis":"y","origin":[3,0,13]},"faces":{"north":{"uv":[6,12.5,5.5,15.25],"texture":"#4"},"east":{"uv":[5.5,12.5,5,15.25],"texture":"#4"},"south":{"uv":[9.5,11.5,9,14.25],"texture":"#4"},"west":{"uv":[6.5,12.5,6,15.25],"texture":"#4"},"up":{"uv":[7,14.5,6.5,15],"texture":"#4"},"down":{"uv":[7.5,15,7,14.5],"texture":"#4"}}},{"from":[4,1,12],"to":[12,2,13],"rotation":{"angle":0,"axis":"y","origin":[3,1,13]},"faces":{"north":{"uv":[8,12,4,12.5],"texture":"#4"},"south":{"uv":[4,12,0,12.5],"texture":"#4"},"up":{"uv":[14.5,12,10.5,12.5],"texture":"#4"},"down":{"uv":[4,13,0,12.5],"texture":"#4"}}},{"from":[4,4.5,12],"to":[12,5.5,13],"rotation":{"angle":0,"axis":"y","origin":[3,4.5,13]},"faces":{"north":{"uv":[4,11,0,11.5],"texture":"#4"},"south":{"uv":[14.5,10.5,10.5,11],"texture":"#4"},"up":{"uv":[14.5,11,10.5,11.5],"texture":"#4"},"down":{"uv":[4,12,0,11.5],"texture":"#4"}}},{"from":[3,1,4],"to":[4,2,12],"rotation":{"angle":0,"axis":"y","origin":[3.5,3.25,8]},"faces":{"east":{"uv":[8,12,4,12.5],"texture":"#4"},"west":{"uv":[4,12,0,12.5],"texture":"#4"},"up":{"uv":[14.5,12,10.5,12.5],"rotation":90,"texture":"#4"},"down":{"uv":[4,13,0,12.5],"rotation":270,"texture":"#4"}}},{"from":[3,4.5,4],"to":[4,5.5,12],"rotation":{"angle":0,"axis":"y","origin":[3.5,3.25,8]},"faces":{"east":{"uv":[4,11,0,11.5],"texture":"#4"},"west":{"uv":[14.5,10.5,10.5,11],"texture":"#4"},"up":{"uv":[14.5,11,10.5,11.5],"rotation":90,"texture":"#4"},"down":{"uv":[4,12,0,11.5],"rotation":270,"texture":"#4"}}},{"from":[3,0,12],"to":[4,5.5,13],"rotation":{"angle":0,"axis":"y","origin":[13,0,13]},"faces":{"north":{"uv":[5.5,12.5,6,15.25],"texture":"#4"},"east":{"uv":[6,12.5,6.5,15.25],"texture":"#4"},"south":{"uv":[9,11.5,9.5,14.25],"texture":"#4"},"west":{"uv":[5,12.5,5.5,15.25],"texture":"#4"},"up":{"uv":[6.5,14.5,7,15],"texture":"#4"},"down":{"uv":[7,15,7.5,14.5],"texture":"#4"}}},{"from":[3,0,3],"to":[4,5.5,4],"rotation":{"angle":0,"axis":"y","origin":[13,0,3]},"faces":{"north":{"uv":[9.5,11.5,9,14.25],"texture":"#4"},"east":{"uv":[6.5,12.5,6,15.25],"texture":"#4"},"south":{"uv":[6,12.5,5.5,15.25],"texture":"#4"},"west":{"uv":[5.5,12.5,5,15.25],"texture":"#4"},"up":{"uv":[6.5,15,7,14.5],"texture":"#4"},"down":{"uv":[7,14.5,7.5,15],"texture":"#4"}}},{"from":[1.5,1.499,3],"to":[3,1.549,13],"rotation":{"angle":0,"axis":"z","origin":[2.25,1.499,8.5]},"faces":{"up":{"uv":[9.5,15.5,10.25,10.5],"texture":"#4"},"down":{"uv":[9.5,15.5,10.25,10.5],"texture":"#4"}}},{"from":[5.5006,5.55466,2.35],"to":[7.5006,6.05466,3.05],"rotation":{"angle":22.5,"axis":"z","origin":[8,4.57856,2.5]},"faces":{"north":{"uv":[3.5,14.5,2.5,14.75],"texture":"#4"},"south":{"uv":[2.5,14.5,1.5,14.75],"texture":"#4"},"up":{"uv":[14.375,14,14,15],"rotation":90,"texture":"#4"}}},{"from":[5.5006,4.55466,2.2],"to":[7.2506,5.55466,3.2],"rotation":{"angle":22.5,"axis":"z","origin":[8,4.57856,2.5]},"faces":{"north":{"uv":[14.875,9.5,14,10],"texture":"#4"},"south":{"uv":[14.375,10,13.5,10.5],"texture":"#4"},"up":{"uv":[12,14,11.5,14.875],"rotation":90,"texture":"#4"},"down":{"uv":[12.5,14.875,12,14],"rotation":270,"texture":"#4"}}},{"from":[3.81988,4.48861,2.25],"to":[5.31988,7.98861,3.15],"rotation":{"angle":22.5,"axis":"z","origin":[8,4.57856,2.5]},"faces":{"north":{"uv":[11.25,12.5,10.5,14.25],"texture":"#4"},"east":{"uv":[14,0,13.5,1.75],"texture":"#4"},"south":{"uv":[7.25,12.5,6.5,14.25],"texture":"#4"},"west":{"uv":[8,12.5,7.5,14.25],"texture":"#4"},"up":{"uv":[14.5,13,14,13.75],"rotation":90,"texture":"#4"},"down":{"uv":[14,14.75,13.5,14],"rotation":270,"texture":"#4"}}},{"from":[5.29813,5.05915,2],"to":[6.29813,8.05915,3.4],"rotation":{"angle":45,"axis":"z","origin":[8,4.57856,2.5]},"faces":{"north":{"uv":[14.5,0,14,1.5],"texture":"#4"},"east":{"uv":[13.25,12.5,12.5,14],"texture":"#4"},"south":{"uv":[14,12.5,13.5,14],"texture":"#4"},"west":{"uv":[12.25,12.5,11.5,14],"texture":"#4"},"up":{"uv":[13.25,14,12.5,14.5],"rotation":90,"texture":"#4"},"down":{"uv":[14.75,13,14,12.5],"rotation":270,"texture":"#4"}}}],"gui_light":"front","display":{"thirdperson_righthand":{"rotation":[68.25,0,0],"translation":[0,3,3.5],"scale":[0.61719,0.61719,0.61719]},"thirdperson_lefthand":{"rotation":[68.25,0,0],"translation":[0,3,3.5],"scale":[0.61719,0.61719,0.61719]},"firstperson_righthand":{"rotation":[157.5,0,-180],"translation":[0,5,-4.75]},"firstperson_lefthand":{"rotation":[157.5,0,-180],"translation":[0,5,-4.75]},"ground":{"translation":[0,9.75,0]},"gui":{"rotation":[0,135,0],"translation":[0,3,0],"scale":[1.08789,1.08789,1.08789]},"head":{"rotation":[0,180,0],"translation":[0,-24.25,0],"scale":[2.37305,2.37305,2.37305]},"fixed":{"rotation":[-90,0,0],"translation":[0,0,-24.75],"scale":[3.23047,3.23047,3.23047]}},"USER":"12046","NONCE":"57111d5ae983ed861690774f298727c9","TIMESTAMP":"1741373043","RESOURCE":"10180","mcmodels":"57111d5ae983ed861690774f298727c9"}