{"textures​":{"layer0":"minecraft:item/lava_bucket"},"credit":"Made with Blockbench","texture_size":[128,128],"\u0074\u0065\u0078\u0074\u0075\u0072\u0065\u0073":{"1":"\u0064\u0061\u0069\u006c\u0079_\u0071\u0075\u0065\u0073\u0074:\u0071\u0075\u0065\u0073\u0074_\u0062\u006f\u0061\u0072\u0064","\u0070\u0061\u0072\u0074\u0069\u0063\u006c\u0065":"\u0064\u0061\u0069\u006c\u0079_\u0071\u0075\u0065\u0073\u0074:\u0071\u0075\u0065\u0073\u0074_\u0062\u006f\u0061\u0072\u0064"},"elements":[{"from":[20,0,7.5],"to":[22,10,9.5],"faces":{"north":{"uv":[4,5.5,4.25,6.75],"texture":"#1"},"east":{"uv":[8.25,5.375,8.5,6.625],"texture":"#1"},"south":{"uv":[0,8.375,0.25,9.625],"texture":"#1"},"west":{"uv":[0.25,8.375,0.5,9.625],"texture":"#1"},"up":{"uv":[4.25,7,4,6.75],"texture":"#1"},"down":{"uv":[4.25,7,4,7.25],"texture":"#1"}}},{"from":[20,30,7.5],"to":[22,32,9.5],"faces":{"north":{"uv":[4,7.25,4.25,7.5],"texture":"#1"},"east":{"uv":[8.25,7.125,8.5,7.375],"texture":"#1"},"south":{"uv":[1.875,8.375,2.125,8.625],"texture":"#1"},"west":{"uv":[2.125,8.375,2.375,8.625],"texture":"#1"},"up":{"uv":[2.625,8.625,2.375,8.375],"texture":"#1"},"down":{"uv":[2.875,8.375,2.625,8.625],"texture":"#1"}}},{"from":[-7,30,7.5],"to":[-5,32,9.5],"faces":{"north":{"uv":[2.875,8.375,3.125,8.625],"texture":"#1"},"east":{"uv":[3.125,8.375,3.375,8.625],"texture":"#1"},"south":{"uv":[3.375,8.375,3.625,8.625],"texture":"#1"},"west":{"uv":[3.625,8.375,3.875,8.625],"texture":"#1"},"up":{"uv":[8.75,5.625,8.5,5.375],"texture":"#1"},"down":{"uv":[8.75,5.625,8.5,5.875],"texture":"#1"}}},{"from":[-6,0,7.5],"to":[-4,10,9.5],"faces":{"north":{"uv":[0.5,8.375,0.75,9.625],"texture":"#1"},"east":{"uv":[0.75,8.375,1,9.625],"texture":"#1"},"south":{"uv":[1,8.375,1.25,9.625],"texture":"#1"},"west":{"uv":[1.25,8.375,1.5,9.625],"texture":"#1"},"up":{"uv":[8.75,6.125,8.5,5.875],"texture":"#1"},"down":{"uv":[8.75,6.125,8.5,6.375],"texture":"#1"}}},{"from":[-8,10,7],"to":[24,30,10],"faces":{"north":{"uv":[4.25,0,8.25,2.5],"texture":"#1"},"east":{"uv":[8.25,0.375,8.625,2.875],"texture":"#1"},"south":{"uv":[4.25,2.5,8.25,5],"texture":"#1"},"west":{"uv":[8.25,2.875,8.625,5.375],"texture":"#1"},"up":{"uv":[4,8.375,0,8],"texture":"#1"},"down":{"uv":[12.25,0,8.25,0.375],"texture":"#1"}}},{"from":[-4,0,8],"to":[20,10,8],"faces":{"north":{"uv":[4,7.5,7,8.75],"texture":"#1"},"east":{"uv":[0,0,0,1.25],"texture":"#1"},"south":{"uv":[7,7.5,10,8.75],"texture":"#1"},"west":{"uv":[0,0,0,1.25],"texture":"#1"},"up":{"uv":[3,0,0,0],"texture":"#1"},"down":{"uv":[3,0,0,0],"texture":"#1"}}},{"from":[-8,10,6.75],"to":[24,30,6.75],"faces":{"north":{"uv":[4.25,5,8.25,7.5],"texture":"#1"},"east":{"uv":[0,0,0,2.5],"texture":"#1"},"south":{"uv":[0,5.5,4,8],"texture":"#1"},"west":{"uv":[0,0,0,2.5],"texture":"#1"},"up":{"uv":[4,0,0,0],"texture":"#1"},"down":{"uv":[4,0,0,0],"texture":"#1"}}},{"from":[12,26,6],"to":[14,28,7],"faces":{"north":{"uv":[8.5,6.375,8.75,6.625],"texture":"#1"},"east":{"uv":[3.875,8.375,4,8.625],"texture":"#1"},"south":{"uv":[8.5,7.125,8.75,7.375],"texture":"#1"},"west":{"uv":[1.875,8.625,2,8.875],"texture":"#1"},"up":{"uv":[8.5,7.5,8.25,7.375],"texture":"#1"},"down":{"uv":[8.75,7.375,8.5,7.5],"texture":"#1"}}},{"from":[-3,25,6],"to":[-1,27,7],"faces":{"north":{"uv":[8.625,0.375,8.875,0.625],"texture":"#1"},"east":{"uv":[8.625,1.875,8.75,2.125],"texture":"#1"},"south":{"uv":[8.625,0.625,8.875,0.875],"texture":"#1"},"west":{"uv":[2,8.625,2.125,8.875],"texture":"#1"},"up":{"uv":[2.375,8.75,2.125,8.625],"texture":"#1"},"down":{"uv":[8.875,2.125,8.625,2.25],"texture":"#1"}}},{"from":[10,18,6],"to":[12,20,7],"faces":{"north":{"uv":[8.625,0.875,8.875,1.125],"texture":"#1"},"east":{"uv":[8.625,2.25,8.75,2.5],"texture":"#1"},"south":{"uv":[8.625,1.125,8.875,1.375],"texture":"#1"},"west":{"uv":[2.375,8.625,2.5,8.875],"texture":"#1"},"up":{"uv":[2.75,8.75,2.5,8.625],"texture":"#1"},"down":{"uv":[8.875,2.5,8.625,2.625],"texture":"#1"}}},{"from":[14,18,6],"to":[16,20,7],"faces":{"north":{"uv":[8.625,1.375,8.875,1.625],"texture":"#1"},"east":{"uv":[8.625,2.625,8.75,2.875],"texture":"#1"},"south":{"uv":[8.625,1.625,8.875,1.875],"texture":"#1"},"west":{"uv":[2.75,8.625,2.875,8.875],"texture":"#1"},"up":{"uv":[3.125,8.75,2.875,8.625],"texture":"#1"},"down":{"uv":[8.875,2.875,8.625,3],"texture":"#1"}}},{"from":[9,16,-1],"to":[12,20,-1],"rotation":{"angle":22.5,"axis":"x","origin":[0,0,0]},"faces":{"north":{"uv":[8.25,6.625,8.625,7.125],"texture":"#1"},"east":{"uv":[0,0,0,0.5],"texture":"#1"},"south":{"uv":[1.5,8.375,1.875,8.875],"texture":"#1"},"west":{"uv":[0,0,0,0.5],"texture":"#1"},"up":{"uv":[0.375,0,0,0],"texture":"#1"},"down":{"uv":[0.375,0,0,0],"texture":"#1"}}},{"from":[-9,10,8.5],"to":[25,32,8.5],"faces":{"north":{"uv":[0,0,4.25,2.75],"texture":"#1"},"east":{"uv":[0,0,0,2.75],"texture":"#1"},"south":{"uv":[0,2.75,4.25,5.5],"texture":"#1"},"west":{"uv":[0,0,0,2.75],"texture":"#1"},"up":{"uv":[4.25,0,0,0],"texture":"#1"},"down":{"uv":[4.25,0,0,0],"texture":"#1"}}}],"display":{"thirdperson_righthand":{"rotation":[40,40,0],"translation":[-1.25,0,0],"scale":[0.2,0.2,0.2]},"thirdperson_lefthand":{"rotation":[40,40,0],"translation":[-1.25,0,0],"scale":[0.2,0.2,0.2]},"firstperson_righthand":{"rotation":[0,126,0],"scale":[0.2,0.2,0.2]},"firstperson_lefthand":{"rotation":[0,126,0],"scale":[0.2,0.2,0.2]},"ground":{"scale":[0.3,0.3,0.3]},"gui":{"rotation":[22,-154,0],"translation":[0.25,-2.5,1],"scale":[0.35,0.35,0.35]},"fixed":{"rotation":[-90,0,0],"translation":[0,0,-25],"scale":[3,3,3]}},"mcmodels":"5cbd1f45804b33160fa0af92a9d696da"}