{"textures":{"0":"modelengine:entity/em_dskeleton_fireresources"},"elements":[{"from":[-8.0,3.75,8.75],"to":[24.0,3.75,30.5],"faces":{"up":{"uv":[6.0009375,2.0009375,7.9990625,3.3584375],"tintindex":0,"rotation":180,"texture":"#0"},"down":{"uv":[6.0009375,2.0009375,7.9990625,3.3584375],"tintindex":0,"rotation":0,"texture":"#0"}},"rotation":{"origin":[8.0,3.75,-1.5],"angle":-22.5,"axis":"x"}},{"from":[-8.0,0.0,8.0],"to":[24.0,32.0,8.0],"faces":{"south":{"uv":[7.9990625,2.0009375,6.0009375,3.9990625],"tintindex":0,"rotation":0,"texture":"#0"},"north":{"uv":[6.0009375,2.0009375,7.9990625,3.9990625],"tintindex":0,"rotation":0,"texture":"#0"}}},{"from":[8.0,0.0,-8.0],"to":[8.0,32.0,24.0],"faces":{"east":{"uv":[6.0009375,2.0009375,7.9990625,3.9990625],"tintindex":0,"rotation":0,"texture":"#0"},"west":{"uv":[7.9990625,2.0009375,6.0009375,3.9990625],"tintindex":0,"rotation":0,"texture":"#0"}}},{"from":[-8.0,8.053035,7.751069],"to":[24.0,8.053035,29.501068],"faces":{"up":{"uv":[6.0009375,2.0009375,7.9990625,3.3584375],"tintindex":0,"rotation":180,"texture":"#0"},"down":{"uv":[6.0009375,2.0009375,7.9990625,3.3584375],"tintindex":0,"rotation":0,"texture":"#0"}}},{"from":[-8.0,8.053035,-13.501068],"to":[24.0,8.053035,8.248931],"faces":{"up":{"uv":[7.9990625,3.3584375,6.0009375,2.0009375],"tintindex":0,"rotation":180,"texture":"#0"},"down":{"uv":[7.9990625,3.3584375,6.0009375,2.0009375],"tintindex":0,"rotation":0,"texture":"#0"}}},{"from":[-8.0,7.7280345,-13.501068],"to":[24.0,7.7280345,8.248931],"faces":{"up":{"uv":[6.0009375,3.3584375,7.9990625,2.0009375],"tintindex":0,"rotation":180,"texture":"#0"},"down":{"uv":[6.0009375,3.3584375,7.9990625,2.0009375],"tintindex":0,"rotation":0,"texture":"#0"}},"rotation":{"origin":[8.0,8.25,8.0],"angle":22.5,"axis":"x"}}],"display":{"head":{"rotation":[0.0,0.0,0.0]},"firstperson_righthand":{"rotation":[0.0,0.0,0.0]},"thirdperson_lefthand":{"rotation":[0.0,-0.0,-0.0]},"firstperson_lefthand":{"rotation":[0.0,-0.0,-0.0]},"fixed":{"rotation":[0.0,0.0,0.0]},"ground":{"rotation":[0.0,0.0,0.0]},"thirdperson_righthand":{"rotation":[0.0,0.0,0.0]},"gui":{"rotation":[-150.0,-75.0,-180.0]}}}