{"textures":{"0":"modelengine:block/medieval_box4_bronze"},"elements":[{"from":[6.5,21.5,6.5],"to":[8.75,22.25,8.75],"faces":{"east":{"uv":[10.5,1.875,10.875,2.0],"tintindex":0,"rotation":0,"texture":"#0"},"south":{"uv":[11.625,1.875,12.0,2.0],"tintindex":0,"rotation":0,"texture":"#0"},"north":{"uv":[10.875,1.875,11.25,2.0],"tintindex":0,"rotation":0,"texture":"#0"},"west":{"uv":[11.25,1.875,11.625,2.0],"tintindex":0,"rotation":0,"texture":"#0"},"up":{"uv":[11.25,1.875,10.875,1.5],"tintindex":0,"rotation":0,"texture":"#0"},"down":{"uv":[11.625,1.5,11.25,1.875],"tintindex":0,"rotation":0,"texture":"#0"}}},{"from":[6.125,17.75,6.125],"to":[9.125,18.5,9.125],"faces":{"east":{"uv":[3.25,11.125,3.75,11.25],"tintindex":0,"rotation":0,"texture":"#0"},"south":{"uv":[4.75,11.125,5.25,11.25],"tintindex":0,"rotation":0,"texture":"#0"},"north":{"uv":[3.75,11.125,4.25,11.25],"tintindex":0,"rotation":0,"texture":"#0"},"west":{"uv":[4.25,11.125,4.75,11.25],"tintindex":0,"rotation":0,"texture":"#0"},"up":{"uv":[4.25,11.125,3.75,10.625],"tintindex":0,"rotation":0,"texture":"#0"},"down":{"uv":[4.75,10.625,4.25,11.125],"tintindex":0,"rotation":0,"texture":"#0"}}},{"from":[7.25,18.5,7.25],"to":[8.0,21.5,8.0],"faces":{"east":{"uv":[1.25,1.25,1.375,1.75],"tintindex":0,"rotation":0,"texture":"#0"},"south":{"uv":[1.625,1.25,1.75,1.75],"tintindex":0,"rotation":0,"texture":"#0"},"north":{"uv":[1.375,1.25,1.5,1.75],"tintindex":0,"rotation":0,"texture":"#0"},"west":{"uv":[1.5,1.25,1.625,1.75],"tintindex":0,"rotation":0,"texture":"#0"},"up":{"uv":[1.5,1.25,1.375,1.125],"tintindex":0,"rotation":0,"texture":"#0"},"down":{"uv":[1.625,1.125,1.5,1.25],"tintindex":0,"rotation":0,"texture":"#0"}}},{"from":[7.25,8.75,6.5],"to":[8.0,17.75,8.75],"faces":{"east":{"uv":[2.25,10.25,2.625,11.75],"tintindex":0,"rotation":0,"texture":"#0"},"south":{"uv":[3.125,10.25,3.25,11.75],"tintindex":0,"rotation":0,"texture":"#0"},"north":{"uv":[2.625,10.25,2.75,11.75],"tintindex":0,"rotation":0,"texture":"#0"},"west":{"uv":[2.75,10.25,3.125,11.75],"tintindex":0,"rotation":0,"texture":"#0"},"up":{"uv":[2.75,10.25,2.625,9.875],"tintindex":0,"rotation":0,"texture":"#0"},"down":{"uv":[2.875,9.875,2.75,10.25],"tintindex":0,"rotation":0,"texture":"#0"}}},{"from":[7.2875004,7.366137,6.8587656],"to":[8.0375,9.616137,9.108766],"faces":{"east":{"uv":[8.0,11.125,8.375,11.5],"tintindex":0,"rotation":0,"texture":"#0"},"south":{"uv":[8.875,11.125,9.0,11.5],"tintindex":0,"rotation":0,"texture":"#0"},"north":{"uv":[8.375,11.125,8.5,11.5],"tintindex":0,"rotation":0,"texture":"#0"},"west":{"uv":[8.5,11.125,8.875,11.5],"tintindex":0,"rotation":0,"texture":"#0"},"up":{"uv":[8.5,11.125,8.375,10.75],"tintindex":0,"rotation":0,"texture":"#0"},"down":{"uv":[8.625,10.75,8.5,11.125],"tintindex":0,"rotation":0,"texture":"#0"}},"rotation":{"origin":[8.0,8.0,8.0],"angle":-45.0,"axis":"x"}}],"display":{"head":{"rotation":[0.0,0.0,0.0]},"firstperson_righthand":{"rotation":[0.0,0.0,0.0]},"thirdperson_lefthand":{"rotation":[0.0,-0.0,-0.0]},"firstperson_lefthand":{"rotation":[0.0,-0.0,-0.0]},"fixed":{"rotation":[0.0,0.0,0.0]},"ground":{"rotation":[0.0,0.0,0.0]},"thirdperson_righthand":{"rotation":[0.0,0.0,0.0]},"gui":{"rotation":[-150.0,-75.0,-180.0]}}}