{"textures":{"0":"modelengine:block/medieval_box4_bronze"},"elements":[{"from":[-2.5,8.0,0.5],"to":[18.5,11.0,15.5],"faces":{"east":{"uv":[6.25,1.25,7.5,1.5],"tintindex":0,"rotation":0,"texture":"#0"},"south":{"uv":[10.5,1.25,12.25,1.5],"tintindex":0,"rotation":0,"texture":"#0"},"north":{"uv":[7.5,1.25,9.25,1.5],"tintindex":0,"rotation":0,"texture":"#0"},"west":{"uv":[9.25,1.25,10.5,1.5],"tintindex":0,"rotation":0,"texture":"#0"},"up":{"uv":[9.25,1.25,7.5,0.0],"tintindex":0,"rotation":0,"texture":"#0"},"down":{"uv":[11.0,0.0,9.25,1.25],"tintindex":0,"rotation":0,"texture":"#0"}}},{"from":[-2.5,11.0,0.5],"to":[0.5,17.0,3.5],"faces":{"east":{"uv":[5.0,11.25,5.25,11.75],"tintindex":0,"rotation":0,"texture":"#0"},"south":{"uv":[5.75,11.25,6.0,11.75],"tintindex":0,"rotation":0,"texture":"#0"},"north":{"uv":[5.25,11.25,5.5,11.75],"tintindex":0,"rotation":0,"texture":"#0"},"west":{"uv":[5.5,11.25,5.75,11.75],"tintindex":0,"rotation":0,"texture":"#0"},"up":{"uv":[5.5,11.25,5.25,11.0],"tintindex":0,"rotation":0,"texture":"#0"},"down":{"uv":[5.75,11.0,5.5,11.25],"tintindex":0,"rotation":0,"texture":"#0"}}},{"from":[-1.0,8.0,2.0],"to":[17.0,17.0,14.0],"faces":{"east":{"uv":[5.0,7.75,6.0,8.5],"tintindex":0,"rotation":0,"texture":"#0"},"south":{"uv":[8.5,7.75,10.0,8.5],"tintindex":0,"rotation":0,"texture":"#0"},"north":{"uv":[6.0,7.75,7.5,8.5],"tintindex":0,"rotation":0,"texture":"#0"},"west":{"uv":[7.5,7.75,8.5,8.5],"tintindex":0,"rotation":0,"texture":"#0"},"up":{"uv":[7.5,7.75,6.0,6.75],"tintindex":0,"rotation":0,"texture":"#0"},"down":{"uv":[9.0,6.75,7.5,7.75],"tintindex":0,"rotation":0,"texture":"#0"}}},{"from":[15.5,11.0,0.5],"to":[18.5,17.0,3.5],"faces":{"east":{"uv":[6.0,11.25,6.25,11.75],"tintindex":0,"rotation":0,"texture":"#0"},"south":{"uv":[6.75,11.25,7.0,11.75],"tintindex":0,"rotation":0,"texture":"#0"},"north":{"uv":[6.25,11.25,6.5,11.75],"tintindex":0,"rotation":0,"texture":"#0"},"west":{"uv":[6.5,11.25,6.75,11.75],"tintindex":0,"rotation":0,"texture":"#0"},"up":{"uv":[6.5,11.25,6.25,11.0],"tintindex":0,"rotation":0,"texture":"#0"},"down":{"uv":[6.75,11.0,6.5,11.25],"tintindex":0,"rotation":0,"texture":"#0"}}},{"from":[15.5,11.0,12.5],"to":[18.5,17.0,15.5],"faces":{"east":{"uv":[11.0,0.25,11.25,0.75],"tintindex":0,"rotation":0,"texture":"#0"},"south":{"uv":[11.75,0.25,12.0,0.75],"tintindex":0,"rotation":0,"texture":"#0"},"north":{"uv":[11.25,0.25,11.5,0.75],"tintindex":0,"rotation":0,"texture":"#0"},"west":{"uv":[11.5,0.25,11.75,0.75],"tintindex":0,"rotation":0,"texture":"#0"},"up":{"uv":[11.5,0.25,11.25,0.0],"tintindex":0,"rotation":0,"texture":"#0"},"down":{"uv":[11.75,0.0,11.5,0.25],"tintindex":0,"rotation":0,"texture":"#0"}}},{"from":[15.5,8.0,12.5],"to":[20.0,11.0,17.0],"faces":{"east":{"uv":[0.0,4.25,0.375,4.5],"tintindex":0,"rotation":0,"texture":"#0"},"south":{"uv":[1.125,4.25,1.5,4.5],"tintindex":0,"rotation":0,"texture":"#0"},"north":{"uv":[0.375,4.25,0.75,4.5],"tintindex":0,"rotation":0,"texture":"#0"},"west":{"uv":[0.75,4.25,1.125,4.5],"tintindex":0,"rotation":0,"texture":"#0"},"up":{"uv":[0.75,4.25,0.375,3.875],"tintindex":0,"rotation":0,"texture":"#0"},"down":{"uv":[1.125,3.875,0.75,4.25],"tintindex":0,"rotation":0,"texture":"#0"}}},{"from":[-4.0,8.0,12.5],"to":[0.5,11.0,17.0],"faces":{"east":{"uv":[0.0,4.875,0.375,5.125],"tintindex":0,"rotation":0,"texture":"#0"},"south":{"uv":[1.125,4.875,1.5,5.125],"tintindex":0,"rotation":0,"texture":"#0"},"north":{"uv":[0.375,4.875,0.75,5.125],"tintindex":0,"rotation":0,"texture":"#0"},"west":{"uv":[0.75,4.875,1.125,5.125],"tintindex":0,"rotation":0,"texture":"#0"},"up":{"uv":[0.75,4.875,0.375,4.5],"tintindex":0,"rotation":0,"texture":"#0"},"down":{"uv":[1.125,4.5,0.75,4.875],"tintindex":0,"rotation":0,"texture":"#0"}}},{"from":[15.5,8.0,-1.0],"to":[20.0,11.0,3.5],"faces":{"east":{"uv":[5.5,4.875,5.875,5.125],"tintindex":0,"rotation":0,"texture":"#0"},"south":{"uv":[6.625,4.875,7.0,5.125],"tintindex":0,"rotation":0,"texture":"#0"},"north":{"uv":[5.875,4.875,6.25,5.125],"tintindex":0,"rotation":0,"texture":"#0"},"west":{"uv":[6.25,4.875,6.625,5.125],"tintindex":0,"rotation":0,"texture":"#0"},"up":{"uv":[6.25,4.875,5.875,4.5],"tintindex":0,"rotation":0,"texture":"#0"},"down":{"uv":[6.625,4.5,6.25,4.875],"tintindex":0,"rotation":0,"texture":"#0"}}},{"from":[0.5,11.0,0.5],"to":[15.5,17.0,0.5],"faces":{"south":{"uv":[9.25,1.5,10.5,2.0],"tintindex":0,"rotation":0,"texture":"#0"},"north":{"uv":[8.0,1.5,9.25,2.0],"tintindex":0,"rotation":0,"texture":"#0"}}},{"from":[-4.0,8.0,-1.0],"to":[0.5,11.0,3.5],"faces":{"east":{"uv":[5.5,4.25,5.875,4.5],"tintindex":0,"rotation":0,"texture":"#0"},"south":{"uv":[6.625,4.25,7.0,4.5],"tintindex":0,"rotation":0,"texture":"#0"},"north":{"uv":[5.875,4.25,6.25,4.5],"tintindex":0,"rotation":0,"texture":"#0"},"west":{"uv":[6.25,4.25,6.625,4.5],"tintindex":0,"rotation":0,"texture":"#0"},"up":{"uv":[6.25,4.25,5.875,3.875],"tintindex":0,"rotation":0,"texture":"#0"},"down":{"uv":[6.625,3.875,6.25,4.25],"tintindex":0,"rotation":0,"texture":"#0"}}},{"from":[-4.0,17.0,-1.0],"to":[20.0,20.0,17.0],"faces":{"east":{"uv":[0.0,5.375,1.5,5.625],"tintindex":0,"rotation":0,"texture":"#0"},"south":{"uv":[5.0,5.375,7.0,5.625],"tintindex":0,"rotation":0,"texture":"#0"},"north":{"uv":[1.5,5.375,3.5,5.625],"tintindex":0,"rotation":0,"texture":"#0"},"west":{"uv":[3.5,5.375,5.0,5.625],"tintindex":0,"rotation":0,"texture":"#0"},"up":{"uv":[3.5,5.375,1.5,3.875],"tintindex":0,"rotation":0,"texture":"#0"},"down":{"uv":[5.5,3.875,3.5,5.375],"tintindex":0,"rotation":0,"texture":"#0"}}},{"from":[0.5,11.0,15.5],"to":[15.5,17.0,15.5],"faces":{"south":{"uv":[9.25,1.5,10.5,2.0],"tintindex":0,"rotation":0,"texture":"#0"},"north":{"uv":[8.0,1.5,9.25,2.0],"tintindex":0,"rotation":0,"texture":"#0"}}},{"from":[-2.5,11.0,12.5],"to":[0.5,17.0,15.5],"faces":{"east":{"uv":[11.0,3.25,11.25,3.75],"tintindex":0,"rotation":0,"texture":"#0"},"south":{"uv":[11.75,3.25,12.0,3.75],"tintindex":0,"rotation":0,"texture":"#0"},"north":{"uv":[11.25,3.25,11.5,3.75],"tintindex":0,"rotation":0,"texture":"#0"},"west":{"uv":[11.5,3.25,11.75,3.75],"tintindex":0,"rotation":0,"texture":"#0"},"up":{"uv":[11.5,3.25,11.25,3.0],"tintindex":0,"rotation":0,"texture":"#0"},"down":{"uv":[11.75,3.0,11.5,3.25],"tintindex":0,"rotation":0,"texture":"#0"}}}],"display":{"head":{"rotation":[0.0,0.0,0.0]},"firstperson_righthand":{"rotation":[0.0,0.0,0.0]},"thirdperson_lefthand":{"rotation":[0.0,-0.0,-0.0]},"firstperson_lefthand":{"rotation":[0.0,-0.0,-0.0]},"fixed":{"rotation":[0.0,0.0,0.0]},"ground":{"rotation":[0.0,0.0,0.0]},"thirdperson_righthand":{"rotation":[0.0,0.0,0.0]},"gui":{"rotation":[-150.0,-75.0,-180.0]}}}