{"textures":{"0":"modelengine:block/goblin_warrior"},"elements":[{"from":[5.5,1.0,8.0],"to":[10.5,8.0,8.0],"faces":{"south":{"uv":[8.25,6.25,7.625,7.125],"tintindex":0,"rotation":0,"texture":"#0"},"north":{"uv":[7.625,6.25,8.25,7.125],"tintindex":0,"rotation":0,"texture":"#0"}}}],"display":{"head":{"rotation":[0.0,0.0,0.0]},"firstperson_righthand":{"rotation":[0.0,0.0,0.0]},"thirdperson_lefthand":{"rotation":[0.0,-0.0,-0.0]},"firstperson_lefthand":{"rotation":[0.0,-0.0,-0.0]},"fixed":{"rotation":[0.0,0.0,0.0]},"ground":{"rotation":[0.0,0.0,0.0]},"thirdperson_righthand":{"rotation":[0.0,0.0,0.0]},"gui":{"rotation":[-150.0,-75.0,-180.0]}}}