{"textures":{"0":"modelengine:block/goblin_warrior"},"elements":[{"from":[6.0,-0.91666603,5.833333],"to":[9.0,8.083334,9.833333],"faces":{"east":{"uv":[4.75,7.5,5.25,8.625],"tintindex":0,"rotation":0,"texture":"#0"},"south":{"uv":[7.375,1.25,7.75,2.375],"tintindex":0,"rotation":0,"texture":"#0"},"north":{"uv":[7.375,1.25,7.75,2.375],"tintindex":0,"rotation":0,"texture":"#0"},"west":{"uv":[4.75,7.5,5.25,8.625],"tintindex":0,"rotation":0,"texture":"#0"},"up":{"uv":[7.875,10.0,7.375,9.5],"tintindex":0,"rotation":0,"texture":"#0"},"down":{"uv":[10.0,8.625,9.5,9.125],"tintindex":0,"rotation":0,"texture":"#0"}}},{"from":[5.5,2.0833335,8.333333],"to":[9.5,4.0833335,10.333333],"faces":{"east":{"uv":[6.625,10.5,6.875,10.75],"tintindex":0,"rotation":0,"texture":"#0"},"south":{"uv":[10.25,9.125,10.75,9.375],"tintindex":0,"rotation":0,"texture":"#0"},"north":{"uv":[10.125,8.75,10.75,9.0],"tintindex":0,"rotation":0,"texture":"#0"},"west":{"uv":[7.0,10.5,7.25,10.75],"tintindex":0,"rotation":0,"texture":"#0"},"up":{"uv":[10.75,9.75,10.125,9.5],"tintindex":0,"rotation":0,"texture":"#0"},"down":{"uv":[10.75,9.875,10.125,10.125],"tintindex":0,"rotation":0,"texture":"#0"}}},{"from":[5.5,1.0833335,5.333333],"to":[9.5,5.0833335,8.333333],"faces":{"east":{"uv":[10.0,2.375,10.375,2.875],"tintindex":0,"rotation":0,"texture":"#0"},"south":{"uv":[0.75,9.25,1.375,9.75],"tintindex":0,"rotation":0,"texture":"#0"},"north":{"uv":[0.125,9.25,0.625,9.75],"tintindex":0,"rotation":0,"texture":"#0"},"west":{"uv":[4.25,10.125,4.625,10.625],"tintindex":0,"rotation":0,"texture":"#0"},"up":{"uv":[10.5,1.625,9.875,1.25],"tintindex":0,"rotation":0,"texture":"#0"},"down":{"uv":[10.5,7.25,9.875,7.625],"tintindex":0,"rotation":0,"texture":"#0"}}}],"display":{"head":{"rotation":[0.0,0.0,0.0]},"firstperson_righthand":{"rotation":[0.0,0.0,0.0]},"thirdperson_lefthand":{"rotation":[0.0,-0.0,-0.0]},"firstperson_lefthand":{"rotation":[0.0,-0.0,-0.0]},"fixed":{"rotation":[0.0,0.0,0.0]},"ground":{"rotation":[0.0,0.0,0.0]},"thirdperson_righthand":{"rotation":[0.0,0.0,0.0]},"gui":{"rotation":[-150.0,-75.0,-180.0]}}}