{"saber.ignition":{"sounds":["lunar_studios:saber_ignition"]},"saber.swing":{"sounds":["lunar_studios:saber_swing"]},"r2d2.death":{"sounds":["lunar_studios:r2d2_death"]},"r2d2.chatter":{"sounds":["lunar_studios:r2d2_chatter"]},"r2d2.randomnoise":{"sounds":["lunar_studios:r2d2_sound1","lunar_studios:r2d2_sound2"]},"yoda.whines":{"sounds":["lunar_studios:yoda_whines"]},"blaster.shoot":{"sounds":["lunar_studios:blaster_shoot"]},"mcmodels.8630017fd8ddb2649c493e1aae55d74e":{"category":"master","sounds":[]}}