{"textures":{"0":"modelengine:block/medieval_box2_bronze"},"elements":[{"from":[-3.4624996,27.5,10.4625],"to":[5.5375,32.0,19.4625],"faces":{"east":{"uv":[5.0,7.75,5.75,8.125],"tintindex":0,"rotation":0,"texture":"#0"},"south":{"uv":[7.25,7.75,8.0,8.125],"tintindex":0,"rotation":0,"texture":"#0"},"north":{"uv":[5.75,7.75,6.5,8.125],"tintindex":0,"rotation":0,"texture":"#0"},"west":{"uv":[6.5,7.75,7.25,8.125],"tintindex":0,"rotation":0,"texture":"#0"},"up":{"uv":[6.5,7.75,5.75,7.0],"tintindex":0,"rotation":0,"texture":"#0"},"down":{"uv":[7.25,7.0,6.5,7.75],"tintindex":0,"rotation":0,"texture":"#0"}}},{"from":[-2.0,14.0,12.0],"to":[4.0,27.5,18.0],"faces":{"east":{"uv":[5.5,8.875,6.0,10.0],"tintindex":0,"rotation":0,"texture":"#0"},"south":{"uv":[7.0,8.875,7.5,10.0],"tintindex":0,"rotation":0,"texture":"#0"},"north":{"uv":[6.0,8.875,6.5,10.0],"tintindex":0,"rotation":0,"texture":"#0"},"west":{"uv":[6.5,8.875,7.0,10.0],"tintindex":0,"rotation":0,"texture":"#0"},"up":{"uv":[6.5,8.875,6.0,8.375],"tintindex":0,"rotation":0,"texture":"#0"},"down":{"uv":[7.0,8.375,6.5,8.875],"tintindex":0,"rotation":0,"texture":"#0"}}}],"display":{"head":{"rotation":[0.0,0.0,0.0]},"firstperson_righthand":{"rotation":[0.0,0.0,0.0]},"thirdperson_lefthand":{"rotation":[0.0,-0.0,-0.0]},"firstperson_lefthand":{"rotation":[0.0,-0.0,-0.0]},"fixed":{"rotation":[0.0,0.0,0.0]},"ground":{"rotation":[0.0,0.0,0.0]},"thirdperson_righthand":{"rotation":[0.0,0.0,0.0]},"gui":{"rotation":[-150.0,-75.0,-180.0]}}}