{"credit":"Made with Blockbench","textures":{"0":"element_witch_costume:witch_hat_fire","2":"element_witch_costume:witch_hat_fire_effect","particle":"element_witch_costume:witch_hat_fire"},"elements":[{"from":[3.5,0,3.5],"to":[12.5,4,12.5],"rotation":{"angle":0,"axis":"y","origin":[8,0,8]},"faces":{"north":{"uv":[6,3.25,8.25,4.25],"texture":"#0"},"east":{"uv":[6,2.25,8.25,3.25],"texture":"#0"},"south":{"uv":[6,5.25,8.25,6.25],"texture":"#0"},"west":{"uv":[6,4.25,8.25,5.25],"texture":"#0"},"up":{"uv":[8.25,2.25,6,0],"texture":"#0"}}},{"from":[5.5,6.93015,6.87849],"to":[10.5,10.93015,11.87849],"rotation":{"angle":45,"axis":"x","origin":[8,6.88478,6.81626]},"faces":{"north":{"uv":[10,2.25,11.25,3.25],"texture":"#0"},"east":{"uv":[10,1.25,11.25,2.25],"texture":"#0"},"south":{"uv":[10,4.25,11.25,5.25],"texture":"#0"},"west":{"uv":[10,3.25,11.25,4.25],"texture":"#0"},"up":{"uv":[11.25,1.25,10,0],"texture":"#0"}}},{"from":[7.975,9.75858,9.70692],"to":[8.025,13.75858,19.70692],"rotation":{"angle":45,"axis":"x","origin":[8,9.71321,9.64469]},"faces":{"east":{"uv":[0,4,2.5,5],"texture":"#0"},"west":{"uv":[2.5,4,0,5],"texture":"#0"}}},{"from":[4.5,3.61732,4.57612],"to":[11.5,7.61732,11.57612],"rotation":{"angle":22.5,"axis":"x","origin":[8,4,4.5]},"faces":{"north":{"uv":[8.25,2.75,10,3.75],"texture":"#0"},"east":{"uv":[8.25,1.75,10,2.75],"texture":"#0"},"south":{"uv":[8.25,4.75,10,5.75],"texture":"#0"},"west":{"uv":[8.25,3.75,10,4.75],"texture":"#0"},"up":{"uv":[10,1.75,8.25,0],"texture":"#0"}}},{"from":[2,0,0],"to":[14,0,16],"rotation":{"angle":0,"axis":"y","origin":[2,0,2]},"faces":{"up":{"uv":[3,4,0,0],"texture":"#0"},"down":{"uv":[3,0,0,4],"texture":"#0"}}},{"from":[0,0,1],"to":[2,0,15],"rotation":{"angle":-22.5,"axis":"z","origin":[2,0,2]},"faces":{"up":{"uv":[3.5,3.75,3,0.25],"texture":"#0"},"down":{"uv":[3.5,3.75,3,0.25],"texture":"#0"}}},{"from":[14,0,1],"to":[16,0,15],"rotation":{"angle":22.5,"axis":"z","origin":[14,0,2]},"faces":{"up":{"uv":[3,3.75,3.5,0.25],"texture":"#0"},"down":{"uv":[3,3.75,3.5,0.25],"texture":"#0"}}},{"from":[3,0,3],"to":[13,2,13],"rotation":{"angle":0,"axis":"y","origin":[3,0,3]},"faces":{"north":{"uv":[3.5,3,6,3.5],"texture":"#0"},"east":{"uv":[3.5,2.5,6,3],"texture":"#0"},"south":{"uv":[3.5,4,6,4.5],"texture":"#0"},"west":{"uv":[3.5,3.5,6,4],"texture":"#0"},"up":{"uv":[6,2.5,3.5,0],"texture":"#0"}}},{"from":[7.95,0,17],"to":[8.05,8,29],"rotation":{"angle":0,"axis":"y","origin":[8,0,17]},"faces":{"east":{"uv":[11,5,0,12],"texture":"#2"},"west":{"uv":[0,5,11,12],"texture":"#2"}}},{"from":[2.2,0.4,8],"to":[3.2,2.9,10.5],"rotation":{"angle":-45,"axis":"x","origin":[2.7,0.4,8]},"faces":{"north":{"uv":[0.5,5.25,0.75,5.75],"texture":"#0"},"east":{"uv":[0,5.25,0.5,5.75],"texture":"#0"},"south":{"uv":[1.25,5.25,1.5,5.75],"texture":"#0"},"west":{"uv":[0.75,5.25,1.25,5.75],"texture":"#0"},"up":{"uv":[1.75,5.75,1.5,5.25],"texture":"#0"},"down":{"uv":[2,5.25,1.75,5.75],"texture":"#0"}}},{"name":"cube_outline","from":[3.45,3.15,10.75],"to":[1.95,0.15,7.75],"rotation":{"angle":-45,"axis":"x","origin":[2.7,0.4,8]},"faces":{"north":{"uv":[0,6,0.5,6.5],"rotation":180,"texture":"#0"},"east":{"uv":[0,6,0.5,6.5],"rotation":180,"texture":"#0"},"south":{"uv":[0,6,0.5,6.5],"rotation":180,"texture":"#0"},"west":{"uv":[0,6,0.5,6.5],"rotation":180,"texture":"#0"},"up":{"uv":[0,6,0.5,6.5],"rotation":180,"texture":"#0"},"down":{"uv":[0,6,0.5,6.5],"rotation":180,"texture":"#0"}}},{"from":[7,1.28701,15.96824],"to":[9,3.28701,17.96824],"rotation":{"angle":-22.5,"axis":"x","origin":[8,3.34924,16.92286]},"faces":{"north":{"uv":[2.75,5.25,3.25,5.75],"texture":"#0"},"east":{"uv":[2.25,5.25,2.75,5.75],"texture":"#0"},"south":{"uv":[3.75,5.25,4.25,5.75],"texture":"#0"},"west":{"uv":[3.25,5.25,3.75,5.75],"texture":"#0"},"up":{"uv":[4.75,5.75,4.25,5.25],"texture":"#0"},"down":{"uv":[5.25,5.25,4.75,5.75],"texture":"#0"}}},{"name":"cube_outline","from":[9.25,3.53701,18.21824],"to":[6.75,1.03701,15.71824],"rotation":{"angle":-22.5,"axis":"x","origin":[8,3.34924,16.92286]},"faces":{"north":{"uv":[0.5,6,1,6.5],"rotation":180,"texture":"#0"},"east":{"uv":[0.5,6,1,6.5],"rotation":180,"texture":"#0"},"south":{"uv":[0.5,6,1,6.5],"rotation":180,"texture":"#0"},"west":{"uv":[0.5,6,1,6.5],"rotation":180,"texture":"#0"},"up":{"uv":[0.5,6,1,6.5],"rotation":180,"texture":"#0"},"down":{"uv":[0.5,6,1,6.5],"rotation":180,"texture":"#0"}}}],"gui_light":"front","display":{"thirdperson_righthand":{"rotation":[0,90,55],"translation":[0,1.5,1],"scale":[0.35,0.35,0.35]},"thirdperson_lefthand":{"rotation":[0,90,55],"translation":[0,1.5,1],"scale":[0.35,0.35,0.35]},"firstperson_righthand":{"rotation":[0,90,0],"translation":[0.5,3.75,0],"scale":[0.5,0.5,0.5]},"firstperson_lefthand":{"rotation":[0,90,0],"translation":[0.5,3.75,0],"scale":[0.5,0.5,0.5]},"ground":{"translation":[0,1.5,0],"scale":[0.35,0.35,0.35]},"gui":{"rotation":[35,135,0],"translation":[0,2.5,0],"scale":[0.75,0.75,0.75]},"head":{"rotation":[9,0,0],"translation":[0,15,1.75],"scale":[1.81,1.81,1.81]},"fixed":{"rotation":[-32.5,0,0],"translation":[0,1.75,-7.5],"scale":[1.2,1.2,1.2]}},"USER":"{{USER}}","NONCE":"{{NONCE}}","TIMESTAMP":"{{TIMESTAMP}}","RESOURCE":"{{RESOURCE}}","mcmodels":"7fd10fc805a3f4ff9bbbb52d5e66452c"}