{"credit":"Made with Blockbench","texture_size":[8,8],"textures":{"0":"element_witch_costume:fire","1":"element_witch_costume:fire_cir","2":"element_witch_costume:fire_wing","5":"element_witch_costume:effect_cir","particle":"element_witch_costume:fire"},"elements":[{"from":[0,12,12],"to":[16,28,12],"rotation":{"angle":0,"axis":"y","origin":[8,20,13.25]},"faces":{"north":{"uv":[4,0,0,4],"texture":"#1","tintindex":0},"south":{"uv":[4,0,0,4],"texture":"#1","tintindex":0}}},{"from":[-1.25,10.75,11.5],"to":[17.25,29.25,11.5],"rotation":{"angle":0,"axis":"y","origin":[8,20,13]},"faces":{"north":{"uv":[8.75,0,4,4.75],"texture":"#1","tintindex":0},"south":{"uv":[8.75,0,4,4.75],"texture":"#1","tintindex":0}}},{"from":[7.75,26.75,12.25],"to":[10.25,29.25,12.25],"rotation":{"angle":45,"axis":"z","origin":[8,27,12.25]},"faces":{"north":{"uv":[0.75,4,0,4.75],"texture":"#1","tintindex":0},"east":{"uv":[0,0,0,6],"texture":"#missing","tintindex":0},"south":{"uv":[0.625,4,0,4.625],"texture":"#1","tintindex":0},"west":{"uv":[0,0,0,6],"texture":"#missing","tintindex":0},"up":{"uv":[0,0,6,0],"texture":"#missing","tintindex":0},"down":{"uv":[0,0,6,0],"texture":"#missing","tintindex":0}}},{"from":[7.75,10.75,12.25],"to":[10.25,13.25,12.25],"rotation":{"angle":-45,"axis":"z","origin":[8,13,12.25]},"faces":{"north":{"uv":[0.75,4.75,0,4],"texture":"#1","tintindex":0},"east":{"uv":[0,6,0,0],"texture":"#missing","tintindex":0},"south":{"uv":[0.625,4.625,0,4],"texture":"#1","tintindex":0},"west":{"uv":[0,6,0,0],"texture":"#missing","tintindex":0},"up":{"uv":[0,0,6,0],"texture":"#missing","tintindex":0},"down":{"uv":[0,0,6,0],"texture":"#missing","tintindex":0}}},{"from":[12.69975,24.69975,12.25],"to":[15.19975,27.19975,12.25],"rotation":{"angle":-45,"axis":"z","origin":[8,20,12.25]},"faces":{"north":{"uv":[0.75,4,0,4.75],"texture":"#1","tintindex":0},"east":{"uv":[0,0,0,6],"texture":"#missing","tintindex":0},"south":{"uv":[0.625,4,0,4.625],"texture":"#1","tintindex":0},"west":{"uv":[0,0,0,6],"texture":"#missing","tintindex":0},"up":{"uv":[0,0,6,0],"texture":"#missing","tintindex":0},"down":{"uv":[0,0,6,0],"texture":"#missing","tintindex":0}}},{"from":[0.80025,12.80025,12.25],"to":[3.30025,15.30025,12.25],"rotation":{"angle":-45,"axis":"z","origin":[8,20,12.25]},"faces":{"north":{"uv":[0,4,0.75,4.75],"rotation":90,"texture":"#1","tintindex":0},"east":{"uv":[0,0,6,0],"rotation":90,"texture":"#missing","tintindex":0},"south":{"uv":[0,4,0.625,4.625],"rotation":270,"texture":"#1","tintindex":0},"west":{"uv":[0,0,6,0],"rotation":90,"texture":"#missing","tintindex":0},"up":{"uv":[0,6,0,0],"rotation":90,"texture":"#missing","tintindex":0},"down":{"uv":[0,6,0,0],"rotation":90,"texture":"#missing","tintindex":0}}},{"from":[5,17,12],"to":[11,23,14],"rotation":{"angle":45,"axis":"z","origin":[8,20,14]},"faces":{"north":{"uv":[12,0,6,6],"texture":"#0","tintindex":0},"east":{"uv":[16,0,14,6],"texture":"#0","tintindex":0},"south":{"uv":[6,0,0,6],"texture":"#0","tintindex":0},"west":{"uv":[14,0,12,6],"texture":"#0","tintindex":0},"up":{"uv":[6,6,0,8],"texture":"#0","tintindex":0},"down":{"uv":[6,10,0,8],"texture":"#0","tintindex":0}}},{"from":[4.68934,25.18934,12.75],"to":[11.18934,31.68934,12.75],"rotation":{"angle":0,"axis":"y","origin":[8,28.5,12.75]},"faces":{"south":{"uv":[14,1,1,14],"texture":"#5","tintindex":0}}},{"from":[4.68934,8.18934,12.75],"to":[11.18934,14.68934,12.75],"rotation":{"angle":0,"axis":"y","origin":[8,11.5,12.75]},"faces":{"south":{"uv":[14,1,1,14],"texture":"#5","tintindex":0}}},{"from":[13.18934,16.68934,12.75],"to":[19.68934,23.18934,12.75],"rotation":{"angle":0,"axis":"y","origin":[16.5,20,12.75]},"faces":{"south":{"uv":[14,1,1,14],"texture":"#5","tintindex":0}}},{"from":[-3.56066,16.68934,12.75],"to":[2.93934,23.18934,12.75],"rotation":{"angle":0,"axis":"y","origin":[-0.25,20,12.75]},"faces":{"south":{"uv":[14,1,1,14],"texture":"#5","tintindex":0}}},{"name":"cube_outline","from":[11.25,23.25,14.25],"to":[4.75,16.75,11.75],"rotation":{"angle":45,"axis":"z","origin":[8,20,14]},"faces":{"north":{"uv":[2,10,0,12],"rotation":180,"texture":"#0","tintindex":0},"east":{"uv":[2,10,0,12],"rotation":180,"texture":"#0","tintindex":0},"south":{"uv":[2,10,0,12],"rotation":180,"texture":"#0","tintindex":0},"west":{"uv":[2,10,0,12],"rotation":180,"texture":"#0","tintindex":0},"up":{"uv":[0,12,2,10],"rotation":180,"texture":"#0","tintindex":0},"down":{"uv":[0,12,2,10],"rotation":180,"texture":"#0","tintindex":0}}},{"from":[13,19,13],"to":[28,31,13],"rotation":{"angle":0,"axis":"y","origin":[13,19,13]},"faces":{"north":{"uv":[7.5,0,0,6],"texture":"#2","tintindex":0},"south":{"uv":[0,0,7.5,6],"texture":"#2","tintindex":0}}},{"from":[13,7,13],"to":[24,20,13],"rotation":{"angle":-22.5,"axis":"y","origin":[13,20,13]},"faces":{"north":{"uv":[5.5,6,0,12.5],"texture":"#2","tintindex":0},"south":{"uv":[0,6,5.5,12.5],"texture":"#2","tintindex":0}}},{"from":[-12,19,13],"to":[3,31,13],"rotation":{"angle":0,"axis":"y","origin":[3,19,13]},"faces":{"north":{"uv":[0,0,7.5,6],"texture":"#2","tintindex":0},"south":{"uv":[7.5,0,0,6],"texture":"#2","tintindex":0}}},{"from":[-8,7,13],"to":[3,20,13],"rotation":{"angle":22.5,"axis":"y","origin":[3,20,13]},"faces":{"north":{"uv":[0,6,5.5,12.5],"texture":"#2","tintindex":0},"south":{"uv":[5.5,6,0,12.5],"texture":"#2","tintindex":0}}},{"from":[11.75,22.25,12.5],"to":[14.25,24.75,13.5],"rotation":{"angle":-45,"axis":"z","origin":[13,23.5,14]},"faces":{"north":{"uv":[12,6,9.5,8.5],"texture":"#0","tintindex":0},"east":{"uv":[9.5,6,8.5,8.5],"texture":"#0","tintindex":0},"south":{"uv":[8.5,6,6,8.5],"texture":"#0","tintindex":0},"west":{"uv":[13,6,12,8.5],"texture":"#0","tintindex":0},"up":{"uv":[15.5,6,13,7],"texture":"#0","tintindex":0},"down":{"uv":[15.5,8,13,7],"texture":"#0","tintindex":0}}},{"from":[1.75,22.25,12.5],"to":[4.25,24.75,13.5],"rotation":{"angle":45,"axis":"z","origin":[3,23.5,14]},"faces":{"north":{"uv":[9.5,6,12,8.5],"texture":"#0","tintindex":0},"east":{"uv":[12,6,13,8.5],"texture":"#0","tintindex":0},"south":{"uv":[6,6,8.5,8.5],"texture":"#0","tintindex":0},"west":{"uv":[8.5,6,9.5,8.5],"texture":"#0","tintindex":0},"up":{"uv":[13,6,15.5,7],"texture":"#0","tintindex":0},"down":{"uv":[13,8,15.5,7],"texture":"#0","tintindex":0}}}],"gui_light":"front","display":{"thirdperson_righthand":{"rotation":[53.75,0,0],"translation":[0,1.5,0],"scale":[0.45,0.45,0.45]},"thirdperson_lefthand":{"rotation":[65,0,0],"translation":[-5.5,-12,-1]},"ground":{"translation":[0,3.5,0],"scale":[0.35,0.35,0.35]},"gui":{"translation":[0,-6,0],"scale":[0.5,0.5,0.5]},"head":{"translation":[0,-67.5,2.5],"scale":[1.62109,1.62109,1.62109]},"fixed":{"translation":[0,-12,-5.75]}},"USER":"{{USER}}","NONCE":"{{NONCE}}","TIMESTAMP":"{{TIMESTAMP}}","RESOURCE":"{{RESOURCE}}","mcmodels":"7fd10fc805a3f4ff9bbbb52d5e66452c"}