{"credit":"Made with Blockbench","texture_size":[8,8],"textures":{"0":"element_witch_costume:fire","1":"element_witch_costume:fire_cir","2":"element_witch_costume:fire_wing","5":"element_witch_costume:effect_cir","particle":"element_witch_costume:fire"},"elements":[{"from":[4,-12,10],"to":[12,-4,10],"rotation":{"angle":0,"axis":"y","origin":[8,-8,10.625]},"faces":{"north":{"uv":[4,0,0,4],"texture":"#1","tintindex":0},"south":{"uv":[4,0,0,4],"texture":"#1","tintindex":0}}},{"from":[3.375,-12.625,9.75],"to":[12.625,-3.375,9.75],"rotation":{"angle":0,"axis":"y","origin":[8,-8,10.5]},"faces":{"north":{"uv":[8.75,0,4,4.75],"texture":"#1","tintindex":0},"south":{"uv":[8.75,0,4,4.75],"texture":"#1","tintindex":0}}},{"from":[7.875,-4.625,10.125],"to":[9.125,-3.375,10.125],"rotation":{"angle":45,"axis":"z","origin":[8,-4.5,10.125]},"faces":{"north":{"uv":[0.75,4,0,4.75],"texture":"#1","tintindex":0},"east":{"uv":[0,0,0,6],"texture":"#missing","tintindex":0},"south":{"uv":[0.625,4,0,4.625],"texture":"#1","tintindex":0},"west":{"uv":[0,0,0,6],"texture":"#missing","tintindex":0},"up":{"uv":[0,0,6,0],"texture":"#missing","tintindex":0},"down":{"uv":[0,0,6,0],"texture":"#missing","tintindex":0}}},{"from":[7.875,-12.625,10.125],"to":[9.125,-11.375,10.125],"rotation":{"angle":-45,"axis":"z","origin":[8,-11.5,10.125]},"faces":{"north":{"uv":[0.75,4.75,0,4],"texture":"#1","tintindex":0},"east":{"uv":[0,6,0,0],"texture":"#missing","tintindex":0},"south":{"uv":[0.625,4.625,0,4],"texture":"#1","tintindex":0},"west":{"uv":[0,6,0,0],"texture":"#missing","tintindex":0},"up":{"uv":[0,0,6,0],"texture":"#missing","tintindex":0},"down":{"uv":[0,0,6,0],"texture":"#missing","tintindex":0}}},{"from":[10.34988,-5.65012,10.125],"to":[11.59988,-4.40012,10.125],"rotation":{"angle":-45,"axis":"z","origin":[8,-8,10.125]},"faces":{"north":{"uv":[0.75,4,0,4.75],"texture":"#1","tintindex":0},"east":{"uv":[0,0,0,6],"texture":"#missing","tintindex":0},"south":{"uv":[0.625,4,0,4.625],"texture":"#1","tintindex":0},"west":{"uv":[0,0,0,6],"texture":"#missing","tintindex":0},"up":{"uv":[0,0,6,0],"texture":"#missing","tintindex":0},"down":{"uv":[0,0,6,0],"texture":"#missing","tintindex":0}}},{"from":[4.40013,-11.59987,10.125],"to":[5.65013,-10.34988,10.125],"rotation":{"angle":-45,"axis":"z","origin":[8,-8,10.125]},"faces":{"north":{"uv":[0,4,0.75,4.75],"rotation":90,"texture":"#1","tintindex":0},"east":{"uv":[0,0,6,0],"rotation":90,"texture":"#missing","tintindex":0},"south":{"uv":[0,4,0.625,4.625],"rotation":270,"texture":"#1","tintindex":0},"west":{"uv":[0,0,6,0],"rotation":90,"texture":"#missing","tintindex":0},"up":{"uv":[0,6,0,0],"rotation":90,"texture":"#missing","tintindex":0},"down":{"uv":[0,6,0,0],"rotation":90,"texture":"#missing","tintindex":0}}},{"from":[6.5,-9.5,10],"to":[9.5,-6.5,11],"rotation":{"angle":45,"axis":"z","origin":[8,-8,11]},"faces":{"north":{"uv":[12,0,6,6],"texture":"#0","tintindex":0},"east":{"uv":[16,0,14,6],"texture":"#0","tintindex":0},"south":{"uv":[6,0,0,6],"texture":"#0","tintindex":0},"west":{"uv":[14,0,12,6],"texture":"#0","tintindex":0},"up":{"uv":[6,6,0,8],"texture":"#0","tintindex":0},"down":{"uv":[6,10,0,8],"texture":"#0","tintindex":0}}},{"from":[6.34467,-5.40533,10.375],"to":[9.59467,-2.15533,10.375],"rotation":{"angle":0,"axis":"y","origin":[8,-3.75,10.375]},"faces":{"south":{"uv":[14,1,1,14],"texture":"#5","tintindex":0}}},{"from":[6.34467,-13.90533,10.375],"to":[9.59467,-10.65533,10.375],"rotation":{"angle":0,"axis":"y","origin":[8,-12.25,10.375]},"faces":{"south":{"uv":[14,1,1,14],"texture":"#5","tintindex":0}}},{"from":[10.59467,-9.65533,10.375],"to":[13.84467,-6.40533,10.375],"rotation":{"angle":0,"axis":"y","origin":[12.25,-8,10.375]},"faces":{"south":{"uv":[14,1,1,14],"texture":"#5","tintindex":0}}},{"from":[2.21967,-9.65533,10.375],"to":[5.46967,-6.40533,10.375],"rotation":{"angle":0,"axis":"y","origin":[3.875,-8,10.375]},"faces":{"south":{"uv":[14,1,1,14],"texture":"#5","tintindex":0}}},{"name":"cube_outline","from":[9.625,-6.375,11.125],"to":[6.375,-9.625,9.875],"rotation":{"angle":45,"axis":"z","origin":[8,-8,11]},"faces":{"north":{"uv":[2,10,0,12],"rotation":180,"texture":"#0","tintindex":0},"east":{"uv":[2,10,0,12],"rotation":180,"texture":"#0","tintindex":0},"south":{"uv":[2,10,0,12],"rotation":180,"texture":"#0","tintindex":0},"west":{"uv":[2,10,0,12],"rotation":180,"texture":"#0","tintindex":0},"up":{"uv":[0,12,2,10],"rotation":180,"texture":"#0","tintindex":0},"down":{"uv":[0,12,2,10],"rotation":180,"texture":"#0","tintindex":0}}},{"from":[10.5,-8.5,10.5],"to":[18,-2.5,10.5],"rotation":{"angle":0,"axis":"y","origin":[10.5,-8.5,10.5]},"faces":{"north":{"uv":[7.5,0,0,6],"texture":"#2","tintindex":0},"south":{"uv":[0,0,7.5,6],"texture":"#2","tintindex":0}}},{"from":[10.5,-14.5,10.5],"to":[16,-8,10.5],"rotation":{"angle":-22.5,"axis":"y","origin":[10.5,-8,10.5]},"faces":{"north":{"uv":[5.5,6,0,12.5],"texture":"#2","tintindex":0},"south":{"uv":[0,6,5.5,12.5],"texture":"#2","tintindex":0}}},{"from":[-2,-8.5,10.5],"to":[5.5,-2.5,10.5],"rotation":{"angle":0,"axis":"y","origin":[5.5,-8.5,10.5]},"faces":{"north":{"uv":[0,0,7.5,6],"texture":"#2","tintindex":0},"south":{"uv":[7.5,0,0,6],"texture":"#2","tintindex":0}}},{"from":[0,-14.5,10.5],"to":[5.5,-8,10.5],"rotation":{"angle":22.5,"axis":"y","origin":[5.5,-8,10.5]},"faces":{"north":{"uv":[0,6,5.5,12.5],"texture":"#2","tintindex":0},"south":{"uv":[5.5,6,0,12.5],"texture":"#2","tintindex":0}}},{"from":[9.875,-6.875,10.25],"to":[11.125,-5.625,10.75],"rotation":{"angle":-45,"axis":"z","origin":[10.5,-6.25,11]},"faces":{"north":{"uv":[12,6,9.5,8.5],"texture":"#0","tintindex":0},"east":{"uv":[9.5,6,8.5,8.5],"texture":"#0","tintindex":0},"south":{"uv":[8.5,6,6,8.5],"texture":"#0","tintindex":0},"west":{"uv":[13,6,12,8.5],"texture":"#0","tintindex":0},"up":{"uv":[15.5,6,13,7],"texture":"#0","tintindex":0},"down":{"uv":[15.5,8,13,7],"texture":"#0","tintindex":0}}},{"from":[4.875,-6.875,10.25],"to":[6.125,-5.625,10.75],"rotation":{"angle":45,"axis":"z","origin":[5.5,-6.25,11]},"faces":{"north":{"uv":[9.5,6,12,8.5],"texture":"#0","tintindex":0},"east":{"uv":[12,6,13,8.5],"texture":"#0","tintindex":0},"south":{"uv":[6,6,8.5,8.5],"texture":"#0","tintindex":0},"west":{"uv":[8.5,6,9.5,8.5],"texture":"#0","tintindex":0},"up":{"uv":[13,6,15.5,7],"texture":"#0","tintindex":0},"down":{"uv":[13,8,15.5,7],"texture":"#0","tintindex":0}}}],"gui_light":"front","display":{"thirdperson_righthand":{"rotation":[53.75,0,0],"translation":[0,1.5,0],"scale":[0.45,0.45,0.45]},"thirdperson_lefthand":{"rotation":[65,0,0],"translation":[-5.5,-12,-1]},"ground":{"translation":[0,3.5,0],"scale":[0.35,0.35,0.35]},"gui":{"translation":[0,16.5,0]},"head":{"translation":[0,-58.5,2.5],"scale":[3.24218,3.24218,3.24218]},"fixed":{"translation":[0,-12,-5.75]}},"USER":"{{USER}}","NONCE":"{{NONCE}}","TIMESTAMP":"{{TIMESTAMP}}","RESOURCE":"{{RESOURCE}}","mcmodels":"7fd10fc805a3f4ff9bbbb52d5e66452c"}