{"credit":"Made with Blockbench","texture_size":[24,24],"textures":{"0":"element_witch_costume:wind_wing","4":"element_witch_costume:wind_cir","5":"element_witch_costume:effect_cir","6":"element_witch_costume:wind","particle":"element_witch_costume:wind_wing"},"elements":[{"from":[4,-12,9.5],"to":[12,-4,9.5],"rotation":{"angle":0,"axis":"y","origin":[8,-8,10.125]},"faces":{"north":{"uv":[4,0,0,4],"texture":"#4","tintindex":0},"south":{"uv":[4,0,0,4],"texture":"#4","tintindex":0}}},{"from":[3.375,-12.625,9.25],"to":[12.625,-3.375,9.25],"rotation":{"angle":0,"axis":"y","origin":[8,-8,10]},"faces":{"north":{"uv":[8.75,0,4,4.75],"texture":"#4","tintindex":0},"south":{"uv":[8.75,0,4,4.75],"texture":"#4","tintindex":0}}},{"from":[7.875,-4.625,9.625],"to":[9.125,-3.375,9.625],"rotation":{"angle":45,"axis":"z","origin":[8,-4.5,9.625]},"faces":{"north":{"uv":[0.625,4,0,4.625],"texture":"#4","tintindex":0},"south":{"uv":[0.625,4,0,4.625],"texture":"#4","tintindex":0}}},{"from":[7.875,-12.625,9.625],"to":[9.125,-11.375,9.625],"rotation":{"angle":-45,"axis":"z","origin":[8,-11.5,9.625]},"faces":{"north":{"uv":[0.625,4.625,0,4],"texture":"#4","tintindex":0},"south":{"uv":[0.625,4.625,0,4],"texture":"#4","tintindex":0}}},{"from":[10.34988,-5.65012,9.625],"to":[11.59988,-4.40012,9.625],"rotation":{"angle":-45,"axis":"z","origin":[8,-8,9.625]},"faces":{"north":{"uv":[0.625,4,0,4.625],"texture":"#4","tintindex":0},"south":{"uv":[0.625,4,0,4.625],"texture":"#4","tintindex":0}}},{"from":[4.40013,-11.59987,9.625],"to":[5.65013,-10.34988,9.625],"rotation":{"angle":-45,"axis":"z","origin":[8,-8,9.625]},"faces":{"north":{"uv":[0,4,0.625,4.625],"rotation":90,"texture":"#4","tintindex":0},"south":{"uv":[0,4,0.625,4.625],"rotation":270,"texture":"#4","tintindex":0}}},{"from":[6.34467,-5.40533,9.7875],"to":[9.59467,-2.15533,9.7875],"rotation":{"angle":0,"axis":"y","origin":[8,-3.75,9.7875]},"faces":{"south":{"uv":[14,1,1,14],"texture":"#5","tintindex":0}}},{"from":[6.34467,-13.90533,9.8625],"to":[9.59467,-10.65533,9.8625],"rotation":{"angle":0,"axis":"y","origin":[8,-12.25,9.8625]},"faces":{"south":{"uv":[14,1,1,14],"texture":"#5","tintindex":0}}},{"from":[10.59467,-9.40533,9.8],"to":[13.84467,-6.15533,9.8],"rotation":{"angle":0,"axis":"y","origin":[12.25,-7.75,9.8]},"faces":{"south":{"uv":[14,1,1,14],"texture":"#5","tintindex":0}}},{"from":[2.16967,-9.58033,9.8],"to":[5.41967,-6.33033,9.8],"rotation":{"angle":0,"axis":"y","origin":[3.825,-7.925,9.8]},"faces":{"south":{"uv":[14,1,1,14],"texture":"#5","tintindex":0}}},{"from":[9.375,-11.625,9.75],"to":[10.625,-10.375,10.25],"rotation":{"angle":-45,"axis":"z","origin":[10,-11,10.5]},"faces":{"north":{"uv":[8.75,1.25,7.5,2.5],"texture":"#6","tintindex":0},"east":{"uv":[9.25,0,8.75,1.25],"texture":"#6","tintindex":0},"south":{"uv":[8.75,0,7.5,1.25],"texture":"#6","tintindex":0},"west":{"uv":[9.25,1.25,8.75,2.5],"texture":"#6","tintindex":0},"up":{"uv":[8.75,2.5,7.5,3],"texture":"#6","tintindex":0},"down":{"uv":[8.75,3.5,7.5,3],"texture":"#6","tintindex":0}}},{"from":[5.375,-11.625,9.75],"to":[6.625,-10.375,10.25],"rotation":{"angle":45,"axis":"z","origin":[6,-11,10.5]},"faces":{"north":{"uv":[7.5,1.25,8.75,2.5],"texture":"#6","tintindex":0},"east":{"uv":[8.75,1.25,9.25,2.5],"texture":"#6","tintindex":0},"south":{"uv":[7.5,0,8.75,1.25],"texture":"#6","tintindex":0},"west":{"uv":[8.75,0,9.25,1.25],"texture":"#6","tintindex":0},"up":{"uv":[7.5,2.5,8.75,3],"texture":"#6","tintindex":0},"down":{"uv":[7.5,3.5,8.75,3],"texture":"#6","tintindex":0}}},{"from":[6.5,-9.5,9.5],"to":[9.5,-6.5,10.5],"rotation":{"angle":0,"axis":"y","origin":[8,-8,10.5]},"faces":{"north":{"uv":[6,3.75,3,6.75],"texture":"#6","tintindex":0},"east":{"uv":[8,3.75,7,6.75],"texture":"#6","tintindex":0},"south":{"uv":[3,3.75,0,6.75],"texture":"#6","tintindex":0},"west":{"uv":[7,3.75,6,6.75],"texture":"#6","tintindex":0},"up":{"uv":[3,6.75,0,7.75],"texture":"#6","tintindex":0},"down":{"uv":[6,7.75,3,6.75],"texture":"#6","tintindex":0}}},{"from":[6.58579,-9.41421,9.625],"to":[9.58579,-6.41421,10.375],"rotation":{"angle":45,"axis":"z","origin":[8,-8,10.5]},"faces":{"north":{"uv":[6,0,3,3],"texture":"#6","tintindex":0},"east":{"uv":[6.75,0,6,3],"texture":"#6","tintindex":0},"south":{"uv":[3,0,0,3],"texture":"#6","tintindex":0},"west":{"uv":[7.5,0,6.75,3],"texture":"#6","tintindex":0},"up":{"uv":[3,3,0,3.75],"texture":"#6","tintindex":0},"down":{"uv":[6,3.75,3,3],"texture":"#6","tintindex":0}}},{"name":"cube_outline","from":[9.71079,-6.28921,10.5],"to":[6.46079,-9.53921,9.5],"rotation":{"angle":45,"axis":"z","origin":[8,-8,10.5]},"faces":{"north":{"uv":[1.25,7.75,0,9],"rotation":180,"texture":"#6","tintindex":0},"east":{"uv":[1.25,7.75,0,9],"rotation":180,"texture":"#6","tintindex":0},"south":{"uv":[1.25,7.75,0,9],"rotation":180,"texture":"#6","tintindex":0},"west":{"uv":[1.25,7.75,0,9],"rotation":180,"texture":"#6","tintindex":0},"up":{"uv":[0,9,1.25,7.75],"rotation":180,"texture":"#6","tintindex":0},"down":{"uv":[0,9,1.25,7.75],"rotation":180,"texture":"#6","tintindex":0}}},{"name":"cube_outline","from":[9.625,-6.375,10.625],"to":[6.375,-9.625,9.375],"rotation":{"angle":0,"axis":"y","origin":[8,-8,10.5]},"faces":{"north":{"uv":[2.5,7.75,1.25,9],"rotation":180,"texture":"#6","tintindex":0},"east":{"uv":[2.5,7.75,1.25,9],"rotation":180,"texture":"#6","tintindex":0},"south":{"uv":[2.5,7.75,1.25,9],"rotation":180,"texture":"#6","tintindex":0},"west":{"uv":[2.5,7.75,1.25,9],"rotation":180,"texture":"#6","tintindex":0},"up":{"uv":[1.25,9,2.5,7.75],"rotation":180,"texture":"#6","tintindex":0},"down":{"uv":[1.25,9,2.5,7.75],"rotation":180,"texture":"#6","tintindex":0}}},{"from":[10.5,-8,10],"to":[17,-2,10],"rotation":{"angle":-22.5,"axis":"y","origin":[10.5,-8,10]},"faces":{"north":{"uv":[7.75,0,1.25,6],"texture":"#0","tintindex":0},"south":{"uv":[1.25,0,7.75,6],"texture":"#0","tintindex":0}}},{"from":[10.5,-13.5,10],"to":[16,-8,10],"rotation":{"angle":-22.5,"axis":"y","origin":[10.5,-8,10]},"faces":{"north":{"uv":[6.75,6,1.25,11.25],"texture":"#0","tintindex":0},"south":{"uv":[1.25,6,6.75,11.25],"texture":"#0","tintindex":0}}},{"from":[-1,-8,10],"to":[5.5,-2,10],"rotation":{"angle":22.5,"axis":"y","origin":[5.5,-8,10]},"faces":{"north":{"uv":[1.25,0,7.75,6],"texture":"#0","tintindex":0},"south":{"uv":[7.75,0,1.25,6],"texture":"#0","tintindex":0}}},{"from":[0,-13.5,10],"to":[5.5,-8,10],"rotation":{"angle":22.5,"axis":"y","origin":[5.5,-8,10]},"faces":{"north":{"uv":[1.25,6,6.75,11.25],"texture":"#0","tintindex":0},"south":{"uv":[6.75,6,1.25,11.25],"texture":"#0","tintindex":0}}}],"gui_light":"front","display":{"thirdperson_righthand":{"rotation":[53.75,0,0],"translation":[0,1.5,0],"scale":[0.45,0.45,0.45]},"thirdperson_lefthand":{"rotation":[65,0,0],"translation":[-5.5,-12,-1]},"firstperson_righthand":{"rotation":[-22,0,0],"translation":[-2.75,8.25,-0.75],"scale":[0,0,0]},"firstperson_lefthand":{"scale":[0,0,0]},"ground":{"translation":[0,3.5,0],"scale":[0.35,0.35,0.35]},"gui":{"translation":[0,20,0],"scale":[1.28,1.28,1.28]},"head":{"translation":[0,-52,5],"scale":[3.24218,3.24218,3.24218]},"fixed":{"rotation":[-180,0,-180],"translation":[0,-9.25,3.25]}},"mcmodels":"7fd10fc805a3f4ff9bbbb52d5e66452c"}