{"credit":"Made with Blockbench","texture_size":[32,32],"textures":{"0":"element_witch_costume:staff_wind","1":"element_witch_costume:staff_wind_effect","particle":"element_witch_costume:staff_wind"},"elements":[{"from":[7.5,-13,7.5],"to":[8.5,5,8.5],"rotation":{"angle":0,"axis":"y","origin":[7,-4,7]},"faces":{"north":{"uv":[0.5,0,1,9],"texture":"#0"},"east":{"uv":[0,0,0.5,9],"texture":"#0"},"south":{"uv":[1.5,0,2,9],"texture":"#0"},"west":{"uv":[1,0,1.5,9],"texture":"#0"}}},{"from":[7,5,7],"to":[9,9,9],"rotation":{"angle":0,"axis":"y","origin":[7,8,7]},"faces":{"north":{"uv":[3,1.5,4,3.5],"texture":"#0"},"east":{"uv":[2,1.5,3,3.5],"texture":"#0"},"south":{"uv":[5,1.5,6,3.5],"texture":"#0"},"west":{"uv":[4,1.5,5,3.5],"texture":"#0"},"up":{"uv":[3,4.5,2,3.5],"texture":"#0"},"down":{"uv":[4,3.5,3,4.5],"texture":"#0"}}},{"from":[7,-14,7.25],"to":[9,-12,8.75],"rotation":{"angle":45,"axis":"z","origin":[8,-13,7]},"faces":{"north":{"uv":[5,3.5,6,4.5],"texture":"#0"},"east":{"uv":[4,3.5,5,4.5],"texture":"#0"},"south":{"uv":[7,3.5,8,4.5],"texture":"#0"},"west":{"uv":[6,3.5,7,4.5],"texture":"#0"},"up":{"uv":[9,4.5,8,3.5],"texture":"#0"},"down":{"uv":[10,3.5,9,4.5],"texture":"#0"}}},{"from":[6.5,9,6.5],"to":[9.5,10,9.5],"rotation":{"angle":0,"axis":"y","origin":[7,8,7]},"faces":{"north":{"uv":[6.5,0,8,0.5],"texture":"#0"},"east":{"uv":[5,0,6.5,0.5],"texture":"#0"},"south":{"uv":[6.5,0.5,8,1],"texture":"#0"},"west":{"uv":[5,0.5,6.5,1],"texture":"#0"},"up":{"uv":[3.5,1.5,2,0],"texture":"#0"},"down":{"uv":[5,0,3.5,1.5],"texture":"#0"}}},{"from":[5.5,8.25,8],"to":[10.5,11.25,8],"rotation":{"angle":0,"axis":"y","origin":[8,8.25,8]},"faces":{"north":{"uv":[8,0,10.5,1.5],"texture":"#0"},"south":{"uv":[10.5,0,8,1.5],"texture":"#0"}}},{"from":[8,8.25,5.5],"to":[8,11.25,10.5],"rotation":{"angle":0,"axis":"y","origin":[8,8.25,8]},"faces":{"east":{"uv":[8,0,10.5,1.5],"texture":"#0"},"west":{"uv":[10.5,0,8,1.5],"texture":"#0"}}},{"from":[7.25,3,7.25],"to":[8.75,4,8.75],"rotation":{"angle":0,"axis":"y","origin":[7,6,7]},"faces":{"north":{"uv":[9,2.5,10,3],"texture":"#0"},"east":{"uv":[8,2.5,9,3],"texture":"#0"},"south":{"uv":[9,3,10,3.5],"texture":"#0"},"west":{"uv":[8,3,9,3.5],"texture":"#0"},"up":{"uv":[9,2.5,8,1.5],"texture":"#0"},"down":{"uv":[10,1.5,9,2.5],"texture":"#0"}}},{"from":[7,-12,7],"to":[9,-11,9],"rotation":{"angle":0,"axis":"y","origin":[7,-9,7]},"faces":{"north":{"uv":[7,2.5,8,3],"texture":"#0"},"east":{"uv":[6,2.5,7,3],"texture":"#0"},"south":{"uv":[7,3,8,3.5],"texture":"#0"},"west":{"uv":[6,3,7,3.5],"texture":"#0"},"up":{"uv":[7,2.5,6,1.5],"texture":"#0"},"down":{"uv":[8,1.5,7,2.5],"texture":"#0"}}},{"from":[6.5,12.5,7],"to":[9.5,15.5,9],"rotation":{"angle":45,"axis":"z","origin":[8,14,8]},"faces":{"north":{"uv":[3.5,7.5,5,9],"texture":"#0"},"east":{"uv":[2.5,7.5,3.5,9],"texture":"#0"},"south":{"uv":[6,7.5,7.5,9],"texture":"#0"},"west":{"uv":[5,7.5,6,9],"texture":"#0"},"up":{"uv":[4,10,2.5,9],"texture":"#0"},"down":{"uv":[5.5,9,4,10],"texture":"#0"}}},{"from":[6.5,13.91421,7.025],"to":[9.5,16.91421,8.975],"rotation":{"angle":45,"axis":"z","origin":[8,15.41421,8]},"faces":{"north":{"uv":[3.5,5,5,6.5],"texture":"#0"},"east":{"uv":[2.5,5,3.5,6.5],"texture":"#0"},"south":{"uv":[6,5,7.5,6.5],"texture":"#0"},"west":{"uv":[5,5,6,6.5],"texture":"#0"},"up":{"uv":[4,7.5,2.5,6.5],"texture":"#0"},"down":{"uv":[5.5,6.5,4,7.5],"texture":"#0"}}},{"from":[5.8,11.70579,10.27277],"to":[10.2,12.80579,10.27277],"rotation":{"angle":-45,"axis":"y","origin":[8,13.42424,8.02286]},"faces":{"north":{"uv":[16,1,12,2],"texture":"#1"},"south":{"uv":[12,1,16,2],"texture":"#1"}}},{"from":[5.8,11.70579,5.87277],"to":[5.8,12.80579,10.27277],"rotation":{"angle":-45,"axis":"y","origin":[8,13.42424,8.02286]},"faces":{"east":{"uv":[12,1,8,2],"texture":"#1"},"west":{"uv":[8,1,12,2],"texture":"#1"}}},{"from":[5.8,11.70579,5.87277],"to":[10.2,12.80579,5.87277],"rotation":{"angle":-45,"axis":"y","origin":[8,13.42424,8.02286]},"faces":{"north":{"uv":[4,1,8,2],"texture":"#1"},"south":{"uv":[8,1,4,2],"texture":"#1"}}},{"from":[10.2,11.70579,5.87277],"to":[10.2,12.80579,10.27277],"rotation":{"angle":-45,"axis":"y","origin":[8,13.42424,8.02286]},"faces":{"east":{"uv":[0,1,4,2],"texture":"#1"},"west":{"uv":[4,1,0,2],"texture":"#1"}}},{"from":[10.24991,15.70579,5.82286],"to":[10.24991,16.80579,10.22286],"rotation":{"angle":-45,"axis":"y","origin":[8,17.42424,8.02286]},"faces":{"east":{"uv":[12,1,16,2],"texture":"#1"},"west":{"uv":[16,1,12,2],"texture":"#1"}}},{"from":[5.84991,15.70579,10.22286],"to":[10.24991,16.80579,10.22286],"rotation":{"angle":-45,"axis":"y","origin":[8,17.42424,8.02286]},"faces":{"north":{"uv":[12,1,8,2],"texture":"#1"},"south":{"uv":[8,1,12,2],"texture":"#1"}}},{"from":[5.84991,15.70579,5.82286],"to":[5.84991,16.80579,10.22286],"rotation":{"angle":-45,"axis":"y","origin":[8,17.42424,8.02286]},"faces":{"east":{"uv":[8,1,4,2],"texture":"#1"},"west":{"uv":[4,1,8,2],"texture":"#1"}}},{"from":[5.84991,15.70579,5.82286],"to":[10.24991,16.80579,5.82286],"rotation":{"angle":-45,"axis":"y","origin":[8,17.42424,8.02286]},"faces":{"north":{"uv":[0,1,4,2],"texture":"#1"},"south":{"uv":[4,1,0,2],"texture":"#1"}}},{"from":[5.8,13.50579,5.87277],"to":[5.8,14.60579,10.27277],"rotation":{"angle":0,"axis":"y","origin":[8,15.22424,8.02286]},"faces":{"east":{"uv":[12,3,8,4],"texture":"#1"},"west":{"uv":[8,3,12,4],"texture":"#1"}}},{"from":[5.8,13.50579,5.87277],"to":[10.2,14.60579,5.87277],"rotation":{"angle":0,"axis":"y","origin":[8,15.22424,8.02286]},"faces":{"north":{"uv":[4,3,8,4],"texture":"#1"},"south":{"uv":[8,3,4,4],"texture":"#1"}}},{"from":[10.2,13.50579,5.87277],"to":[10.2,14.60579,10.27277],"rotation":{"angle":0,"axis":"y","origin":[8,15.22424,8.02286]},"faces":{"east":{"uv":[0,3,4,4],"texture":"#1"},"west":{"uv":[4,3,0,4],"texture":"#1"}}},{"from":[5.8,13.50579,10.27277],"to":[10.2,14.60579,10.27277],"rotation":{"angle":0,"axis":"y","origin":[8,15.22424,8.02286]},"faces":{"north":{"uv":[16,3,12,4],"texture":"#1"},"south":{"uv":[12,3,16,4],"texture":"#1"}}},{"name":"cube_outline","from":[9.25,-11.75,9],"to":[6.75,-14.25,7],"rotation":{"angle":45,"axis":"z","origin":[8,-13,7]},"faces":{"north":{"uv":[8,5,9.5,6.5],"rotation":180,"texture":"#0"},"east":{"uv":[8,5,9.5,6.5],"rotation":180,"texture":"#0"},"south":{"uv":[8,5,9.5,6.5],"rotation":180,"texture":"#0"},"west":{"uv":[8,5,9.5,6.5],"rotation":180,"texture":"#0"},"up":{"uv":[8,5,9.5,6.5],"rotation":180,"texture":"#0"},"down":{"uv":[8,5,9.5,6.5],"rotation":180,"texture":"#0"}}},{"name":"cube_outline","from":[9.75,17.16421,9.225],"to":[6.25,13.66421,6.775],"rotation":{"angle":45,"axis":"z","origin":[8,15.41421,8]},"faces":{"north":{"uv":[8,6.5,9.5,8],"rotation":180,"texture":"#0"},"east":{"uv":[8,9.5,9.5,11],"rotation":180,"texture":"#0"},"south":{"uv":[8,6.5,9.5,8],"rotation":180,"texture":"#0"},"west":{"uv":[8,6.5,9.5,8],"rotation":180,"texture":"#0"},"up":{"uv":[8,8,9.5,9.5],"rotation":180,"texture":"#0"},"down":{"uv":[8,6.5,9.5,8],"rotation":180,"texture":"#0"}}},{"name":"cube_outline","from":[9.75,15.75,9.25],"to":[6.25,12.25,6.75],"rotation":{"angle":45,"axis":"z","origin":[8,14,8]},"faces":{"north":{"uv":[8,6.5,9.5,8],"rotation":180,"texture":"#0"},"east":{"uv":[8,6.5,9.5,8],"rotation":180,"texture":"#0"},"south":{"uv":[8,6.5,9.5,8],"rotation":180,"texture":"#0"},"west":{"uv":[8,11,9.5,9.5],"rotation":180,"texture":"#0"},"up":{"uv":[8,6.5,9.5,8],"rotation":180,"texture":"#0"},"down":{"uv":[9.5,8,8,9.5],"rotation":180,"texture":"#0"}}}],"gui_light":"front","display":{"gui":{"rotation":[0,0,-45],"translation":[1.5,1.5,0],"scale":[0.55,0.55,0.55]}},"USER":"{{USER}}","NONCE":"{{NONCE}}","TIMESTAMP":"{{TIMESTAMP}}","RESOURCE":"{{RESOURCE}}","mcmodels":"7fd10fc805a3f4ff9bbbb52d5e66452c"}