{"textures":{"0":"modelengine:texturas madre/magononea","1":"modelengine:texturas madre/capanorrea"},"elements":[{"from":[3.3000002,7.299999,3.5],"to":[12.7,16.6,12.5],"faces":{"east":{"uv":[8.0,2.0,10.0,4.0],"tintindex":0,"rotation":0,"texture":"#0"},"south":{"uv":[14.0,2.0,16.0,4.0],"tintindex":0,"rotation":0,"texture":"#0"},"north":{"uv":[10.0,2.0,12.0,4.0],"tintindex":0,"rotation":0,"texture":"#0"},"west":{"uv":[12.0,2.0,14.0,4.0],"tintindex":0,"rotation":0,"texture":"#0"},"up":{"uv":[12.0,2.0,10.0,0.0],"tintindex":0,"rotation":0,"texture":"#0"},"down":{"uv":[14.0,0.0,12.0,2.0],"tintindex":0,"rotation":0,"texture":"#0"}}},{"from":[3.8000002,15.1,3.8000002],"to":[12.3,16.300001,12.3],"faces":{"east":{"uv":[10.75,1.75,11.0,2.0],"tintindex":0,"rotation":0,"texture":"#0"},"south":{"uv":[10.75,1.75,11.0,2.0],"tintindex":0,"rotation":0,"texture":"#0"},"north":{"uv":[10.75,1.75,11.0,2.0],"tintindex":0,"rotation":0,"texture":"#0"},"west":{"uv":[10.75,1.75,11.0,2.0],"tintindex":0,"rotation":0,"texture":"#0"},"up":{"uv":[10.75,1.75,11.0,2.0],"tintindex":0,"rotation":0,"texture":"#0"}}},{"from":[4.0,8.0,4.0],"to":[12.0,15.999998,12.0],"faces":{"east":{"uv":[0.0,2.0,2.0,4.0],"tintindex":0,"rotation":0,"texture":"#0"},"south":{"uv":[6.0,2.0,8.0,4.0],"tintindex":0,"rotation":0,"texture":"#0"},"north":{"uv":[1.75,4.75,5.75,8.75],"tintindex":0,"rotation":0,"texture":"#1"},"west":{"uv":[4.0,2.0,6.0,4.0],"tintindex":0,"rotation":0,"texture":"#0"},"up":{"uv":[4.0,2.0,2.0,0.0],"tintindex":0,"rotation":0,"texture":"#0"},"down":{"uv":[6.0,0.0,4.0,2.0],"tintindex":0,"rotation":0,"texture":"#0"}}},{"from":[12.7,16.6,12.5],"to":[3.3000002,7.299999,3.5],"faces":{"east":{"uv":[12.0,4.0,14.0,2.0],"tintindex":0,"rotation":0,"texture":"#0"},"south":{"uv":[10.0,4.0,12.0,2.0],"tintindex":0,"rotation":0,"texture":"#0"},"north":{"uv":[14.0,4.0,16.0,2.0],"tintindex":0,"rotation":0,"texture":"#0"},"west":{"uv":[8.0,4.0,10.0,2.0],"tintindex":0,"rotation":0,"texture":"#0"},"up":{"uv":[12.0,0.0,14.0,2.0],"tintindex":0,"rotation":0,"texture":"#0"},"down":{"uv":[10.0,2.0,12.0,0.0],"tintindex":0,"rotation":0,"texture":"#0"}}}],"display":{"head":{"rotation":[0.0,0.0,0.0]},"firstperson_righthand":{"rotation":[0.0,0.0,0.0]},"thirdperson_lefthand":{"rotation":[0.0,-0.0,-0.0]},"firstperson_lefthand":{"rotation":[0.0,-0.0,-0.0]},"fixed":{"rotation":[0.0,0.0,0.0]},"ground":{"rotation":[0.0,0.0,0.0]},"thirdperson_righthand":{"rotation":[0.0,0.0,0.0]},"gui":{"rotation":[-150.0,-75.0,-180.0]}}}