{"textures​":{"layer0":"minecraft:item/gold_ore"},"credit":"Made with Blockbench","texture_size":[32,32],"\u0074\u0065\u0078\u0074\u0075\u0072\u0065\u0073":{"0":"\u0065\u006c\u0069\u0074\u0065\u0063\u0072\u0065\u0061\u0074\u0075\u0072\u0065\u0073:\u006b\u006e\u0069\u0067\u0068\u0074_\u0061\u006e\u0069\u006d\u0061\u0074\u0065\u0064_\u0077\u0065\u0061\u0070\u006f\u006e_\u0073\u0065\u0074/\u0074\u0065\u0078\u0074\u0075\u0072\u00656","1":"\u0065\u006c\u0069\u0074\u0065\u0063\u0072\u0065\u0061\u0074\u0075\u0072\u0065\u0073:\u006b\u006e\u0069\u0067\u0068\u0074_\u0061\u006e\u0069\u006d\u0061\u0074\u0065\u0064_\u0077\u0065\u0061\u0070\u006f\u006e_\u0073\u0065\u0074/\u0074\u0065\u0078\u0074\u0075\u0072\u00651","6":"\u0065\u006c\u0069\u0074\u0065\u0063\u0072\u0065\u0061\u0074\u0075\u0072\u0065\u0073:\u006b\u006e\u0069\u0067\u0068\u0074_\u0061\u006e\u0069\u006d\u0061\u0074\u0065\u0064_\u0077\u0065\u0061\u0070\u006f\u006e_\u0073\u0065\u0074/\u0073\u0068\u0069\u006e\u0069\u006e\u0067","\u0070\u0061\u0072\u0074\u0069\u0063\u006c\u0065":"\u0065\u006c\u0069\u0074\u0065\u0063\u0072\u0065\u0061\u0074\u0075\u0072\u0065\u0073:\u006b\u006e\u0069\u0067\u0068\u0074_\u0061\u006e\u0069\u006d\u0061\u0074\u0065\u0064_\u0077\u0065\u0061\u0070\u006f\u006e_\u0073\u0065\u0074/\u0074\u0065\u0078\u0074\u0075\u0072\u00656"},"elements":[{"from":[3.5,28,3.5],"to":[12.5,29,12.5],"rotation":{"angle":0,"axis":"y","origin":[16,0,0]},"faces":{"north":{"uv":[0.5,6,5,6.5],"texture":"#0"},"east":{"uv":[5,11,5.5,6.5],"rotation":90,"texture":"#0"},"south":{"uv":[5,6,0.5,6.5],"texture":"#0"},"west":{"uv":[5,11,5.5,6.5],"rotation":90,"texture":"#0"},"up":{"uv":[5,6.5,0.5,11],"texture":"#0"},"down":{"uv":[5,6.5,0.5,11],"texture":"#0"}}},{"from":[3.5,17,12.5],"to":[12.5,28,13.5],"rotation":{"angle":0,"axis":"y","origin":[8.5,22.5,8]},"faces":{"north":{"uv":[0,0,4.5,5.5],"texture":"#0"},"east":{"uv":[0,5.5,0.5,11],"texture":"#0"},"south":{"uv":[0,0,4.5,5.5],"texture":"#0"},"west":{"uv":[0.5,5.5,0,11],"texture":"#0"},"up":{"uv":[5.125,6,0.625,5.5],"texture":"#0"},"down":{"uv":[9.625,5.5,5.125,6],"texture":"#0"}}},{"from":[7.5,1,8],"to":[11,16,8],"rotation":{"angle":0,"axis":"y","origin":[16,0,0]},"faces":{"north":{"uv":[16,0,14.25,7.5],"texture":"#0"},"east":{"uv":[0,0,0,6.5],"texture":"#0"},"south":{"uv":[14.25,0,16,7.5],"texture":"#0"},"west":{"uv":[0,0,0,6.5],"texture":"#0"},"up":{"uv":[0,2,0,0],"rotation":90,"texture":"#0"},"down":{"uv":[0,2,0,0],"rotation":270,"texture":"#0"}}},{"from":[3.5,17,2.5],"to":[12.5,28,3.5],"rotation":{"angle":0,"axis":"y","origin":[8.5,22.5,8]},"faces":{"north":{"uv":[0,0,4.5,5.5],"texture":"#0"},"east":{"uv":[0.5,5.5,0,11],"texture":"#0"},"south":{"uv":[4.5,0,0,5.5],"texture":"#0"},"west":{"uv":[0,5.5,0.5,11],"texture":"#0"},"up":{"uv":[5.125,5.5,0.625,6],"texture":"#0"},"down":{"uv":[9.625,6,5.125,5.5],"texture":"#0"}}},{"from":[12.5,17,3.5],"to":[13.5,28,12.5],"rotation":{"angle":0,"axis":"y","origin":[8.5,22.5,8]},"faces":{"north":{"uv":[0,5.5,0.5,11],"texture":"#0"},"east":{"uv":[4.5,0,0,5.5],"texture":"#0"},"south":{"uv":[0.5,5.5,0,11],"texture":"#0"},"west":{"uv":[4.5,0,0,5.5],"texture":"#0"},"up":{"uv":[5.125,5.5,0.625,6],"rotation":90,"texture":"#0"},"down":{"uv":[9.625,6,5.125,5.5],"rotation":270,"texture":"#0"}}},{"from":[2.5,17,3.5],"to":[3.5,28,12.5],"rotation":{"angle":0,"axis":"y","origin":[8.5,22.5,8]},"faces":{"north":{"uv":[0.5,5.5,0,11],"texture":"#0"},"east":{"uv":[0,0,4.5,5.5],"texture":"#0"},"south":{"uv":[0,5.5,0.5,11],"texture":"#0"},"west":{"uv":[0,0,4.5,5.5],"texture":"#0"},"up":{"uv":[5.125,6,0.625,5.5],"rotation":90,"texture":"#0"},"down":{"uv":[9.625,5.5,5.125,6],"rotation":270,"texture":"#0"}}},{"from":[3.5,16,3.5],"to":[12.5,17,12.5],"rotation":{"angle":0,"axis":"y","origin":[16,16,0]},"faces":{"north":{"uv":[0.5,6.5,5,6],"texture":"#0"},"east":{"uv":[5.5,11,5,6.5],"rotation":90,"texture":"#0"},"south":{"uv":[5,6.5,0.5,6],"texture":"#0"},"west":{"uv":[5.5,11,5,6.5],"rotation":90,"texture":"#0"},"up":{"uv":[5,11,0.5,6.5],"texture":"#0"},"down":{"uv":[5,11,0.5,6.5],"texture":"#0"}}},{"from":[7.5,-14,8],"to":[11,1,8],"rotation":{"angle":0,"axis":"y","origin":[16,16,0]},"faces":{"north":{"uv":[16,7.5,14.25,0],"texture":"#0"},"east":{"uv":[0,6.5,0,0],"texture":"#0"},"south":{"uv":[14.25,7.5,16,0],"texture":"#0"},"west":{"uv":[0,6.5,0,0],"texture":"#0"},"up":{"uv":[0,2,0,0],"rotation":270,"texture":"#0"},"down":{"uv":[0,2,0,0],"rotation":90,"texture":"#0"}}},{"from":[7,15,7.2],"to":[9,16,8.7],"rotation":{"angle":0,"axis":"y","origin":[9,-7,8]},"faces":{"north":{"uv":[4,15,4.5,16],"rotation":90,"texture":"#1"},"east":{"uv":[4.5,15,5,15.75],"rotation":90,"texture":"#1"},"south":{"uv":[4.5,16,4,15],"rotation":270,"texture":"#1"},"west":{"uv":[4.5,15,5,15.75],"rotation":90,"texture":"#1"},"up":{"uv":[3.25,15,4,16],"rotation":270,"texture":"#1"},"down":{"uv":[2.5,15,3.25,16],"rotation":270,"texture":"#1"}}},{"from":[14,21,4.9],"to":[14,30,10.9],"rotation":{"angle":0,"axis":"y","origin":[15,16.5,7.9]},"faces":{"north":{"uv":[0,0,0,9],"texture":"#6"},"east":{"uv":[0,0,6,9],"texture":"#6"},"south":{"uv":[0,0,0,9],"texture":"#6"},"west":{"uv":[6,0,0,9],"texture":"#6"},"up":{"uv":[6.5,0,0,0],"rotation":270,"texture":"#6"},"down":{"uv":[6.5,0,0,0],"rotation":90,"texture":"#6"}}},{"from":[2,21,4.9],"to":[2,30,10.9],"rotation":{"angle":0,"axis":"y","origin":[1,16.5,7.9]},"faces":{"north":{"uv":[0,0,0,9],"texture":"#6"},"east":{"uv":[0,0,6,9],"texture":"#6"},"south":{"uv":[0,0,0,9],"texture":"#6"},"west":{"uv":[6,0,0,9],"texture":"#6"},"up":{"uv":[6.5,0,0,0],"rotation":270,"texture":"#6"},"down":{"uv":[6.5,0,0,0],"rotation":90,"texture":"#6"}}},{"from":[5,21,13.9],"to":[11,30,13.9],"rotation":{"angle":0,"axis":"y","origin":[1,16.5,21.9]},"faces":{"north":{"uv":[6,0,0,9],"texture":"#6"},"east":{"uv":[0,0,0,9],"texture":"#6"},"south":{"uv":[0,0,6,9],"texture":"#6"},"west":{"uv":[0,0,0,9],"texture":"#6"},"up":{"uv":[6.5,0,0,0],"texture":"#6"},"down":{"uv":[6.5,0,0,0],"texture":"#6"}}},{"from":[5,21,1.9],"to":[11,30,1.9],"rotation":{"angle":0,"axis":"y","origin":[1,16.5,7.9]},"faces":{"north":{"uv":[6,0,0,9],"texture":"#6"},"east":{"uv":[0,0,0,9],"texture":"#6"},"south":{"uv":[0,0,6,9],"texture":"#6"},"west":{"uv":[0,0,0,9],"texture":"#6"},"up":{"uv":[6.5,0,0,0],"texture":"#6"},"down":{"uv":[6.5,0,0,0],"texture":"#6"}}}],"gui_light":"front","display":{"thirdperson_righthand":{"rotation":[67.5,0,0],"translation":[-1,4.5,11.25],"scale":[0.64727,0.64727,0.64727]},"thirdperson_lefthand":{"rotation":[67.5,0,0],"translation":[1.25,4.5,11.25],"scale":[0.64727,0.64727,0.64727]},"firstperson_righthand":{"translation":[1.75,5,0.5],"scale":[0.4082,0.4082,0.4082]},"firstperson_lefthand":{"rotation":[0,180,0],"translation":[1.75,5,0.5],"scale":[0.4082,0.4082,0.4082]},"ground":{"translation":[0,9.75,0],"scale":[0.5,0.5,0.5]},"gui":{"rotation":[30,135,0],"translation":[0.5,-0.5,-2],"scale":[0.38102,0.38102,0.38102]},"head":{"translation":[0,1.75,0.75],"scale":[0,0,0]},"fixed":{"rotation":[-90,0,0],"translation":[2,1.5,-43],"scale":[2,2,2]}},"mcmodels":"e970e2732092479c1b2f8604fdee17db"}