{"textures​":{"layer0":"minecraft:item/acacia_hanging_sign"},"credit":"Made with Blockbench","\u0074\u0065\u0078\u0074\u0075\u0072\u0065\u0073":{"0":"\u0065\u006c\u0069\u0074\u0065\u0063\u0072\u0065\u0061\u0074\u0075\u0072\u0065\u0073:\u006b\u006e\u0069\u0067\u0068\u0074_\u0061\u006e\u0069\u006d\u0061\u0074\u0065\u0064_\u0077\u0065\u0061\u0070\u006f\u006e_\u0073\u0065\u0074/\u0074\u0065\u0078\u0074\u0075\u0072\u00651","2":"\u0065\u006c\u0069\u0074\u0065\u0063\u0072\u0065\u0061\u0074\u0075\u0072\u0065\u0073:\u006b\u006e\u0069\u0067\u0068\u0074_\u0061\u006e\u0069\u006d\u0061\u0074\u0065\u0064_\u0077\u0065\u0061\u0070\u006f\u006e_\u0073\u0065\u0074/\u0074\u0065\u0078\u0074\u0075\u0072\u00653","4":"\u0065\u006c\u0069\u0074\u0065\u0063\u0072\u0065\u0061\u0074\u0075\u0072\u0065\u0073:\u006b\u006e\u0069\u0067\u0068\u0074_\u0061\u006e\u0069\u006d\u0061\u0074\u0065\u0064_\u0077\u0065\u0061\u0070\u006f\u006e_\u0073\u0065\u0074/\u0074\u0065\u0078\u0074\u0075\u0072\u00655","5":"\u0065\u006c\u0069\u0074\u0065\u0063\u0072\u0065\u0061\u0074\u0075\u0072\u0065\u0073:\u006b\u006e\u0069\u0067\u0068\u0074_\u0061\u006e\u0069\u006d\u0061\u0074\u0065\u0064_\u0077\u0065\u0061\u0070\u006f\u006e_\u0073\u0065\u0074/\u0074\u0065\u0078\u0074\u0075\u0072\u00656","6":"\u0065\u006c\u0069\u0074\u0065\u0063\u0072\u0065\u0061\u0074\u0075\u0072\u0065\u0073:\u006b\u006e\u0069\u0067\u0068\u0074_\u0061\u006e\u0069\u006d\u0061\u0074\u0065\u0064_\u0077\u0065\u0061\u0070\u006f\u006e_\u0073\u0065\u0074/\u0073\u0069\u006e\u0068\u0069\u006e\u00671","\u0070\u0061\u0072\u0074\u0069\u0063\u006c\u0065":"\u0065\u006c\u0069\u0074\u0065\u0063\u0072\u0065\u0061\u0074\u0075\u0072\u0065\u0073:\u006b\u006e\u0069\u0067\u0068\u0074_\u0061\u006e\u0069\u006d\u0061\u0074\u0065\u0064_\u0077\u0065\u0061\u0070\u006f\u006e_\u0073\u0065\u0074/\u0074\u0065\u0078\u0074\u0075\u0072\u00651"},"elements":[{"from":[13.3,9.4,7.5],"to":[14.3,15.4,8.5],"rotation":{"angle":45,"axis":"z","origin":[8,14,8]},"faces":{"north":{"uv":[3.25,7,3.75,10],"texture":"#0"},"east":{"uv":[2.75,7,3.25,10],"texture":"#0"},"south":{"uv":[4.25,6.875,4.75,9.875],"texture":"#0"},"west":{"uv":[3.75,7,4.25,10],"texture":"#0"},"up":{"uv":[2.75,6.5,3.25,7],"rotation":180,"texture":"#0"},"down":{"uv":[3.25,6.5,3.75,7],"rotation":180,"texture":"#0"}}},{"from":[4.6,19,7.5],"to":[10.6,20,8.5],"rotation":{"angle":0,"axis":"y","origin":[8,14,8]},"faces":{"north":{"uv":[3.25,7,3.75,10],"rotation":90,"texture":"#0"},"east":{"uv":[3.25,6.5,3.75,7],"rotation":90,"texture":"#0"},"south":{"uv":[4.25,6.875,4.75,9.875],"rotation":270,"texture":"#0"},"west":{"uv":[2.75,6.5,3.25,7],"rotation":90,"texture":"#0"},"up":{"uv":[2.75,7,3.25,10],"rotation":270,"texture":"#0"},"down":{"uv":[3.75,7,4.25,10],"rotation":270,"texture":"#0"}}},{"from":[13.3,0.6,7.5],"to":[14.3,6.6,8.5],"rotation":{"angle":-45,"axis":"z","origin":[8,2,8]},"faces":{"north":{"uv":[3.25,10,3.75,7],"texture":"#0"},"east":{"uv":[2.75,10,3.25,7],"texture":"#0"},"south":{"uv":[4.25,9.875,4.75,6.875],"texture":"#0"},"west":{"uv":[3.75,10,4.25,7],"texture":"#0"},"up":{"uv":[3.25,7,3.75,6.5],"rotation":180,"texture":"#0"},"down":{"uv":[2.75,7,3.25,6.5],"rotation":180,"texture":"#0"}}},{"from":[4.6,-4,7.5],"to":[10.6,-3,8.5],"rotation":{"angle":0,"axis":"y","origin":[8,2,8]},"faces":{"north":{"uv":[3.75,7,3.25,10],"rotation":90,"texture":"#0"},"east":{"uv":[3.75,6.5,3.25,7],"rotation":90,"texture":"#0"},"south":{"uv":[4.75,6.875,4.25,9.875],"rotation":270,"texture":"#0"},"west":{"uv":[3.25,6.5,2.75,7],"rotation":90,"texture":"#0"},"up":{"uv":[4.25,7,3.75,10],"rotation":270,"texture":"#0"},"down":{"uv":[3.25,7,2.75,10],"rotation":270,"texture":"#0"}}},{"from":[2,20.2,7],"to":[4,22.2,8],"rotation":{"angle":-22.5,"axis":"z","origin":[1.5,0.5,9.7]},"faces":{"north":{"uv":[9,5,10,6],"texture":"#2"},"east":{"uv":[10,4,10.5,5],"texture":"#2"},"south":{"uv":[9,5,10,6],"texture":"#2"},"west":{"uv":[10.5,4,10,5],"texture":"#2"},"up":{"uv":[10,5,10.5,6],"rotation":90,"texture":"#2"},"down":{"uv":[9,4.5,10,5],"texture":"#2"}}},{"from":[2,20.2,8],"to":[4,22.2,9],"rotation":{"angle":-22.5,"axis":"z","origin":[1.5,0.5,6.3]},"faces":{"north":{"uv":[10,5,9,6],"texture":"#2"},"east":{"uv":[10.5,4,10,5],"texture":"#2"},"south":{"uv":[10,5,9,6],"texture":"#2"},"west":{"uv":[10,4,10.5,5],"texture":"#2"},"up":{"uv":[10.5,5,10,6],"rotation":90,"texture":"#2"},"down":{"uv":[9,5,10,4.5],"texture":"#2"}}},{"from":[2.5,18.8,6.5],"to":[3.5,21.8,9.5],"rotation":{"angle":-45,"axis":"z","origin":[2,20,7]},"faces":{"north":{"uv":[14,12.5,14.5,14],"texture":"#4"},"east":{"uv":[14,13,12.5,14.5],"texture":"#4"},"south":{"uv":[14.5,12.5,14,14],"texture":"#4"},"west":{"uv":[12.5,13,11,14.5],"texture":"#4"},"up":{"uv":[11,13,12.5,12.5],"rotation":90,"texture":"#4"},"down":{"uv":[12.5,13,14,12.5],"rotation":270,"texture":"#4"}}},{"from":[2.5,20,5.5],"to":[6.5,21,10.5],"rotation":{"angle":0,"axis":"y","origin":[1.5,12,4]},"faces":{"north":{"uv":[0,13,2,13.5],"texture":"#4"},"east":{"uv":[5,13.5,2.5,14],"texture":"#4"},"south":{"uv":[2,13,0,13.5],"texture":"#4"},"west":{"uv":[2.5,13.5,0,14],"texture":"#4"},"up":{"uv":[2.5,16,5,14],"rotation":90,"texture":"#4"},"down":{"uv":[0,16,2.5,14],"rotation":270,"texture":"#4"}}},{"from":[5,17.4,5],"to":[7,20.4,11],"rotation":{"angle":22.5,"axis":"z","origin":[5.5,18.5,7]},"faces":{"north":{"uv":[11,14.5,12,16],"texture":"#4"},"east":{"uv":[8,14.5,5,16],"texture":"#4"},"south":{"uv":[12,14.5,11,16],"texture":"#4"},"west":{"uv":[11,14.5,8,16],"texture":"#4"},"up":{"uv":[5,14.5,8,13.5],"rotation":90,"texture":"#4"},"down":{"uv":[8,14.5,11,13.5],"rotation":270,"texture":"#4"}}},{"from":[3.5,19.8,6],"to":[6.5,21.8,10],"rotation":{"angle":-45,"axis":"z","origin":[2,20,7]},"faces":{"north":{"uv":[14.5,13,16,14],"texture":"#4"},"east":{"uv":[16,14,14,15],"texture":"#4"},"south":{"uv":[16,13,14.5,14],"texture":"#4"},"west":{"uv":[16,15,14,16],"texture":"#4"},"up":{"uv":[12,16,14,14.5],"rotation":90,"texture":"#4"},"down":{"uv":[12,16,14,14.5],"rotation":270,"texture":"#4"}}},{"from":[3.2,16.3,6.5],"to":[4.2,19.3,9.5],"rotation":{"angle":-22.5,"axis":"z","origin":[2,20,7]},"faces":{"north":{"uv":[14,11,14.5,12.5],"texture":"#4"},"east":{"uv":[16,10,14.5,11.5],"texture":"#4"},"south":{"uv":[14.5,11,14,12.5],"texture":"#4"},"west":{"uv":[16,11.5,14.5,13],"texture":"#4"},"up":{"uv":[14.5,10,16,9.5],"rotation":90,"texture":"#4"},"down":{"uv":[14.5,10,16,9.5],"rotation":270,"texture":"#4"}}},{"from":[4.5,18.1,4.5],"to":[6.5,20.1,6],"rotation":{"angle":-45,"axis":"z","origin":[3.5,19,20.5]},"faces":{"north":{"uv":[16,8,14,10],"texture":"#6"},"east":{"uv":[14,8,16,6.5],"rotation":180,"texture":"#6"},"south":{"uv":[14,10,16,8],"rotation":90,"texture":"#6"},"west":{"uv":[16,6.5,14,5],"rotation":180,"texture":"#6"},"up":{"uv":[16,5,14,6.5],"rotation":180,"texture":"#6"},"down":{"uv":[16,6.5,14,8],"rotation":180,"texture":"#6"}}},{"from":[4.5,18.1,10],"to":[6.5,20.1,11.5],"rotation":{"angle":-45,"axis":"z","origin":[3.5,19,-4.5]},"faces":{"north":{"uv":[14,8,16,10],"rotation":90,"texture":"#6"},"east":{"uv":[16,8,14,6.5],"rotation":180,"texture":"#6"},"south":{"uv":[14,8,16,10],"texture":"#6"},"west":{"uv":[14,6.5,16,5],"rotation":180,"texture":"#6"},"up":{"uv":[16,6.5,14,5],"rotation":180,"texture":"#6"},"down":{"uv":[16,8,14,6.5],"rotation":180,"texture":"#6"}}},{"from":[4.5,-4.1,10],"to":[6.5,-2.1,11.5],"rotation":{"angle":45,"axis":"z","origin":[3.5,-3,-4.5]},"faces":{"north":{"uv":[16,8,14,10],"rotation":90,"texture":"#6"},"east":{"uv":[16,6.5,14,8],"rotation":180,"texture":"#6"},"south":{"uv":[14,10,16,8],"texture":"#6"},"west":{"uv":[14,5,16,6.5],"rotation":180,"texture":"#6"},"up":{"uv":[16,6.5,14,8],"rotation":180,"texture":"#6"},"down":{"uv":[16,5,14,6.5],"rotation":180,"texture":"#6"}}},{"from":[4.5,-4.1,4.5],"to":[6.5,-2.1,6],"rotation":{"angle":45,"axis":"z","origin":[3.5,-3,20.5]},"faces":{"north":{"uv":[16,10,14,8],"texture":"#6"},"east":{"uv":[14,6.5,16,8],"rotation":180,"texture":"#6"},"south":{"uv":[16,10,14,8],"rotation":90,"texture":"#6"},"west":{"uv":[16,5,14,6.5],"rotation":180,"texture":"#6"},"up":{"uv":[16,8,14,6.5],"rotation":180,"texture":"#6"},"down":{"uv":[16,6.5,14,5],"rotation":180,"texture":"#6"}}},{"from":[2.5,7,8],"to":[3,17.5,8],"rotation":{"angle":-22.5,"axis":"z","origin":[3.75,13.25,8]},"faces":{"north":{"uv":[5.625,4.25,5.875,9.5],"rotation":180,"texture":"#4"},"east":{"uv":[0,0,5.25,0],"rotation":270,"texture":"#4"},"south":{"uv":[5.625,4.25,5.875,9.5],"texture":"#4"},"west":{"uv":[0,0,5.25,0],"rotation":270,"texture":"#4"},"up":{"uv":[0,0,0,0.25],"rotation":270,"texture":"#4"},"down":{"uv":[0,0,0,0.25],"rotation":270,"texture":"#4"}}},{"from":[3.2,-3.3,6.5],"to":[4.2,-0.3,9.5],"rotation":{"angle":22.5,"axis":"z","origin":[2,-4,7]},"faces":{"north":{"uv":[14,12.5,14.5,11],"texture":"#4"},"east":{"uv":[16,11.5,14.5,10],"texture":"#4"},"south":{"uv":[14.5,12.5,14,11],"texture":"#4"},"west":{"uv":[16,13,14.5,11.5],"texture":"#4"},"up":{"uv":[16,10,14.5,9.5],"rotation":270,"texture":"#4"},"down":{"uv":[16,10,14.5,9.5],"rotation":90,"texture":"#4"}}},{"from":[3.5,-5.8,6],"to":[6.5,-3.8,10],"rotation":{"angle":45,"axis":"z","origin":[2,-4,7]},"faces":{"north":{"uv":[14.5,14,16,13],"texture":"#4"},"east":{"uv":[16,15,14,14],"texture":"#4"},"south":{"uv":[16,14,14.5,13],"texture":"#4"},"west":{"uv":[16,16,14,15],"texture":"#4"},"up":{"uv":[14,16,12,14.5],"rotation":270,"texture":"#4"},"down":{"uv":[14,16,12,14.5],"rotation":90,"texture":"#4"}}},{"from":[5,-4.4,5],"to":[7,-1.4,11],"rotation":{"angle":-22.5,"axis":"z","origin":[5.5,-2.5,7]},"faces":{"north":{"uv":[11,16,12,14.5],"texture":"#4"},"east":{"uv":[8,16,5,14.5],"texture":"#4"},"south":{"uv":[12,16,11,14.5],"texture":"#4"},"west":{"uv":[11,16,8,14.5],"texture":"#4"},"up":{"uv":[11,14.5,8,13.5],"rotation":270,"texture":"#4"},"down":{"uv":[8,14.5,5,13.5],"rotation":90,"texture":"#4"}}},{"from":[2.5,-5,5.5],"to":[6.5,-4,10.5],"rotation":{"angle":0,"axis":"y","origin":[1.5,4,4]},"faces":{"north":{"uv":[0,13.5,2,13],"texture":"#4"},"east":{"uv":[5,14,2.5,13.5],"texture":"#4"},"south":{"uv":[2,13.5,0,13],"texture":"#4"},"west":{"uv":[2.5,14,0,13.5],"texture":"#4"},"up":{"uv":[2.5,16,0,14],"rotation":270,"texture":"#4"},"down":{"uv":[5,16,2.5,14],"rotation":90,"texture":"#4"}}},{"from":[2.5,-5.8,6.5],"to":[3.5,-2.8,9.5],"rotation":{"angle":45,"axis":"z","origin":[2,-4,7]},"faces":{"north":{"uv":[14,14,14.5,12.5],"texture":"#4"},"east":{"uv":[14,14.5,12.5,13],"texture":"#4"},"south":{"uv":[14.5,14,14,12.5],"texture":"#4"},"west":{"uv":[12.5,14.5,11,13],"texture":"#4"},"up":{"uv":[14,13,12.5,12.5],"rotation":270,"texture":"#4"},"down":{"uv":[12.5,13,11,12.5],"rotation":90,"texture":"#4"}}},{"from":[2,-6.2,8],"to":[4,-4.2,9],"rotation":{"angle":22.5,"axis":"z","origin":[1.5,15.5,6.3]},"faces":{"north":{"uv":[10,6,9,5],"texture":"#2"},"east":{"uv":[10.5,5,10,4],"texture":"#2"},"south":{"uv":[10,6,9,5],"texture":"#2"},"west":{"uv":[10,5,10.5,4],"texture":"#2"},"up":{"uv":[9,4.5,10,5],"texture":"#2"},"down":{"uv":[10,5,10.5,6],"rotation":90,"texture":"#2"}}},{"from":[2,-6.2,7],"to":[4,-4.2,8],"rotation":{"angle":22.5,"axis":"z","origin":[1.5,15.5,9.7]},"faces":{"north":{"uv":[9,6,10,5],"texture":"#2"},"east":{"uv":[10,5,10.5,4],"texture":"#2"},"south":{"uv":[9,6,10,5],"texture":"#2"},"west":{"uv":[10.5,5,10,4],"texture":"#2"},"up":{"uv":[9,5,10,4.5],"texture":"#2"},"down":{"uv":[10.5,5,10,6],"rotation":90,"texture":"#2"}}},{"from":[10,7.8,7.7],"to":[20,8.3,8.2],"rotation":{"angle":0,"axis":"y","origin":[-1,0,0]},"faces":{"north":{"uv":[0,15.75,5,16],"texture":"#5"},"east":{"uv":[0,15,0.25,15.25],"texture":"#5"},"south":{"uv":[5,15.75,0,16],"texture":"#5"},"west":{"uv":[0,15,0.25,15.25],"texture":"#5"},"up":{"uv":[0,15.25,5,15.5],"texture":"#5"},"down":{"uv":[0,15.5,5,15.75],"texture":"#5"}}},{"from":[17.5,6.3,8],"to":[26.5,9.8,8],"rotation":{"angle":0,"axis":"y","origin":[22,8.05,8]},"faces":{"north":{"uv":[8.5,16,12,7],"rotation":90,"texture":"#6"},"east":{"uv":[0,0,1.5,0],"rotation":270,"texture":"#6"},"south":{"uv":[12,16,8.5,7],"rotation":270,"texture":"#6"},"west":{"uv":[0,0,1.5,0],"rotation":270,"texture":"#6"},"up":{"uv":[0,4.5,0,0],"rotation":270,"texture":"#6"},"down":{"uv":[0,4.5,0,0],"rotation":270,"texture":"#6"}}},{"from":[17.5,8.05,6.25],"to":[26.5,8.05,9.75],"rotation":{"angle":0,"axis":"y","origin":[22,8.05,8]},"faces":{"north":{"uv":[0,4.5,0,0],"rotation":90,"texture":"#6"},"east":{"uv":[0,0,1.5,0],"texture":"#6"},"south":{"uv":[0,4.5,0,0],"rotation":270,"texture":"#6"},"west":{"uv":[0,0,1.5,0],"rotation":180,"texture":"#6"},"up":{"uv":[12,16,8.5,7],"rotation":270,"texture":"#6"},"down":{"uv":[8.5,16,12,7],"rotation":270,"texture":"#6"}}},{"from":[0,7.8,7.7],"to":[10,8.3,8.2],"rotation":{"angle":0,"axis":"y","origin":[15,0,0]},"faces":{"north":{"uv":[5,15.75,0,16],"texture":"#5"},"east":{"uv":[0.25,15,0,15.25],"texture":"#5"},"south":{"uv":[0,15.75,5,16],"texture":"#5"},"west":{"uv":[0.25,15,0,15.25],"texture":"#5"},"up":{"uv":[5,15.25,0,15.5],"texture":"#5"},"down":{"uv":[5,15.5,0,15.75],"texture":"#5"}}},{"from":[-1,7,7.2],"to":[0,9,8.7],"rotation":{"angle":0,"axis":"y","origin":[8,-2,7.95]},"faces":{"north":{"uv":[11.5,0,12.5,2],"texture":"#6"},"east":{"uv":[10,2,8.5,0],"rotation":180,"texture":"#6"},"south":{"uv":[11.5,0,12.5,2],"texture":"#6"},"west":{"uv":[11.5,2,10,0],"rotation":180,"texture":"#6"},"up":{"uv":[13.5,0,12.5,1.5],"texture":"#6"},"down":{"uv":[13.5,0,12.5,1.5],"texture":"#6"}}},{"from":[-1.79108,7.86403,7.6],"to":[-0.29108,8.86403,8.4],"rotation":{"angle":-22.5,"axis":"z","origin":[-1.1,7.975,7.975]},"faces":{"north":{"uv":[16,2,15.5,2.75],"rotation":270,"texture":"#0"},"east":{"uv":[16,1.5,15.5,2],"rotation":270,"texture":"#0"},"south":{"uv":[16,2,15.5,2.75],"rotation":90,"texture":"#0"},"west":{"uv":[16,1.5,15.5,2],"rotation":270,"texture":"#0"},"up":{"uv":[15.5,2,15,2.75],"rotation":90,"texture":"#0"},"down":{"uv":[15,2,14.5,2.75],"rotation":90,"texture":"#0"}}},{"from":[-1.79108,7.08597,7.5],"to":[-0.29108,8.08597,8.5],"rotation":{"angle":22.5,"axis":"z","origin":[-1.1,7.975,7.975]},"faces":{"north":{"uv":[15.5,2,16,2.75],"rotation":270,"texture":"#0"},"east":{"uv":[15.5,1.5,16,2],"rotation":270,"texture":"#0"},"south":{"uv":[15.5,2,16,2.75],"rotation":90,"texture":"#0"},"west":{"uv":[15.5,1.5,16,2],"rotation":270,"texture":"#0"},"up":{"uv":[14.5,2,15,2.75],"rotation":90,"texture":"#0"},"down":{"uv":[15,2,15.5,2.75],"rotation":90,"texture":"#0"}}},{"from":[-1.975,6.975,7.4],"to":[-1.475,8.975,8.6],"rotation":{"angle":0,"axis":"y","origin":[-1.1,7.975,7.975]},"faces":{"north":{"uv":[13.75,0,13.5,1],"texture":"#0"},"east":{"uv":[13,0,13.5,1],"texture":"#0"},"south":{"uv":[13.5,0,13.75,1],"texture":"#0"},"west":{"uv":[12.5,0,13,1],"texture":"#0"},"up":{"uv":[13.75,0,14,0.5],"rotation":180,"texture":"#0"},"down":{"uv":[13.75,0,14,0.5],"rotation":180,"texture":"#0"}}},{"from":[2.5,-1.5,8],"to":[3,9,8],"rotation":{"angle":22.5,"axis":"z","origin":[3.75,2.75,8]},"faces":{"north":{"uv":[5.625,9.5,5.875,4.25],"rotation":180,"texture":"#4"},"east":{"uv":[5.25,0,0,0],"rotation":270,"texture":"#4"},"south":{"uv":[5.625,9.5,5.875,4.25],"texture":"#4"},"west":{"uv":[5.25,0,0,0],"rotation":270,"texture":"#4"},"up":{"uv":[0,0,0,0.25],"rotation":270,"texture":"#4"},"down":{"uv":[0,0,0,0.25],"rotation":270,"texture":"#4"}}},{"from":[14.5,5,7.2],"to":[15.5,7,8.7],"rotation":{"angle":0,"axis":"y","origin":[7,5,7.2]},"faces":{"north":{"uv":[3,13.75,3.5,14.75],"texture":"#0"},"east":{"uv":[2.25,13.75,3,14.75],"texture":"#0"},"south":{"uv":[3,13.75,3.5,14.75],"texture":"#0"},"west":{"uv":[2.25,13.75,3,14.75],"texture":"#0"},"up":{"uv":[1.75,13.25,2.25,14],"texture":"#0"},"down":{"uv":[1.75,14,2.25,14.75],"texture":"#0"}}},{"from":[15.1,6.6,7.3],"to":[16.1,8.8,8.6],"rotation":{"angle":-45,"axis":"z","origin":[15,7,8.2]},"faces":{"north":{"uv":[0.5,10.5,0,11.5],"texture":"#0"},"east":{"uv":[0,11.5,0.75,12.5],"texture":"#0"},"south":{"uv":[0,10.5,0.5,11.5],"texture":"#0"},"west":{"uv":[0,11.5,0.75,12.5],"texture":"#0"},"up":{"uv":[0,9.75,0.5,10.5],"texture":"#0"},"down":{"uv":[0,9.75,0.5,10.5],"texture":"#0"}}},{"from":[13.9,6.6,7.3],"to":[14.9,8.8,8.6],"rotation":{"angle":45,"axis":"z","origin":[15,7,8.2]},"faces":{"north":{"uv":[0,10.5,0.5,11.5],"texture":"#0"},"east":{"uv":[0.75,11.5,0,12.5],"texture":"#0"},"south":{"uv":[0.5,10.5,0,11.5],"texture":"#0"},"west":{"uv":[0.75,11.5,0,12.5],"texture":"#0"},"up":{"uv":[0.5,9.75,0,10.5],"texture":"#0"},"down":{"uv":[0.5,9.75,0,10.5],"texture":"#0"}}},{"from":[15.1,7.2,7.3],"to":[16.1,9.4,8.6],"rotation":{"angle":45,"axis":"z","origin":[15,9,8.2]},"faces":{"north":{"uv":[1,13.75,0.5,14.75],"texture":"#0"},"east":{"uv":[1,13.75,1.75,14.75],"texture":"#0"},"south":{"uv":[0.5,13.75,1,14.75],"texture":"#0"},"west":{"uv":[1,13.75,1.75,14.75],"texture":"#0"},"up":{"uv":[0,13.75,0.5,14.5],"texture":"#0"},"down":{"uv":[0,13.75,0.5,14.5],"texture":"#0"}}},{"from":[13.9,7.2,7.3],"to":[14.9,9.4,8.6],"rotation":{"angle":-45,"axis":"z","origin":[15,9,8.2]},"faces":{"north":{"uv":[0.5,13.75,1,14.75],"texture":"#0"},"east":{"uv":[1.75,13.75,1,14.75],"texture":"#0"},"south":{"uv":[1,13.75,0.5,14.75],"texture":"#0"},"west":{"uv":[1.75,13.75,1,14.75],"texture":"#0"},"up":{"uv":[0.5,13.75,0,14.5],"texture":"#0"},"down":{"uv":[0.5,13.75,0,14.5],"texture":"#0"}}},{"from":[14.5,9,7.2],"to":[15.5,11,8.7],"rotation":{"angle":0,"axis":"y","origin":[7,11,7.2]},"faces":{"north":{"uv":[3.5,12.75,4,13.75],"texture":"#0"},"east":{"uv":[2.75,12.75,3.5,13.75],"texture":"#0"},"south":{"uv":[3.5,12.75,4,13.75],"texture":"#0"},"west":{"uv":[2.75,12.75,3.5,13.75],"texture":"#0"},"up":{"uv":[2.25,13,2.75,13.75],"texture":"#0"},"down":{"uv":[1.25,12.5,1.75,13.25],"texture":"#0"}}},{"from":[16,7.5,7.2],"to":[18,8.5,8.8],"rotation":{"angle":0,"axis":"y","origin":[15,8,8.2]},"faces":{"north":{"uv":[0,15,0.5,16],"rotation":90,"texture":"#0"},"east":{"uv":[1.25,15.25,1.75,16],"rotation":270,"texture":"#0"},"south":{"uv":[0,15,0.5,16],"rotation":270,"texture":"#0"},"west":{"uv":[1.25,15.25,1.75,16],"rotation":270,"texture":"#0"},"up":{"uv":[0.5,15,1.25,16],"rotation":270,"texture":"#0"},"down":{"uv":[1.75,15,2.5,16],"rotation":270,"texture":"#0"}}},{"from":[12,7.5,7.2],"to":[14,8.5,8.8],"rotation":{"angle":0,"axis":"y","origin":[15,8,8.2]},"faces":{"north":{"uv":[0,16,0.5,15],"rotation":90,"texture":"#0"},"east":{"uv":[1.25,16,1.75,15.25],"rotation":270,"texture":"#0"},"south":{"uv":[0,16,0.5,15],"rotation":270,"texture":"#0"},"west":{"uv":[1.25,16,1.75,15.25],"rotation":270,"texture":"#0"},"up":{"uv":[0.5,16,1.25,15],"rotation":270,"texture":"#0"},"down":{"uv":[1.75,16,2.5,15],"rotation":270,"texture":"#0"}}},{"from":[14.7,7.3,8.6],"to":[16.7,9.3,9],"rotation":{"angle":-45,"axis":"z","origin":[15,9,23.7]},"faces":{"north":{"uv":[0,12.5,1,13.5],"rotation":270,"texture":"#0"},"east":{"uv":[0,13.5,1,13.75],"rotation":270,"texture":"#0"},"south":{"uv":[0,12.5,1,13.5],"rotation":90,"texture":"#0"},"west":{"uv":[1,12.5,1.2,13.5],"rotation":180,"texture":"#0"},"up":{"uv":[1,12.5,1.25,13.5],"rotation":270,"texture":"#0"},"down":{"uv":[0,13.7,1,13.5],"rotation":180,"texture":"#0"}}},{"from":[14.7,7.3,7],"to":[16.7,9.3,7.4],"rotation":{"angle":-45,"axis":"z","origin":[15,9,-7.7]},"faces":{"north":{"uv":[0,13.5,1,12.5],"rotation":90,"texture":"#0"},"east":{"uv":[0,13.75,1,13.5],"rotation":270,"texture":"#0"},"south":{"uv":[0,13.5,1,12.5],"rotation":270,"texture":"#0"},"west":{"uv":[1.2,12.5,1,13.5],"rotation":180,"texture":"#0"},"up":{"uv":[1.25,12.5,1,13.5],"rotation":270,"texture":"#0"},"down":{"uv":[0,13.5,1,13.7],"rotation":180,"texture":"#0"}}},{"from":[13.2,5.8,7.8],"to":[18.2,10.8,8.2],"rotation":{"angle":-45,"axis":"z","origin":[15,9,23.7]},"faces":{"north":{"uv":[2.75,10.25,5.25,12.75],"rotation":270,"texture":"#0"},"east":{"uv":[5.275,10.25,5.475,12.75],"rotation":180,"texture":"#0"},"south":{"uv":[2.75,10.25,5.25,12.75],"rotation":90,"texture":"#0"},"west":{"uv":[5.25,10.225,2.75,10.025],"rotation":270,"texture":"#0"},"up":{"uv":[2.75,10.025,5.25,10.225],"rotation":180,"texture":"#0"},"down":{"uv":[5.275,10.25,5.475,12.75],"rotation":270,"texture":"#0"}}},{"from":[13.5,10.5,8],"to":[16.5,12,9.5],"rotation":{"angle":0,"axis":"y","origin":[0,14.5,0]},"faces":{"north":{"uv":[2.875,3.25,4.375,2.5],"texture":"#0"},"east":{"uv":[5.125,3.25,4.375,2.5],"texture":"#0"},"south":{"uv":[2.875,3.25,4.375,2.5],"texture":"#0"},"west":{"uv":[4.375,3.25,5.125,2.5],"texture":"#0"},"up":{"uv":[2.875,5.5,4.375,4.75],"texture":"#0"},"down":{"uv":[2.875,4,4.375,3.25],"texture":"#0"}}},{"from":[14,10,8],"to":[16,10.5,9],"rotation":{"angle":0,"axis":"y","origin":[0,14.5,0]},"faces":{"north":{"uv":[12.125,3.25,11.875,4.25],"rotation":90,"texture":"#0"},"east":{"uv":[11.375,3.25,10.875,3],"texture":"#0"},"south":{"uv":[12.125,3.25,11.875,4.25],"rotation":90,"texture":"#0"},"west":{"uv":[10.875,3.25,11.375,3],"texture":"#0"},"up":{"uv":[10.875,3.75,11.875,3.25],"texture":"#0"},"down":{"uv":[10.875,3.75,11.875,3.25],"texture":"#0"}}},{"from":[14,12,8],"to":[16,14.5,9],"rotation":{"angle":0,"axis":"y","origin":[0,14.5,0]},"faces":{"north":{"uv":[6.625,3.25,5.375,4.25],"rotation":90,"texture":"#0"},"east":{"uv":[7.875,3.75,6.625,3.25],"rotation":90,"texture":"#0"},"south":{"uv":[6.625,3.25,5.375,4.25],"rotation":90,"texture":"#0"},"west":{"uv":[7.875,3.25,6.625,3.75],"rotation":90,"texture":"#0"},"up":{"uv":[4.375,3.75,5.375,3.25],"texture":"#0"},"down":{"uv":[4.375,3.75,5.375,3.25],"texture":"#0"}}},{"from":[13.5,14.5,6.5],"to":[16.5,15,9.5],"rotation":{"angle":0,"axis":"y","origin":[0,14.5,0]},"faces":{"north":{"uv":[13,13,12.5,16],"rotation":90,"texture":"#6"},"east":{"uv":[13,13,12.5,16],"rotation":90,"texture":"#6"},"south":{"uv":[13,13,12.5,16],"rotation":90,"texture":"#6"},"west":{"uv":[12.5,13,12,16],"rotation":90,"texture":"#6"},"up":{"uv":[13,16,16,13],"texture":"#6"},"down":{"uv":[13,13,16,10],"texture":"#6"}}},{"from":[14,10,7],"to":[16,10.5,8],"rotation":{"angle":0,"axis":"y","origin":[0,14.5,16]},"faces":{"north":{"uv":[12.125,4.25,11.875,3.25],"rotation":90,"texture":"#0"},"east":{"uv":[10.875,3.25,11.375,3],"texture":"#0"},"south":{"uv":[12.125,4.25,11.875,3.25],"rotation":90,"texture":"#0"},"west":{"uv":[11.375,3.25,10.875,3],"texture":"#0"},"up":{"uv":[10.875,3.25,11.875,3.75],"texture":"#0"},"down":{"uv":[10.875,3.25,11.875,3.75],"texture":"#0"}}},{"from":[13.5,10.5,6.5],"to":[16.5,12,8],"rotation":{"angle":0,"axis":"y","origin":[0,14.5,16]},"faces":{"north":{"uv":[4.375,3.25,2.875,2.5],"texture":"#0"},"east":{"uv":[4.375,3.25,5.125,2.5],"texture":"#0"},"south":{"uv":[4.375,3.25,2.875,2.5],"texture":"#0"},"west":{"uv":[5.125,3.25,4.375,2.5],"texture":"#0"},"up":{"uv":[2.875,4.75,4.375,5.5],"texture":"#0"},"down":{"uv":[2.875,3.25,4.375,4],"texture":"#0"}}},{"from":[14,12,7],"to":[16,14.5,8],"rotation":{"angle":0,"axis":"y","origin":[0,14.5,16]},"faces":{"north":{"uv":[6.625,4.25,5.375,3.25],"rotation":90,"texture":"#0"},"east":{"uv":[7.875,3.25,6.625,3.75],"rotation":90,"texture":"#0"},"south":{"uv":[6.625,4.25,5.375,3.25],"rotation":90,"texture":"#0"},"west":{"uv":[7.875,3.75,6.625,3.25],"rotation":90,"texture":"#0"},"up":{"uv":[4.375,3.25,5.375,3.75],"texture":"#0"},"down":{"uv":[4.375,3.25,5.375,3.75],"texture":"#0"}}},{"from":[14.5,11,6],"to":[15.5,13,7],"rotation":{"angle":0,"axis":"y","origin":[0,17,0]},"faces":{"north":{"uv":[9.5,4,10.5,2],"texture":"#6"},"east":{"uv":[11.5,4,10.5,2],"texture":"#6"},"south":{"uv":[9.5,4,10.5,2],"texture":"#6"},"west":{"uv":[10.5,4,11.5,2],"texture":"#6"},"up":{"uv":[8.5,4,9.5,3],"texture":"#6"},"down":{"uv":[8.5,3,9.5,2],"texture":"#6"}}},{"from":[14.5,11,9],"to":[15.5,13,10],"rotation":{"angle":0,"axis":"y","origin":[0,17,16]},"faces":{"north":{"uv":[10.5,4,9.5,2],"texture":"#6"},"east":{"uv":[10.5,4,11.5,2],"texture":"#6"},"south":{"uv":[10.5,4,9.5,2],"texture":"#6"},"west":{"uv":[11.5,4,10.5,2],"texture":"#6"},"up":{"uv":[8.5,3,9.5,4],"texture":"#6"},"down":{"uv":[8.5,2,9.5,3],"texture":"#6"}}},{"from":[14,15,7],"to":[16,15.5,9],"rotation":{"angle":0,"axis":"y","origin":[0,14.5,0]},"faces":{"north":{"uv":[8.5,7,10.5,6.5],"texture":"#6"},"east":{"uv":[8.5,7,10.5,6.5],"texture":"#6"},"south":{"uv":[8.5,7,10.5,6.5],"texture":"#6"},"west":{"uv":[8.5,7,10.5,6.5],"texture":"#6"},"up":{"uv":[8.5,6,10.5,4],"texture":"#6"},"down":{"uv":[8.5,6,10.5,4],"texture":"#6"}}},{"from":[13.5,4,8],"to":[16.5,5.5,9.5],"rotation":{"angle":0,"axis":"y","origin":[0,1.5,0]},"faces":{"north":{"uv":[2.875,2.5,4.375,3.25],"texture":"#0"},"east":{"uv":[5.125,2.5,4.375,3.25],"texture":"#0"},"south":{"uv":[2.875,2.5,4.375,3.25],"texture":"#0"},"west":{"uv":[4.375,2.5,5.125,3.25],"texture":"#0"},"up":{"uv":[2.875,3.25,4.375,4],"texture":"#0"},"down":{"uv":[2.875,4.75,4.375,5.5],"texture":"#0"}}},{"from":[14,5.5,8],"to":[16,6,9],"rotation":{"angle":0,"axis":"y","origin":[0,1.5,0]},"faces":{"north":{"uv":[11.875,3.25,12.125,4.25],"rotation":90,"texture":"#0"},"east":{"uv":[11.375,3,10.875,3.25],"texture":"#0"},"south":{"uv":[11.875,3.25,12.125,4.25],"rotation":90,"texture":"#0"},"west":{"uv":[10.875,3,11.375,3.25],"texture":"#0"},"up":{"uv":[10.875,3.25,11.875,3.75],"texture":"#0"},"down":{"uv":[10.875,3.25,11.875,3.75],"texture":"#0"}}},{"from":[14,1.5,8],"to":[16,4,9],"rotation":{"angle":0,"axis":"y","origin":[0,1.5,0]},"faces":{"north":{"uv":[5.375,3.25,6.625,4.25],"rotation":90,"texture":"#0"},"east":{"uv":[6.625,3.75,7.875,3.25],"rotation":90,"texture":"#0"},"south":{"uv":[5.375,3.25,6.625,4.25],"rotation":90,"texture":"#0"},"west":{"uv":[6.625,3.25,7.875,3.75],"rotation":90,"texture":"#0"},"up":{"uv":[4.375,3.25,5.375,3.75],"texture":"#0"},"down":{"uv":[4.375,3.25,5.375,3.75],"texture":"#0"}}},{"from":[13.5,1,6.5],"to":[16.5,1.5,9.5],"rotation":{"angle":0,"axis":"y","origin":[0,1.5,0]},"faces":{"north":{"uv":[12.5,13,13,16],"rotation":90,"texture":"#6"},"east":{"uv":[12.5,13,13,16],"rotation":90,"texture":"#6"},"south":{"uv":[12.5,13,13,16],"rotation":90,"texture":"#6"},"west":{"uv":[12,13,12.5,16],"rotation":90,"texture":"#6"},"up":{"uv":[13,10,16,13],"texture":"#6"},"down":{"uv":[13,13,16,16],"texture":"#6"}}},{"from":[14,5.5,7],"to":[16,6,8],"rotation":{"angle":0,"axis":"y","origin":[0,1.5,16]},"faces":{"north":{"uv":[11.875,4.25,12.125,3.25],"rotation":90,"texture":"#0"},"east":{"uv":[10.875,3,11.375,3.25],"texture":"#0"},"south":{"uv":[11.875,4.25,12.125,3.25],"rotation":90,"texture":"#0"},"west":{"uv":[11.375,3,10.875,3.25],"texture":"#0"},"up":{"uv":[10.875,3.75,11.875,3.25],"texture":"#0"},"down":{"uv":[10.875,3.75,11.875,3.25],"texture":"#0"}}},{"from":[13.5,4,6.5],"to":[16.5,5.5,8],"rotation":{"angle":0,"axis":"y","origin":[0,1.5,16]},"faces":{"north":{"uv":[4.375,2.5,2.875,3.25],"texture":"#0"},"east":{"uv":[4.375,2.5,5.125,3.25],"texture":"#0"},"south":{"uv":[4.375,2.5,2.875,3.25],"texture":"#0"},"west":{"uv":[5.125,2.5,4.375,3.25],"texture":"#0"},"up":{"uv":[2.875,4,4.375,3.25],"texture":"#0"},"down":{"uv":[2.875,5.5,4.375,4.75],"texture":"#0"}}},{"from":[14,1.5,7],"to":[16,4,8],"rotation":{"angle":0,"axis":"y","origin":[0,1.5,16]},"faces":{"north":{"uv":[5.375,4.25,6.625,3.25],"rotation":90,"texture":"#0"},"east":{"uv":[6.625,3.25,7.875,3.75],"rotation":90,"texture":"#0"},"south":{"uv":[5.375,4.25,6.625,3.25],"rotation":90,"texture":"#0"},"west":{"uv":[6.625,3.75,7.875,3.25],"rotation":90,"texture":"#0"},"up":{"uv":[4.375,3.75,5.375,3.25],"texture":"#0"},"down":{"uv":[4.375,3.75,5.375,3.25],"texture":"#0"}}},{"from":[14.5,3,6],"to":[15.5,5,7],"rotation":{"angle":0,"axis":"y","origin":[0,-1,0]},"faces":{"north":{"uv":[9.5,2,10.5,4],"texture":"#6"},"east":{"uv":[11.5,2,10.5,4],"texture":"#6"},"south":{"uv":[9.5,2,10.5,4],"texture":"#6"},"west":{"uv":[10.5,2,11.5,4],"texture":"#6"},"up":{"uv":[8.5,2,9.5,3],"texture":"#6"},"down":{"uv":[8.5,3,9.5,4],"texture":"#6"}}},{"from":[14.5,3,9],"to":[15.5,5,10],"rotation":{"angle":0,"axis":"y","origin":[0,-1,16]},"faces":{"north":{"uv":[10.5,2,9.5,4],"texture":"#6"},"east":{"uv":[10.5,2,11.5,4],"texture":"#6"},"south":{"uv":[10.5,2,9.5,4],"texture":"#6"},"west":{"uv":[11.5,2,10.5,4],"texture":"#6"},"up":{"uv":[8.5,3,9.5,2],"texture":"#6"},"down":{"uv":[8.5,4,9.5,3],"texture":"#6"}}},{"from":[14,0.5,7],"to":[16,1,9],"rotation":{"angle":0,"axis":"y","origin":[0,1.5,0]},"faces":{"north":{"uv":[8.5,6.5,10.5,7],"texture":"#6"},"east":{"uv":[8.5,6.5,10.5,7],"texture":"#6"},"south":{"uv":[8.5,6.5,10.5,7],"texture":"#6"},"west":{"uv":[8.5,6.5,10.5,7],"texture":"#6"},"up":{"uv":[8.5,4,10.5,6],"texture":"#6"},"down":{"uv":[8.5,4,10.5,6],"texture":"#6"}}}],"gui_light":"front","display":{"thirdperson_righthand":{"rotation":[0,90,0],"translation":[0,-1.75,4.5],"scale":[0.7,0.7,0.7]},"thirdperson_lefthand":{"rotation":[0,-90,0],"translation":[0,-1.75,4.5],"scale":[0.7,0.7,0.7]},"firstperson_righthand":{"rotation":[12,90,0],"translation":[12.5,11.25,-9.75],"scale":[0.9,0.9,0.9]},"firstperson_lefthand":{"rotation":[12,-90,0],"translation":[12.5,11.25,-9.75],"scale":[0.9,0.9,0.9]},"ground":{"rotation":[0,0,45],"translation":[0,8,0],"scale":[0.5,0.5,0.5]},"gui":{"rotation":[0,0,140],"translation":[0.75,0,-2],"scale":[0.5607,0.5607,0.5607]},"head":{"translation":[0,-19,-0.25],"scale":[0,0,0]},"fixed":{"translation":[-2.5,0,-2],"scale":[1.33867,1.33867,1.33867]}},"mcmodels":"e970e2732092479c1b2f8604fdee17db"}