{"textures​":{"layer0":"minecraft:item/cake"},"credit":"MadewithBlockbench","\u0074\u0065\u0078\u0074\u0075\u0072\u0065\u0073":{"0":"\u0065\u006c\u0069\u0074\u0065\u0063\u0072\u0065\u0061\u0074\u0075\u0072\u0065\u0073:\u006b\u006e\u0069\u0067\u0068\u0074_\u0061\u006e\u0069\u006d\u0061\u0074\u0065\u0064_\u0077\u0065\u0061\u0070\u006f\u006e_\u0073\u0065\u0074/\u0074\u0065\u0078\u0074\u0075\u0072\u00651","2":"\u0065\u006c\u0069\u0074\u0065\u0063\u0072\u0065\u0061\u0074\u0075\u0072\u0065\u0073:\u006b\u006e\u0069\u0067\u0068\u0074_\u0061\u006e\u0069\u006d\u0061\u0074\u0065\u0064_\u0077\u0065\u0061\u0070\u006f\u006e_\u0073\u0065\u0074/\u0074\u0065\u0078\u0074\u0075\u0072\u00653","3":"\u0065\u006c\u0069\u0074\u0065\u0063\u0072\u0065\u0061\u0074\u0075\u0072\u0065\u0073:\u006b\u006e\u0069\u0067\u0068\u0074_\u0061\u006e\u0069\u006d\u0061\u0074\u0065\u0064_\u0077\u0065\u0061\u0070\u006f\u006e_\u0073\u0065\u0074/\u0073\u0068\u0069\u006e\u0069\u006e\u0067","5":"\u0065\u006c\u0069\u0074\u0065\u0063\u0072\u0065\u0061\u0074\u0075\u0072\u0065\u0073:\u006b\u006e\u0069\u0067\u0068\u0074_\u0061\u006e\u0069\u006d\u0061\u0074\u0065\u0064_\u0077\u0065\u0061\u0070\u006f\u006e_\u0073\u0065\u0074/\u0073\u0069\u006e\u0068\u0069\u006e\u00671","\u0070\u0061\u0072\u0074\u0069\u0063\u006c\u0065":"\u0065\u006c\u0069\u0074\u0065\u0063\u0072\u0065\u0061\u0074\u0075\u0072\u0065\u0073:\u006b\u006e\u0069\u0067\u0068\u0074_\u0061\u006e\u0069\u006d\u0061\u0074\u0065\u0064_\u0077\u0065\u0061\u0070\u006f\u006e_\u0073\u0065\u0074/\u0074\u0065\u0078\u0074\u0075\u0072\u00651"},"elements":[{"from":[5,8,7.9],"to":[11,17,7.9],"rotation":{"angle":0,"axis":"y","origin":[16,0,0]},"faces":{"north":{"uv":[6,0,0,9],"texture":"#3"},"east":{"uv":[0,0,0,9],"texture":"#3"},"south":{"uv":[0,0,6,9],"texture":"#3"},"west":{"uv":[0,0,0,9],"texture":"#3"},"up":{"uv":[6.5,0,0,0],"texture":"#3"},"down":{"uv":[6.5,0,0,0],"texture":"#3"}}},{"from":[8,0,3],"to":[16,9.5,13],"rotation":{"angle":0,"axis":"y","origin":[8.4,5.25,0.1]},"faces":{"north":{"uv":[12,11.25,16,16],"texture":"#0"},"east":{"uv":[7,11.25,12,16],"texture":"#0"},"south":{"uv":[16,11.25,12,16],"texture":"#0"},"west":{"uv":[7,11.25,12,16],"texture":"#0"},"up":{"uv":[16,6.25,12,11.25],"texture":"#0"},"down":{"uv":[16,6.25,12,11.25],"texture":"#0"}}},{"from":[8,9.5,2],"to":[17,10.5,14],"rotation":{"angle":0,"axis":"y","origin":[16,0,0]},"faces":{"north":{"uv":[6,6,10.5,6.5],"texture":"#2"},"east":{"uv":[0,6,6,6.5],"texture":"#2"},"south":{"uv":[13.5,8,9,8.5],"texture":"#2"},"west":{"uv":[0,6,6,6.5],"texture":"#2"},"up":{"uv":[4.5,6,0,0],"texture":"#2"},"down":{"uv":[9,0,4.5,6],"texture":"#2"}}},{"from":[13,6,2],"to":[15,9.5,3],"faces":{"north":{"uv":[15,4.5,16,6.25],"texture":"#0"},"east":{"uv":[14.5,4.5,15,6.25],"texture":"#0"},"south":{"uv":[15,4.5,16,6.25],"texture":"#0"},"west":{"uv":[15,4.5,14.5,6.25],"texture":"#0"},"up":{"uv":[13.5,5.75,14.5,6.25],"texture":"#0"},"down":{"uv":[13.5,5.75,14.5,6.25],"texture":"#0"}}},{"from":[1,0,13],"to":[3,9.5,14],"rotation":{"angle":0,"axis":"y","origin":[0,0,16]},"faces":{"north":{"uv":[11.5,4.25,10.5,9],"texture":"#0"},"east":{"uv":[10,4.25,10.5,9],"texture":"#0"},"south":{"uv":[11.5,4.25,10.5,9],"texture":"#0"},"west":{"uv":[10.5,4.25,10,9],"texture":"#0"},"up":{"uv":[12.5,5.25,13.5,4.75],"texture":"#0"},"down":{"uv":[12.5,5.25,13.5,4.75],"texture":"#0"}}},{"from":[13,0,2],"to":[15,3.5,3],"rotation":{"angle":0,"axis":"y","origin":[0,16,0]},"faces":{"north":{"uv":[11,9.5,12,11.25],"texture":"#0"},"east":{"uv":[10.5,9.5,11,11.25],"texture":"#0"},"south":{"uv":[11,9.5,12,11.25],"texture":"#0"},"west":{"uv":[11,9.5,10.5,11.25],"texture":"#0"},"up":{"uv":[10,9,11,9.5],"texture":"#0"},"down":{"uv":[11,9,12,9.5],"texture":"#0"}}},{"from":[16,5,7],"to":[18,6.5,9],"rotation":{"angle":0,"axis":"y","origin":[0,16,0]},"faces":{"north":{"uv":[10.875,2.25,11.875,3],"texture":"#0"},"east":{"uv":[9.875,1,10.875,1.75],"texture":"#0"},"south":{"uv":[10.875,2.25,11.875,3],"texture":"#0"},"west":{"uv":[9.875,1,10.875,1.75],"texture":"#0"},"up":{"uv":[10.875,1.25,11.875,2.25],"rotation":90,"texture":"#0"},"down":{"uv":[9.875,1.75,10.875,2.75],"rotation":270,"texture":"#0"}}},{"from":[17,4,8],"to":[17.5,4.5,10],"rotation":{"angle":0,"axis":"y","origin":[0,16,0]},"faces":{"north":{"uv":[5.125,3.25,5.375,3.5],"texture":"#0"},"east":{"uv":[4.375,4,5.375,4.25],"texture":"#0"},"south":{"uv":[7.375,3,7.625,3.25],"texture":"#0"},"west":{"uv":[4.375,4,5.375,4.25],"texture":"#0"},"up":{"uv":[4.375,3.75,5.375,4],"rotation":90,"texture":"#0"},"down":{"uv":[7.875,2.5,8.875,2.75],"rotation":270,"texture":"#0"}}},{"from":[17,4.5,9.5],"to":[17.5,5.5,10],"rotation":{"angle":0,"axis":"y","origin":[17.25,4.25,8]},"faces":{"north":{"uv":[4.375,3.5,4.875,3.75],"rotation":270,"texture":"#0"},"east":{"uv":[4.625,3.25,5.125,3.5],"rotation":90,"texture":"#0"},"south":{"uv":[4.875,3.5,5.375,3.75],"rotation":270,"texture":"#0"},"west":{"uv":[4.625,3.25,5.125,3.5],"rotation":90,"texture":"#0"},"up":{"uv":[5.125,3.25,5.375,3.5],"texture":"#0"},"down":{"uv":[5.125,3.25,5.375,3.5],"rotation":180,"texture":"#0"}}},{"from":[17,5.5,9],"to":[17.5,6,10],"rotation":{"angle":0,"axis":"y","origin":[17.25,4.25,8]},"faces":{"north":{"uv":[4.375,3.5,4.625,3.25],"rotation":270,"texture":"#0"},"east":{"uv":[3.875,6.5,4.375,6.25],"rotation":180,"texture":"#0"},"south":{"uv":[4.375,3.5,4.625,3.25],"rotation":270,"texture":"#0"},"west":{"uv":[3.875,6.5,4.375,6.25],"rotation":180,"texture":"#0"},"up":{"uv":[3.875,6.25,3.375,6.5],"rotation":90,"texture":"#0"},"down":{"uv":[3.375,6.25,2.875,6.5],"rotation":90,"texture":"#0"}}},{"from":[6,10.5,8],"to":[10,15.5,8],"faces":{"north":{"uv":[5,13.5,7,16],"texture":"#0"},"east":{"uv":[0,0,0,2.5],"texture":"#0"},"south":{"uv":[5,13.5,7,16],"texture":"#0"},"west":{"uv":[0,0,0,2.5],"texture":"#0"},"up":{"uv":[0,0,2,0],"texture":"#0"},"down":{"uv":[0,0,2,0],"texture":"#0"}}},{"from":[7.7,4.1,2],"to":[9.7,6.1,2.4],"rotation":{"angle":-45,"axis":"z","origin":[8,5.8,-12.7]},"faces":{"north":{"uv":[0,13.5,1,12.5],"rotation":90,"texture":"#0"},"east":{"uv":[0,13.75,1,13.5],"rotation":270,"texture":"#0"},"south":{"uv":[0,13.5,1,12.5],"rotation":270,"texture":"#0"},"west":{"uv":[1.2,12.5,1,13.5],"rotation":180,"texture":"#0"},"up":{"uv":[1.25,12.5,1,13.5],"rotation":270,"texture":"#0"},"down":{"uv":[0,13.5,1,13.7],"rotation":180,"texture":"#0"}}},{"from":[6.9,3.9,2.3],"to":[7.9,6.1,3.6],"rotation":{"angle":-45,"axis":"z","origin":[8,5.7,3.2]},"faces":{"north":{"uv":[0.5,13.75,1,14.75],"texture":"#0"},"east":{"uv":[1.75,13.75,1,14.75],"texture":"#0"},"south":{"uv":[1,13.75,0.5,14.75],"texture":"#0"},"west":{"uv":[1.75,13.75,1,14.75],"texture":"#0"},"up":{"uv":[0.5,13.75,0,14.5],"texture":"#0"},"down":{"uv":[0.5,13.75,0,14.5],"texture":"#0"}}},{"from":[6.2,2.5,2.8],"to":[11.2,7.5,3.2],"rotation":{"angle":-45,"axis":"z","origin":[8,5.7,18.7]},"faces":{"north":{"uv":[2.75,10.25,5.25,12.75],"rotation":270,"texture":"#0"},"east":{"uv":[5.275,10.25,5.475,12.75],"rotation":180,"texture":"#0"},"south":{"uv":[5.25,10.25,2.75,12.75],"rotation":90,"texture":"#0"},"west":{"uv":[5.25,10.225,2.75,10.025],"rotation":270,"texture":"#0"},"up":{"uv":[2.75,10.025,5.25,10.225],"rotation":180,"texture":"#0"},"down":{"uv":[5.275,10.25,5.475,12.75],"rotation":270,"texture":"#0"}}},{"from":[5,4.3,2.2],"to":[7,5.3,3.8],"rotation":{"angle":0,"axis":"y","origin":[8,5.4,3.2]},"faces":{"north":{"uv":[0,16,0.5,15],"rotation":90,"texture":"#0"},"east":{"uv":[1.25,16,1.75,15.25],"rotation":270,"texture":"#0"},"south":{"uv":[0,16,0.5,15],"rotation":270,"texture":"#0"},"west":{"uv":[1.25,16,1.75,15.25],"rotation":270,"texture":"#0"},"up":{"uv":[0.5,16,1.25,15],"rotation":270,"texture":"#0"},"down":{"uv":[1.75,16,2.5,15],"rotation":270,"texture":"#0"}}},{"from":[7.5,1.9,2.2],"to":[8.5,3.9,3.7],"rotation":{"angle":0,"axis":"y","origin":[0,2.3,2.2]},"faces":{"north":{"uv":[3,13.75,3.5,14.75],"texture":"#0"},"east":{"uv":[2.25,13.75,3,14.75],"texture":"#0"},"south":{"uv":[3,13.75,3.5,14.75],"texture":"#0"},"west":{"uv":[2.25,13.75,3,14.75],"texture":"#0"},"up":{"uv":[1.75,13.25,2.25,14],"texture":"#0"},"down":{"uv":[1.75,14,2.25,14.75],"texture":"#0"}}},{"from":[9,4.3,2.2],"to":[11,5.3,3.8],"rotation":{"angle":0,"axis":"y","origin":[8,5.4,3.2]},"faces":{"north":{"uv":[0,15,0.5,16],"rotation":90,"texture":"#0"},"east":{"uv":[1.25,15.25,1.75,16],"rotation":270,"texture":"#0"},"south":{"uv":[0,15,0.5,16],"rotation":270,"texture":"#0"},"west":{"uv":[1.25,15.25,1.75,16],"rotation":270,"texture":"#0"},"up":{"uv":[0.5,15,1.25,16],"rotation":270,"texture":"#0"},"down":{"uv":[1.75,15,2.5,16],"rotation":270,"texture":"#0"}}},{"from":[7.5,5.6,2.2],"to":[8.5,7.6,3.7],"rotation":{"angle":0,"axis":"y","origin":[0,8.3,2.2]},"faces":{"north":{"uv":[3.5,12.75,4,13.75],"texture":"#0"},"east":{"uv":[2.75,12.75,3.5,13.75],"texture":"#0"},"south":{"uv":[3.5,12.75,4,13.75],"texture":"#0"},"west":{"uv":[2.75,12.75,3.5,13.75],"texture":"#0"},"up":{"uv":[2.25,13,2.75,13.75],"texture":"#0"},"down":{"uv":[1.25,12.5,1.75,13.25],"texture":"#0"}}},{"from":[8.1,3.9,2.3],"to":[9.1,6.1,3.6],"rotation":{"angle":45,"axis":"z","origin":[8,5.7,3.2]},"faces":{"north":{"uv":[1,13.75,0.5,14.75],"texture":"#0"},"east":{"uv":[1,13.75,1.75,14.75],"texture":"#0"},"south":{"uv":[0.5,13.75,1,14.75],"texture":"#0"},"west":{"uv":[1,13.75,1.75,14.75],"texture":"#0"},"up":{"uv":[0,13.75,0.5,14.5],"texture":"#0"},"down":{"uv":[0,13.75,0.5,14.5],"texture":"#0"}}},{"from":[8.1,3.3,2.3],"to":[9.1,5.5,3.6],"rotation":{"angle":-45,"axis":"z","origin":[8,3.7,3.2]},"faces":{"north":{"uv":[0.5,10.5,0,11.5],"texture":"#0"},"east":{"uv":[0,11.5,0.75,12.5],"texture":"#0"},"south":{"uv":[0,10.5,0.5,11.5],"texture":"#0"},"west":{"uv":[0,11.5,0.75,12.5],"texture":"#0"},"up":{"uv":[0,9.75,0.5,10.5],"texture":"#0"},"down":{"uv":[0,9.75,0.5,10.5],"texture":"#0"}}},{"from":[0,0,3],"to":[8,9.5,13],"rotation":{"angle":0,"axis":"y","origin":[7.6,5.25,0.1]},"faces":{"north":{"uv":[16,11.25,12,16],"texture":"#0"},"east":{"uv":[12,11.25,7,16],"texture":"#0"},"south":{"uv":[12,11.25,16,16],"texture":"#0"},"west":{"uv":[12,11.25,7,16],"texture":"#0"},"up":{"uv":[12,6.25,16,11.25],"texture":"#0"},"down":{"uv":[12,6.25,16,11.25],"texture":"#0"}}},{"from":[1,6,2],"to":[3,9.5,3],"rotation":{"angle":0,"axis":"y","origin":[16,0,0]},"faces":{"north":{"uv":[16,4.5,15,6.25],"texture":"#0"},"east":{"uv":[14.5,4.5,15,6.25],"texture":"#0"},"south":{"uv":[16,4.5,15,6.25],"texture":"#0"},"west":{"uv":[15,4.5,14.5,6.25],"texture":"#0"},"up":{"uv":[14.5,5.75,13.5,6.25],"texture":"#0"},"down":{"uv":[14.5,5.75,13.5,6.25],"texture":"#0"}}},{"from":[1,0,2],"to":[3,3.5,3],"rotation":{"angle":0,"axis":"y","origin":[16,16,0]},"faces":{"north":{"uv":[12,9.5,11,11.25],"texture":"#0"},"east":{"uv":[10.5,9.5,11,11.25],"texture":"#0"},"south":{"uv":[12,9.5,11,11.25],"texture":"#0"},"west":{"uv":[11,9.5,10.5,11.25],"texture":"#0"},"up":{"uv":[11,9,10,9.5],"texture":"#0"},"down":{"uv":[12,9,11,9.5],"texture":"#0"}}},{"from":[-1,9.5,2],"to":[8,10.5,14],"faces":{"north":{"uv":[10.5,6,6,6.5],"texture":"#2"},"east":{"uv":[6,6,0,6.5],"texture":"#2"},"south":{"uv":[13.5,8,9,8.5],"texture":"#2"},"west":{"uv":[6,6,0,6.5],"texture":"#2"},"up":{"uv":[0,6,4.5,0],"texture":"#2"},"down":{"uv":[4.5,0,9,6],"texture":"#2"}}},{"from":[17,5.5,6],"to":[17.5,6,7],"rotation":{"angle":0,"axis":"y","origin":[17.25,4.25,8]},"faces":{"north":{"uv":[4.375,3.25,4.625,3.5],"rotation":270,"texture":"#0"},"east":{"uv":[4.375,6.5,3.875,6.25],"rotation":180,"texture":"#0"},"south":{"uv":[4.375,3.25,4.625,3.5],"rotation":270,"texture":"#0"},"west":{"uv":[4.375,6.5,3.875,6.25],"rotation":180,"texture":"#0"},"up":{"uv":[3.375,6.25,3.875,6.5],"rotation":90,"texture":"#0"},"down":{"uv":[2.875,6.25,3.375,6.5],"rotation":90,"texture":"#0"}}},{"from":[17,4.5,6],"to":[17.5,5.5,6.5],"rotation":{"angle":0,"axis":"y","origin":[17.25,4.25,8]},"faces":{"north":{"uv":[4.875,3.75,5.375,3.5],"rotation":270,"texture":"#0"},"east":{"uv":[4.625,3.5,5.125,3.25],"rotation":90,"texture":"#0"},"south":{"uv":[4.375,3.75,4.875,3.5],"rotation":270,"texture":"#0"},"west":{"uv":[4.625,3.5,5.125,3.25],"rotation":90,"texture":"#0"},"up":{"uv":[5.125,3.5,5.375,3.25],"texture":"#0"},"down":{"uv":[5.125,3.5,5.375,3.25],"rotation":180,"texture":"#0"}}},{"from":[17,4,6],"to":[17.5,4.5,8],"rotation":{"angle":0,"axis":"y","origin":[0,16,16]},"faces":{"north":{"uv":[7.625,3,7.375,3.25],"texture":"#0"},"east":{"uv":[5.375,4,4.375,4.25],"texture":"#0"},"south":{"uv":[5.375,3.25,5.125,3.5],"texture":"#0"},"west":{"uv":[5.375,4,4.375,4.25],"texture":"#0"},"up":{"uv":[5.375,3.75,4.375,4],"rotation":90,"texture":"#0"},"down":{"uv":[8.875,2.5,7.875,2.75],"rotation":270,"texture":"#0"}}},{"from":[-1.5,4,6],"to":[-1,4.5,8],"rotation":{"angle":0,"axis":"y","origin":[16,16,16]},"faces":{"north":{"uv":[7.375,3,7.625,3.25],"texture":"#0"},"east":{"uv":[4.375,4,5.375,4.25],"texture":"#0"},"south":{"uv":[5.125,3.25,5.375,3.5],"texture":"#0"},"west":{"uv":[4.375,4,5.375,4.25],"texture":"#0"},"up":{"uv":[5.375,4,4.375,3.75],"rotation":90,"texture":"#0"},"down":{"uv":[8.875,2.75,7.875,2.5],"rotation":270,"texture":"#0"}}},{"from":[-1.5,4.5,6],"to":[-1,5.5,6.5],"rotation":{"angle":0,"axis":"y","origin":[-1.25,4.25,8]},"faces":{"north":{"uv":[4.875,3.5,5.375,3.75],"rotation":270,"texture":"#0"},"east":{"uv":[4.625,3.25,5.125,3.5],"rotation":90,"texture":"#0"},"south":{"uv":[4.375,3.5,4.875,3.75],"rotation":270,"texture":"#0"},"west":{"uv":[4.625,3.25,5.125,3.5],"rotation":90,"texture":"#0"},"up":{"uv":[5.375,3.5,5.125,3.25],"texture":"#0"},"down":{"uv":[5.375,3.5,5.125,3.25],"rotation":180,"texture":"#0"}}},{"from":[-1.5,5.5,6],"to":[-1,6,7],"rotation":{"angle":0,"axis":"y","origin":[-1.25,4.25,8]},"faces":{"north":{"uv":[4.375,3.5,4.625,3.25],"rotation":270,"texture":"#0"},"east":{"uv":[3.875,6.5,4.375,6.25],"rotation":180,"texture":"#0"},"south":{"uv":[4.375,3.5,4.625,3.25],"rotation":270,"texture":"#0"},"west":{"uv":[3.875,6.5,4.375,6.25],"rotation":180,"texture":"#0"},"up":{"uv":[3.375,6.5,3.875,6.25],"rotation":90,"texture":"#0"},"down":{"uv":[2.875,6.5,3.375,6.25],"rotation":90,"texture":"#0"}}},{"from":[-1.5,5.5,9],"to":[-1,6,10],"rotation":{"angle":0,"axis":"y","origin":[-1.25,4.25,8]},"faces":{"north":{"uv":[4.375,3.25,4.625,3.5],"rotation":270,"texture":"#0"},"east":{"uv":[4.375,6.5,3.875,6.25],"rotation":180,"texture":"#0"},"south":{"uv":[4.375,3.25,4.625,3.5],"rotation":270,"texture":"#0"},"west":{"uv":[4.375,6.5,3.875,6.25],"rotation":180,"texture":"#0"},"up":{"uv":[3.875,6.5,3.375,6.25],"rotation":90,"texture":"#0"},"down":{"uv":[3.375,6.5,2.875,6.25],"rotation":90,"texture":"#0"}}},{"from":[-1.5,4.5,9.5],"to":[-1,5.5,10],"rotation":{"angle":0,"axis":"y","origin":[-1.25,4.25,8]},"faces":{"north":{"uv":[4.375,3.75,4.875,3.5],"rotation":270,"texture":"#0"},"east":{"uv":[4.625,3.5,5.125,3.25],"rotation":90,"texture":"#0"},"south":{"uv":[4.875,3.75,5.375,3.5],"rotation":270,"texture":"#0"},"west":{"uv":[4.625,3.5,5.125,3.25],"rotation":90,"texture":"#0"},"up":{"uv":[5.375,3.25,5.125,3.5],"texture":"#0"},"down":{"uv":[5.375,3.25,5.125,3.5],"rotation":180,"texture":"#0"}}},{"from":[-1.5,4,8],"to":[-1,4.5,10],"rotation":{"angle":0,"axis":"y","origin":[16,16,0]},"faces":{"north":{"uv":[5.375,3.25,5.125,3.5],"texture":"#0"},"east":{"uv":[5.375,4,4.375,4.25],"texture":"#0"},"south":{"uv":[7.625,3,7.375,3.25],"texture":"#0"},"west":{"uv":[5.375,4,4.375,4.25],"texture":"#0"},"up":{"uv":[4.375,4,5.375,3.75],"rotation":90,"texture":"#0"},"down":{"uv":[7.875,2.75,8.875,2.5],"rotation":270,"texture":"#0"}}},{"from":[-2,5,7],"to":[0,6.5,9],"rotation":{"angle":0,"axis":"y","origin":[16,16,0]},"faces":{"north":{"uv":[11.875,2.25,10.875,3],"texture":"#0"},"east":{"uv":[10.875,1,9.875,1.75],"texture":"#0"},"south":{"uv":[10.875,2.25,11.875,3],"texture":"#0"},"west":{"uv":[10.875,1,9.875,1.75],"texture":"#0"},"up":{"uv":[10.875,2.25,11.875,1.25],"rotation":90,"texture":"#0"},"down":{"uv":[9.875,2.75,10.875,1.75],"rotation":270,"texture":"#0"}}},{"from":[13,0,13],"to":[15,9.5,14],"rotation":{"angle":0,"axis":"y","origin":[16,0,16]},"faces":{"north":{"uv":[10.5,4.25,11.5,9],"texture":"#0"},"east":{"uv":[10,4.25,10.5,9],"texture":"#0"},"south":{"uv":[10.5,4.25,11.5,9],"texture":"#0"},"west":{"uv":[10.5,4.25,10,9],"texture":"#0"},"up":{"uv":[13.5,5.25,12.5,4.75],"texture":"#0"},"down":{"uv":[13.5,5.25,12.5,4.75],"texture":"#0"}}},{"from":[6.9,3.3,2.3],"to":[7.9,5.5,3.6],"rotation":{"angle":45,"axis":"z","origin":[8,3.7,3.2]},"faces":{"north":{"uv":[0,10.5,0.5,11.5],"texture":"#0"},"east":{"uv":[0.75,11.5,0,12.5],"texture":"#0"},"south":{"uv":[0.5,10.5,0,11.5],"texture":"#0"},"west":{"uv":[0.75,11.5,0,12.5],"texture":"#0"},"up":{"uv":[0.5,9.75,0,10.5],"texture":"#0"},"down":{"uv":[0.5,9.75,0,10.5],"texture":"#0"}}},{"from":[2,6,0],"to":[3,7.5,2],"rotation":{"angle":0,"axis":"y","origin":[16,16,0]},"faces":{"north":{"uv":[12.5,4,11.5,5.5],"texture":"#5"},"east":{"uv":[11.5,2.5,13.5,4],"texture":"#5"},"south":{"uv":[12.5,4,11.5,5.5],"texture":"#5"},"west":{"uv":[13.5,2.5,11.5,4],"texture":"#5"},"up":{"uv":[13.5,4,12.5,6],"texture":"#5"},"down":{"uv":[11.5,6,10.5,4],"texture":"#5"}}},{"from":[13,6,0],"to":[14,7.5,2],"rotation":{"angle":0,"axis":"y","origin":[0,16,0]},"faces":{"north":{"uv":[11.5,4,12.5,5.5],"texture":"#5"},"east":{"uv":[11.5,2.5,13.5,4],"texture":"#5"},"south":{"uv":[11.5,4,12.5,5.5],"texture":"#5"},"west":{"uv":[13.5,2.5,11.5,4],"texture":"#5"},"up":{"uv":[12.5,4,13.5,6],"texture":"#5"},"down":{"uv":[10.5,6,11.5,4],"texture":"#5"}}},{"from":[13,2,0],"to":[14,3.5,2],"faces":{"north":{"uv":[11.5,5.5,12.5,4],"texture":"#5"},"east":{"uv":[11.5,4,13.5,2.5],"texture":"#5"},"south":{"uv":[11.5,5.5,12.5,4],"texture":"#5"},"west":{"uv":[13.5,4,11.5,2.5],"texture":"#5"},"up":{"uv":[10.5,4,11.5,6],"texture":"#5"},"down":{"uv":[12.5,6,13.5,4],"texture":"#5"}}},{"from":[2,2,0],"to":[3,3.5,2],"rotation":{"angle":0,"axis":"y","origin":[16,0,0]},"faces":{"north":{"uv":[12.5,5.5,11.5,4],"texture":"#5"},"east":{"uv":[11.5,4,13.5,2.5],"texture":"#5"},"south":{"uv":[12.5,5.5,11.5,4],"texture":"#5"},"west":{"uv":[13.5,4,11.5,2.5],"texture":"#5"},"up":{"uv":[11.5,4,10.5,6],"texture":"#5"},"down":{"uv":[13.5,6,12.5,4],"texture":"#5"}}},{"from":[-0.1,0,3],"to":[-0.1,9.5,13],"rotation":{"angle":0,"axis":"y","origin":[7.6,5.25,0.1]},"faces":{"north":{"uv":[12,11.25,12,16],"texture":"#0"},"east":{"uv":[12,11.25,7,16],"texture":"#0"},"south":{"uv":[12,11.25,12,16],"texture":"#0"},"west":{"uv":[12,11.25,7,16],"texture":"#0"},"up":{"uv":[12,6.25,12,11.25],"texture":"#0"},"down":{"uv":[12,6.25,12,11.25],"texture":"#0"}}},{"from":[16.1,0,3],"to":[16.1,9.5,13],"rotation":{"angle":0,"axis":"y","origin":[8.4,5.25,0.1]},"faces":{"north":{"uv":[12,11.25,12,16],"texture":"#0"},"east":{"uv":[7,11.25,12,16],"texture":"#0"},"south":{"uv":[12,11.25,12,16],"texture":"#0"},"west":{"uv":[7,11.25,12,16],"texture":"#0"},"up":{"uv":[12,6.25,12,11.25],"texture":"#0"},"down":{"uv":[12,6.25,12,11.25],"texture":"#0"}}}],"gui_light":"front","display":{"thirdperson_righthand":{"rotation":[67.5,0,0],"translation":[0,2,0.5],"scale":[0.29102,0.29102,0.29102]},"thirdperson_lefthand":{"rotation":[67.5,0,0],"translation":[0,2,0.5],"scale":[0.29102,0.29102,0.29102]},"firstperson_righthand":{"translation":[0.25,4.25,2.25],"scale":[0.33008,0.33008,0.33008]},"firstperson_lefthand":{"translation":[0.25,4.25,2.25],"scale":[0.33008,0.33008,0.33008]},"ground":{"translation":[0,7,0],"scale":[0.54492,0.54492,0.54492]},"gui":{"rotation":[30,135,0],"translation":[0,1.25,-2],"scale":[0.68375,0.68375,0.68375]},"head":{"translation":[0,-30.4,-0.25],"scale":[1.6,1.6,1.6]},"fixed":{"rotation":[-90,0,0],"translation":[0,2,-16],"scale":[2,2,2]}},"mcmodels":"e970e2732092479c1b2f8604fdee17db"}