{"textures​":{"layer0":"minecraft:item/filled_map"},"credit":"Made with Blockbench","\u0074\u0065\u0078\u0074\u0075\u0072\u0065\u0073":{"0":"\u0065\u006c\u0069\u0074\u0065\u0063\u0072\u0065\u0061\u0074\u0075\u0072\u0065\u0073:\u006b\u006e\u0069\u0067\u0068\u0074_\u0061\u006e\u0069\u006d\u0061\u0074\u0065\u0064_\u0077\u0065\u0061\u0070\u006f\u006e_\u0073\u0065\u0074/\u0074\u0065\u0078\u0074\u0075\u0072\u00651","2":"\u0065\u006c\u0069\u0074\u0065\u0063\u0072\u0065\u0061\u0074\u0075\u0072\u0065\u0073:\u006b\u006e\u0069\u0067\u0068\u0074_\u0061\u006e\u0069\u006d\u0061\u0074\u0065\u0064_\u0077\u0065\u0061\u0070\u006f\u006e_\u0073\u0065\u0074/\u0074\u0065\u0078\u0074\u0075\u0072\u00653","4":"\u0065\u006c\u0069\u0074\u0065\u0063\u0072\u0065\u0061\u0074\u0075\u0072\u0065\u0073:\u006b\u006e\u0069\u0067\u0068\u0074_\u0061\u006e\u0069\u006d\u0061\u0074\u0065\u0064_\u0077\u0065\u0061\u0070\u006f\u006e_\u0073\u0065\u0074/\u0074\u0065\u0078\u0074\u0075\u0072\u00655","5":"\u0065\u006c\u0069\u0074\u0065\u0063\u0072\u0065\u0061\u0074\u0075\u0072\u0065\u0073:\u006b\u006e\u0069\u0067\u0068\u0074_\u0061\u006e\u0069\u006d\u0061\u0074\u0065\u0064_\u0077\u0065\u0061\u0070\u006f\u006e_\u0073\u0065\u0074/\u0074\u0065\u0078\u0074\u0075\u0072\u00656","8":"\u0065\u006c\u0069\u0074\u0065\u0063\u0072\u0065\u0061\u0074\u0075\u0072\u0065\u0073:\u006b\u006e\u0069\u0067\u0068\u0074_\u0061\u006e\u0069\u006d\u0061\u0074\u0065\u0064_\u0077\u0065\u0061\u0070\u006f\u006e_\u0073\u0065\u0074/\u0073\u0069\u006e\u0068\u0069\u006e\u00671","9":"\u0065\u006c\u0069\u0074\u0065\u0063\u0072\u0065\u0061\u0074\u0075\u0072\u0065\u0073:\u006b\u006e\u0069\u0067\u0068\u0074_\u0061\u006e\u0069\u006d\u0061\u0074\u0065\u0064_\u0077\u0065\u0061\u0070\u006f\u006e_\u0073\u0065\u0074/\u0073\u0069\u006e\u0068\u0069\u006e\u00672","\u0070\u0061\u0072\u0074\u0069\u0063\u006c\u0065":"\u0065\u006c\u0069\u0074\u0065\u0063\u0072\u0065\u0061\u0074\u0075\u0072\u0065\u0073:\u006b\u006e\u0069\u0067\u0068\u0074_\u0061\u006e\u0069\u006d\u0061\u0074\u0065\u0064_\u0077\u0065\u0061\u0070\u006f\u006e_\u0073\u0065\u0074/\u0074\u0065\u0078\u0074\u0075\u0072\u00651"},"elements":[{"from":[18.3,7.7,9.6],"to":[19.3,8.7,15.6],"rotation":{"angle":-45,"axis":"y","origin":[13,8.2,14.2]},"faces":{"north":{"uv":[3.25,6.5,3.75,7],"texture":"#0"},"east":{"uv":[2.75,7,3.25,10],"rotation":270,"texture":"#0"},"south":{"uv":[2.75,6.5,3.25,7],"rotation":180,"texture":"#0"},"west":{"uv":[3.75,7,4.25,10],"rotation":90,"texture":"#0"},"up":{"uv":[3.25,7,3.75,10],"rotation":180,"texture":"#0"},"down":{"uv":[4.25,6.875,4.75,9.875],"texture":"#0"}}},{"from":[18.3,7.7,0.8],"to":[19.3,8.7,6.8],"rotation":{"angle":45,"axis":"y","origin":[13,8.2,2.2]},"faces":{"north":{"uv":[2.75,7,3.25,6.5],"texture":"#0"},"east":{"uv":[2.75,10,3.25,7],"rotation":270,"texture":"#0"},"south":{"uv":[3.25,7,3.75,6.5],"rotation":180,"texture":"#0"},"west":{"uv":[3.75,10,4.25,7],"rotation":90,"texture":"#0"},"up":{"uv":[3.25,10,3.75,7],"rotation":180,"texture":"#0"},"down":{"uv":[4.25,9.875,4.75,6.875],"texture":"#0"}}},{"from":[7,7.2,20.4],"to":[9,8.2,22.4],"rotation":{"angle":22.5,"axis":"y","origin":[6.5,9.9,0.7]},"faces":{"north":{"uv":[9,5,10,4.5],"rotation":180,"texture":"#2"},"east":{"uv":[10.5,4,10,5],"rotation":270,"texture":"#2"},"south":{"uv":[10.5,5,10,6],"rotation":90,"texture":"#2"},"west":{"uv":[10,4,10.5,5],"rotation":90,"texture":"#2"},"up":{"uv":[10,5,9,6],"rotation":180,"texture":"#2"},"down":{"uv":[10,5,9,6],"texture":"#2"}}},{"from":[7,8.2,20.4],"to":[9,9.2,22.4],"rotation":{"angle":22.5,"axis":"y","origin":[6.5,6.5,0.7]},"faces":{"north":{"uv":[9,4.5,10,5],"rotation":180,"texture":"#2"},"east":{"uv":[10,4,10.5,5],"rotation":270,"texture":"#2"},"south":{"uv":[10,5,10.5,6],"rotation":90,"texture":"#2"},"west":{"uv":[10.5,4,10,5],"rotation":90,"texture":"#2"},"up":{"uv":[9,5,10,6],"rotation":180,"texture":"#2"},"down":{"uv":[9,5,10,6],"texture":"#2"}}},{"from":[7.5,6.7,19],"to":[8.5,9.7,22],"rotation":{"angle":45,"axis":"y","origin":[7,9.2,20.2]},"faces":{"north":{"uv":[12.5,13,14,12.5],"rotation":90,"texture":"#4"},"east":{"uv":[14,13,12.5,14.5],"rotation":270,"texture":"#4"},"south":{"uv":[11,13,12.5,12.5],"rotation":90,"texture":"#4"},"west":{"uv":[12.5,13,11,14.5],"rotation":90,"texture":"#4"},"up":{"uv":[14,12.5,14.5,14],"rotation":180,"texture":"#4"},"down":{"uv":[14.5,12.5,14,14],"texture":"#4"}}},{"from":[7.5,5.7,20.2],"to":[11.5,10.7,21.2],"rotation":{"angle":0,"axis":"y","origin":[6.5,12.2,12.2]},"faces":{"north":{"uv":[0,16,2.5,14],"rotation":90,"texture":"#4"},"east":{"uv":[5,13.5,2.5,14],"rotation":270,"texture":"#4"},"south":{"uv":[2.5,16,5,14],"rotation":90,"texture":"#4"},"west":{"uv":[2.5,13.5,0,14],"rotation":90,"texture":"#4"},"up":{"uv":[0,13,2,13.5],"rotation":180,"texture":"#4"},"down":{"uv":[2,13,0,13.5],"texture":"#4"}}},{"from":[10,5.2,17.6],"to":[12,11.2,20.6],"rotation":{"angle":-22.5,"axis":"y","origin":[10.5,9.2,18.7]},"faces":{"north":{"uv":[8,14.5,11,13.5],"rotation":90,"texture":"#4"},"east":{"uv":[8,14.5,5,16],"rotation":270,"texture":"#4"},"south":{"uv":[5,14.5,8,13.5],"rotation":90,"texture":"#4"},"west":{"uv":[11,14.5,8,16],"rotation":90,"texture":"#4"},"up":{"uv":[11,14.5,12,16],"rotation":180,"texture":"#4"},"down":{"uv":[12,14.5,11,16],"texture":"#4"}}},{"from":[8.5,6.2,20],"to":[11.5,10.2,22],"rotation":{"angle":45,"axis":"y","origin":[7,9.2,20.2]},"faces":{"north":{"uv":[12,16,14,14.5],"rotation":90,"texture":"#4"},"east":{"uv":[16,14,14,15],"rotation":270,"texture":"#4"},"south":{"uv":[12,16,14,14.5],"rotation":90,"texture":"#4"},"west":{"uv":[16,15,14,16],"rotation":90,"texture":"#4"},"up":{"uv":[14.5,13,16,14],"rotation":180,"texture":"#4"},"down":{"uv":[16,13,14.5,14],"texture":"#4"}}},{"from":[8.2,6.7,16.5],"to":[9.2,9.7,19.5],"rotation":{"angle":22.5,"axis":"y","origin":[7,9.2,20.2]},"faces":{"north":{"uv":[14.5,10,16,9.5],"rotation":90,"texture":"#4"},"east":{"uv":[16,10,14.5,11.5],"rotation":270,"texture":"#4"},"south":{"uv":[14.5,10,16,9.5],"rotation":90,"texture":"#4"},"west":{"uv":[16,11.5,14.5,13],"rotation":90,"texture":"#4"},"up":{"uv":[14,11,14.5,12.5],"rotation":180,"texture":"#4"},"down":{"uv":[14.5,11,14,12.5],"texture":"#4"}}},{"from":[9.6,7.7,19.2],"to":[15.6,8.7,20.2],"rotation":{"angle":0,"axis":"y","origin":[13,8.2,14.2]},"faces":{"north":{"uv":[3.75,7,4.25,10],"rotation":90,"texture":"#0"},"east":{"uv":[3.25,6.5,3.75,7],"texture":"#0"},"south":{"uv":[2.75,7,3.25,10],"rotation":270,"texture":"#0"},"west":{"uv":[2.75,6.5,3.25,7],"rotation":180,"texture":"#0"},"up":{"uv":[3.25,7,3.75,10],"rotation":270,"texture":"#0"},"down":{"uv":[4.25,6.875,4.75,9.875],"rotation":270,"texture":"#0"}}},{"from":[7.5,8.2,-2.3],"to":[8,8.2,8.2],"rotation":{"angle":-22.5,"axis":"y","origin":[8.75,8.2,2.95]},"faces":{"north":{"uv":[0,0,0,0.25],"rotation":90,"texture":"#4"},"east":{"uv":[5.25,0,0,0],"rotation":180,"texture":"#4"},"south":{"uv":[0,0,0,0.25],"rotation":270,"texture":"#4"},"west":{"uv":[5.25,0,0,0],"texture":"#4"},"up":{"uv":[5.625,9.5,5.875,4.25],"texture":"#4"},"down":{"uv":[5.625,9.5,5.875,4.25],"texture":"#4"}}},{"from":[9.6,7.7,-3.8],"to":[15.6,8.7,-2.8],"rotation":{"angle":0,"axis":"y","origin":[13,8.2,2.2]},"faces":{"north":{"uv":[3.25,7,2.75,10],"rotation":90,"texture":"#0"},"east":{"uv":[3.75,6.5,3.25,7],"texture":"#0"},"south":{"uv":[4.25,7,3.75,10],"rotation":270,"texture":"#0"},"west":{"uv":[3.25,6.5,2.75,7],"rotation":180,"texture":"#0"},"up":{"uv":[3.75,7,3.25,10],"rotation":270,"texture":"#0"},"down":{"uv":[4.75,6.875,4.25,9.875],"rotation":270,"texture":"#0"}}},{"from":[8.2,6.7,-3.1],"to":[9.2,9.7,-0.1],"rotation":{"angle":-22.5,"axis":"y","origin":[7,9.2,-3.8]},"faces":{"north":{"uv":[16,10,14.5,9.5],"rotation":270,"texture":"#4"},"east":{"uv":[16,11.5,14.5,10],"rotation":270,"texture":"#4"},"south":{"uv":[16,10,14.5,9.5],"rotation":270,"texture":"#4"},"west":{"uv":[16,13,14.5,11.5],"rotation":90,"texture":"#4"},"up":{"uv":[14,12.5,14.5,11],"rotation":180,"texture":"#4"},"down":{"uv":[14.5,12.5,14,11],"texture":"#4"}}},{"from":[8.5,6.2,-5.6],"to":[11.5,10.2,-3.6],"rotation":{"angle":-45,"axis":"y","origin":[7,9.2,-3.8]},"faces":{"north":{"uv":[14,16,12,14.5],"rotation":270,"texture":"#4"},"east":{"uv":[16,15,14,14],"rotation":270,"texture":"#4"},"south":{"uv":[14,16,12,14.5],"rotation":270,"texture":"#4"},"west":{"uv":[16,16,14,15],"rotation":90,"texture":"#4"},"up":{"uv":[14.5,14,16,13],"rotation":180,"texture":"#4"},"down":{"uv":[16,14,14.5,13],"texture":"#4"}}},{"from":[10,5.2,-4.2],"to":[12,11.2,-1.2],"rotation":{"angle":22.5,"axis":"y","origin":[10.5,9.2,-2.3]},"faces":{"north":{"uv":[8,14.5,5,13.5],"rotation":270,"texture":"#4"},"east":{"uv":[8,16,5,14.5],"rotation":270,"texture":"#4"},"south":{"uv":[11,14.5,8,13.5],"rotation":270,"texture":"#4"},"west":{"uv":[11,16,8,14.5],"rotation":90,"texture":"#4"},"up":{"uv":[11,16,12,14.5],"rotation":180,"texture":"#4"},"down":{"uv":[12,16,11,14.5],"texture":"#4"}}},{"from":[7.5,5.7,-4.8],"to":[11.5,10.7,-3.8],"rotation":{"angle":0,"axis":"y","origin":[6.5,12.2,4.2]},"faces":{"north":{"uv":[5,16,2.5,14],"rotation":270,"texture":"#4"},"east":{"uv":[5,14,2.5,13.5],"rotation":270,"texture":"#4"},"south":{"uv":[2.5,16,0,14],"rotation":270,"texture":"#4"},"west":{"uv":[2.5,14,0,13.5],"rotation":90,"texture":"#4"},"up":{"uv":[0,13.5,2,13],"rotation":180,"texture":"#4"},"down":{"uv":[2,13.5,0,13],"texture":"#4"}}},{"from":[7.5,6.7,-5.6],"to":[8.5,9.7,-2.6],"rotation":{"angle":-45,"axis":"y","origin":[7,9.2,-3.8]},"faces":{"north":{"uv":[12.5,13,11,12.5],"rotation":270,"texture":"#4"},"east":{"uv":[14,14.5,12.5,13],"rotation":270,"texture":"#4"},"south":{"uv":[14,13,12.5,12.5],"rotation":270,"texture":"#4"},"west":{"uv":[12.5,14.5,11,13],"rotation":90,"texture":"#4"},"up":{"uv":[14,14,14.5,12.5],"rotation":180,"texture":"#4"},"down":{"uv":[14.5,14,14,12.5],"texture":"#4"}}},{"from":[7,7.2,-6],"to":[9,8.2,-4],"rotation":{"angle":-22.5,"axis":"y","origin":[6.5,9.9,15.7]},"faces":{"north":{"uv":[10,5,10.5,6],"rotation":270,"texture":"#2"},"east":{"uv":[10.5,5,10,4],"rotation":270,"texture":"#2"},"south":{"uv":[9,4.5,10,5],"texture":"#2"},"west":{"uv":[10,5,10.5,4],"rotation":90,"texture":"#2"},"up":{"uv":[10,6,9,5],"rotation":180,"texture":"#2"},"down":{"uv":[10,6,9,5],"texture":"#2"}}},{"from":[7,8.2,-6],"to":[9,9.2,-4],"rotation":{"angle":-22.5,"axis":"y","origin":[6.5,6.5,15.7]},"faces":{"north":{"uv":[10.5,5,10,6],"rotation":270,"texture":"#2"},"east":{"uv":[10,5,10.5,4],"rotation":270,"texture":"#2"},"south":{"uv":[9,5,10,4.5],"texture":"#2"},"west":{"uv":[10.5,5,10,4],"rotation":90,"texture":"#2"},"up":{"uv":[9,6,10,5],"rotation":180,"texture":"#2"},"down":{"uv":[9,6,10,5],"texture":"#2"}}},{"from":[9,6,6.7],"to":[19,8,9.7],"rotation":{"angle":0,"axis":"y","origin":[6,0,7.5]},"faces":{"north":{"uv":[9.5,6.5,10.5,11.5],"rotation":90,"texture":"#5"},"east":{"uv":[12.5,10,14,11],"texture":"#5"},"south":{"uv":[9.5,11.5,10.5,6.5],"rotation":90,"texture":"#5"},"west":{"uv":[12.5,10,14,11],"texture":"#5"},"up":{"uv":[11,11,12.5,16],"rotation":90,"texture":"#5"},"down":{"uv":[12.5,11,14,16],"rotation":90,"texture":"#5"}}},{"from":[1,5,6.5],"to":[8,8,10],"rotation":{"angle":0,"axis":"y","origin":[6,0,7.5]},"faces":{"north":{"uv":[14,6.75,10.5,8.25],"texture":"#5"},"east":{"uv":[8,4,9.75,5.5],"texture":"#5"},"south":{"uv":[10.5,6.75,14,8.25],"texture":"#5"},"west":{"uv":[3.75,11,5.5,12.5],"texture":"#5"},"up":{"uv":[4.5,3.75,8,5.5],"texture":"#5"},"down":{"uv":[10.5,8.25,14,10],"texture":"#5"}}},{"from":[8,5,5.7],"to":[9,8,10.7],"rotation":{"angle":0,"axis":"y","origin":[6,0,7.5]},"faces":{"north":{"uv":[5.5,3.25,7,3.75],"rotation":90,"texture":"#5"},"east":{"uv":[5,13.5,7.5,15],"texture":"#5"},"south":{"uv":[5.5,3.25,7,3.75],"rotation":90,"texture":"#5"},"west":{"uv":[5,13.5,7.5,15],"texture":"#5"},"up":{"uv":[8,3,10.5,3.5],"rotation":90,"texture":"#5"},"down":{"uv":[8,3.5,10.5,4],"rotation":90,"texture":"#5"}}},{"from":[-4.5,6,8.5],"to":[-3,7,9.5],"rotation":{"angle":22.5,"axis":"y","origin":[-5,6.5,9.2]},"faces":{"north":{"uv":[14.5,2.75,15,2],"rotation":90,"texture":"#0"},"east":{"uv":[16,1.5,15.5,2],"rotation":180,"texture":"#0"},"south":{"uv":[15,2.75,15.5,2],"rotation":270,"texture":"#0"},"west":{"uv":[16,1.5,15.5,2],"texture":"#0"},"up":{"uv":[15.5,2.75,16,2],"rotation":270,"texture":"#0"},"down":{"uv":[15.5,2.75,16,2],"rotation":270,"texture":"#0"}}},{"from":[-5,5.9,7.2],"to":[-4.5,7.1,9.2],"rotation":{"angle":0,"axis":"y","origin":[-5,6.5,9.2]},"faces":{"north":{"uv":[14,0,13.75,0.5],"rotation":180,"texture":"#0"},"east":{"uv":[13,1,13.5,0],"rotation":270,"texture":"#0"},"south":{"uv":[14,0,13.75,0.5],"texture":"#0"},"west":{"uv":[12.5,1,13,0],"rotation":90,"texture":"#0"},"up":{"uv":[13.5,0,13.75,1],"texture":"#0"},"down":{"uv":[13.75,0,13.5,1],"rotation":180,"texture":"#0"}}},{"from":[-4.5,6.1,6.9],"to":[-3,6.9,7.9],"rotation":{"angle":-22.5,"axis":"y","origin":[-5,6.5,7.2]},"faces":{"north":{"uv":[15.5,2.75,15,2],"rotation":90,"texture":"#0"},"east":{"uv":[15.5,1.5,16,2],"rotation":180,"texture":"#0"},"south":{"uv":[15,2.75,14.5,2],"rotation":270,"texture":"#0"},"west":{"uv":[15.5,1.5,16,2],"texture":"#0"},"up":{"uv":[16,2.75,15.5,2],"rotation":270,"texture":"#0"},"down":{"uv":[16,2.75,15.5,2],"rotation":270,"texture":"#0"}}},{"from":[-3,6,7.7],"to":[3,7,8.7],"rotation":{"angle":0,"axis":"y","origin":[4.5,6.5,8.2]},"faces":{"north":{"uv":[3.75,10,4.25,7],"rotation":90,"texture":"#0"},"east":{"uv":[3.25,6.5,2.75,7],"rotation":180,"texture":"#0"},"south":{"uv":[2.75,10,3.25,7],"rotation":270,"texture":"#0"},"west":{"uv":[3.75,6.5,3.25,7],"texture":"#0"},"up":{"uv":[3.25,10,3.75,7],"rotation":270,"texture":"#0"},"down":{"uv":[4.25,9.875,4.75,6.875],"rotation":270,"texture":"#0"}}},{"from":[8,2,7.5],"to":[12,6,8.5],"rotation":{"angle":0,"axis":"y","origin":[2.5,4,8]},"faces":{"north":{"uv":[6,9.25,8,11.25],"texture":"#4"},"east":{"uv":[6.875,7.25,7.375,9.25],"texture":"#4"},"south":{"uv":[6,9.25,8,11.25],"texture":"#4"},"west":{"uv":[6.875,7.25,7.375,9.25],"texture":"#4"},"up":{"uv":[6,7.25,6.5,9.25],"rotation":270,"texture":"#4"},"down":{"uv":[7.375,7.25,7.875,9.25],"rotation":270,"texture":"#4"}}},{"from":[6,8,7.7],"to":[8,9.5,8.7],"rotation":{"angle":0,"axis":"y","origin":[5,-1,0]},"faces":{"north":{"uv":[4.5,12.75,5.5,13.5],"texture":"#5"},"east":{"uv":[4,12.75,4.5,13.5],"texture":"#5"},"south":{"uv":[5.5,12.75,4.5,13.5],"texture":"#5"},"west":{"uv":[4,12.75,4.5,13.5],"texture":"#5"},"up":{"uv":[3.5,13,4.5,13.5],"texture":"#5"},"down":{"uv":[3.5,13,4.5,13.5],"texture":"#5"}}},{"from":[5.5,9.5,6.7],"to":[8.5,10,9.7],"rotation":{"angle":0,"axis":"y","origin":[5,-1,0]},"faces":{"north":{"uv":[3.5,13.5,5,13.75],"texture":"#5"},"east":{"uv":[2,13.5,3.5,13.75],"texture":"#5"},"south":{"uv":[3.5,13.5,5,13.75],"texture":"#5"},"west":{"uv":[2,13.5,3.5,13.75],"texture":"#5"},"up":{"uv":[2,13.75,3.5,15.25],"texture":"#5"},"down":{"uv":[3.5,13.75,5,15.25],"texture":"#5"}}},{"from":[9.3,10.5,10.7],"to":[10.3,13,11.7],"rotation":{"angle":0,"axis":"y","origin":[5.8,-1,0]},"faces":{"north":{"uv":[3.25,11.25,3.75,12.5],"texture":"#5"},"east":{"uv":[1.5,14,2,15.25],"texture":"#5"},"south":{"uv":[3.25,11.25,3.75,12.5],"texture":"#5"},"west":{"uv":[1.5,14,2,15.25],"texture":"#5"},"up":{"uv":[3,13,3.5,13.5],"texture":"#5"},"down":{"uv":[3,12.5,3.5,13],"texture":"#5"}}},{"from":[5.6,10,10],"to":[9.6,10.5,11],"rotation":{"angle":-45,"axis":"y","origin":[8.8,10.25,11.2]},"faces":{"north":{"uv":[5.5,12.5,3.5,12.75],"texture":"#5"},"east":{"uv":[3.5,12.75,4,13],"texture":"#5"},"south":{"uv":[3.5,12.5,5.5,12.75],"texture":"#5"},"west":{"uv":[3.5,12.75,4,13],"texture":"#5"},"up":{"uv":[5,15,7,15.5],"texture":"#5"},"down":{"uv":[10.5,10,12.5,10.5],"texture":"#5"}}},{"from":[9,8,8.7],"to":[15,9,9.7],"rotation":{"angle":0,"axis":"y","origin":[6,0,7.5]},"faces":{"north":{"uv":[8,15.5,5,16],"texture":"#5"},"east":{"uv":[10.5,14.5,11,15],"texture":"#5"},"south":{"uv":[5,15.5,8,16],"texture":"#5"},"west":{"uv":[10.5,14.5,11,15],"texture":"#5"},"up":{"uv":[8,15,11,15.5],"texture":"#5"},"down":{"uv":[8,15.5,11,16],"texture":"#5"}}},{"from":[15,8,6.5],"to":[19.5,10,7],"rotation":{"angle":0,"axis":"y","origin":[8,15.5,6.25]},"faces":{"north":{"uv":[8.5,12.25,6.25,13.25],"texture":"#4"},"east":{"uv":[6.25,12.25,6,13.25],"texture":"#4"},"south":{"uv":[6.25,12.25,8.5,13.25],"texture":"#4"},"west":{"uv":[6.25,12.25,6,13.25],"texture":"#4"},"up":{"uv":[8.5,12,6.25,12.25],"texture":"#4"},"down":{"uv":[8.5,12,6.25,12.25],"texture":"#4"}}},{"from":[15,8,9.5],"to":[19.5,10,10],"rotation":{"angle":0,"axis":"y","origin":[8,15.5,6.25]},"faces":{"north":{"uv":[8.5,12.25,6.25,13.25],"texture":"#4"},"east":{"uv":[6.25,12.25,6,13.25],"texture":"#4"},"south":{"uv":[6.25,12.25,8.5,13.25],"texture":"#4"},"west":{"uv":[6.25,12.25,6,13.25],"texture":"#4"},"up":{"uv":[8.5,12,6.25,12.25],"texture":"#4"},"down":{"uv":[8.5,12,6.25,12.25],"texture":"#4"}}},{"from":[9,8,6.7],"to":[15,9,7.7],"rotation":{"angle":0,"axis":"y","origin":[6,0,8.5]},"faces":{"north":{"uv":[8,15.5,5,16],"texture":"#5"},"east":{"uv":[11,14.5,10.5,15],"texture":"#5"},"south":{"uv":[5,15.5,8,16],"texture":"#5"},"west":{"uv":[11,14.5,10.5,15],"texture":"#5"},"up":{"uv":[8,15.5,11,15],"texture":"#5"},"down":{"uv":[8,16,11,15.5],"texture":"#5"}}},{"from":[10.5,3,8],"to":[15.5,8,8],"rotation":{"angle":0,"axis":"y","origin":[16,0,0]},"faces":{"north":{"uv":[0,11,2.5,13.5],"texture":"#5"},"east":{"uv":[0,0,0,2.5],"texture":"#5"},"south":{"uv":[2.5,11,0,13.5],"texture":"#5"},"west":{"uv":[0,0,0,2.5],"texture":"#5"},"up":{"uv":[2.5,0,0,0],"texture":"#5"},"down":{"uv":[2.5,0,0,0],"texture":"#5"}}},{"from":[6,9.6,7.2],"to":[8,10.6,9.2],"rotation":{"angle":0,"axis":"y","origin":[8,10.1,7]},"faces":{"north":{"uv":[10.5,5,10,6],"rotation":270,"texture":"#2"},"east":{"uv":[10,5,10.5,4],"rotation":270,"texture":"#2"},"south":{"uv":[9,5,10,4.5],"texture":"#2"},"west":{"uv":[10.5,5,10,4],"rotation":90,"texture":"#2"},"up":{"uv":[9,6,10,5],"rotation":180,"texture":"#2"},"down":{"uv":[9,6,10,5],"texture":"#2"}}},{"from":[14,8.8,8],"to":[24,9.3,8.5],"rotation":{"angle":0,"axis":"y","origin":[-2,0,0]},"faces":{"north":{"uv":[0,15.75,5,16],"texture":"#5"},"east":{"uv":[0,15,0.25,15.25],"texture":"#5"},"south":{"uv":[5,15.75,0,16],"texture":"#5"},"west":{"uv":[0,15,0.25,15.25],"texture":"#5"},"up":{"uv":[0,15.25,5,15.5],"texture":"#5"},"down":{"uv":[0,15.5,5,15.75],"texture":"#5"}}},{"from":[4,8.8,8],"to":[14,9.3,8.5],"rotation":{"angle":0,"axis":"y","origin":[14,0,0]},"faces":{"north":{"uv":[5,15.75,0,16],"texture":"#5"},"east":{"uv":[0.25,15,0,15.25],"texture":"#5"},"south":{"uv":[0,15.75,5,16],"texture":"#5"},"west":{"uv":[0.25,15,0,15.25],"texture":"#5"},"up":{"uv":[5,15.25,0,15.5],"texture":"#5"},"down":{"uv":[5,15.5,0,15.75],"texture":"#5"}}},{"from":[3.4,8.2,8.1],"to":[3.9,8.2,18.6],"rotation":{"angle":22.5,"axis":"y","origin":[7.25,8.2,2.95]},"faces":{"north":{"uv":[0,0.25,0,0],"rotation":90,"texture":"#4"},"east":{"uv":[0,0,5.25,0],"texture":"#4"},"south":{"uv":[0,0.25,0,0],"rotation":270,"texture":"#4"},"west":{"uv":[0,0,5.25,0],"rotation":180,"texture":"#4"},"up":{"uv":[5.875,9.5,5.625,4.25],"texture":"#4"},"down":{"uv":[5.875,9.5,5.625,4.25],"texture":"#4"}}},{"from":[9.5,10.2,-3.9],"to":[11.5,11.7,-1.9],"rotation":{"angle":-45,"axis":"y","origin":[8.5,-4.3,-2.8]},"faces":{"north":{"uv":[16,8,14,6.5],"texture":"#8"},"east":{"uv":[16,6.5,14,5],"rotation":180,"texture":"#8"},"south":{"uv":[16,8,14,6.5],"texture":"#8"},"west":{"uv":[16,6.5,14,5],"rotation":180,"texture":"#8"},"up":{"uv":[16,8,14,10],"rotation":180,"texture":"#8"},"down":{"uv":[16,8,14,10],"rotation":180,"texture":"#8"}}},{"from":[9.5,10.2,17.9],"to":[11.5,11.7,19.9],"rotation":{"angle":45,"axis":"y","origin":[8.5,-4.3,18.8]},"faces":{"north":{"uv":[14,8,16,6.5],"texture":"#8"},"east":{"uv":[14,6.5,16,5],"rotation":180,"texture":"#8"},"south":{"uv":[14,8,16,6.5],"texture":"#8"},"west":{"uv":[14,6.5,16,5],"rotation":180,"texture":"#8"},"up":{"uv":[16,10,14,8],"rotation":180,"texture":"#8"},"down":{"uv":[16,10,14,8],"rotation":180,"texture":"#8"}}},{"from":[9.5,4.3,17.9],"to":[11.5,5.8,19.9],"rotation":{"angle":45,"axis":"y","origin":[8.5,20.3,18.8]},"faces":{"north":{"uv":[14,6.5,16,8],"texture":"#8"},"east":{"uv":[14,5,16,6.5],"rotation":180,"texture":"#8"},"south":{"uv":[14,6.5,16,8],"texture":"#8"},"west":{"uv":[14,5,16,6.5],"rotation":180,"texture":"#8"},"up":{"uv":[16,8,14,10],"rotation":180,"texture":"#8"},"down":{"uv":[16,8,14,10],"rotation":180,"texture":"#8"}}},{"from":[9.5,4.3,-3.9],"to":[11.5,5.8,-1.9],"rotation":{"angle":-45,"axis":"y","origin":[8.5,20.3,-2.8]},"faces":{"north":{"uv":[16,6.5,14,8],"texture":"#8"},"east":{"uv":[16,5,14,6.5],"rotation":180,"texture":"#8"},"south":{"uv":[16,6.5,14,8],"texture":"#8"},"west":{"uv":[16,5,14,6.5],"rotation":180,"texture":"#8"},"up":{"uv":[16,10,14,8],"rotation":180,"texture":"#8"},"down":{"uv":[16,10,14,8],"rotation":180,"texture":"#8"}}},{"from":[-4,5.7,7],"to":[-3,7.2,9],"rotation":{"angle":0,"axis":"y","origin":[8,-2,7.95]},"faces":{"north":{"uv":[13.5,0,12.5,1.5],"rotation":180,"texture":"#8"},"east":{"uv":[10,2,8.5,0],"rotation":90,"texture":"#8"},"south":{"uv":[13.5,0,12.5,1.5],"texture":"#8"},"west":{"uv":[11.5,2,10,0],"rotation":270,"texture":"#8"},"up":{"uv":[11.5,2,12.5,0],"rotation":180,"texture":"#8"},"down":{"uv":[12.5,0,11.5,2],"texture":"#8"}}},{"from":[10,8.2,-1],"to":[12,8.2,11],"rotation":{"angle":-22.5,"axis":"y","origin":[16,14.4,8]},"faces":{"north":{"uv":[0,0,0,2],"rotation":270,"texture":"#9"},"east":{"uv":[0,0,6,0],"texture":"#9"},"south":{"uv":[0,0,0,2],"rotation":90,"texture":"#9"},"west":{"uv":[0,0,6,0],"rotation":180,"texture":"#9"},"up":{"uv":[0,12,2,0],"rotation":180,"texture":"#9"},"down":{"uv":[0,0,2,12],"rotation":180,"texture":"#9"}}},{"from":[10,8.2,5],"to":[12,8.2,17],"rotation":{"angle":22.5,"axis":"y","origin":[16,14.4,8]},"faces":{"north":{"uv":[0,2,0,0],"rotation":90,"texture":"#9"},"east":{"uv":[6,0,0,0],"texture":"#9"},"south":{"uv":[0,2,0,0],"rotation":270,"texture":"#9"},"west":{"uv":[6,0,0,0],"rotation":180,"texture":"#9"},"up":{"uv":[0,0,2,12],"rotation":180,"texture":"#9"},"down":{"uv":[0,12,2,0],"rotation":180,"texture":"#9"}}},{"from":[19.5,7.5,5.2],"to":[20.5,9,7.2],"rotation":{"angle":0,"axis":"y","origin":[12,9,5.2]},"faces":{"north":{"uv":[1.75,14,2.25,14.75],"rotation":180,"texture":"#0"},"east":{"uv":[2.25,13.75,3,14.75],"rotation":270,"texture":"#0"},"south":{"uv":[1.75,13.25,2.25,14],"texture":"#0"},"west":{"uv":[2.25,13.75,3,14.75],"rotation":90,"texture":"#0"},"up":{"uv":[3,13.75,3.5,14.75],"rotation":180,"texture":"#0"},"down":{"uv":[3,13.75,3.5,14.75],"texture":"#0"}}},{"from":[20.1,7.6,6.8],"to":[21.1,8.9,9],"rotation":{"angle":45,"axis":"y","origin":[20,8,7.2]},"faces":{"north":{"uv":[0,9.75,0.5,10.5],"rotation":180,"texture":"#0"},"east":{"uv":[0,11.5,0.75,12.5],"rotation":270,"texture":"#0"},"south":{"uv":[0,9.75,0.5,10.5],"texture":"#0"},"west":{"uv":[0,11.5,0.75,12.5],"rotation":90,"texture":"#0"},"up":{"uv":[0.5,10.5,0,11.5],"rotation":180,"texture":"#0"},"down":{"uv":[0,10.5,0.5,11.5],"texture":"#0"}}},{"from":[18.9,7.6,6.8],"to":[19.9,8.9,9],"rotation":{"angle":-45,"axis":"y","origin":[20,8,7.2]},"faces":{"north":{"uv":[0.5,9.75,0,10.5],"rotation":180,"texture":"#0"},"east":{"uv":[0.75,11.5,0,12.5],"rotation":270,"texture":"#0"},"south":{"uv":[0.5,9.75,0,10.5],"texture":"#0"},"west":{"uv":[0.75,11.5,0,12.5],"rotation":90,"texture":"#0"},"up":{"uv":[0,10.5,0.5,11.5],"rotation":180,"texture":"#0"},"down":{"uv":[0.5,10.5,0,11.5],"texture":"#0"}}},{"from":[20.1,7.6,7.4],"to":[21.1,8.9,9.6],"rotation":{"angle":-45,"axis":"y","origin":[20,8,9.2]},"faces":{"north":{"uv":[0,13.75,0.5,14.5],"rotation":180,"texture":"#0"},"east":{"uv":[1,13.75,1.75,14.75],"rotation":270,"texture":"#0"},"south":{"uv":[0,13.75,0.5,14.5],"texture":"#0"},"west":{"uv":[1,13.75,1.75,14.75],"rotation":90,"texture":"#0"},"up":{"uv":[1,13.75,0.5,14.75],"rotation":180,"texture":"#0"},"down":{"uv":[0.5,13.75,1,14.75],"texture":"#0"}}},{"from":[18.9,7.6,7.4],"to":[19.9,8.9,9.6],"rotation":{"angle":45,"axis":"y","origin":[20,8,9.2]},"faces":{"north":{"uv":[0.5,13.75,0,14.5],"rotation":180,"texture":"#0"},"east":{"uv":[1.75,13.75,1,14.75],"rotation":270,"texture":"#0"},"south":{"uv":[0.5,13.75,0,14.5],"texture":"#0"},"west":{"uv":[1.75,13.75,1,14.75],"rotation":90,"texture":"#0"},"up":{"uv":[0.5,13.75,1,14.75],"rotation":180,"texture":"#0"},"down":{"uv":[1,13.75,0.5,14.75],"texture":"#0"}}},{"from":[19.5,7.5,9.2],"to":[20.5,9,11.2],"rotation":{"angle":0,"axis":"y","origin":[12,9,11.2]},"faces":{"north":{"uv":[1.25,12.5,1.75,13.25],"rotation":180,"texture":"#0"},"east":{"uv":[2.75,12.75,3.5,13.75],"rotation":270,"texture":"#0"},"south":{"uv":[2.25,13,2.75,13.75],"texture":"#0"},"west":{"uv":[2.75,12.75,3.5,13.75],"rotation":90,"texture":"#0"},"up":{"uv":[3.5,12.75,4,13.75],"rotation":180,"texture":"#0"},"down":{"uv":[3.5,12.75,4,13.75],"texture":"#0"}}},{"from":[21,7.4,7.7],"to":[23,9,8.7],"rotation":{"angle":0,"axis":"y","origin":[20,8,8.2]},"faces":{"north":{"uv":[1.75,15,2.5,16],"rotation":90,"texture":"#0"},"east":{"uv":[1.25,15.25,1.75,16],"rotation":180,"texture":"#0"},"south":{"uv":[0.5,15,1.25,16],"rotation":270,"texture":"#0"},"west":{"uv":[1.25,15.25,1.75,16],"texture":"#0"},"up":{"uv":[0,15,0.5,16],"rotation":270,"texture":"#0"},"down":{"uv":[0,15,0.5,16],"rotation":270,"texture":"#0"}}},{"from":[19.7,7.2,7.5],"to":[21.7,7.6,9.5],"rotation":{"angle":45,"axis":"y","origin":[20,-7.5,9.2]},"faces":{"north":{"uv":[0,13.7,1,13.5],"texture":"#0"},"east":{"uv":[0,13.5,1,13.75],"rotation":180,"texture":"#0"},"south":{"uv":[1,12.5,1.25,13.5],"rotation":270,"texture":"#0"},"west":{"uv":[1,12.5,1.2,13.5],"rotation":270,"texture":"#0"},"up":{"uv":[0,12.5,1,13.5],"rotation":90,"texture":"#0"},"down":{"uv":[0,12.5,1,13.5],"rotation":90,"texture":"#0"}}},{"from":[19.7,8.8,7.5],"to":[21.7,9.2,9.5],"rotation":{"angle":45,"axis":"y","origin":[20,23.9,9.2]},"faces":{"north":{"uv":[0,13.5,1,13.7],"texture":"#0"},"east":{"uv":[0,13.75,1,13.5],"rotation":180,"texture":"#0"},"south":{"uv":[1.25,12.5,1,13.5],"rotation":270,"texture":"#0"},"west":{"uv":[1.2,12.5,1,13.5],"rotation":270,"texture":"#0"},"up":{"uv":[0,13.5,1,12.5],"rotation":270,"texture":"#0"},"down":{"uv":[0,13.5,1,12.5],"rotation":270,"texture":"#0"}}},{"from":[18.5,6.7,10.7],"to":[21.5,8.2,12.2],"rotation":{"angle":0,"axis":"y","origin":[5,16.2,14.7]},"faces":{"north":{"uv":[2.875,4,4.375,3.25],"rotation":180,"texture":"#0"},"east":{"uv":[5.125,3.25,4.375,2.5],"rotation":270,"texture":"#0"},"south":{"uv":[2.875,5.5,4.375,4.75],"texture":"#0"},"west":{"uv":[4.375,3.25,5.125,2.5],"rotation":90,"texture":"#0"},"up":{"uv":[2.875,3.25,4.375,2.5],"rotation":180,"texture":"#0"},"down":{"uv":[2.875,3.25,4.375,2.5],"texture":"#0"}}},{"from":[19,7.2,10.2],"to":[21,8.2,10.7],"rotation":{"angle":0,"axis":"y","origin":[5,16.2,14.7]},"faces":{"north":{"uv":[10.875,3.75,11.875,3.25],"rotation":180,"texture":"#0"},"east":{"uv":[11.375,3.25,10.875,3],"rotation":270,"texture":"#0"},"south":{"uv":[10.875,3.75,11.875,3.25],"texture":"#0"},"west":{"uv":[10.875,3.25,11.375,3],"rotation":90,"texture":"#0"},"up":{"uv":[12.125,3.25,11.875,4.25],"rotation":270,"texture":"#0"},"down":{"uv":[12.125,3.25,11.875,4.25],"rotation":90,"texture":"#0"}}},{"from":[19,7.2,12.2],"to":[21,8.2,14.7],"rotation":{"angle":0,"axis":"y","origin":[5,16.2,14.7]},"faces":{"north":{"uv":[4.375,3.75,5.375,3.25],"rotation":180,"texture":"#0"},"east":{"uv":[7.875,3.75,6.625,3.25],"texture":"#0"},"south":{"uv":[4.375,3.75,5.375,3.25],"texture":"#0"},"west":{"uv":[7.875,3.25,6.625,3.75],"rotation":180,"texture":"#0"},"up":{"uv":[6.625,3.25,5.375,4.25],"rotation":270,"texture":"#0"},"down":{"uv":[6.625,3.25,5.375,4.25],"rotation":90,"texture":"#0"}}},{"from":[18.5,6.7,14.7],"to":[21.5,9.7,15.2],"rotation":{"angle":0,"axis":"y","origin":[5,16.2,14.7]},"faces":{"north":{"uv":[13,13,16,10],"rotation":180,"texture":"#8"},"east":{"uv":[13,13,12.5,16],"texture":"#8"},"south":{"uv":[13,16,16,13],"texture":"#8"},"west":{"uv":[12.5,13,12,16],"rotation":180,"texture":"#8"},"up":{"uv":[13,13,12.5,16],"rotation":270,"texture":"#8"},"down":{"uv":[13,13,12.5,16],"rotation":90,"texture":"#8"}}},{"from":[19,8.2,10.2],"to":[21,9.2,10.7],"rotation":{"angle":0,"axis":"y","origin":[5,0.2,14.7]},"faces":{"north":{"uv":[10.875,3.25,11.875,3.75],"rotation":180,"texture":"#0"},"east":{"uv":[10.875,3.25,11.375,3],"rotation":270,"texture":"#0"},"south":{"uv":[10.875,3.25,11.875,3.75],"texture":"#0"},"west":{"uv":[11.375,3.25,10.875,3],"rotation":90,"texture":"#0"},"up":{"uv":[12.125,4.25,11.875,3.25],"rotation":270,"texture":"#0"},"down":{"uv":[12.125,4.25,11.875,3.25],"rotation":90,"texture":"#0"}}},{"from":[18.5,8.2,10.7],"to":[21.5,9.7,12.2],"rotation":{"angle":0,"axis":"y","origin":[5,0.2,14.7]},"faces":{"north":{"uv":[2.875,3.25,4.375,4],"rotation":180,"texture":"#0"},"east":{"uv":[4.375,3.25,5.125,2.5],"rotation":270,"texture":"#0"},"south":{"uv":[2.875,4.75,4.375,5.5],"texture":"#0"},"west":{"uv":[5.125,3.25,4.375,2.5],"rotation":90,"texture":"#0"},"up":{"uv":[4.375,3.25,2.875,2.5],"rotation":180,"texture":"#0"},"down":{"uv":[4.375,3.25,2.875,2.5],"texture":"#0"}}},{"from":[19,8.2,12.2],"to":[21,9.2,14.7],"rotation":{"angle":0,"axis":"y","origin":[5,0.2,14.7]},"faces":{"north":{"uv":[4.375,3.25,5.375,3.75],"rotation":180,"texture":"#0"},"east":{"uv":[7.875,3.25,6.625,3.75],"texture":"#0"},"south":{"uv":[4.375,3.25,5.375,3.75],"texture":"#0"},"west":{"uv":[7.875,3.75,6.625,3.25],"rotation":180,"texture":"#0"},"up":{"uv":[6.625,4.25,5.375,3.25],"rotation":270,"texture":"#0"},"down":{"uv":[6.625,4.25,5.375,3.25],"rotation":90,"texture":"#0"}}},{"from":[19.5,9.2,11.2],"to":[20.5,10.2,13.2],"rotation":{"angle":0,"axis":"y","origin":[5,16.2,17.2]},"faces":{"north":{"uv":[8.5,3,9.5,2],"rotation":180,"texture":"#8"},"east":{"uv":[11.5,4,10.5,2],"rotation":270,"texture":"#8"},"south":{"uv":[8.5,4,9.5,3],"texture":"#8"},"west":{"uv":[10.5,4,11.5,2],"rotation":90,"texture":"#8"},"up":{"uv":[9.5,4,10.5,2],"rotation":180,"texture":"#8"},"down":{"uv":[9.5,4,10.5,2],"texture":"#8"}}},{"from":[19.5,6.2,11.2],"to":[20.5,7.2,13.2],"rotation":{"angle":0,"axis":"y","origin":[5,0.2,17.2]},"faces":{"north":{"uv":[8.5,2,9.5,3],"rotation":180,"texture":"#8"},"east":{"uv":[10.5,4,11.5,2],"rotation":270,"texture":"#8"},"south":{"uv":[8.5,3,9.5,4],"texture":"#8"},"west":{"uv":[11.5,4,10.5,2],"rotation":90,"texture":"#8"},"up":{"uv":[10.5,4,9.5,2],"rotation":180,"texture":"#8"},"down":{"uv":[10.5,4,9.5,2],"texture":"#8"}}},{"from":[19,7.2,15.2],"to":[21,9.2,15.7],"rotation":{"angle":0,"axis":"y","origin":[5,16.2,14.7]},"faces":{"north":{"uv":[8.5,6,10.5,4],"rotation":180,"texture":"#8"},"east":{"uv":[8.5,7,10.5,6.5],"rotation":270,"texture":"#8"},"south":{"uv":[8.5,6,10.5,4],"texture":"#8"},"west":{"uv":[8.5,7,10.5,6.5],"rotation":90,"texture":"#8"},"up":{"uv":[8.5,7,10.5,6.5],"rotation":180,"texture":"#8"},"down":{"uv":[8.5,7,10.5,6.5],"texture":"#8"}}},{"from":[18.5,6.7,4.2],"to":[21.5,8.2,5.7],"rotation":{"angle":0,"axis":"y","origin":[5,16.2,1.7]},"faces":{"north":{"uv":[2.875,4.75,4.375,5.5],"rotation":180,"texture":"#0"},"east":{"uv":[5.125,2.5,4.375,3.25],"rotation":270,"texture":"#0"},"south":{"uv":[2.875,3.25,4.375,4],"texture":"#0"},"west":{"uv":[4.375,2.5,5.125,3.25],"rotation":90,"texture":"#0"},"up":{"uv":[2.875,2.5,4.375,3.25],"rotation":180,"texture":"#0"},"down":{"uv":[2.875,2.5,4.375,3.25],"texture":"#0"}}},{"from":[19,7.2,5.7],"to":[21,8.2,6.2],"rotation":{"angle":0,"axis":"y","origin":[5,16.2,1.7]},"faces":{"north":{"uv":[10.875,3.25,11.875,3.75],"rotation":180,"texture":"#0"},"east":{"uv":[11.375,3,10.875,3.25],"rotation":270,"texture":"#0"},"south":{"uv":[10.875,3.25,11.875,3.75],"texture":"#0"},"west":{"uv":[10.875,3,11.375,3.25],"rotation":90,"texture":"#0"},"up":{"uv":[11.875,3.25,12.125,4.25],"rotation":270,"texture":"#0"},"down":{"uv":[11.875,3.25,12.125,4.25],"rotation":90,"texture":"#0"}}},{"from":[19,7.2,1.7],"to":[21,8.2,4.2],"rotation":{"angle":0,"axis":"y","origin":[5,16.2,1.7]},"faces":{"north":{"uv":[4.375,3.25,5.375,3.75],"rotation":180,"texture":"#0"},"east":{"uv":[6.625,3.75,7.875,3.25],"texture":"#0"},"south":{"uv":[4.375,3.25,5.375,3.75],"texture":"#0"},"west":{"uv":[6.625,3.25,7.875,3.75],"rotation":180,"texture":"#0"},"up":{"uv":[5.375,3.25,6.625,4.25],"rotation":270,"texture":"#0"},"down":{"uv":[5.375,3.25,6.625,4.25],"rotation":90,"texture":"#0"}}},{"from":[19,8.2,5.7],"to":[21,9.2,6.2],"rotation":{"angle":0,"axis":"y","origin":[5,0.2,1.7]},"faces":{"north":{"uv":[10.875,3.75,11.875,3.25],"rotation":180,"texture":"#0"},"east":{"uv":[10.875,3,11.375,3.25],"rotation":270,"texture":"#0"},"south":{"uv":[10.875,3.75,11.875,3.25],"texture":"#0"},"west":{"uv":[11.375,3,10.875,3.25],"rotation":90,"texture":"#0"},"up":{"uv":[11.875,4.25,12.125,3.25],"rotation":270,"texture":"#0"},"down":{"uv":[11.875,4.25,12.125,3.25],"rotation":90,"texture":"#0"}}},{"from":[18.5,8.2,4.2],"to":[21.5,9.7,5.7],"rotation":{"angle":0,"axis":"y","origin":[5,0.2,1.7]},"faces":{"north":{"uv":[2.875,5.5,4.375,4.75],"rotation":180,"texture":"#0"},"east":{"uv":[4.375,2.5,5.125,3.25],"rotation":270,"texture":"#0"},"south":{"uv":[2.875,4,4.375,3.25],"texture":"#0"},"west":{"uv":[5.125,2.5,4.375,3.25],"rotation":90,"texture":"#0"},"up":{"uv":[4.375,2.5,2.875,3.25],"rotation":180,"texture":"#0"},"down":{"uv":[4.375,2.5,2.875,3.25],"texture":"#0"}}},{"from":[19,8.2,1.7],"to":[21,9.2,4.2],"rotation":{"angle":0,"axis":"y","origin":[5,0.2,1.7]},"faces":{"north":{"uv":[4.375,3.75,5.375,3.25],"rotation":180,"texture":"#0"},"east":{"uv":[6.625,3.25,7.875,3.75],"texture":"#0"},"south":{"uv":[4.375,3.75,5.375,3.25],"texture":"#0"},"west":{"uv":[6.625,3.75,7.875,3.25],"rotation":180,"texture":"#0"},"up":{"uv":[5.375,4.25,6.625,3.25],"rotation":270,"texture":"#0"},"down":{"uv":[5.375,4.25,6.625,3.25],"rotation":90,"texture":"#0"}}},{"from":[19.5,9.2,3.2],"to":[20.5,10.2,5.2],"rotation":{"angle":0,"axis":"y","origin":[5,16.2,-0.8]},"faces":{"north":{"uv":[8.5,3,9.5,4],"rotation":180,"texture":"#8"},"east":{"uv":[11.5,2,10.5,4],"rotation":270,"texture":"#8"},"south":{"uv":[8.5,2,9.5,3],"texture":"#8"},"west":{"uv":[10.5,2,11.5,4],"rotation":90,"texture":"#8"},"up":{"uv":[9.5,2,10.5,4],"rotation":180,"texture":"#8"},"down":{"uv":[9.5,2,10.5,4],"texture":"#8"}}},{"from":[19.5,6.2,3.2],"to":[20.5,7.2,5.2],"rotation":{"angle":0,"axis":"y","origin":[5,0.2,-0.8]},"faces":{"north":{"uv":[8.5,4,9.5,3],"rotation":180,"texture":"#8"},"east":{"uv":[10.5,2,11.5,4],"rotation":270,"texture":"#8"},"south":{"uv":[8.5,3,9.5,2],"texture":"#8"},"west":{"uv":[11.5,2,10.5,4],"rotation":90,"texture":"#8"},"up":{"uv":[10.5,2,9.5,4],"rotation":180,"texture":"#8"},"down":{"uv":[10.5,2,9.5,4],"texture":"#8"}}},{"from":[17,7.4,7.7],"to":[19,9,8.7],"rotation":{"angle":0,"axis":"y","origin":[20,8,8.2]},"faces":{"north":{"uv":[1.75,16,2.5,15],"rotation":90,"texture":"#0"},"east":{"uv":[1.25,16,1.75,15.25],"rotation":180,"texture":"#0"},"south":{"uv":[0.5,16,1.25,15],"rotation":270,"texture":"#0"},"west":{"uv":[1.25,16,1.75,15.25],"texture":"#0"},"up":{"uv":[0,16,0.5,15],"rotation":270,"texture":"#0"},"down":{"uv":[0,16,0.5,15],"rotation":270,"texture":"#0"}}},{"from":[18.2,8,6],"to":[23.2,8.4,11],"rotation":{"angle":45,"axis":"y","origin":[20,-7.5,9.2]},"faces":{"north":{"uv":[5.275,10.25,5.475,12.75],"rotation":90,"texture":"#0"},"east":{"uv":[5.275,10.25,5.475,12.75],"rotation":90,"texture":"#0"},"south":{"uv":[2.75,10.025,5.25,10.225],"rotation":180,"texture":"#0"},"west":{"uv":[5.25,10.225,2.75,10.025],"texture":"#0"},"up":{"uv":[2.75,10.25,5.25,12.75],"rotation":90,"texture":"#0"},"down":{"uv":[2.75,10.25,5.25,12.75],"rotation":90,"texture":"#0"}}},{"from":[22.5,7.3,8.3],"to":[31.5,10.8,8.3],"rotation":{"angle":0,"axis":"y","origin":[22,8.05,8]},"faces":{"north":{"uv":[8.5,16,12,7],"rotation":90,"texture":"#8"},"east":{"uv":[0,0,1.5,0],"rotation":270,"texture":"#8"},"south":{"uv":[12,16,8.5,7],"rotation":270,"texture":"#8"},"west":{"uv":[0,0,1.5,0],"rotation":270,"texture":"#8"},"up":{"uv":[0,4.5,0,0],"rotation":270,"texture":"#8"},"down":{"uv":[0,4.5,0,0],"rotation":270,"texture":"#8"}}},{"from":[22.5,9.05,6.55],"to":[31.5,9.05,10.05],"rotation":{"angle":0,"axis":"y","origin":[22,8.05,8]},"faces":{"north":{"uv":[0,4.5,0,0],"rotation":90,"texture":"#8"},"east":{"uv":[0,0,1.5,0],"texture":"#8"},"south":{"uv":[0,4.5,0,0],"rotation":270,"texture":"#8"},"west":{"uv":[0,0,1.5,0],"rotation":180,"texture":"#8"},"up":{"uv":[12,16,8.5,7],"rotation":270,"texture":"#8"},"down":{"uv":[8.5,16,12,7],"rotation":270,"texture":"#8"}}},{"from":[18.5,6.7,1.2],"to":[21.5,9.7,1.7],"rotation":{"angle":0,"axis":"y","origin":[5,16.2,1.7]},"faces":{"north":{"uv":[13,13,16,16],"rotation":180,"texture":"#8"},"east":{"uv":[12.5,13,13,16],"texture":"#8"},"south":{"uv":[13,10,16,13],"texture":"#8"},"west":{"uv":[12,13,12.5,16],"rotation":180,"texture":"#8"},"up":{"uv":[12.5,13,13,16],"rotation":270,"texture":"#8"},"down":{"uv":[12.5,13,13,16],"rotation":90,"texture":"#8"}}},{"from":[19,7.2,0.7],"to":[21,9.2,1.2],"rotation":{"angle":0,"axis":"y","origin":[5,16.2,1.7]},"faces":{"north":{"uv":[8.5,4,10.5,6],"rotation":180,"texture":"#8"},"east":{"uv":[8.5,6.5,10.5,7],"rotation":270,"texture":"#8"},"south":{"uv":[8.5,4,10.5,6],"texture":"#8"},"west":{"uv":[8.5,6.5,10.5,7],"rotation":90,"texture":"#8"},"up":{"uv":[8.5,6.5,10.5,7],"rotation":180,"texture":"#8"},"down":{"uv":[8.5,6.5,10.5,7],"texture":"#8"}}}],"gui_light":"front","display":{"thirdperson_righthand":{"rotation":[0,90,0],"translation":[-0.25,1.75,1.25],"scale":[0.7,0.7,0.7]},"thirdperson_lefthand":{"rotation":[0,-90,0],"translation":[-0.25,1.75,1.25],"scale":[0.7,0.7,0.7]},"firstperson_righthand":{"rotation":[0,90,0],"translation":[1.5,3.5,0.5],"scale":[0.5,0.5,0.5]},"firstperson_lefthand":{"rotation":[0,-90,0],"translation":[1.5,3.5,0.5],"scale":[0.5,0.5,0.5]},"ground":{"translation":[0,6,0],"scale":[0.76172,0.76172,0.76172]},"gui":{"rotation":[-90,40,-180],"translation":[2,-1.25,-2],"scale":[0.53922,0.53922,0.53922]},"head":{"translation":[0,-19,-0.25],"scale":[0,0,0]},"fixed":{"rotation":[-90,-90,0],"translation":[0.25,-1,-3.75],"scale":[1.26836,1.26836,1.26836]}},"mcmodels":"e970e2732092479c1b2f8604fdee17db"}