{"textures​":{"layer0":"minecraft:item/potted_spruce_sapling"},"credit":"MadewithBlockbench","\u0074\u0065\u0078\u0074\u0075\u0072\u0065\u0073":{"2":"\u0065\u006c\u0069\u0074\u0065\u0063\u0072\u0065\u0061\u0074\u0075\u0072\u0065\u0073:\u006b\u006e\u0069\u0067\u0068\u0074_\u0061\u006e\u0069\u006d\u0061\u0074\u0065\u0064_\u0077\u0065\u0061\u0070\u006f\u006e_\u0073\u0065\u0074/\u0074\u0065\u0078\u0074\u0075\u0072\u00651","5":"\u0065\u006c\u0069\u0074\u0065\u0063\u0072\u0065\u0061\u0074\u0075\u0072\u0065\u0073:\u006b\u006e\u0069\u0067\u0068\u0074_\u0061\u006e\u0069\u006d\u0061\u0074\u0065\u0064_\u0077\u0065\u0061\u0070\u006f\u006e_\u0073\u0065\u0074/\u0073\u0069\u006e\u0068\u0069\u006e\u00671","6":"\u0065\u006c\u0069\u0074\u0065\u0063\u0072\u0065\u0061\u0074\u0075\u0072\u0065\u0073:\u006b\u006e\u0069\u0067\u0068\u0074_\u0061\u006e\u0069\u006d\u0061\u0074\u0065\u0064_\u0077\u0065\u0061\u0070\u006f\u006e_\u0073\u0065\u0074/\u0074\u0065\u0078\u0074\u0075\u0072\u00655","7":"\u0065\u006c\u0069\u0074\u0065\u0063\u0072\u0065\u0061\u0074\u0075\u0072\u0065\u0073:\u006b\u006e\u0069\u0067\u0068\u0074_\u0061\u006e\u0069\u006d\u0061\u0074\u0065\u0064_\u0077\u0065\u0061\u0070\u006f\u006e_\u0073\u0065\u0074/\u0074\u0065\u0078\u0074\u0075\u0072\u00656","\u0070\u0061\u0072\u0074\u0069\u0063\u006c\u0065":"\u0065\u006c\u0069\u0074\u0065\u0063\u0072\u0065\u0061\u0074\u0075\u0072\u0065\u0073:\u006b\u006e\u0069\u0067\u0068\u0074_\u0061\u006e\u0069\u006d\u0061\u0074\u0065\u0064_\u0077\u0065\u0061\u0070\u006f\u006e_\u0073\u0065\u0074/\u0074\u0065\u0078\u0074\u0075\u0072\u00651"},"elements":[{"from":[7.5,-2,8],"to":[12.5,3,8],"rotation":{"angle":0,"axis":"y","origin":[9,3.5,8]},"faces":{"north":{"uv":[2.5,13.5,0,11],"rotation":270,"texture":"#7"},"east":{"uv":[0,0,2.5,0],"rotation":90,"texture":"#7"},"south":{"uv":[0,13.5,2.5,11],"rotation":90,"texture":"#7"},"west":{"uv":[0,0,2.5,0],"rotation":90,"texture":"#7"},"up":{"uv":[0,2.5,0,0],"rotation":90,"texture":"#7"},"down":{"uv":[0,2.5,0,0],"rotation":90,"texture":"#7"}}},{"from":[9.5,-5,7.5],"to":[13.5,-1,8.5],"rotation":{"angle":0,"axis":"y","origin":[10.5,-2,8]},"faces":{"north":{"uv":[6,9.25,8,11.25],"rotation":90,"texture":"#6"},"east":{"uv":[7.375,7.25,7.875,9.25],"rotation":180,"texture":"#6"},"south":{"uv":[6,9.25,8,11.25],"rotation":270,"texture":"#6"},"west":{"uv":[6,7.25,6.5,9.25],"rotation":180,"texture":"#6"},"up":{"uv":[6.875,7.25,7.375,9.25],"rotation":270,"texture":"#6"},"down":{"uv":[6.875,7.25,7.375,9.25],"rotation":270,"texture":"#6"}}},{"from":[8.5,-6,7],"to":[9.5,0,9],"rotation":{"angle":0,"axis":"y","origin":[10.5,-2,8]},"faces":{"north":{"uv":[6.25,4.625,9.25,5.125],"rotation":90,"texture":"#6"},"east":{"uv":[6.25,5.125,9.25,6.125],"rotation":270,"texture":"#6"},"south":{"uv":[6.25,5.125,9.25,4.625],"rotation":90,"texture":"#6"},"west":{"uv":[9,7.75,12,8.75],"rotation":270,"texture":"#6"},"up":{"uv":[7.0125,6.75,8.0125,7.25],"rotation":270,"texture":"#6"},"down":{"uv":[7.0125,6.75,8.0125,7.25],"rotation":270,"texture":"#6"}}},{"from":[7.5,1,7.5],"to":[8.5,7,8.5],"rotation":{"angle":0,"axis":"y","origin":[8,1.5,8]},"faces":{"north":{"uv":[3.25,7,3.75,10],"texture":"#2"},"east":{"uv":[2.75,7,3.25,10],"texture":"#2"},"south":{"uv":[4.25,6.875,4.75,9.875],"texture":"#2"},"west":{"uv":[3.75,7,4.25,10],"texture":"#2"},"up":{"uv":[2.75,6.5,3.25,7],"rotation":180,"texture":"#2"},"down":{"uv":[3.25,6.5,3.75,7],"rotation":180,"texture":"#2"}}},{"from":[8.3,-7.5,7.5],"to":[9.3,-6,8.5],"rotation":{"angle":22.5,"axis":"z","origin":[9,-8,8]},"faces":{"north":{"uv":[15.5,2,16,2.75],"texture":"#2"},"east":{"uv":[15,2,15.5,2.75],"texture":"#2"},"south":{"uv":[15.5,2,16,2.75],"texture":"#2"},"west":{"uv":[14.5,2,15,2.75],"texture":"#2"},"up":{"uv":[15.5,1.5,16,2],"rotation":180,"texture":"#2"},"down":{"uv":[15.5,1.5,16,2],"rotation":180,"texture":"#2"}}},{"from":[7,-8,7.4],"to":[9,-7.5,8.6],"rotation":{"angle":0,"axis":"y","origin":[9,-8,8]},"faces":{"north":{"uv":[13.75,0,13.5,1],"rotation":90,"texture":"#2"},"east":{"uv":[13.75,0,14,0.5],"rotation":90,"texture":"#2"},"south":{"uv":[13.5,0,13.75,1],"rotation":270,"texture":"#2"},"west":{"uv":[13.75,0,14,0.5],"rotation":90,"texture":"#2"},"up":{"uv":[13,0,13.5,1],"rotation":270,"texture":"#2"},"down":{"uv":[12.5,0,13,1],"rotation":270,"texture":"#2"}}},{"from":[6.7,-7.5,7.6],"to":[7.7,-6,8.4],"rotation":{"angle":-22.5,"axis":"z","origin":[7,-8,8]},"faces":{"north":{"uv":[16,2,15.5,2.75],"texture":"#2"},"east":{"uv":[15,2,14.5,2.75],"texture":"#2"},"south":{"uv":[16,2,15.5,2.75],"texture":"#2"},"west":{"uv":[15.5,2,15,2.75],"texture":"#2"},"up":{"uv":[16,1.5,15.5,2],"rotation":180,"texture":"#2"},"down":{"uv":[16,1.5,15.5,2],"rotation":180,"texture":"#2"}}},{"from":[7.5,-6,7.5],"to":[8.5,0,8.5],"rotation":{"angle":0,"axis":"y","origin":[8,1.5,8]},"faces":{"north":{"uv":[3.25,7,3.75,10],"texture":"#2"},"east":{"uv":[2.75,7,3.25,10],"texture":"#2"},"south":{"uv":[4.25,6.875,4.75,9.875],"texture":"#2"},"west":{"uv":[3.75,7,4.25,10],"texture":"#2"},"up":{"uv":[2.75,6.5,3.25,7],"rotation":180,"texture":"#2"},"down":{"uv":[3.25,6.5,3.75,7],"rotation":180,"texture":"#2"}}},{"from":[6.5,10,8],"to":[9.5,11.5,9.5],"rotation":{"angle":0,"axis":"y","origin":[0,1.5,0]},"faces":{"north":{"uv":[2.875,2.5,4.375,3.25],"texture":"#2"},"east":{"uv":[5.125,2.5,4.375,3.25],"texture":"#2"},"south":{"uv":[2.875,2.5,4.375,3.25],"texture":"#2"},"west":{"uv":[4.375,2.5,5.125,3.25],"texture":"#2"},"up":{"uv":[2.875,3.25,4.375,4],"texture":"#2"},"down":{"uv":[2.875,4.75,4.375,5.5],"texture":"#2"}}},{"from":[7,7.5,8],"to":[9,10,9],"rotation":{"angle":0,"axis":"y","origin":[0,1.5,0]},"faces":{"north":{"uv":[5.375,3.25,6.625,4.25],"rotation":90,"texture":"#2"},"east":{"uv":[6.625,3.75,7.875,3.25],"rotation":90,"texture":"#2"},"south":{"uv":[5.375,3.25,6.625,4.25],"rotation":90,"texture":"#2"},"west":{"uv":[6.625,3.25,7.875,3.75],"rotation":90,"texture":"#2"},"up":{"uv":[4.375,3.25,5.375,3.75],"texture":"#2"},"down":{"uv":[4.375,3.25,5.375,3.75],"texture":"#2"}}},{"from":[6.5,7,6.5],"to":[9.5,7.5,9.5],"rotation":{"angle":0,"axis":"y","origin":[0,1.5,0]},"faces":{"north":{"uv":[12.5,13,13,16],"rotation":90,"texture":"#5"},"east":{"uv":[12.5,13,13,16],"rotation":90,"texture":"#5"},"south":{"uv":[12.5,13,13,16],"rotation":90,"texture":"#5"},"west":{"uv":[12,13,12.5,16],"rotation":90,"texture":"#5"},"up":{"uv":[13,10,16,13],"texture":"#5"},"down":{"uv":[13,13,16,16],"texture":"#5"}}},{"from":[6.5,10,6.5],"to":[9.5,11.5,8],"rotation":{"angle":0,"axis":"y","origin":[0,1.5,16]},"faces":{"north":{"uv":[4.375,2.5,2.875,3.25],"texture":"#2"},"east":{"uv":[4.375,2.5,5.125,3.25],"texture":"#2"},"south":{"uv":[4.375,2.5,2.875,3.25],"texture":"#2"},"west":{"uv":[5.125,2.5,4.375,3.25],"texture":"#2"},"up":{"uv":[2.875,4,4.375,3.25],"texture":"#2"},"down":{"uv":[2.875,5.5,4.375,4.75],"texture":"#2"}}},{"from":[7,7.5,7],"to":[9,10,8],"rotation":{"angle":0,"axis":"y","origin":[0,1.5,16]},"faces":{"north":{"uv":[5.375,4.25,6.625,3.25],"rotation":90,"texture":"#2"},"east":{"uv":[6.625,3.25,7.875,3.75],"rotation":90,"texture":"#2"},"south":{"uv":[5.375,4.25,6.625,3.25],"rotation":90,"texture":"#2"},"west":{"uv":[6.625,3.75,7.875,3.25],"rotation":90,"texture":"#2"},"up":{"uv":[4.375,3.75,5.375,3.25],"texture":"#2"},"down":{"uv":[4.375,3.75,5.375,3.25],"texture":"#2"}}},{"from":[7.5,9,6],"to":[8.5,11,7],"rotation":{"angle":0,"axis":"y","origin":[0,-1,0]},"faces":{"north":{"uv":[9.5,2,10.5,4],"texture":"#5"},"east":{"uv":[11.5,2,10.5,4],"texture":"#5"},"south":{"uv":[9.5,2,10.5,4],"texture":"#5"},"west":{"uv":[10.5,2,11.5,4],"texture":"#5"},"up":{"uv":[8.5,2,9.5,3],"texture":"#5"},"down":{"uv":[8.5,3,9.5,4],"texture":"#5"}}},{"from":[7,6.5,7],"to":[9,7,9],"rotation":{"angle":0,"axis":"y","origin":[0,1.5,0]},"faces":{"north":{"uv":[8.5,6.5,10.5,7],"texture":"#5"},"east":{"uv":[8.5,6.5,10.5,7],"texture":"#5"},"south":{"uv":[8.5,6.5,10.5,7],"texture":"#5"},"west":{"uv":[8.5,6.5,10.5,7],"texture":"#5"},"up":{"uv":[8.5,4,10.5,6],"texture":"#5"},"down":{"uv":[8.5,4,10.5,6],"texture":"#5"}}},{"from":[7.5,9,9],"to":[8.5,11,10],"rotation":{"angle":0,"axis":"y","origin":[0,-1,16]},"faces":{"north":{"uv":[10.5,2,9.5,4],"texture":"#5"},"east":{"uv":[10.5,2,11.5,4],"texture":"#5"},"south":{"uv":[10.5,2,9.5,4],"texture":"#5"},"west":{"uv":[11.5,2,10.5,4],"texture":"#5"},"up":{"uv":[8.5,3,9.5,2],"texture":"#5"},"down":{"uv":[8.5,4,9.5,3],"texture":"#5"}}},{"from":[7,0,7.2],"to":[9,1,8.7],"rotation":{"angle":0,"axis":"y","origin":[8,18,7.95]},"faces":{"north":{"uv":[11.5,2,12.5,0],"rotation":270,"texture":"#5"},"east":{"uv":[13.5,1.5,12.5,0],"rotation":90,"texture":"#5"},"south":{"uv":[11.5,2,12.5,0],"rotation":90,"texture":"#5"},"west":{"uv":[13.5,1.5,12.5,0],"rotation":90,"texture":"#5"},"up":{"uv":[11.5,0,10,2],"rotation":270,"texture":"#5"},"down":{"uv":[10,0,8.5,2],"rotation":270,"texture":"#5"}}},{"from":[7,-7,7.2],"to":[9,-6,8.7],"rotation":{"angle":0,"axis":"y","origin":[8,18,7.95]},"faces":{"north":{"uv":[11.5,2,12.5,0],"rotation":270,"texture":"#5"},"east":{"uv":[13.5,1.5,12.5,0],"rotation":90,"texture":"#5"},"south":{"uv":[11.5,2,12.5,0],"rotation":90,"texture":"#5"},"west":{"uv":[13.5,1.5,12.5,0],"rotation":90,"texture":"#5"},"up":{"uv":[11.5,0,10,2],"rotation":270,"texture":"#5"},"down":{"uv":[10,0,8.5,2],"rotation":270,"texture":"#5"}}},{"from":[7,11.5,8],"to":[9,12,9],"rotation":{"angle":0,"axis":"y","origin":[0,1.5,0]},"faces":{"north":{"uv":[11.875,3.25,12.125,4.25],"rotation":90,"texture":"#2"},"east":{"uv":[11.375,3,10.875,3.25],"texture":"#2"},"south":{"uv":[11.875,3.25,12.125,4.25],"rotation":90,"texture":"#2"},"west":{"uv":[10.875,3,11.375,3.25],"texture":"#2"},"up":{"uv":[10.875,3.25,11.875,3.75],"texture":"#2"},"down":{"uv":[10.875,3.25,11.875,3.75],"texture":"#2"}}},{"from":[7,11.5,7],"to":[9,12,8],"rotation":{"angle":0,"axis":"y","origin":[0,1.5,16]},"faces":{"north":{"uv":[11.875,4.25,12.125,3.25],"rotation":90,"texture":"#2"},"east":{"uv":[10.875,3,11.375,3.25],"texture":"#2"},"south":{"uv":[11.875,4.25,12.125,3.25],"rotation":90,"texture":"#2"},"west":{"uv":[11.375,3,10.875,3.25],"texture":"#2"},"up":{"uv":[10.875,3.75,11.875,3.25],"texture":"#2"},"down":{"uv":[10.875,3.75,11.875,3.25],"texture":"#2"}}}],"gui_light":"front","display":{"thirdperson_righthand":{"rotation":[0,90,0],"translation":[0,9,1.75]},"thirdperson_lefthand":{"rotation":[0,-90,0],"translation":[0,9,1.75]},"firstperson_righthand":{"rotation":[0,90,0],"translation":[3.5,6.75,0.5],"scale":[0.52148,0.52148,0.52148]},"firstperson_lefthand":{"rotation":[0,-90,0],"translation":[3.5,6.75,0.5],"scale":[0.52148,0.52148,0.52148]},"ground":{"rotation":[0,0,-45],"translation":[0,9,0],"scale":[0.6,0.6,0.6]},"gui":{"rotation":[0,0,-45],"translation":[-0.25,2.75,-2],"scale":[0.63688,0.63688,0.63688]},"head":{"translation":[0,-19,-0.25],"scale":[0,0,0]},"fixed":{"rotation":[0,180,0],"translation":[0,10.75,-1.25],"scale":[1.72656,1.72656,1.72656]}},"mcmodels":"e970e2732092479c1b2f8604fdee17db"}