{"textures​":{"layer0":"minecraft:item/yellow_candle"},"credit":"MadewithBlockbench","\u0074\u0065\u0078\u0074\u0075\u0072\u0065\u0073":{"0":"\u0065\u006c\u0069\u0074\u0065\u0063\u0072\u0065\u0061\u0074\u0075\u0072\u0065\u0073:\u006b\u006e\u0069\u0067\u0068\u0074_\u0061\u006e\u0069\u006d\u0061\u0074\u0065\u0064_\u0077\u0065\u0061\u0070\u006f\u006e_\u0073\u0065\u0074/\u0074\u0065\u0078\u0074\u0075\u0072\u00651","1":"\u0065\u006c\u0069\u0074\u0065\u0063\u0072\u0065\u0061\u0074\u0075\u0072\u0065\u0073:\u006b\u006e\u0069\u0067\u0068\u0074_\u0061\u006e\u0069\u006d\u0061\u0074\u0065\u0064_\u0077\u0065\u0061\u0070\u006f\u006e_\u0073\u0065\u0074/\u0074\u0065\u0078\u0074\u0075\u0072\u00655","2":"\u0065\u006c\u0069\u0074\u0065\u0063\u0072\u0065\u0061\u0074\u0075\u0072\u0065\u0073:\u006b\u006e\u0069\u0067\u0068\u0074_\u0061\u006e\u0069\u006d\u0061\u0074\u0065\u0064_\u0077\u0065\u0061\u0070\u006f\u006e_\u0073\u0065\u0074/\u0073\u0068\u0069\u006e\u0069\u006e\u0067","4":"\u0065\u006c\u0069\u0074\u0065\u0063\u0072\u0065\u0061\u0074\u0075\u0072\u0065\u0073:\u006b\u006e\u0069\u0067\u0068\u0074_\u0061\u006e\u0069\u006d\u0061\u0074\u0065\u0064_\u0077\u0065\u0061\u0070\u006f\u006e_\u0073\u0065\u0074/\u0073\u0069\u006e\u0068\u0069\u006e\u00672","5":"\u0065\u006c\u0069\u0074\u0065\u0063\u0072\u0065\u0061\u0074\u0075\u0072\u0065\u0073:\u006b\u006e\u0069\u0067\u0068\u0074_\u0061\u006e\u0069\u006d\u0061\u0074\u0065\u0064_\u0077\u0065\u0061\u0070\u006f\u006e_\u0073\u0065\u0074/\u0073\u0069\u006e\u0068\u0069\u006e\u00671","\u0070\u0061\u0072\u0074\u0069\u0063\u006c\u0065":"\u0065\u006c\u0069\u0074\u0065\u0063\u0072\u0065\u0061\u0074\u0075\u0072\u0065\u0073:\u006b\u006e\u0069\u0067\u0068\u0074_\u0061\u006e\u0069\u006d\u0061\u0074\u0065\u0064_\u0077\u0065\u0061\u0070\u006f\u006e_\u0073\u0065\u0074/\u0074\u0065\u0078\u0074\u0075\u0072\u00651"},"elements":[{"from":[3,3,11.1],"to":[9,12,11.1],"rotation":{"angle":0,"axis":"y","origin":[16,0,16]},"faces":{"north":{"uv":[6,0,0,9],"texture":"#2"},"east":{"uv":[0,0,0,9],"texture":"#2"},"south":{"uv":[0,0,6,9],"texture":"#2"},"west":{"uv":[0,0,0,9],"texture":"#2"},"up":{"uv":[6.5,0,0,0],"texture":"#2"},"down":{"uv":[6.5,0,0,0],"texture":"#2"}}},{"from":[3,3,4.9],"to":[9,12,4.9],"rotation":{"angle":0,"axis":"y","origin":[16,0,0]},"faces":{"north":{"uv":[6,0,0,9],"texture":"#2"},"east":{"uv":[0,0,0,9],"texture":"#2"},"south":{"uv":[0,0,6,9],"texture":"#2"},"west":{"uv":[0,0,0,9],"texture":"#2"},"up":{"uv":[6.5,0,0,0],"texture":"#2"},"down":{"uv":[6.5,0,0,0],"texture":"#2"}}},{"from":[7,11.5,8],"to":[9,12,9],"rotation":{"angle":0,"axis":"y","origin":[0,1.5,0]},"faces":{"north":{"uv":[11.875,3.25,12.125,4.25],"rotation":90,"texture":"#0"},"east":{"uv":[11.375,3,10.875,3.25],"texture":"#0"},"south":{"uv":[11.875,3.25,12.125,4.25],"rotation":90,"texture":"#0"},"west":{"uv":[10.875,3,11.375,3.25],"texture":"#0"},"up":{"uv":[10.875,3.25,11.875,3.75],"texture":"#0"},"down":{"uv":[10.875,3.25,11.875,3.75],"texture":"#0"}}},{"from":[7,11.5,7],"to":[9,12,8],"rotation":{"angle":0,"axis":"y","origin":[0,1.5,16]},"faces":{"north":{"uv":[11.875,4.25,12.125,3.25],"rotation":90,"texture":"#0"},"east":{"uv":[10.875,3,11.375,3.25],"texture":"#0"},"south":{"uv":[11.875,4.25,12.125,3.25],"rotation":90,"texture":"#0"},"west":{"uv":[11.375,3,10.875,3.25],"texture":"#0"},"up":{"uv":[10.875,3.75,11.875,3.25],"texture":"#0"},"down":{"uv":[10.875,3.75,11.875,3.25],"texture":"#0"}}},{"from":[4.5,12.8,6.5],"to":[5.5,15.8,9.5],"rotation":{"angle":-45,"axis":"z","origin":[4,14,7]},"faces":{"north":{"uv":[14,12.5,14.5,14],"texture":"#1"},"east":{"uv":[14,13,12.5,14.5],"texture":"#1"},"south":{"uv":[14.5,12.5,14,14],"texture":"#1"},"west":{"uv":[12.5,13,11,14.5],"texture":"#1"},"up":{"uv":[11,13,12.5,12.5],"rotation":90,"texture":"#1"},"down":{"uv":[12.5,13,14,12.5],"rotation":270,"texture":"#1"}}},{"from":[4.5,14,5.5],"to":[8.5,15,10.5],"rotation":{"angle":0,"axis":"y","origin":[3.5,6,4]},"faces":{"north":{"uv":[0,13,2,13.5],"texture":"#1"},"east":{"uv":[5,13.5,2.5,14],"texture":"#1"},"south":{"uv":[2,13,0,13.5],"texture":"#1"},"west":{"uv":[2.5,13.5,0,14],"texture":"#1"},"up":{"uv":[2.5,16,5,14],"rotation":90,"texture":"#1"},"down":{"uv":[0,16,2.5,14],"rotation":270,"texture":"#1"}}},{"from":[7,11.4,5],"to":[9,14.4,11],"rotation":{"angle":22.5,"axis":"z","origin":[7.5,12.5,7]},"faces":{"north":{"uv":[11,14.5,12,16],"texture":"#1"},"east":{"uv":[8,14.5,5,16],"texture":"#1"},"south":{"uv":[12,14.5,11,16],"texture":"#1"},"west":{"uv":[11,14.5,8,16],"texture":"#1"},"up":{"uv":[5,14.5,8,13.5],"rotation":90,"texture":"#1"},"down":{"uv":[8,14.5,11,13.5],"rotation":270,"texture":"#1"}}},{"from":[5.5,13.8,6],"to":[8.5,15.8,10],"rotation":{"angle":-45,"axis":"z","origin":[4,14,7]},"faces":{"north":{"uv":[14.5,13,16,14],"texture":"#1"},"east":{"uv":[16,14,14,15],"texture":"#1"},"south":{"uv":[16,13,14.5,14],"texture":"#1"},"west":{"uv":[16,15,14,16],"texture":"#1"},"up":{"uv":[12,16,14,14.5],"rotation":90,"texture":"#1"},"down":{"uv":[12,16,14,14.5],"rotation":270,"texture":"#1"}}},{"from":[6,11.5,8],"to":[8,12,9],"rotation":{"angle":0,"axis":"y","origin":[-1,1.5,0]},"faces":{"north":{"uv":[11.875,3.25,12.125,4.25],"rotation":90,"texture":"#0"},"east":{"uv":[11.375,3,10.875,3.25],"texture":"#0"},"south":{"uv":[11.875,3.25,12.125,4.25],"rotation":90,"texture":"#0"},"west":{"uv":[10.875,3,11.375,3.25],"texture":"#0"},"up":{"uv":[10.875,3.25,11.875,3.75],"texture":"#0"},"down":{"uv":[10.875,3.25,11.875,3.75],"texture":"#0"}}},{"from":[6,11.5,7],"to":[8,12,8],"rotation":{"angle":0,"axis":"y","origin":[-1,1.5,16]},"faces":{"north":{"uv":[11.875,4.25,12.125,3.25],"rotation":90,"texture":"#0"},"east":{"uv":[10.875,3,11.375,3.25],"texture":"#0"},"south":{"uv":[11.875,4.25,12.125,3.25],"rotation":90,"texture":"#0"},"west":{"uv":[11.375,3,10.875,3.25],"texture":"#0"},"up":{"uv":[10.875,3.75,11.875,3.25],"texture":"#0"},"down":{"uv":[10.875,3.75,11.875,3.25],"texture":"#0"}}},{"from":[6,-7,7.2],"to":[8,-6,8.7],"rotation":{"angle":0,"axis":"y","origin":[7,18,7.95]},"faces":{"north":{"uv":[11.5,2,12.5,0],"rotation":270,"texture":"#5"},"east":{"uv":[13.5,1.5,12.5,0],"rotation":90,"texture":"#5"},"south":{"uv":[11.5,2,12.5,0],"rotation":90,"texture":"#5"},"west":{"uv":[13.5,1.5,12.5,0],"rotation":90,"texture":"#5"},"up":{"uv":[11.5,0,10,2],"rotation":270,"texture":"#5"},"down":{"uv":[10,0,8.5,2],"rotation":270,"texture":"#5"}}},{"from":[6,0,7.2],"to":[8,1,8.7],"rotation":{"angle":0,"axis":"y","origin":[7,18,7.95]},"faces":{"north":{"uv":[11.5,2,12.5,0],"rotation":270,"texture":"#5"},"east":{"uv":[13.5,1.5,12.5,0],"rotation":90,"texture":"#5"},"south":{"uv":[11.5,2,12.5,0],"rotation":90,"texture":"#5"},"west":{"uv":[13.5,1.5,12.5,0],"rotation":90,"texture":"#5"},"up":{"uv":[11.5,0,10,2],"rotation":270,"texture":"#5"},"down":{"uv":[10,0,8.5,2],"rotation":270,"texture":"#5"}}},{"from":[6.5,9,9],"to":[7.5,11,10],"rotation":{"angle":0,"axis":"y","origin":[-1,-1,16]},"faces":{"north":{"uv":[10.5,2,9.5,4],"texture":"#5"},"east":{"uv":[10.5,2,11.5,4],"texture":"#5"},"south":{"uv":[10.5,2,9.5,4],"texture":"#5"},"west":{"uv":[11.5,2,10.5,4],"texture":"#5"},"up":{"uv":[8.5,3,9.5,2],"texture":"#5"},"down":{"uv":[8.5,4,9.5,3],"texture":"#5"}}},{"from":[6,6.5,7],"to":[8,7,9],"rotation":{"angle":0,"axis":"y","origin":[-1,1.5,0]},"faces":{"north":{"uv":[8.5,6.5,10.5,7],"texture":"#5"},"east":{"uv":[8.5,6.5,10.5,7],"texture":"#5"},"south":{"uv":[8.5,6.5,10.5,7],"texture":"#5"},"west":{"uv":[8.5,6.5,10.5,7],"texture":"#5"},"up":{"uv":[8.5,4,10.5,6],"texture":"#5"},"down":{"uv":[8.5,4,10.5,6],"texture":"#5"}}},{"from":[6.5,9,6],"to":[7.5,11,7],"rotation":{"angle":0,"axis":"y","origin":[-1,-1,0]},"faces":{"north":{"uv":[9.5,2,10.5,4],"texture":"#5"},"east":{"uv":[11.5,2,10.5,4],"texture":"#5"},"south":{"uv":[9.5,2,10.5,4],"texture":"#5"},"west":{"uv":[10.5,2,11.5,4],"texture":"#5"},"up":{"uv":[8.5,2,9.5,3],"texture":"#5"},"down":{"uv":[8.5,3,9.5,4],"texture":"#5"}}},{"from":[6,7.5,7],"to":[8,10,8],"rotation":{"angle":0,"axis":"y","origin":[-1,1.5,16]},"faces":{"north":{"uv":[5.375,4.25,6.625,3.25],"rotation":90,"texture":"#0"},"east":{"uv":[6.625,3.25,7.875,3.75],"rotation":90,"texture":"#0"},"south":{"uv":[5.375,4.25,6.625,3.25],"rotation":90,"texture":"#0"},"west":{"uv":[6.625,3.75,7.875,3.25],"rotation":90,"texture":"#0"},"up":{"uv":[4.375,3.75,5.375,3.25],"texture":"#0"},"down":{"uv":[4.375,3.75,5.375,3.25],"texture":"#0"}}},{"from":[5.5,10,6.5],"to":[8.5,11.5,8],"rotation":{"angle":0,"axis":"y","origin":[-1,1.5,16]},"faces":{"north":{"uv":[4.375,2.5,2.875,3.25],"texture":"#0"},"east":{"uv":[4.375,2.5,5.125,3.25],"texture":"#0"},"south":{"uv":[4.375,2.5,2.875,3.25],"texture":"#0"},"west":{"uv":[5.125,2.5,4.375,3.25],"texture":"#0"},"up":{"uv":[2.875,4,4.375,3.25],"texture":"#0"},"down":{"uv":[2.875,5.5,4.375,4.75],"texture":"#0"}}},{"from":[5.5,7,6.5],"to":[8.5,7.5,9.5],"rotation":{"angle":0,"axis":"y","origin":[-1,1.5,0]},"faces":{"north":{"uv":[12.5,13,13,16],"rotation":90,"texture":"#5"},"east":{"uv":[12.5,13,13,16],"rotation":90,"texture":"#5"},"south":{"uv":[12.5,13,13,16],"rotation":90,"texture":"#5"},"west":{"uv":[12,13,12.5,16],"rotation":90,"texture":"#5"},"up":{"uv":[13,10,16,13],"texture":"#5"},"down":{"uv":[13,13,16,16],"texture":"#5"}}},{"from":[6,7.5,8],"to":[8,10,9],"rotation":{"angle":0,"axis":"y","origin":[-1,1.5,0]},"faces":{"north":{"uv":[5.375,3.25,6.625,4.25],"rotation":90,"texture":"#0"},"east":{"uv":[6.625,3.75,7.875,3.25],"rotation":90,"texture":"#0"},"south":{"uv":[5.375,3.25,6.625,4.25],"rotation":90,"texture":"#0"},"west":{"uv":[6.625,3.25,7.875,3.75],"rotation":90,"texture":"#0"},"up":{"uv":[4.375,3.25,5.375,3.75],"texture":"#0"},"down":{"uv":[4.375,3.25,5.375,3.75],"texture":"#0"}}},{"from":[5.5,10,8],"to":[8.5,11.5,9.5],"rotation":{"angle":0,"axis":"y","origin":[-1,1.5,0]},"faces":{"north":{"uv":[2.875,2.5,4.375,3.25],"texture":"#0"},"east":{"uv":[5.125,2.5,4.375,3.25],"texture":"#0"},"south":{"uv":[2.875,2.5,4.375,3.25],"texture":"#0"},"west":{"uv":[4.375,2.5,5.125,3.25],"texture":"#0"},"up":{"uv":[2.875,3.25,4.375,4],"texture":"#0"},"down":{"uv":[2.875,4.75,4.375,5.5],"texture":"#0"}}},{"from":[6.5,-6,7.5],"to":[7.5,0,8.5],"rotation":{"angle":0,"axis":"y","origin":[7,1.5,8]},"faces":{"north":{"uv":[3.25,7,3.75,10],"texture":"#0"},"east":{"uv":[2.75,7,3.25,10],"texture":"#0"},"south":{"uv":[4.25,6.875,4.75,9.875],"texture":"#0"},"west":{"uv":[3.75,7,4.25,10],"texture":"#0"},"up":{"uv":[2.75,6.5,3.25,7],"rotation":180,"texture":"#0"},"down":{"uv":[3.25,6.5,3.75,7],"rotation":180,"texture":"#0"}}},{"from":[5.7,-7.5,7.6],"to":[6.7,-6,8.4],"rotation":{"angle":-22.5,"axis":"z","origin":[6,-8,8]},"faces":{"north":{"uv":[16,2,15.5,2.75],"texture":"#0"},"east":{"uv":[15,2,14.5,2.75],"texture":"#0"},"south":{"uv":[16,2,15.5,2.75],"texture":"#0"},"west":{"uv":[15.5,2,15,2.75],"texture":"#0"},"up":{"uv":[16,1.5,15.5,2],"rotation":180,"texture":"#0"},"down":{"uv":[16,1.5,15.5,2],"rotation":180,"texture":"#0"}}},{"from":[6,-8,7.4],"to":[8,-7.5,8.6],"rotation":{"angle":0,"axis":"y","origin":[8,-8,8]},"faces":{"north":{"uv":[13.75,0,13.5,1],"rotation":90,"texture":"#0"},"east":{"uv":[13.75,0,14,0.5],"rotation":90,"texture":"#0"},"south":{"uv":[13.5,0,13.75,1],"rotation":270,"texture":"#0"},"west":{"uv":[13.75,0,14,0.5],"rotation":90,"texture":"#0"},"up":{"uv":[13,0,13.5,1],"rotation":270,"texture":"#0"},"down":{"uv":[12.5,0,13,1],"rotation":270,"texture":"#0"}}},{"from":[7.3,-7.5,7.5],"to":[8.3,-6,8.5],"rotation":{"angle":22.5,"axis":"z","origin":[8,-8,8]},"faces":{"north":{"uv":[15.5,2,16,2.75],"texture":"#0"},"east":{"uv":[15,2,15.5,2.75],"texture":"#0"},"south":{"uv":[15.5,2,16,2.75],"texture":"#0"},"west":{"uv":[14.5,2,15,2.75],"texture":"#0"},"up":{"uv":[15.5,1.5,16,2],"rotation":180,"texture":"#0"},"down":{"uv":[15.5,1.5,16,2],"rotation":180,"texture":"#0"}}},{"from":[6.5,1,7.5],"to":[7.5,7,8.5],"rotation":{"angle":0,"axis":"y","origin":[7,1.5,8]},"faces":{"north":{"uv":[3.25,7,3.75,10],"texture":"#0"},"east":{"uv":[2.75,7,3.25,10],"texture":"#0"},"south":{"uv":[4.25,6.875,4.75,9.875],"texture":"#0"},"west":{"uv":[3.75,7,4.25,10],"texture":"#0"},"up":{"uv":[2.75,6.5,3.25,7],"rotation":180,"texture":"#0"},"down":{"uv":[3.25,6.5,3.75,7],"rotation":180,"texture":"#0"}}},{"from":[5.2,10.3,6.5],"to":[6.2,13.3,9.5],"rotation":{"angle":-22.5,"axis":"z","origin":[4,14,7]},"faces":{"north":{"uv":[14,11,14.5,12.5],"texture":"#1"},"east":{"uv":[16,10,14.5,11.5],"texture":"#1"},"south":{"uv":[14.5,11,14,12.5],"texture":"#1"},"west":{"uv":[16,11.5,14.5,13],"texture":"#1"},"up":{"uv":[14.5,10,16,9.5],"rotation":90,"texture":"#1"},"down":{"uv":[14.5,10,16,9.5],"rotation":270,"texture":"#1"}}},{"from":[6.5,12.1,4.5],"to":[8.5,14.1,6],"rotation":{"angle":-45,"axis":"z","origin":[5.5,13,11.5]},"faces":{"north":{"uv":[14,8,16,10],"rotation":90,"texture":"#5"},"east":{"uv":[16,8,14,6.5],"rotation":180,"texture":"#5"},"south":{"uv":[14,8,16,10],"texture":"#5"},"west":{"uv":[14,6.5,16,5],"rotation":180,"texture":"#5"},"up":{"uv":[16,6.5,14,5],"rotation":180,"texture":"#5"},"down":{"uv":[16,8,14,6.5],"rotation":180,"texture":"#5"}}},{"from":[6.5,12.1,10],"to":[8.5,14.1,11.5],"rotation":{"angle":-45,"axis":"z","origin":[5.5,13,4.5]},"faces":{"north":{"uv":[16,8,14,10],"texture":"#5"},"east":{"uv":[14,8,16,6.5],"rotation":180,"texture":"#5"},"south":{"uv":[14,10,16,8],"rotation":90,"texture":"#5"},"west":{"uv":[16,6.5,14,5],"rotation":180,"texture":"#5"},"up":{"uv":[16,5,14,6.5],"rotation":180,"texture":"#5"},"down":{"uv":[16,6.5,14,8],"rotation":180,"texture":"#5"}}},{"from":[8.5,14,5.5],"to":[12.5,15,10.5],"faces":{"north":{"uv":[10,7.25,12,7.75],"texture":"#1"},"east":{"uv":[9.5,6.75,12,7.25],"texture":"#1"},"south":{"uv":[12,7.25,10,7.75],"texture":"#1"},"west":{"uv":[9.5,6.75,12,7.25],"texture":"#1"},"up":{"uv":[12,9,14,11.5],"texture":"#1"},"down":{"uv":[10,9,12,11.5],"texture":"#1"}}},{"from":[12.2,15.2,5.6],"to":[14.2,15.7,10.4],"rotation":{"angle":-22.5,"axis":"z","origin":[10.5,14.6,8]},"faces":{"north":{"uv":[8.75,11.5,9,12.5],"rotation":90,"texture":"#1"},"east":{"uv":[7.5,11.25,10,11.5],"texture":"#1"},"south":{"uv":[8.75,11.5,9,12.5],"rotation":90,"texture":"#1"},"west":{"uv":[7.5,11.25,10,11.5],"texture":"#1"},"up":{"uv":[9,11.5,11.5,12.5],"rotation":90,"texture":"#1"},"down":{"uv":[8.5,12.5,11,13.5],"rotation":90,"texture":"#1"}}},{"from":[13.4,16.5,5.7],"to":[15.4,17,10.3],"rotation":{"angle":-45,"axis":"z","origin":[10.5,14.6,8]},"faces":{"north":{"uv":[8.75,11.5,7.75,11.75],"texture":"#1"},"east":{"uv":[6,13.25,8.5,13.5],"texture":"#1"},"south":{"uv":[7.75,11.5,8.75,11.75],"texture":"#1"},"west":{"uv":[6,13.25,8.5,13.5],"texture":"#1"},"up":{"uv":[9,8.75,10,11.25],"texture":"#1"},"down":{"uv":[8,8.75,9,11.25],"texture":"#1"}}},{"from":[6,6,11],"to":[8,11,11],"rotation":{"angle":0,"axis":"y","origin":[0,0,16]},"faces":{"north":{"uv":[7,11,9,16],"texture":"#4"},"east":{"uv":[0,0,0,2.5],"texture":"#4"},"south":{"uv":[9,11,7,16],"texture":"#4"},"west":{"uv":[0,0,0,2.5],"texture":"#4"},"up":{"uv":[0,0,1,0],"texture":"#4"},"down":{"uv":[0,0,1,0],"texture":"#4"}}},{"from":[6,6,5],"to":[8,11,5],"faces":{"north":{"uv":[7,11,9,16],"texture":"#4"},"east":{"uv":[0,0,0,2.5],"texture":"#4"},"south":{"uv":[9,11,7,16],"texture":"#4"},"west":{"uv":[0,0,0,2.5],"texture":"#4"},"up":{"uv":[0,0,1,0],"texture":"#4"},"down":{"uv":[0,0,1,0],"texture":"#4"}}}],"gui_light":"front","display":{"thirdperson_righthand":{"rotation":[0,90,0],"translation":[0,9,1.75]},"thirdperson_lefthand":{"rotation":[0,-90,0],"translation":[0,9,1.75]},"firstperson_righthand":{"rotation":[0,90,0],"translation":[3,7.5,0.5],"scale":[0.52148,0.52148,0.52148]},"firstperson_lefthand":{"rotation":[0,-90,0],"translation":[3,7.5,0.5],"scale":[0.52148,0.52148,0.52148]},"ground":{"rotation":[0,0,-45],"translation":[0,9,0],"scale":[0.6,0.6,0.6]},"gui":{"rotation":[0,0,-45],"translation":[1.25,1.25,-2],"scale":[0.71305,0.71305,0.71305]},"head":{"translation":[0,-19,-0.25],"scale":[0,0,0]},"fixed":{"rotation":[0,180,0],"translation":[0,6.75,-1.25],"scale":[1.72656,1.72656,1.72656]}},"mcmodels":"e970e2732092479c1b2f8604fdee17db"}