{"textures​":{"layer0":"minecraft:item/axolotl_bucket"},"credit":"MadewithBlockbench","\u0074\u0065\u0078\u0074\u0075\u0072\u0065\u0073":{"0":"\u0065\u006c\u0069\u0074\u0065\u0063\u0072\u0065\u0061\u0074\u0075\u0072\u0065\u0073:\u006b\u006e\u0069\u0067\u0068\u0074_\u0061\u006e\u0069\u006d\u0061\u0074\u0065\u0064_\u0077\u0065\u0061\u0070\u006f\u006e_\u0073\u0065\u0074/\u0074\u0065\u0078\u0074\u0075\u0072\u00651","1":"\u0065\u006c\u0069\u0074\u0065\u0063\u0072\u0065\u0061\u0074\u0075\u0072\u0065\u0073:\u006b\u006e\u0069\u0067\u0068\u0074_\u0061\u006e\u0069\u006d\u0061\u0074\u0065\u0064_\u0077\u0065\u0061\u0070\u006f\u006e_\u0073\u0065\u0074/\u0074\u0065\u0078\u0074\u0075\u0072\u00655","5":"\u0065\u006c\u0069\u0074\u0065\u0063\u0072\u0065\u0061\u0074\u0075\u0072\u0065\u0073:\u006b\u006e\u0069\u0067\u0068\u0074_\u0061\u006e\u0069\u006d\u0061\u0074\u0065\u0064_\u0077\u0065\u0061\u0070\u006f\u006e_\u0073\u0065\u0074/\u0073\u0069\u006e\u0068\u0069\u006e\u00671","\u0070\u0061\u0072\u0074\u0069\u0063\u006c\u0065":"\u0065\u006c\u0069\u0074\u0065\u0063\u0072\u0065\u0061\u0074\u0075\u0072\u0065\u0073:\u006b\u006e\u0069\u0067\u0068\u0074_\u0061\u006e\u0069\u006d\u0061\u0074\u0065\u0064_\u0077\u0065\u0061\u0070\u006f\u006e_\u0073\u0065\u0074/\u0074\u0065\u0078\u0074\u0075\u0072\u00651"},"elements":[{"from":[8.3,6,7.5],"to":[9.3,7.5,8.5],"rotation":{"angle":22.5,"axis":"z","origin":[9,5.5,8]},"faces":{"north":{"uv":[15.5,2,16,2.75],"texture":"#0"},"east":{"uv":[15,2,15.5,2.75],"texture":"#0"},"south":{"uv":[15.5,2,16,2.75],"texture":"#0"},"west":{"uv":[14.5,2,15,2.75],"texture":"#0"},"up":{"uv":[15.5,1.5,16,2],"rotation":180,"texture":"#0"},"down":{"uv":[15.5,1.5,16,2],"rotation":180,"texture":"#0"}}},{"from":[7,5.5,7.4],"to":[9,6,8.6],"rotation":{"angle":0,"axis":"y","origin":[9,5.5,8]},"faces":{"north":{"uv":[13.75,0,13.5,1],"rotation":90,"texture":"#0"},"east":{"uv":[13.75,0,14,0.5],"rotation":90,"texture":"#0"},"south":{"uv":[13.5,0,13.75,1],"rotation":270,"texture":"#0"},"west":{"uv":[13.75,0,14,0.5],"rotation":90,"texture":"#0"},"up":{"uv":[13,0,13.5,1],"rotation":270,"texture":"#0"},"down":{"uv":[12.5,0,13,1],"rotation":270,"texture":"#0"}}},{"from":[6.7,6,7.6],"to":[7.7,7.5,8.4],"rotation":{"angle":-22.5,"axis":"z","origin":[7,5.5,8]},"faces":{"north":{"uv":[16,2,15.5,2.75],"texture":"#0"},"east":{"uv":[15,2,14.5,2.75],"texture":"#0"},"south":{"uv":[16,2,15.5,2.75],"texture":"#0"},"west":{"uv":[15.5,2,15,2.75],"texture":"#0"},"up":{"uv":[16,1.5,15.5,2],"rotation":180,"texture":"#0"},"down":{"uv":[16,1.5,15.5,2],"rotation":180,"texture":"#0"}}},{"from":[7,12,7.5],"to":[9,19,8.5],"faces":{"north":{"uv":[4.875,6,3.875,9.5],"texture":"#1"},"east":{"uv":[3.375,6,3.875,9.5],"texture":"#1"},"south":{"uv":[3.875,6,4.875,9.5],"texture":"#1"},"west":{"uv":[2.875,6,3.375,9.5],"texture":"#1"},"up":{"uv":[3.875,5.5,4.875,6],"texture":"#1"},"down":{"uv":[3.875,5.5,4.875,6],"texture":"#1"}}},{"from":[9,16.5,7.5],"to":[12,18.5,8.5],"faces":{"north":{"uv":[4.875,9.5,3.375,10.5],"texture":"#1"},"east":{"uv":[4.875,10,5.375,11],"texture":"#1"},"south":{"uv":[3.375,9.5,4.875,10.5],"texture":"#1"},"west":{"uv":[4.875,10,5.375,11],"texture":"#1"},"up":{"uv":[3.375,10.5,4.875,11],"texture":"#1"},"down":{"uv":[3.375,10.5,4.875,11],"texture":"#1"}}},{"from":[9,14.5,7.5],"to":[11,15.5,8.5],"faces":{"north":{"uv":[4.375,11.5,3.375,12],"texture":"#1"},"east":{"uv":[4.375,11.5,4.875,12],"texture":"#1"},"south":{"uv":[3.375,11.5,4.375,12],"texture":"#1"},"west":{"uv":[4.375,11.5,4.875,12],"texture":"#1"},"up":{"uv":[3.375,12.5,4.375,13],"texture":"#1"},"down":{"uv":[3.375,12.5,4.375,13],"texture":"#1"}}},{"from":[6,1.5,8],"to":[10,6.5,8],"rotation":{"angle":0,"axis":"y","origin":[0,17,0]},"faces":{"north":{"uv":[7,16,5,13.5],"texture":"#0"},"east":{"uv":[0,2.5,0,0],"texture":"#0"},"south":{"uv":[5,16,7,13.5],"texture":"#0"},"west":{"uv":[0,2.5,0,0],"texture":"#0"},"up":{"uv":[0,0,2,0],"texture":"#0"},"down":{"uv":[0,0,2,0],"texture":"#0"}}},{"from":[7,7.5,8],"to":[9,10,9],"rotation":{"angle":0,"axis":"y","origin":[0,1.5,0]},"faces":{"north":{"uv":[5.375,3.25,6.625,4.25],"rotation":90,"texture":"#0"},"east":{"uv":[6.625,3.75,7.875,3.25],"rotation":90,"texture":"#0"},"south":{"uv":[5.375,3.25,6.625,4.25],"rotation":90,"texture":"#0"},"west":{"uv":[6.625,3.25,7.875,3.75],"rotation":90,"texture":"#0"},"up":{"uv":[4.375,3.25,5.375,3.75],"texture":"#0"},"down":{"uv":[4.375,3.25,5.375,3.75],"texture":"#0"}}},{"from":[6.5,7,6.5],"to":[9.5,7.5,9.5],"rotation":{"angle":0,"axis":"y","origin":[0,1.5,0]},"faces":{"north":{"uv":[12.5,13,13,16],"rotation":90,"texture":"#5"},"east":{"uv":[12.5,13,13,16],"rotation":90,"texture":"#5"},"south":{"uv":[12.5,13,13,16],"rotation":90,"texture":"#5"},"west":{"uv":[12,13,12.5,16],"rotation":90,"texture":"#5"},"up":{"uv":[13,10,16,13],"texture":"#5"},"down":{"uv":[13,13,16,16],"texture":"#5"}}},{"from":[7,7.5,7],"to":[9,10,8],"rotation":{"angle":0,"axis":"y","origin":[0,1.5,16]},"faces":{"north":{"uv":[5.375,4.25,6.625,3.25],"rotation":90,"texture":"#0"},"east":{"uv":[6.625,3.25,7.875,3.75],"rotation":90,"texture":"#0"},"south":{"uv":[5.375,4.25,6.625,3.25],"rotation":90,"texture":"#0"},"west":{"uv":[6.625,3.75,7.875,3.25],"rotation":90,"texture":"#0"},"up":{"uv":[4.375,3.75,5.375,3.25],"texture":"#0"},"down":{"uv":[4.375,3.75,5.375,3.25],"texture":"#0"}}},{"from":[7.5,9,6],"to":[8.5,11,7],"rotation":{"angle":0,"axis":"y","origin":[0,-1,0]},"faces":{"north":{"uv":[9.5,2,10.5,4],"texture":"#5"},"east":{"uv":[11.5,2,10.5,4],"texture":"#5"},"south":{"uv":[9.5,2,10.5,4],"texture":"#5"},"west":{"uv":[10.5,2,11.5,4],"texture":"#5"},"up":{"uv":[8.5,2,9.5,3],"texture":"#5"},"down":{"uv":[8.5,3,9.5,4],"texture":"#5"}}},{"from":[7,6.5,7],"to":[9,7,9],"rotation":{"angle":0,"axis":"y","origin":[0,1.5,0]},"faces":{"north":{"uv":[8.5,6.5,10.5,7],"texture":"#5"},"east":{"uv":[8.5,6.5,10.5,7],"texture":"#5"},"south":{"uv":[8.5,6.5,10.5,7],"texture":"#5"},"west":{"uv":[8.5,6.5,10.5,7],"texture":"#5"},"up":{"uv":[8.5,4,10.5,6],"texture":"#5"},"down":{"uv":[8.5,4,10.5,6],"texture":"#5"}}},{"from":[6.5,10,6.5],"to":[9.5,11.5,8],"rotation":{"angle":0,"axis":"y","origin":[0,1.5,16]},"faces":{"north":{"uv":[4.375,2.5,2.875,3.25],"texture":"#0"},"east":{"uv":[4.375,2.5,5.125,3.25],"texture":"#0"},"south":{"uv":[4.375,2.5,2.875,3.25],"texture":"#0"},"west":{"uv":[5.125,2.5,4.375,3.25],"texture":"#0"},"up":{"uv":[2.875,4,4.375,3.25],"texture":"#0"},"down":{"uv":[2.875,5.5,4.375,4.75],"texture":"#0"}}},{"from":[7,11.5,7],"to":[9,12,8],"rotation":{"angle":0,"axis":"y","origin":[0,1.5,16]},"faces":{"north":{"uv":[11.875,4.25,12.125,3.25],"rotation":90,"texture":"#0"},"east":{"uv":[10.875,3,11.375,3.25],"texture":"#0"},"south":{"uv":[11.875,4.25,12.125,3.25],"rotation":90,"texture":"#0"},"west":{"uv":[11.375,3,10.875,3.25],"texture":"#0"},"up":{"uv":[10.875,3.75,11.875,3.25],"texture":"#0"},"down":{"uv":[10.875,3.75,11.875,3.25],"texture":"#0"}}},{"from":[7.5,9,9],"to":[8.5,11,10],"rotation":{"angle":0,"axis":"y","origin":[0,-1,16]},"faces":{"north":{"uv":[10.5,2,9.5,4],"texture":"#5"},"east":{"uv":[10.5,2,11.5,4],"texture":"#5"},"south":{"uv":[10.5,2,9.5,4],"texture":"#5"},"west":{"uv":[11.5,2,10.5,4],"texture":"#5"},"up":{"uv":[8.5,3,9.5,2],"texture":"#5"},"down":{"uv":[8.5,4,9.5,3],"texture":"#5"}}},{"from":[6.5,10,8],"to":[9.5,11.5,9.5],"rotation":{"angle":0,"axis":"y","origin":[0,1.5,0]},"faces":{"north":{"uv":[2.875,2.5,4.375,3.25],"texture":"#0"},"east":{"uv":[5.125,2.5,4.375,3.25],"texture":"#0"},"south":{"uv":[2.875,2.5,4.375,3.25],"texture":"#0"},"west":{"uv":[4.375,2.5,5.125,3.25],"texture":"#0"},"up":{"uv":[2.875,3.25,4.375,4],"texture":"#0"},"down":{"uv":[2.875,4.75,4.375,5.5],"texture":"#0"}}},{"from":[7,11.5,8],"to":[9,12,9],"rotation":{"angle":0,"axis":"y","origin":[0,1.5,0]},"faces":{"north":{"uv":[11.875,3.25,12.125,4.25],"rotation":90,"texture":"#0"},"east":{"uv":[11.375,3,10.875,3.25],"texture":"#0"},"south":{"uv":[11.875,3.25,12.125,4.25],"rotation":90,"texture":"#0"},"west":{"uv":[10.875,3,11.375,3.25],"texture":"#0"},"up":{"uv":[10.875,3.25,11.875,3.75],"texture":"#0"},"down":{"uv":[10.875,3.25,11.875,3.75],"texture":"#0"}}},{"from":[6,15.5,7.2],"to":[8,16.5,8.7],"rotation":{"angle":0,"axis":"y","origin":[8,18,7.95]},"faces":{"north":{"uv":[11.5,2,12.5,0],"rotation":270,"texture":"#5"},"east":{"uv":[13.5,1.5,12.5,0],"rotation":90,"texture":"#5"},"south":{"uv":[11.5,2,12.5,0],"rotation":90,"texture":"#5"},"west":{"uv":[13.5,1.5,12.5,0],"rotation":90,"texture":"#5"},"up":{"uv":[11.5,0,10,2],"rotation":270,"texture":"#5"},"down":{"uv":[10,0,8.5,2],"rotation":270,"texture":"#5"}}},{"from":[6,13.5,7.2],"to":[8,14.5,8.7],"rotation":{"angle":0,"axis":"y","origin":[8,18,7.95]},"faces":{"north":{"uv":[11.5,2,12.5,0],"rotation":270,"texture":"#5"},"east":{"uv":[13.5,1.5,12.5,0],"rotation":90,"texture":"#5"},"south":{"uv":[11.5,2,12.5,0],"rotation":90,"texture":"#5"},"west":{"uv":[13.5,1.5,12.5,0],"rotation":90,"texture":"#5"},"up":{"uv":[11.5,0,10,2],"rotation":270,"texture":"#5"},"down":{"uv":[10,0,8.5,2],"rotation":270,"texture":"#5"}}}],"gui_light":"front","display":{"thirdperson_righthand":{"rotation":[-22,90,0],"translation":[0,1,-0.25],"scale":[0.52109,0.52109,0.52109]},"thirdperson_lefthand":{"rotation":[-22,-90,0],"translation":[0,1,-0.25],"scale":[0.52109,0.52109,0.52109]},"firstperson_righthand":{"rotation":[-90,90,0],"translation":[4.75,2.5,1],"scale":[0.52539,0.52539,0.52539]},"firstperson_lefthand":{"rotation":[-90,-90,0],"translation":[4.75,2.5,1],"scale":[0.52539,0.52539,0.52539]},"ground":{"rotation":[0,0,180],"translation":[0,9,0],"scale":[0.7,0.7,0.7]},"gui":{"rotation":[0,0,180],"translation":[0.75,2.25,-2],"scale":[0.86344,0.86344,0.86344]},"head":{"translation":[0,-19,-0.25],"scale":[0,0,0]},"fixed":{"rotation":[0,0,180],"translation":[0,4.75,-2.25],"scale":[1.51445,1.51445,1.51445]}},"mcmodels":"e970e2732092479c1b2f8604fdee17db"}