{"textures​":{"layer0":"minecraft:item/feather"},"credit":"MadewithBlockbench","\u0074\u0065\u0078\u0074\u0075\u0072\u0065\u0073":{"0":"\u0065\u006c\u0069\u0074\u0065\u0063\u0072\u0065\u0061\u0074\u0075\u0072\u0065\u0073:\u006b\u006e\u0069\u0067\u0068\u0074_\u0061\u006e\u0069\u006d\u0061\u0074\u0065\u0064_\u0077\u0065\u0061\u0070\u006f\u006e_\u0073\u0065\u0074/\u0074\u0065\u0078\u0074\u0075\u0072\u00651","2":"\u0065\u006c\u0069\u0074\u0065\u0063\u0072\u0065\u0061\u0074\u0075\u0072\u0065\u0073:\u006b\u006e\u0069\u0067\u0068\u0074_\u0061\u006e\u0069\u006d\u0061\u0074\u0065\u0064_\u0077\u0065\u0061\u0070\u006f\u006e_\u0073\u0065\u0074/\u0074\u0065\u0078\u0074\u0075\u0072\u00653","4":"\u0065\u006c\u0069\u0074\u0065\u0063\u0072\u0065\u0061\u0074\u0075\u0072\u0065\u0073:\u006b\u006e\u0069\u0067\u0068\u0074_\u0061\u006e\u0069\u006d\u0061\u0074\u0065\u0064_\u0077\u0065\u0061\u0070\u006f\u006e_\u0073\u0065\u0074/\u0073\u0069\u006e\u0068\u0069\u006e\u00671","5":"\u0065\u006c\u0069\u0074\u0065\u0063\u0072\u0065\u0061\u0074\u0075\u0072\u0065\u0073:\u006b\u006e\u0069\u0067\u0068\u0074_\u0061\u006e\u0069\u006d\u0061\u0074\u0065\u0064_\u0077\u0065\u0061\u0070\u006f\u006e_\u0073\u0065\u0074/\u0074\u0065\u0078\u0074\u0075\u0072\u00656","\u0070\u0061\u0072\u0074\u0069\u0063\u006c\u0065":"\u0065\u006c\u0069\u0074\u0065\u0063\u0072\u0065\u0061\u0074\u0075\u0072\u0065\u0073:\u006b\u006e\u0069\u0067\u0068\u0074_\u0061\u006e\u0069\u006d\u0061\u0074\u0065\u0064_\u0077\u0065\u0061\u0070\u006f\u006e_\u0073\u0065\u0074/\u0074\u0065\u0078\u0074\u0075\u0072\u00651"},"elements":[{"from":[5.5,5,6],"to":[9.5,16,10],"rotation":{"angle":0,"axis":"y","origin":[-0.02202,9.32322,8]},"faces":{"north":{"uv":[9.5,11.5,7.5,6],"rotation":180,"texture":"#5"},"east":{"uv":[7.5,11.5,5.5,6],"rotation":180,"texture":"#5"},"south":{"uv":[9.5,11.5,7.5,6],"rotation":180,"texture":"#5"},"west":{"uv":[7.5,11.5,5.5,6],"rotation":180,"texture":"#5"},"up":{"uv":[7.5,11.5,9.5,13.5],"rotation":90,"texture":"#5"},"down":{"uv":[5.5,11.5,7.5,13.5],"rotation":270,"texture":"#5"}}},{"from":[4.5,16,5],"to":[10.5,17,11],"rotation":{"angle":0,"axis":"y","origin":[6.08762,9.5,-4.18008]},"faces":{"north":{"uv":[10.5,14.5,7.5,15],"texture":"#5"},"east":{"uv":[10.5,11.5,11,14.5],"rotation":90,"texture":"#5"},"south":{"uv":[10.5,14.5,7.5,15],"texture":"#5"},"west":{"uv":[10.5,14.5,11,11.5],"rotation":90,"texture":"#5"},"up":{"uv":[10.5,14.5,7.5,11.5],"texture":"#5"},"down":{"uv":[7.5,14.5,10.5,11.5],"texture":"#5"}}},{"from":[6,0.5,8],"to":[9,2,9.5],"rotation":{"angle":0,"axis":"y","origin":[0,14.5,0]},"faces":{"north":{"uv":[2.875,3.25,4.375,2.5],"texture":"#0"},"east":{"uv":[5.125,3.25,4.375,2.5],"texture":"#0"},"south":{"uv":[2.875,3.25,4.375,2.5],"texture":"#0"},"west":{"uv":[4.375,3.25,5.125,2.5],"texture":"#0"},"up":{"uv":[2.875,5.5,4.375,4.75],"texture":"#0"},"down":{"uv":[2.875,4,4.375,3.25],"texture":"#0"}}},{"from":[6.5,2,8],"to":[8.5,4.5,9],"rotation":{"angle":0,"axis":"y","origin":[0,14.5,0]},"faces":{"north":{"uv":[6.625,3.25,5.375,4.25],"rotation":90,"texture":"#0"},"east":{"uv":[7.875,3.75,6.625,3.25],"rotation":90,"texture":"#0"},"south":{"uv":[6.625,3.25,5.375,4.25],"rotation":90,"texture":"#0"},"west":{"uv":[7.875,3.25,6.625,3.75],"rotation":90,"texture":"#0"},"up":{"uv":[4.375,3.75,5.375,3.25],"texture":"#0"},"down":{"uv":[4.375,3.75,5.375,3.25],"texture":"#0"}}},{"from":[6,4.5,6.5],"to":[9,5,9.5],"rotation":{"angle":0,"axis":"y","origin":[0,14.5,0]},"faces":{"north":{"uv":[12.5,13,13,16],"rotation":90,"texture":"#4"},"east":{"uv":[12.5,13,13,16],"rotation":90,"texture":"#4"},"south":{"uv":[12.5,13,13,16],"rotation":90,"texture":"#4"},"west":{"uv":[12,13,12.5,16],"rotation":90,"texture":"#4"},"up":{"uv":[13,10,16,13],"texture":"#4"},"down":{"uv":[13,13,16,16],"texture":"#4"}}},{"from":[6,0.5,6.5],"to":[9,2,8],"rotation":{"angle":0,"axis":"y","origin":[0,14.5,16]},"faces":{"north":{"uv":[4.375,3.25,2.875,2.5],"texture":"#0"},"east":{"uv":[4.375,3.25,5.125,2.5],"texture":"#0"},"south":{"uv":[4.375,3.25,2.875,2.5],"texture":"#0"},"west":{"uv":[5.125,3.25,4.375,2.5],"texture":"#0"},"up":{"uv":[2.875,4.75,4.375,5.5],"texture":"#0"},"down":{"uv":[2.875,3.25,4.375,4],"texture":"#0"}}},{"from":[6.5,2,7],"to":[8.5,4.5,8],"rotation":{"angle":0,"axis":"y","origin":[0,14.5,16]},"faces":{"north":{"uv":[6.625,4.25,5.375,3.25],"rotation":90,"texture":"#0"},"east":{"uv":[7.875,3.25,6.625,3.75],"rotation":90,"texture":"#0"},"south":{"uv":[6.625,4.25,5.375,3.25],"rotation":90,"texture":"#0"},"west":{"uv":[7.875,3.75,6.625,3.25],"rotation":90,"texture":"#0"},"up":{"uv":[4.375,3.25,5.375,3.75],"texture":"#0"},"down":{"uv":[4.375,3.25,5.375,3.75],"texture":"#0"}}},{"from":[4.6,14,7],"to":[5.6,16,9],"rotation":{"angle":0,"axis":"y","origin":[-0.9,4.1,11.9]},"faces":{"north":{"uv":[10.5,4,10,5],"texture":"#2"},"east":{"uv":[10,5,9,6],"texture":"#2"},"south":{"uv":[10,4,10.5,5],"texture":"#2"},"west":{"uv":[10,5,9,6],"texture":"#2"},"up":{"uv":[10.5,5,10,6],"texture":"#2"},"down":{"uv":[9,5,10,4.5],"rotation":90,"texture":"#2"}}},{"from":[9.4,14,7],"to":[10.4,16,9],"rotation":{"angle":0,"axis":"y","origin":[16.9,4.1,11.9]},"faces":{"north":{"uv":[10,4,10.5,5],"texture":"#2"},"east":{"uv":[9,5,10,6],"texture":"#2"},"south":{"uv":[10.5,4,10,5],"texture":"#2"},"west":{"uv":[9,5,10,6],"texture":"#2"},"up":{"uv":[10,5,10.5,6],"texture":"#2"},"down":{"uv":[9,4.5,10,5],"rotation":90,"texture":"#2"}}},{"from":[7.3,10.5,7.7],"to":[7.8,20.5,8.2],"rotation":{"angle":0,"axis":"y","origin":[-21.5,-19.5,0]},"faces":{"north":{"uv":[5,15.75,0,16],"rotation":270,"texture":"#5"},"east":{"uv":[5,15.25,0,15.5],"rotation":90,"texture":"#5"},"south":{"uv":[0,15.75,5,16],"rotation":90,"texture":"#5"},"west":{"uv":[5,15.5,0,15.75],"rotation":90,"texture":"#5"},"up":{"uv":[0.25,15,0,15.25],"rotation":90,"texture":"#5"},"down":{"uv":[0.25,15,0,15.25],"rotation":90,"texture":"#5"}}},{"from":[7,1,9],"to":[8,3,10],"rotation":{"angle":0,"axis":"y","origin":[0,-1,0]},"faces":{"north":{"uv":[9.5,2,10.5,4],"texture":"#4"},"east":{"uv":[10.5,2,11.5,4],"texture":"#4"},"south":{"uv":[9.5,2,10.5,4],"texture":"#4"},"west":{"uv":[11.5,2,10.5,4],"texture":"#4"},"up":{"uv":[8.5,2,9.5,3],"rotation":180,"texture":"#4"},"down":{"uv":[8.5,3,9.5,4],"rotation":180,"texture":"#4"}}},{"from":[7,1,6],"to":[8,3,7],"rotation":{"angle":0,"axis":"y","origin":[0,-1,16]},"faces":{"north":{"uv":[10.5,2,9.5,4],"texture":"#4"},"east":{"uv":[11.5,2,10.5,4],"texture":"#4"},"south":{"uv":[10.5,2,9.5,4],"texture":"#4"},"west":{"uv":[10.5,2,11.5,4],"texture":"#4"},"up":{"uv":[8.5,3,9.5,2],"rotation":180,"texture":"#4"},"down":{"uv":[8.5,4,9.5,3],"rotation":180,"texture":"#4"}}},{"from":[7.6,18,6.2],"to":[7.6,27,9.7],"rotation":{"angle":0,"axis":"y","origin":[8,27.5,8]},"faces":{"north":{"uv":[0,0,0,4.5],"texture":"#4"},"east":{"uv":[8.5,7,12,16],"texture":"#4"},"south":{"uv":[0,0,0,4.5],"texture":"#4"},"west":{"uv":[12,7,8.5,16],"texture":"#4"},"up":{"uv":[0,0,1.5,0],"rotation":90,"texture":"#4"},"down":{"uv":[0,0,1.5,0],"rotation":270,"texture":"#4"}}},{"from":[5.8,18,7.6],"to":[9.3,27,7.6],"rotation":{"angle":0,"axis":"y","origin":[8,27.5,8]},"faces":{"north":{"uv":[8.5,7,12,16],"texture":"#4"},"east":{"uv":[0,0,0,4.5],"texture":"#4"},"south":{"uv":[12,7,8.5,16],"texture":"#4"},"west":{"uv":[0,0,0,4.5],"texture":"#4"},"up":{"uv":[0,0,1.5,0],"rotation":180,"texture":"#4"},"down":{"uv":[0,0,1.5,0],"rotation":180,"texture":"#4"}}}],"gui_light":"front","display":{"thirdperson_righthand":{"rotation":[67.5,0,0],"translation":[0.3,0.75,-1.25],"scale":[0.62328,0.62328,0.62328]},"thirdperson_lefthand":{"rotation":[67.5,0,-40.14],"translation":[-7.25,-7.75,6.5],"scale":[1.01,1.01,1.01]},"firstperson_righthand":{"translation":[4,2.5,-0.25],"scale":[0.54102,0.54102,0.54102]},"firstperson_lefthand":{"translation":[1.5,4.25,-0.25],"scale":[0,0,0]},"ground":{"translation":[0,9,0],"scale":[0.8418,0.8418,0.8418]},"gui":{"rotation":[30,135,0],"translation":[0,-2.75,-2],"scale":[0.64273,0.64273,0.64273]},"head":{"translation":[0,-19,-0.25],"scale":[0,0,0]},"fixed":{"translation":[0.75,-6.75,-3.25],"scale":[1.67266,1.67266,1.67266]}},"mcmodels":"e970e2732092479c1b2f8604fdee17db"}