{"textures​":{"layer0":"minecraft:item/resin_brick_stairs"},"credit":"MadewithBlockbench","\u0074\u0065\u0078\u0074\u0075\u0072\u0065\u0073":{"1":"\u0065\u006c\u0069\u0074\u0065\u0063\u0072\u0065\u0061\u0074\u0075\u0072\u0065\u0073:\u006b\u006e\u0069\u0067\u0068\u0074_\u0061\u006e\u0069\u006d\u0061\u0074\u0065\u0064_\u0077\u0065\u0061\u0070\u006f\u006e_\u0073\u0065\u0074/\u0074\u0065\u0078\u0074\u0075\u0072\u00651","4":"\u0065\u006c\u0069\u0074\u0065\u0063\u0072\u0065\u0061\u0074\u0075\u0072\u0065\u0073:\u006b\u006e\u0069\u0067\u0068\u0074_\u0061\u006e\u0069\u006d\u0061\u0074\u0065\u0064_\u0077\u0065\u0061\u0070\u006f\u006e_\u0073\u0065\u0074/\u0073\u0069\u006e\u0068\u0069\u006e\u00671","5":"\u0065\u006c\u0069\u0074\u0065\u0063\u0072\u0065\u0061\u0074\u0075\u0072\u0065\u0073:\u006b\u006e\u0069\u0067\u0068\u0074_\u0061\u006e\u0069\u006d\u0061\u0074\u0065\u0064_\u0077\u0065\u0061\u0070\u006f\u006e_\u0073\u0065\u0074/\u0074\u0065\u0078\u0074\u0075\u0072\u00655","6":"\u0065\u006c\u0069\u0074\u0065\u0063\u0072\u0065\u0061\u0074\u0075\u0072\u0065\u0073:\u006b\u006e\u0069\u0067\u0068\u0074_\u0061\u006e\u0069\u006d\u0061\u0074\u0065\u0064_\u0077\u0065\u0061\u0070\u006f\u006e_\u0073\u0065\u0074/\u0073\u0068\u0069\u006e\u0069\u006e\u0067","7":"\u0065\u006c\u0069\u0074\u0065\u0063\u0072\u0065\u0061\u0074\u0075\u0072\u0065\u0073:\u006b\u006e\u0069\u0067\u0068\u0074_\u0061\u006e\u0069\u006d\u0061\u0074\u0065\u0064_\u0077\u0065\u0061\u0070\u006f\u006e_\u0073\u0065\u0074/\u0074\u0065\u0078\u0073\u0068\u0069\u006e\u0069\u006e\u00675","\u0070\u0061\u0072\u0074\u0069\u0063\u006c\u0065":"\u0065\u006c\u0069\u0074\u0065\u0063\u0072\u0065\u0061\u0074\u0075\u0072\u0065\u0073:\u006b\u006e\u0069\u0067\u0068\u0074_\u0061\u006e\u0069\u006d\u0061\u0074\u0065\u0064_\u0077\u0065\u0061\u0070\u006f\u006e_\u0073\u0065\u0074/\u0074\u0065\u0078\u0074\u0075\u0072\u00651"},"elements":[{"from":[8.3,-15.5,7.5],"to":[9.3,-14,8.5],"rotation":{"angle":22.5,"axis":"z","origin":[9,-16,8]},"faces":{"north":{"uv":[15.5,2,16,2.75],"texture":"#1"},"east":{"uv":[15,2,15.5,2.75],"texture":"#1"},"south":{"uv":[15.5,2,16,2.75],"texture":"#1"},"west":{"uv":[14.5,2,15,2.75],"texture":"#1"},"up":{"uv":[15.5,1.5,16,2],"rotation":180,"texture":"#1"},"down":{"uv":[15.5,1.5,16,2],"rotation":180,"texture":"#1"}}},{"from":[7,-16,7.4],"to":[9,-15.5,8.6],"rotation":{"angle":0,"axis":"y","origin":[9,-16,8]},"faces":{"north":{"uv":[13.75,0,13.5,1],"rotation":90,"texture":"#1"},"east":{"uv":[13.75,0,14,0.5],"rotation":90,"texture":"#1"},"south":{"uv":[13.5,0,13.75,1],"rotation":270,"texture":"#1"},"west":{"uv":[13.75,0,14,0.5],"rotation":90,"texture":"#1"},"up":{"uv":[13,0,13.5,1],"rotation":270,"texture":"#1"},"down":{"uv":[12.5,0,13,1],"rotation":270,"texture":"#1"}}},{"from":[6.7,-15.5,7.6],"to":[7.7,-14,8.4],"rotation":{"angle":-22.5,"axis":"z","origin":[7,-16,8]},"faces":{"north":{"uv":[16,2,15.5,2.75],"texture":"#1"},"east":{"uv":[15,2,14.5,2.75],"texture":"#1"},"south":{"uv":[16,2,15.5,2.75],"texture":"#1"},"west":{"uv":[15.5,2,15,2.75],"texture":"#1"},"up":{"uv":[16,1.5,15.5,2],"rotation":180,"texture":"#1"},"down":{"uv":[16,1.5,15.5,2],"rotation":180,"texture":"#1"}}},{"from":[7.5,8,7.5],"to":[8.5,23,8.5],"rotation":{"angle":0,"axis":"y","origin":[0,1,6.4]},"faces":{"north":{"uv":[4.875,0,5.375,7.5],"texture":"#5"},"east":{"uv":[4.875,0,5.375,7.5],"texture":"#5"},"south":{"uv":[4.875,0,5.375,7.5],"texture":"#5"},"west":{"uv":[4.875,0,5.375,7.5],"texture":"#5"},"up":{"uv":[5.375,9.5,4.875,10],"texture":"#5"},"down":{"uv":[5.375,9.5,4.875,10],"texture":"#5"}}},{"from":[7.5,1,7.5],"to":[8.5,7,8.5],"rotation":{"angle":0,"axis":"y","origin":[8,1.5,8]},"faces":{"north":{"uv":[3.25,7,3.75,10],"texture":"#1"},"east":{"uv":[2.75,7,3.25,10],"texture":"#1"},"south":{"uv":[4.25,6.875,4.75,9.875],"texture":"#1"},"west":{"uv":[3.75,7,4.25,10],"texture":"#1"},"up":{"uv":[2.75,6.5,3.25,7],"rotation":180,"texture":"#1"},"down":{"uv":[3.25,6.5,3.75,7],"rotation":180,"texture":"#1"}}},{"from":[7.5,-15,7.5],"to":[8.5,0,8.5],"rotation":{"angle":0,"axis":"y","origin":[0,15,6.4]},"faces":{"north":{"uv":[4.875,7.5,5.375,0],"texture":"#5"},"east":{"uv":[4.875,7.5,5.375,0],"texture":"#5"},"south":{"uv":[4.875,7.5,5.375,0],"texture":"#5"},"west":{"uv":[4.875,7.5,5.375,0],"texture":"#5"},"up":{"uv":[5.375,10,4.875,9.5],"texture":"#5"},"down":{"uv":[5.375,10,4.875,9.5],"texture":"#5"}}},{"from":[8,23,6.3],"to":[8,32,9.8],"rotation":{"angle":0,"axis":"y","origin":[8,27.5,8]},"faces":{"north":{"uv":[0,0,0,4.5],"texture":"#7"},"east":{"uv":[12,7,8.5,16],"texture":"#4"},"south":{"uv":[0,0,0,4.5],"texture":"#7"},"west":{"uv":[8.5,7,12,16],"texture":"#4"},"up":{"uv":[0,0,1.5,0],"rotation":90,"texture":"#7"},"down":{"uv":[0,0,1.5,0],"rotation":270,"texture":"#7"}}},{"from":[6.2,23,8],"to":[9.7,32,8],"rotation":{"angle":0,"axis":"y","origin":[8,27.5,8]},"faces":{"north":{"uv":[12,7,8.5,16],"texture":"#4"},"east":{"uv":[0,0,0,4.5],"texture":"#7"},"south":{"uv":[8.5,7,12,16],"texture":"#4"},"west":{"uv":[0,0,0,4.5],"texture":"#7"},"up":{"uv":[0,0,1.5,0],"rotation":180,"texture":"#7"},"down":{"uv":[0,0,1.5,0],"rotation":180,"texture":"#7"}}},{"from":[5,22,7.9],"to":[11,31,7.9],"rotation":{"angle":0,"axis":"y","origin":[16,0,0]},"faces":{"north":{"uv":[6,0,0,9],"texture":"#6"},"east":{"uv":[0,0,0,9],"texture":"#6"},"south":{"uv":[0,0,6,9],"texture":"#6"},"west":{"uv":[0,0,0,9],"texture":"#6"},"up":{"uv":[6.5,0,0,0],"texture":"#6"},"down":{"uv":[6.5,0,0,0],"texture":"#6"}}},{"from":[5,22,8.1],"to":[11,31,8.1],"rotation":{"angle":0,"axis":"y","origin":[16,0,16]},"faces":{"north":{"uv":[6,0,0,9],"texture":"#6"},"east":{"uv":[0,0,0,9],"texture":"#6"},"south":{"uv":[0,0,6,9],"texture":"#6"},"west":{"uv":[0,0,0,9],"texture":"#6"},"up":{"uv":[6.5,0,0,0],"texture":"#6"},"down":{"uv":[6.5,0,0,0],"texture":"#6"}}},{"from":[7,0,7.2],"to":[9,1,8.7],"rotation":{"angle":0,"axis":"y","origin":[15,18,7.95]},"faces":{"north":{"uv":[11.5,2,12.5,0],"rotation":270,"texture":"#4"},"east":{"uv":[13.5,1.5,12.5,0],"rotation":90,"texture":"#4"},"south":{"uv":[11.5,2,12.5,0],"rotation":90,"texture":"#4"},"west":{"uv":[13.5,1.5,12.5,0],"rotation":90,"texture":"#4"},"up":{"uv":[11.5,0,10,2],"rotation":270,"texture":"#4"},"down":{"uv":[10,0,8.5,2],"rotation":270,"texture":"#4"}}},{"from":[7,-15,7.2],"to":[9,-14,8.7],"rotation":{"angle":0,"axis":"y","origin":[15,18,7.95]},"faces":{"north":{"uv":[11.5,2,12.5,0],"rotation":270,"texture":"#4"},"east":{"uv":[13.5,1.5,12.5,0],"rotation":90,"texture":"#4"},"south":{"uv":[11.5,2,12.5,0],"rotation":90,"texture":"#4"},"west":{"uv":[13.5,1.5,12.5,0],"rotation":90,"texture":"#4"},"up":{"uv":[11.5,0,10,2],"rotation":270,"texture":"#4"},"down":{"uv":[10,0,8.5,2],"rotation":270,"texture":"#4"}}},{"from":[7,7,7.2],"to":[9,8,8.7],"rotation":{"angle":0,"axis":"y","origin":[15,18,7.95]},"faces":{"north":{"uv":[11.5,2,12.5,0],"rotation":270,"texture":"#4"},"east":{"uv":[13.5,1.5,12.5,0],"rotation":90,"texture":"#4"},"south":{"uv":[11.5,2,12.5,0],"rotation":90,"texture":"#4"},"west":{"uv":[13.5,1.5,12.5,0],"rotation":90,"texture":"#4"},"up":{"uv":[11.5,0,10,2],"rotation":270,"texture":"#4"},"down":{"uv":[10,0,8.5,2],"rotation":270,"texture":"#4"}}}],"gui_light":"front","display":{"thirdperson_righthand":{"rotation":[0,90,0],"translation":[0,2,1.75]},"thirdperson_lefthand":{"rotation":[0,90,0],"translation":[0,2,1.75]},"firstperson_righthand":{"rotation":[-8,90,0],"translation":[3.5,6.75,0.5],"scale":[0.36328,0.36328,0.36328]},"firstperson_lefthand":{"rotation":[-8,90,0],"translation":[3.5,6.75,0.5],"scale":[0.36328,0.36328,0.36328]},"ground":{"rotation":[0,0,-45],"translation":[0,9,0],"scale":[0.6,0.6,0.6]},"gui":{"rotation":[0,0,-45],"translation":[0,0,-2],"scale":[0.43766,0.43766,0.43766]},"head":{"translation":[0,-19,-0.25],"scale":[0,0,0]},"fixed":{"rotation":[0,180,0],"translation":[0,5.75,-1.25],"scale":[1.72656,1.72656,1.72656]}},"mcmodels":"e970e2732092479c1b2f8604fdee17db"}