{"textures":{"1":"modelengine:block/goblin_archer_extra"},"elements":[{"from":[6.7325377,5.9999995,6.155377],"to":[8.732538,10.0,9.155376],"faces":{"east":{"uv":[3.5,7.125,3.875,7.625],"tintindex":0,"rotation":0,"texture":"#1"},"south":{"uv":[1.25,7.5,1.5,8.0],"tintindex":0,"rotation":0,"texture":"#1"},"north":{"uv":[2.5,7.375,2.75,7.875],"tintindex":0,"rotation":0,"texture":"#1"},"west":{"uv":[7.125,3.875,7.5,4.375],"tintindex":0,"rotation":0,"texture":"#1"},"up":{"uv":[7.625,8.125,7.375,7.75],"tintindex":0,"rotation":0,"texture":"#1"},"down":{"uv":[8.0,7.75,7.75,8.125],"tintindex":0,"rotation":0,"texture":"#1"}},"rotation":{"origin":[8.732538,8.5,7.155377],"angle":22.5,"axis":"y"}}],"display":{"head":{"rotation":[0.0,0.0,0.0]},"firstperson_righthand":{"rotation":[0.0,0.0,0.0]},"thirdperson_lefthand":{"rotation":[0.0,-0.0,-0.0]},"firstperson_lefthand":{"rotation":[0.0,-0.0,-0.0]},"fixed":{"rotation":[0.0,0.0,0.0]},"ground":{"rotation":[0.0,0.0,0.0]},"thirdperson_righthand":{"rotation":[0.0,0.0,0.0]},"gui":{"rotation":[-150.0,-75.0,-180.0]}}}