{"textures":{"0":"modelengine:block/goblin_archer"},"elements":[{"from":[3.0,7.5,8.0],"to":[7.0,8.5,8.0],"faces":{"south":{"uv":[5.25,2.25,4.75,2.375],"tintindex":0,"rotation":0,"texture":"#0"},"north":{"uv":[4.75,2.25,5.25,2.375],"tintindex":0,"rotation":0,"texture":"#0"}}},{"from":[9.0,7.5,8.0],"to":[13.0,8.5,8.0],"faces":{"south":{"uv":[4.75,2.25,5.25,2.375],"tintindex":0,"rotation":0,"texture":"#0"},"north":{"uv":[5.25,2.25,4.75,2.375],"tintindex":0,"rotation":0,"texture":"#0"}}}],"display":{"head":{"rotation":[0.0,0.0,0.0]},"firstperson_righthand":{"rotation":[0.0,0.0,0.0]},"thirdperson_lefthand":{"rotation":[0.0,-0.0,-0.0]},"firstperson_lefthand":{"rotation":[0.0,-0.0,-0.0]},"fixed":{"rotation":[0.0,0.0,0.0]},"ground":{"rotation":[0.0,0.0,0.0]},"thirdperson_righthand":{"rotation":[0.0,0.0,0.0]},"gui":{"rotation":[-150.0,-75.0,-180.0]}}}