{"textures":{"0":"modelengine:block/goblin_archer"},"elements":[{"from":[-1.0,4.0,8.333333],"to":[8.0,10.0,8.333333],"faces":{"south":{"uv":[5.875,1.25,4.75,2.0],"tintindex":0,"rotation":0,"texture":"#0"},"north":{"uv":[4.75,1.25,5.875,2.0],"tintindex":0,"rotation":0,"texture":"#0"}}},{"from":[3.0,6.0,7.3333335],"to":[8.0,10.0,8.333333],"faces":{"east":{"uv":[6.125,6.875,6.25,7.375],"tintindex":0,"rotation":0,"texture":"#0"},"south":{"uv":[9.625,3.625,9.0,4.125],"tintindex":0,"rotation":0,"texture":"#0"},"north":{"uv":[9.0,3.625,9.625,4.125],"tintindex":0,"rotation":0,"texture":"#0"},"west":{"uv":[6.75,8.875,6.875,9.375],"tintindex":0,"rotation":0,"texture":"#0"},"up":{"uv":[9.125,5.625,8.5,5.5],"tintindex":0,"rotation":0,"texture":"#0"},"down":{"uv":[10.625,3.0,10.0,3.125],"tintindex":0,"rotation":0,"texture":"#0"}}}],"display":{"head":{"rotation":[0.0,0.0,0.0]},"firstperson_righthand":{"rotation":[0.0,0.0,0.0]},"thirdperson_lefthand":{"rotation":[0.0,-0.0,-0.0]},"firstperson_lefthand":{"rotation":[0.0,-0.0,-0.0]},"fixed":{"rotation":[0.0,0.0,0.0]},"ground":{"rotation":[0.0,0.0,0.0]},"thirdperson_righthand":{"rotation":[0.0,0.0,0.0]},"gui":{"rotation":[-150.0,-75.0,-180.0]}}}