{"textures":{"0":"modelengine:block/goblin_archer","1":"modelengine:block/goblin_archer_extra"},"elements":[{"from":[5.0,-0.75,6.0],"to":[8.0,9.25,10.0],"faces":{"east":{"uv":[4.125,6.875,4.625,8.125],"tintindex":0,"rotation":0,"texture":"#0"},"south":{"uv":[6.5,6.625,6.875,7.875],"tintindex":0,"rotation":0,"texture":"#0"},"north":{"uv":[6.5,6.625,6.875,7.875],"tintindex":0,"rotation":0,"texture":"#0"},"west":{"uv":[4.125,6.875,4.625,8.125],"tintindex":0,"rotation":0,"texture":"#0"},"up":{"uv":[9.875,1.125,9.375,0.625],"tintindex":0,"rotation":0,"texture":"#0"},"down":{"uv":[9.875,2.625,9.375,3.125],"tintindex":0,"rotation":0,"texture":"#0"}}},{"from":[4.5,1.25,5.5],"to":[8.5,6.25,10.5],"faces":{"east":{"uv":[0.0,4.25,0.625,4.875],"tintindex":0,"rotation":0,"texture":"#1"},"south":{"uv":[3.625,5.0,4.125,5.625],"tintindex":0,"rotation":0,"texture":"#1"},"north":{"uv":[3.625,5.0,4.125,5.625],"tintindex":0,"rotation":0,"texture":"#1"},"west":{"uv":[0.0,4.25,0.625,4.875],"tintindex":0,"rotation":0,"texture":"#1"},"up":{"uv":[5.875,4.125,5.375,3.5],"tintindex":0,"rotation":0,"texture":"#1"},"down":{"uv":[5.625,5.375,5.125,6.0],"tintindex":0,"rotation":0,"texture":"#1"}}}],"display":{"head":{"rotation":[0.0,0.0,0.0]},"firstperson_righthand":{"rotation":[0.0,0.0,0.0]},"thirdperson_lefthand":{"rotation":[0.0,-0.0,-0.0]},"firstperson_lefthand":{"rotation":[0.0,-0.0,-0.0]},"fixed":{"rotation":[0.0,0.0,0.0]},"ground":{"rotation":[0.0,0.0,0.0]},"thirdperson_righthand":{"rotation":[0.0,0.0,0.0]},"gui":{"rotation":[-150.0,-75.0,-180.0]}}}