{"textures":{"0":"modelengine:block/goblin_archer","1":"modelengine:block/goblin_archer_extra"},"elements":[{"from":[6.0,-0.91666603,5.833333],"to":[9.0,8.083334,9.833333],"faces":{"east":{"uv":[4.75,7.5,5.25,8.625],"tintindex":0,"rotation":0,"texture":"#0"},"south":{"uv":[7.375,1.25,7.75,2.375],"tintindex":0,"rotation":0,"texture":"#0"},"north":{"uv":[7.375,1.25,7.75,2.375],"tintindex":0,"rotation":0,"texture":"#0"},"west":{"uv":[4.75,7.5,5.25,8.625],"tintindex":0,"rotation":0,"texture":"#0"},"up":{"uv":[7.875,10.0,7.375,9.5],"tintindex":0,"rotation":0,"texture":"#0"},"down":{"uv":[10.0,8.625,9.5,9.125],"tintindex":0,"rotation":0,"texture":"#0"}}},{"from":[5.5,5.0583334,5.333333],"to":[9.5,7.0583334,10.333333],"faces":{"east":{"uv":[5.125,7.25,5.75,7.5],"tintindex":0,"rotation":0,"texture":"#1"},"south":{"uv":[7.375,6.125,7.875,6.375],"tintindex":0,"rotation":0,"texture":"#1"},"north":{"uv":[7.375,6.125,7.875,6.375],"tintindex":0,"rotation":0,"texture":"#1"},"west":{"uv":[5.125,7.25,5.75,7.5],"tintindex":0,"rotation":0,"texture":"#1"},"up":{"uv":[3.625,6.375,3.125,7.0],"tintindex":0,"rotation":0,"texture":"#1"},"down":{"uv":[3.625,6.375,3.125,7.0],"tintindex":0,"rotation":0,"texture":"#1"}}},{"from":[5.5,-0.9416666,5.333333],"to":[9.5,3.0583334,10.333333],"faces":{"east":{"uv":[1.25,6.125,1.875,6.625],"tintindex":0,"rotation":0,"texture":"#1"},"south":{"uv":[3.75,6.5,4.25,7.0],"tintindex":0,"rotation":0,"texture":"#1"},"north":{"uv":[3.75,6.5,4.25,7.0],"tintindex":0,"rotation":0,"texture":"#1"},"west":{"uv":[1.25,6.125,1.875,6.625],"tintindex":0,"rotation":0,"texture":"#1"},"up":{"uv":[5.625,6.75,5.125,6.125],"tintindex":0,"rotation":0,"texture":"#1"},"down":{"uv":[6.25,6.125,5.75,6.75],"tintindex":0,"rotation":0,"texture":"#1"}}}],"display":{"head":{"rotation":[0.0,0.0,0.0]},"firstperson_righthand":{"rotation":[0.0,0.0,0.0]},"thirdperson_lefthand":{"rotation":[0.0,-0.0,-0.0]},"firstperson_lefthand":{"rotation":[0.0,-0.0,-0.0]},"fixed":{"rotation":[0.0,0.0,0.0]},"ground":{"rotation":[0.0,0.0,0.0]},"thirdperson_righthand":{"rotation":[0.0,0.0,0.0]},"gui":{"rotation":[-150.0,-75.0,-180.0]}}}