{"textures":{"0":"modelengine:block/goblin_archer","1":"modelengine:block/goblin_archer_extra"},"elements":[{"from":[4.0,8.275,6.1],"to":[12.0,17.275,10.1],"faces":{"east":{"uv":[7.0,4.875,7.5,6.0],"tintindex":0,"rotation":0,"texture":"#0"},"south":{"uv":[4.75,0.0,5.75,1.125],"tintindex":0,"rotation":0,"texture":"#0"},"north":{"uv":[2.75,4.5,3.75,5.625],"tintindex":0,"rotation":0,"texture":"#0"},"west":{"uv":[7.0,6.125,7.5,7.25],"tintindex":0,"rotation":0,"texture":"#0"},"up":{"uv":[2.875,8.375,1.875,7.875],"tintindex":0,"rotation":0,"texture":"#0"},"down":{"uv":[9.0,2.0,8.0,2.5],"tintindex":0,"rotation":0,"texture":"#0"}}},{"from":[3.5,10.25,5.6],"to":[12.5,17.25,10.6],"faces":{"east":{"uv":[3.75,1.75,4.375,2.625],"tintindex":0,"rotation":0,"texture":"#1"},"south":{"uv":[1.5,1.0,2.625,1.875],"tintindex":0,"rotation":0,"texture":"#1"},"north":{"uv":[1.5,0.0,2.625,0.875],"tintindex":0,"rotation":0,"texture":"#1"},"west":{"uv":[2.875,3.75,3.5,4.625],"tintindex":0,"rotation":0,"texture":"#1"},"up":{"uv":[3.625,2.625,2.5,2.0],"tintindex":0,"rotation":0,"texture":"#1"},"down":{"uv":[3.875,0.0,2.75,0.625],"tintindex":0,"rotation":0,"texture":"#1"}}},{"from":[3.5,7.2499995,5.6],"to":[12.5,10.25,10.6],"faces":{"east":{"uv":[5.375,9.75,6.0,10.125],"tintindex":0,"rotation":0,"texture":"#0"},"south":{"uv":[8.375,6.75,9.5,7.125],"tintindex":0,"rotation":0,"texture":"#0"},"north":{"uv":[8.375,6.25,9.5,6.625],"tintindex":0,"rotation":0,"texture":"#0"},"west":{"uv":[9.75,7.875,10.375,8.25],"tintindex":0,"rotation":0,"texture":"#0"},"up":{"uv":[5.0,6.75,3.875,6.125],"tintindex":0,"rotation":0,"texture":"#0"},"down":{"uv":[6.25,6.125,5.125,6.75],"tintindex":0,"rotation":0,"texture":"#0"}}}],"display":{"head":{"rotation":[0.0,0.0,0.0]},"firstperson_righthand":{"rotation":[0.0,0.0,0.0]},"thirdperson_lefthand":{"rotation":[0.0,-0.0,-0.0]},"firstperson_lefthand":{"rotation":[0.0,-0.0,-0.0]},"fixed":{"rotation":[0.0,0.0,0.0]},"ground":{"rotation":[0.0,0.0,0.0]},"thirdperson_righthand":{"rotation":[0.0,0.0,0.0]},"gui":{"rotation":[-150.0,-75.0,-180.0]}}}