{"textures":{"1":"modelengine:block/goblin_archer_extra"},"elements":[{"from":[6.7636843,0.13325357,9.4],"to":[7.7636843,20.133255,10.4],"faces":{"east":{"uv":[4.875,4.25,5.0,6.875],"tintindex":0,"rotation":0,"texture":"#1"},"south":{"uv":[0.0,5.0,0.125,7.625],"tintindex":0,"rotation":0,"texture":"#1"},"north":{"uv":[2.25,4.875,2.375,7.5],"tintindex":0,"rotation":0,"texture":"#1"},"west":{"uv":[0.25,5.0,0.375,7.625],"tintindex":0,"rotation":0,"texture":"#1"},"up":{"uv":[5.125,0.625,5.0,0.5],"tintindex":0,"rotation":0,"texture":"#1"},"down":{"uv":[6.875,3.875,6.75,4.0],"tintindex":0,"rotation":0,"texture":"#1"}},"rotation":{"origin":[7.5136843,10.133254,10.4],"angle":-22.5,"axis":"z"}},{"from":[6.0136843,-0.3667469,7.9],"to":[11.013684,15.633254,10.9],"faces":{"east":{"uv":[0.0,2.125,0.375,4.125],"tintindex":0,"rotation":0,"texture":"#1"},"south":{"uv":[0.75,0.0,1.375,2.0],"tintindex":0,"rotation":0,"texture":"#1"},"north":{"uv":[0.0,0.0,0.625,2.0],"tintindex":0,"rotation":0,"texture":"#1"},"west":{"uv":[0.5,2.125,0.875,4.125],"tintindex":0,"rotation":0,"texture":"#1"},"up":{"uv":[7.25,1.5,6.625,1.125],"tintindex":0,"rotation":0,"texture":"#1"},"down":{"uv":[7.375,2.625,6.75,3.0],"tintindex":0,"rotation":0,"texture":"#1"}},"rotation":{"origin":[7.5136843,10.133254,10.4],"angle":-22.5,"axis":"z"}},{"from":[7.7636843,17.133255,9.15],"to":[12.763684,24.133255,9.15],"faces":{"south":{"uv":[2.75,0.75,3.375,1.625],"tintindex":0,"rotation":0,"texture":"#1"},"north":{"uv":[3.375,0.75,2.75,1.625],"tintindex":0,"rotation":0,"texture":"#1"}},"rotation":{"origin":[7.5136843,10.133254,10.4],"angle":-22.5,"axis":"z"}},{"from":[4.7636843,16.133255,9.9],"to":[9.763684,23.133255,9.9],"faces":{"south":{"uv":[2.75,0.75,3.375,1.625],"tintindex":0,"rotation":0,"texture":"#1"},"north":{"uv":[3.375,0.75,2.75,1.625],"tintindex":0,"rotation":0,"texture":"#1"}},"rotation":{"origin":[7.5136843,10.133254,10.4],"angle":-22.5,"axis":"z"}},{"from":[9.763684,0.13325357,8.65],"to":[10.763684,21.133255,9.65],"faces":{"east":{"uv":[4.875,4.25,5.0,6.875],"tintindex":0,"rotation":0,"texture":"#1"},"south":{"uv":[0.0,5.0,0.125,7.625],"tintindex":0,"rotation":0,"texture":"#1"},"north":{"uv":[2.25,4.875,2.375,7.5],"tintindex":0,"rotation":0,"texture":"#1"},"west":{"uv":[0.25,5.0,0.375,7.625],"tintindex":0,"rotation":0,"texture":"#1"},"up":{"uv":[5.125,0.625,5.0,0.5],"tintindex":0,"rotation":0,"texture":"#1"},"down":{"uv":[6.875,3.875,6.75,4.0],"tintindex":0,"rotation":0,"texture":"#1"}},"rotation":{"origin":[7.5136843,10.133254,10.4],"angle":-22.5,"axis":"z"}}],"display":{"head":{"rotation":[0.0,0.0,0.0]},"firstperson_righthand":{"rotation":[0.0,0.0,0.0]},"thirdperson_lefthand":{"rotation":[0.0,-0.0,-0.0]},"firstperson_lefthand":{"rotation":[0.0,-0.0,-0.0]},"fixed":{"rotation":[0.0,0.0,0.0]},"ground":{"rotation":[0.0,0.0,0.0]},"thirdperson_righthand":{"rotation":[0.0,0.0,0.0]},"gui":{"rotation":[-150.0,-75.0,-180.0]}}}