{"credit":"Made by PolygonMC","textures":{"1":"violetset:animations/animations_1","4":"violetset:bow_2"},"elements":[{"from":[7.35,11.35,7.6],"to":[8.65,12.65,8.9],"rotation":{"angle":45,"axis":"x","origin":[8.25,12.25,8]},"faces":{"north":{"uv":[2.66667,11.33333,3.5,12.16667],"texture":"#4"},"east":{"uv":[11.33333,2.66667,12.16667,3.5],"texture":"#4"},"south":{"uv":[11.33333,4,12.16667,4.83333],"texture":"#4"},"west":{"uv":[4.66667,11.33333,5.5,12.16667],"texture":"#4"},"up":{"uv":[12.16667,6.16667,11.33333,5.33333],"texture":"#4"},"down":{"uv":[8.16667,11.33333,7.33333,12.16667],"texture":"#4"}}},{"from":[7.4,10.5,7.4],"to":[8.6,11.7,8.6],"rotation":{"angle":0,"axis":"y","origin":[7.5,11.6,7.5]},"faces":{"north":{"uv":[0,11.33333,0.83333,12.16667],"texture":"#4"},"east":{"uv":[11.33333,0,12.16667,0.83333],"texture":"#4"},"south":{"uv":[1.33333,11.33333,2.16667,12.16667],"texture":"#4"},"west":{"uv":[11.33333,1.33333,12.16667,2.16667],"texture":"#4"}}},{"from":[7.25,10,7.25],"to":[8.75,10.5,8.75],"rotation":{"angle":0,"axis":"y","origin":[7.5,10.5,7.5]},"faces":{"north":{"uv":[13.33333,10.66667,14.33333,11],"texture":"#4"},"east":{"uv":[13.33333,11.33333,14.33333,11.66667],"texture":"#4"},"south":{"uv":[12,13.33333,13,13.66667],"texture":"#4"},"west":{"uv":[13.33333,12,14.33333,12.33333],"texture":"#4"},"up":{"uv":[5.66667,9.66667,4.66667,8.66667],"texture":"#4"},"down":{"uv":[9.66667,4.66667,8.66667,5.66667],"texture":"#4"}}},{"from":[7.25,5.5,7.25],"to":[8.75,6,8.75],"rotation":{"angle":0,"axis":"y","origin":[7.5,6,7.5]},"faces":{"north":{"uv":[2,14,3,14.33333],"texture":"#4"},"east":{"uv":[14,2,15,2.33333],"texture":"#4"},"south":{"uv":[14,2.66667,15,3],"texture":"#4"},"west":{"uv":[3.33333,14,4.33333,14.33333],"texture":"#4"},"up":{"uv":[9.66667,7,8.66667,6],"texture":"#4"},"down":{"uv":[9,8.66667,8,9.66667],"texture":"#4"}}},{"from":[7.5,6,7.5],"to":[8.5,10,8.5],"rotation":{"angle":0,"axis":"y","origin":[7.5,6,7.5]},"faces":{"north":{"uv":[6,6.66667,6.66667,9.33333],"texture":"#4"},"east":{"uv":[6.66667,6.66667,7.33333,9.33333],"texture":"#4"},"south":{"uv":[7.33333,2.66667,8,5.33333],"texture":"#4"},"west":{"uv":[7.33333,5.33333,8,8],"texture":"#4"}}},{"from":[7.4,7,7.4],"to":[8.6,7.5,8.6],"rotation":{"angle":0,"axis":"y","origin":[7.5,7,7.5]},"faces":{"north":{"uv":[5.33333,14,6.16667,14.33333],"texture":"#4"},"east":{"uv":[14,5.33333,14.83333,5.66667],"texture":"#4"},"south":{"uv":[14,6,14.83333,6.33333],"texture":"#4"},"west":{"uv":[8,14,8.83333,14.33333],"texture":"#4"},"up":{"uv":[6.83333,11.5,6,10.66667],"texture":"#4"},"down":{"uv":[11.5,7.33333,10.66667,8.16667],"texture":"#4"}}},{"from":[7.4,8.5,7.4],"to":[8.6,9,8.6],"rotation":{"angle":0,"axis":"y","origin":[7.5,8.5,7.5]},"faces":{"north":{"uv":[14,8,14.83333,8.33333],"texture":"#4"},"east":{"uv":[14,8.66667,14.83333,9],"texture":"#4"},"south":{"uv":[9.33333,14,10.16667,14.33333],"texture":"#4"},"west":{"uv":[14,9.33333,14.83333,9.66667],"texture":"#4"},"up":{"uv":[11.5,9.5,10.66667,8.66667],"texture":"#4"},"down":{"uv":[11.5,10,10.66667,10.83333],"texture":"#4"}}},{"from":[7.475,14.79117,8.92592],"to":[8.525,16.29117,9.92592],"rotation":{"angle":22.5,"axis":"x","origin":[8,16.61821,9.57059]},"faces":{"north":{"uv":[4,12,4.66667,13],"texture":"#4"},"east":{"uv":[10,12,10.66667,13],"texture":"#4"},"south":{"uv":[1.33333,12.66667,2,13.66667],"texture":"#4"},"west":{"uv":[12.66667,1.33333,13.33333,2.33333],"texture":"#4"},"up":{"uv":[11.33333,6,10.66667,5.33333],"texture":"#4"},"down":{"uv":[10,10.66667,9.33333,11.33333],"texture":"#4"}}},{"from":[7.4785,15.89281,8.88348],"to":[8.5215,16.84281,10.88348],"rotation":{"angle":-22.5,"axis":"x","origin":[8,16.61821,9.57059]},"faces":{"east":{"uv":[9.33333,2.66667,10.66667,3.33333],"texture":"#4"},"south":{"uv":[11.33333,6.66667,12,7.33333],"texture":"#4"},"west":{"uv":[9.33333,3.33333,10.66667,4],"texture":"#4"},"up":{"uv":[6.66667,10.66667,6,9.33333],"texture":"#4"},"down":{"uv":[7.33333,9.33333,6.66667,10.66667],"texture":"#4"}}},{"from":[7.4835,16.44401,10.53028],"to":[8.5165,17.79401,11.58028],"rotation":{"angle":0,"axis":"y","origin":[8,16.61821,9.57059]},"faces":{"north":{"uv":[2,12.66667,2.66667,13.66667],"texture":"#4"},"east":{"uv":[2.66667,12.66667,3.33333,13.66667],"texture":"#4"},"south":{"uv":[12.66667,2.66667,13.33333,3.66667],"texture":"#4"},"west":{"uv":[3.33333,12.66667,4,13.66667],"texture":"#4"},"up":{"uv":[14,3.33333,13.33333,2.66667],"texture":"#4"},"down":{"uv":[14,3.33333,13.33333,4],"texture":"#4"}}},{"from":[7.75,17.45213,9.51358],"to":[8.25,18.45213,13.01358],"rotation":{"angle":-22.5,"axis":"x","origin":[8,17.87067,12.4997]},"faces":{"north":{"uv":[14,10,14.33333,10.66667],"texture":"#4"},"east":{"uv":[8,0,10.33333,0.66667],"texture":"#4"},"south":{"uv":[14,12.66667,14.33333,13.33333],"texture":"#4"},"west":{"uv":[8,0.66667,10.33333,1.33333],"texture":"#4"},"up":{"uv":[10.33333,11.66667,10,9.33333],"texture":"#4"},"down":{"uv":[11,0,10.66667,2.33333],"texture":"#4"}}},{"from":[7.7535,17.84519,12.45192],"to":[8.2465,18.64519,13.52692],"rotation":{"angle":22.5,"axis":"x","origin":[8,17.87067,12.4997]},"faces":{"east":{"uv":[10,13.33333,10.66667,13.83333],"texture":"#4"},"south":{"uv":[6,14.66667,6.33333,15.16667],"texture":"#4"},"west":{"uv":[13.33333,12.66667,14,13.16667],"texture":"#4"},"up":{"uv":[14.33333,14.66667,14,14],"texture":"#4"},"down":{"uv":[0.33333,14.66667,0,15.33333],"texture":"#4"}}},{"from":[7.7535,12.78279,6.4874],"to":[8.2465,13.83279,7.2874],"rotation":{"angle":22.5,"axis":"x","origin":[8,13.0011,7.08514]},"faces":{"north":{"uv":[14.66667,0.66667,15,1.33333],"texture":"#4"},"east":{"uv":[1.33333,14,1.83333,14.66667],"texture":"#4"},"south":{"uv":[1.33333,14.66667,1.66667,15.33333],"texture":"#4"},"west":{"uv":[14,1.33333,14.5,2],"texture":"#4"},"up":{"uv":[15,7.16667,14.66667,6.66667],"texture":"#4"}}},{"from":[7.7535,15.03279,6.4874],"to":[8.2465,16.08279,7.2874],"rotation":{"angle":22.5,"axis":"x","origin":[8,13.0011,7.08514]},"faces":{"north":{"uv":[14.66667,1.33333,15,2],"texture":"#4"},"east":{"uv":[14,3.33333,14.5,4],"texture":"#4"},"south":{"uv":[2,14.66667,2.33333,15.33333],"texture":"#4"},"west":{"uv":[14,4,14.5,4.66667],"texture":"#4"},"up":{"uv":[7.66667,15.16667,7.33333,14.66667],"texture":"#4"}}},{"from":[7.7535,17.28279,6.4874],"to":[8.2465,18.33279,7.2874],"rotation":{"angle":22.5,"axis":"x","origin":[8,13.0011,7.08514]},"faces":{"north":{"uv":[14.66667,3.33333,15,4],"texture":"#4"},"east":{"uv":[4.66667,14,5.16667,14.66667],"texture":"#4"},"south":{"uv":[4,14.66667,4.33333,15.33333],"texture":"#4"},"west":{"uv":[14,4.66667,14.5,5.33333],"texture":"#4"},"up":{"uv":[15,7.83333,14.66667,7.33333],"texture":"#4"}}},{"from":[7.75,14.09813,7.36915],"to":[8.25,15.34813,8.36915],"rotation":{"angle":-22.5,"axis":"x","origin":[8,15.07983,7.94619]},"faces":{"north":{"uv":[6.66667,14,7,14.83333],"texture":"#4"},"east":{"uv":[8,12.66667,8.66667,13.5],"texture":"#4"},"south":{"uv":[10.66667,14,11,14.83333],"texture":"#4"},"west":{"uv":[8.66667,12.66667,9.33333,13.5],"texture":"#4"},"up":{"uv":[3,15.33333,2.66667,14.66667],"texture":"#4"},"down":{"uv":[3.66667,14.66667,3.33333,15.33333],"texture":"#4"}}},{"from":[7.75,16.3291,8.99555],"to":[8.25,17.5791,9.99555],"rotation":{"angle":-22.5,"axis":"x","origin":[8,15.3108,9.57259]},"faces":{"north":{"uv":[11.33333,14,11.66667,14.83333],"texture":"#4"},"east":{"uv":[9.33333,12.66667,10,13.5],"texture":"#4"},"south":{"uv":[12,14,12.33333,14.83333],"texture":"#4"},"west":{"uv":[10.66667,12.66667,11.33333,13.5],"texture":"#4"},"up":{"uv":[15,4.66667,14.66667,4],"texture":"#4"},"down":{"uv":[5,14.66667,4.66667,15.33333],"texture":"#4"}}},{"from":[7.75,13.3197,7.04511],"to":[8.25,14.5697,8.04511],"rotation":{"angle":-22.5,"axis":"x","origin":[8,12.30139,10.62215]},"faces":{"north":{"uv":[12.66667,14,13,14.83333],"texture":"#4"},"east":{"uv":[11.33333,12.66667,12,13.5],"texture":"#4"},"south":{"uv":[13.33333,14,13.66667,14.83333],"texture":"#4"},"west":{"uv":[13.33333,1.33333,14,2.16667],"texture":"#4"},"up":{"uv":[15,5.33333,14.66667,4.66667],"texture":"#4"},"down":{"uv":[5.66667,14.66667,5.33333,15.33333],"texture":"#4"}}},{"from":[7.5085,11.54908,6.19269],"to":[8.4915,12.54908,8.19269],"rotation":{"angle":22.5,"axis":"x","origin":[8,12.85096,6.95317]},"faces":{"north":{"uv":[4.66667,13.33333,5.33333,14],"texture":"#4"},"east":{"uv":[9.33333,4,10.66667,4.66667],"texture":"#4"},"west":{"uv":[9.33333,7.33333,10.66667,8],"texture":"#4"},"up":{"uv":[10,9.33333,9.33333,8],"texture":"#4"},"down":{"uv":[10,9.33333,9.33333,10.66667],"texture":"#4"}}},{"from":[7.5135,10.37226,6.40142],"to":[8.4865,12.12226,7.40142],"rotation":{"angle":-22.5,"axis":"x","origin":[8,11.49726,6.90142]},"faces":{"north":{"uv":[10.66667,2.66667,11.33333,3.83333],"texture":"#4"},"east":{"uv":[4,10.66667,4.66667,11.83333],"texture":"#4"},"west":{"uv":[10.66667,4,11.33333,5.16667],"texture":"#4"},"down":{"uv":[4.66667,13.33333,4,14],"texture":"#4"}}},{"from":[4.875,4.875,4.985],"to":[11.125,11.125,5.015],"rotation":{"angle":45,"axis":"z","origin":[8,8,5]},"faces":{"north":{"uv":[1.5,14,14,1.5],"rotation":90,"texture":"#1"},"south":{"uv":[14,14,1.5,1.5],"rotation":270,"texture":"#1"}}},{"from":[7.985,4.875,1.875],"to":[8.015,11.125,8.125],"rotation":{"angle":-45,"axis":"x","origin":[8,8,5]},"faces":{"east":{"uv":[1.5,14,14,1.5],"rotation":90,"texture":"#1"},"west":{"uv":[14,14,1.5,1.5],"rotation":270,"texture":"#1"}}},{"from":[7.5,12.06569,7.75],"to":[8.5,15.06569,8.75],"rotation":{"angle":22.5,"axis":"x","origin":[7.5,12.81569,8]},"faces":{"north":{"uv":[8,1.33333,8.66667,3.33333],"texture":"#4"},"east":{"uv":[8,3.33333,8.66667,5.33333],"texture":"#4"},"south":{"uv":[8,5.33333,8.66667,7.33333],"texture":"#4"},"west":{"uv":[7.33333,8,8,10],"texture":"#4"},"up":{"uv":[14,5.33333,13.33333,4.66667],"texture":"#4"},"down":{"uv":[6,13.33333,5.33333,14],"texture":"#4"}}},{"from":[7.25,12.81569,7.5],"to":[8.75,15.56569,8.5],"rotation":{"angle":22.5,"axis":"x","origin":[7.5,12.81569,8]},"faces":{"north":{"uv":[6,2.66667,7,4.5],"texture":"#4"},"east":{"uv":[8.66667,2.66667,9.33333,4.5],"texture":"#4"},"south":{"uv":[6,4.66667,7,6.5],"texture":"#4"},"west":{"uv":[4,8.66667,4.66667,10.5],"texture":"#4"},"up":{"uv":[13.66667,4.66667,12.66667,4],"texture":"#4"},"down":{"uv":[5.66667,12.66667,4.66667,13.33333],"texture":"#4"}}},{"from":[7.5035,14.34364,9.19073],"to":[8.4965,16.34364,10.19073],"rotation":{"angle":45,"axis":"x","origin":[8.0035,15.34364,9.69073]},"faces":{"north":{"uv":[10,1.33333,10.66667,2.66667],"texture":"#4"},"east":{"uv":[4.66667,10,5.33333,11.33333],"texture":"#4"},"south":{"uv":[10,4.66667,10.66667,6],"texture":"#4"},"west":{"uv":[5.33333,10,6,11.33333],"texture":"#4"},"up":{"uv":[14,6,13.33333,5.33333],"texture":"#4"},"down":{"uv":[6.66667,13.33333,6,14],"texture":"#4"}}},{"from":[7.5085,15.82504,10.1595],"to":[8.4915,16.82504,12.1595],"rotation":{"angle":-22.5,"axis":"x","origin":[8.005,16.32504,11.1595]},"faces":{"north":{"uv":[13.33333,6,14,6.66667],"texture":"#4"},"east":{"uv":[10,6,11.33333,6.66667],"texture":"#4"},"south":{"uv":[6.66667,13.33333,7.33333,14],"texture":"#4"},"west":{"uv":[10,6.66667,11.33333,7.33333],"texture":"#4"},"up":{"uv":[8,11.33333,7.33333,10],"texture":"#4"},"down":{"uv":[8.66667,10,8,11.33333],"texture":"#4"}}},{"from":[7.25,17,11.5],"to":[8.75,17.5,13.5],"rotation":{"angle":45,"axis":"x","origin":[7.25,17,11.5]},"faces":{"north":{"uv":[13.33333,13.33333,14.33333,13.66667],"texture":"#4"},"east":{"uv":[13.33333,6.66667,14.66667,7],"texture":"#4"},"south":{"uv":[0,14,1,14.33333],"texture":"#4"},"west":{"uv":[13.33333,7.33333,14.66667,7.66667],"texture":"#4"},"up":{"uv":[9,8.66667,8,7.33333],"texture":"#4"},"down":{"uv":[9.66667,1.33333,8.66667,2.66667],"texture":"#4"}}},{"from":[7.985,-0.5,12.25],"to":[8.015,16.5,18.25],"rotation":{"angle":0,"axis":"y","origin":[7.985,3.5,12.25]},"faces":{"east":{"uv":[4,0,0,11.33333],"texture":"#4"},"west":{"uv":[0,0,4,11.33333],"texture":"#4"}}},{"from":[7.75,10.5,3.85355],"to":[8.25,12,6.85355],"rotation":{"angle":0,"axis":"y","origin":[8,11.07322,4.92678]},"faces":{"north":{"uv":[14,0,14.33333,1],"texture":"#4"},"east":{"uv":[6,0,8,1],"texture":"#4"},"west":{"uv":[6,1.33333,8,2.33333],"texture":"#4"},"up":{"uv":[13,6.66667,12.66667,4.66667],"texture":"#4"},"down":{"uv":[7.66667,12.66667,7.33333,14.66667],"texture":"#4"}}},{"from":[7.7475,8.90919,3.51274],"to":[8.2525,10.96949,4.57304],"rotation":{"angle":45,"axis":"x","origin":[8,11.07322,4.92678]},"faces":{"north":{"uv":[13.33333,8,13.66667,9.33333],"texture":"#4"},"east":{"uv":[10,8,10.66667,9.33333],"texture":"#4"},"south":{"uv":[13.33333,9.33333,13.66667,10.66667],"texture":"#4"},"west":{"uv":[8.66667,10,9.33333,11.33333],"texture":"#4"},"up":{"uv":[15,0.66667,14.66667,0],"texture":"#4"},"down":{"uv":[1,14.66667,0.66667,15.33333],"texture":"#4"}}},{"from":[7.475,-0.29117,8.92592],"to":[8.525,1.20883,9.92592],"rotation":{"angle":-22.5,"axis":"x","origin":[8,-0.61821,9.57059]},"faces":{"north":{"uv":[4,13,4.66667,12],"texture":"#4"},"east":{"uv":[10,13,10.66667,12],"texture":"#4"},"south":{"uv":[1.33333,13.66667,2,12.66667],"texture":"#4"},"west":{"uv":[12.66667,2.33333,13.33333,1.33333],"texture":"#4"},"up":{"uv":[10,11.33333,9.33333,10.66667],"texture":"#4"},"down":{"uv":[11.33333,5.33333,10.66667,6],"texture":"#4"}}},{"from":[7.4785,-0.84281,8.88348],"to":[8.5215,0.10719,10.88348],"rotation":{"angle":22.5,"axis":"x","origin":[8,-0.61821,9.57059]},"faces":{"east":{"uv":[9.33333,3.33333,10.66667,2.66667],"texture":"#4"},"south":{"uv":[11.33333,7.33333,12,6.66667],"texture":"#4"},"west":{"uv":[9.33333,4,10.66667,3.33333],"texture":"#4"},"up":{"uv":[7.33333,10.66667,6.66667,9.33333],"texture":"#4"},"down":{"uv":[6.66667,9.33333,6,10.66667],"texture":"#4"}}},{"from":[7.4835,-1.79401,10.53028],"to":[8.5165,-0.44401,11.58028],"rotation":{"angle":0,"axis":"y","origin":[8,-0.61821,9.57059]},"faces":{"north":{"uv":[2,13.66667,2.66667,12.66667],"texture":"#4"},"east":{"uv":[2.66667,13.66667,3.33333,12.66667],"texture":"#4"},"south":{"uv":[12.66667,3.66667,13.33333,2.66667],"texture":"#4"},"west":{"uv":[3.33333,13.66667,4,12.66667],"texture":"#4"},"up":{"uv":[14,4,13.33333,3.33333],"texture":"#4"},"down":{"uv":[14,2.66667,13.33333,3.33333],"texture":"#4"}}},{"from":[7.75,-2.45213,9.51358],"to":[8.25,-1.45213,13.01358],"rotation":{"angle":22.5,"axis":"x","origin":[8,-1.87067,12.4997]},"faces":{"north":{"uv":[14,10.66667,14.33333,10],"texture":"#4"},"east":{"uv":[8,0.66667,10.33333,0],"texture":"#4"},"south":{"uv":[14,13.33333,14.33333,12.66667],"texture":"#4"},"west":{"uv":[8,1.33333,10.33333,0.66667],"texture":"#4"},"up":{"uv":[11,2.33333,10.66667,0],"texture":"#4"},"down":{"uv":[10.33333,9.33333,10,11.66667],"texture":"#4"}}},{"from":[7.5135,3.87774,6.40142],"to":[8.4865,5.62774,7.40142],"rotation":{"angle":22.5,"axis":"x","origin":[8,4.50274,6.90142]},"faces":{"north":{"uv":[10.66667,3.83333,11.33333,2.66667],"texture":"#4"},"east":{"uv":[4,11.83333,4.66667,10.66667],"texture":"#4"},"west":{"uv":[10.66667,5.16667,11.33333,4],"texture":"#4"},"up":{"uv":[4.66667,14,4,13.33333],"texture":"#4"}}},{"from":[7.5085,3.45092,6.19269],"to":[8.4915,4.45092,8.19269],"rotation":{"angle":-22.5,"axis":"x","origin":[8,3.14904,6.95317]},"faces":{"north":{"uv":[4.66667,14,5.33333,13.33333],"texture":"#4"},"east":{"uv":[9.33333,4.66667,10.66667,4],"texture":"#4"},"west":{"uv":[9.33333,8,10.66667,7.33333],"texture":"#4"},"up":{"uv":[10,10.66667,9.33333,9.33333],"texture":"#4"},"down":{"uv":[10,8,9.33333,9.33333],"texture":"#4"}}},{"from":[7.5,0.93431,7.75],"to":[8.5,3.93431,8.75],"rotation":{"angle":-22.5,"axis":"x","origin":[7.5,3.18431,8]},"faces":{"north":{"uv":[8,3.33333,8.66667,1.33333],"texture":"#4"},"east":{"uv":[8,5.33333,8.66667,3.33333],"texture":"#4"},"south":{"uv":[8,7.33333,8.66667,5.33333],"texture":"#4"},"west":{"uv":[7.33333,10,8,8],"texture":"#4"},"up":{"uv":[6,14,5.33333,13.33333],"texture":"#4"},"down":{"uv":[14,4.66667,13.33333,5.33333],"texture":"#4"}}},{"from":[7.5035,-0.34364,9.19073],"to":[8.4965,1.65636,10.19073],"rotation":{"angle":-45,"axis":"x","origin":[8.0035,0.65636,9.69073]},"faces":{"north":{"uv":[10,2.66667,10.66667,1.33333],"texture":"#4"},"east":{"uv":[4.66667,11.33333,5.33333,10],"texture":"#4"},"south":{"uv":[10,6,10.66667,4.66667],"texture":"#4"},"west":{"uv":[5.33333,11.33333,6,10],"texture":"#4"},"up":{"uv":[6.66667,14,6,13.33333],"texture":"#4"},"down":{"uv":[14,5.33333,13.33333,6],"texture":"#4"}}},{"from":[7.5085,-0.82504,10.1595],"to":[8.4915,0.17496,12.1595],"rotation":{"angle":22.5,"axis":"x","origin":[8.005,-0.32504,11.1595]},"faces":{"north":{"uv":[13.33333,6.66667,14,6],"texture":"#4"},"east":{"uv":[10,6.66667,11.33333,6],"texture":"#4"},"south":{"uv":[6.66667,14,7.33333,13.33333],"texture":"#4"},"west":{"uv":[10,7.33333,11.33333,6.66667],"texture":"#4"},"up":{"uv":[8.66667,11.33333,8,10],"texture":"#4"},"down":{"uv":[8,10,7.33333,11.33333],"texture":"#4"}}},{"from":[7.25,0.43431,7.5],"to":[8.75,3.18431,8.5],"rotation":{"angle":-22.5,"axis":"x","origin":[7.5,3.18431,8]},"faces":{"north":{"uv":[6,4.5,7,2.66667],"texture":"#4"},"east":{"uv":[8.66667,4.5,9.33333,2.66667],"texture":"#4"},"south":{"uv":[6,6.5,7,4.66667],"texture":"#4"},"west":{"uv":[4,10.5,4.66667,8.66667],"texture":"#4"},"up":{"uv":[5.66667,13.33333,4.66667,12.66667],"texture":"#4"},"down":{"uv":[13.66667,4,12.66667,4.66667],"texture":"#4"}}},{"from":[7.25,-1.5,11.5],"to":[8.75,-1,13.5],"rotation":{"angle":-45,"axis":"x","origin":[7.25,-1,11.5]},"faces":{"north":{"uv":[13.33333,13.66667,14.33333,13.33333],"texture":"#4"},"east":{"uv":[13.33333,7,14.66667,6.66667],"texture":"#4"},"south":{"uv":[0,14.33333,1,14],"texture":"#4"},"west":{"uv":[13.33333,7.66667,14.66667,7.33333],"texture":"#4"},"up":{"uv":[9.66667,2.66667,8.66667,1.33333],"texture":"#4"},"down":{"uv":[9,7.33333,8,8.66667],"texture":"#4"}}},{"from":[7.75,4,3.85355],"to":[8.25,5.5,6.85355],"rotation":{"angle":0,"axis":"y","origin":[8,4.92678,4.92678]},"faces":{"north":{"uv":[14,1,14.33333,0],"texture":"#4"},"east":{"uv":[6,1,8,0],"texture":"#4"},"west":{"uv":[6,2.33333,8,1.33333],"texture":"#4"},"up":{"uv":[7.66667,14.66667,7.33333,12.66667],"texture":"#4"},"down":{"uv":[13,4.66667,12.66667,6.66667],"texture":"#4"}}},{"from":[7.7475,5.03051,3.51274],"to":[8.2525,7.09081,4.57304],"rotation":{"angle":-45,"axis":"x","origin":[8,4.92678,4.92678]},"faces":{"north":{"uv":[13.33333,9.33333,13.66667,8],"texture":"#4"},"east":{"uv":[10,9.33333,10.66667,8],"texture":"#4"},"south":{"uv":[13.33333,10.66667,13.66667,9.33333],"texture":"#4"},"west":{"uv":[8.66667,11.33333,9.33333,10],"texture":"#4"},"up":{"uv":[1,15.33333,0.66667,14.66667],"texture":"#4"},"down":{"uv":[15,0,14.66667,0.66667],"texture":"#4"}}},{"from":[7.7535,2.16721,6.4874],"to":[8.2465,3.21721,7.2874],"rotation":{"angle":-22.5,"axis":"x","origin":[8,2.9989,7.08514]},"faces":{"north":{"uv":[14.66667,1.33333,15,0.66667],"texture":"#4"},"east":{"uv":[1.33333,14.66667,1.83333,14],"texture":"#4"},"south":{"uv":[1.33333,15.33333,1.66667,14.66667],"texture":"#4"},"west":{"uv":[14,2,14.5,1.33333],"texture":"#4"},"down":{"uv":[15,6.66667,14.66667,7.16667],"texture":"#4"}}},{"from":[7.7535,-0.08279,6.4874],"to":[8.2465,0.96721,7.2874],"rotation":{"angle":-22.5,"axis":"x","origin":[8,2.9989,7.08514]},"faces":{"north":{"uv":[14.66667,2,15,1.33333],"texture":"#4"},"east":{"uv":[14,4,14.5,3.33333],"texture":"#4"},"south":{"uv":[2,15.33333,2.33333,14.66667],"texture":"#4"},"west":{"uv":[14,4.66667,14.5,4],"texture":"#4"},"down":{"uv":[7.66667,14.66667,7.33333,15.16667],"texture":"#4"}}},{"from":[7.75,0.65187,7.36915],"to":[8.25,1.90187,8.36915],"rotation":{"angle":22.5,"axis":"x","origin":[8,0.92017,7.94619]},"faces":{"north":{"uv":[6.66667,14.83333,7,14],"texture":"#4"},"east":{"uv":[8,13.5,8.66667,12.66667],"texture":"#4"},"south":{"uv":[10.66667,14.83333,11,14],"texture":"#4"},"west":{"uv":[8.66667,13.5,9.33333,12.66667],"texture":"#4"},"up":{"uv":[3.66667,15.33333,3.33333,14.66667],"texture":"#4"},"down":{"uv":[3,14.66667,2.66667,15.33333],"texture":"#4"}}},{"from":[7.7535,-2.33279,6.4874],"to":[8.2465,-1.28279,7.2874],"rotation":{"angle":-22.5,"axis":"x","origin":[8,2.9989,7.08514]},"faces":{"north":{"uv":[14.66667,4,15,3.33333],"texture":"#4"},"east":{"uv":[4.66667,14.66667,5.16667,14],"texture":"#4"},"south":{"uv":[4,15.33333,4.33333,14.66667],"texture":"#4"},"west":{"uv":[14,5.33333,14.5,4.66667],"texture":"#4"},"down":{"uv":[15,7.33333,14.66667,7.83333],"texture":"#4"}}},{"from":[7.75,-1.5791,8.99555],"to":[8.25,-0.3291,9.99555],"rotation":{"angle":22.5,"axis":"x","origin":[8,0.6892,9.57259]},"faces":{"north":{"uv":[11.33333,14.83333,11.66667,14],"texture":"#4"},"east":{"uv":[9.33333,13.5,10,12.66667],"texture":"#4"},"south":{"uv":[12,14.83333,12.33333,14],"texture":"#4"},"west":{"uv":[10.66667,13.5,11.33333,12.66667],"texture":"#4"},"up":{"uv":[5,15.33333,4.66667,14.66667],"texture":"#4"},"down":{"uv":[15,4,14.66667,4.66667],"texture":"#4"}}},{"from":[7.75,1.4303,7.04511],"to":[8.25,2.6803,8.04511],"rotation":{"angle":22.5,"axis":"x","origin":[8,3.69861,10.62215]},"faces":{"north":{"uv":[12.66667,14.83333,13,14],"texture":"#4"},"east":{"uv":[11.33333,13.5,12,12.66667],"texture":"#4"},"south":{"uv":[13.33333,14.83333,13.66667,14],"texture":"#4"},"west":{"uv":[13.33333,2.16667,14,1.33333],"texture":"#4"},"up":{"uv":[5.66667,15.33333,5.33333,14.66667],"texture":"#4"},"down":{"uv":[15,4.66667,14.66667,5.33333],"texture":"#4"}}},{"from":[7.7535,-2.64519,12.45192],"to":[8.2465,-1.84519,13.52692],"rotation":{"angle":-22.5,"axis":"x","origin":[8,-1.87067,12.4997]},"faces":{"east":{"uv":[10,13.83333,10.66667,13.33333],"texture":"#4"},"south":{"uv":[6,15.16667,6.33333,14.66667],"texture":"#4"},"west":{"uv":[13.33333,13.16667,14,12.66667],"texture":"#4"},"up":{"uv":[0.33333,15.33333,0,14.66667],"texture":"#4"},"down":{"uv":[14.33333,14,14,14.66667],"texture":"#4"}}},{"from":[7.4,4.3,7.4],"to":[8.6,5.5,8.6],"rotation":{"angle":0,"axis":"y","origin":[7.5,4.4,7.5]},"faces":{"north":{"uv":[12,10.66667,12.83333,11.5],"texture":"#4"},"east":{"uv":[12,12,12.83333,12.83333],"texture":"#4"},"south":{"uv":[0,12.66667,0.83333,13.5],"texture":"#4"},"west":{"uv":[12.66667,0,13.5,0.83333],"texture":"#4"}}},{"from":[7.35,3.35,7.6],"to":[8.65,4.65,8.9],"rotation":{"angle":-45,"axis":"x","origin":[8.25,3.75,8]},"faces":{"north":{"uv":[8.66667,11.33333,9.5,12.16667],"texture":"#4"},"east":{"uv":[10.66667,11.33333,11.5,12.16667],"texture":"#4"},"south":{"uv":[6,12,6.83333,12.83333],"texture":"#4"},"west":{"uv":[12,6.66667,12.83333,7.5],"texture":"#4"},"up":{"uv":[12.83333,8.83333,12,8],"texture":"#4"},"down":{"uv":[12.83333,9.33333,12,10.16667],"texture":"#4"}}},{"from":[7.985,6.875,3.75],"to":[8.015,9.125,16.75],"rotation":{"angle":-45,"axis":"z","origin":[8,8,10.25]},"faces":{"east":{"uv":[5.66667,0,4.16667,8.66667],"rotation":270,"texture":"#4"},"west":{"uv":[5.66667,8.66667,4.16667,0],"rotation":270,"texture":"#4"}}},{"from":[6.875,7.985,3.75],"to":[9.125,8.015,16.75],"rotation":{"angle":-45,"axis":"z","origin":[8,8,10.25]},"faces":{"up":{"uv":[5.66667,8.66667,4.16667,0],"texture":"#4"},"down":{"uv":[5.66667,0,4.16667,8.66667],"texture":"#4"}}}],"gui_light":"front","display":{"thirdperson_righthand":{"translation":[0,-2,0.75]},"thirdperson_lefthand":{"translation":[0,-2,0.75]},"firstperson_righthand":{"rotation":[18.06,22.22,0.65],"translation":[0,3,-1]},"firstperson_lefthand":{"rotation":[20.2,-23.75,0.19],"translation":[1.5,2.75,-0.25]},"ground":{"rotation":[45,0,0],"translation":[0,3,0],"scale":[0.7,0.7,0.7]},"gui":{"rotation":[90,45,90],"translation":[-1.75,1.75,0],"scale":[0.8,0.8,0.8]},"head":{"rotation":[0,-90,0]},"fixed":{"rotation":[0,-90,0],"translation":[0,0.25,-1.25],"scale":[2,2,2]}},"USER":"12046","NONCE":"7c3dd7a0edef8a7c90576c5c5e9ed928","TIMESTAMP":"1741370365","RESOURCE":"8542","mcmodels":"7c3dd7a0edef8a7c90576c5c5e9ed928"}