{"credit":"Made with Blockbench","texture_size":[32,32],"textures":{"0":"clones_armors:weapon/clone_blaster/texture"},"elements":[{"from":[6.6,3.3,0.8],"to":[9.4,4.1,8.6],"rotation":{"angle":0,"axis":"x","origin":[16.5,0,14]},"faces":{"north":{"uv":[8.5,7.5,10,8],"texture":"#0"},"east":{"uv":[6,3.5,10,4],"texture":"#0"},"south":{"uv":[8.5,7,10,7.5],"texture":"#0"},"west":{"uv":[6,3,10,3.5],"texture":"#0"},"up":{"uv":[3,3,4.5,7],"texture":"#0"},"down":{"uv":[4.5,4,6,0],"texture":"#0"}}},{"from":[8,0.4,7.7],"to":[8,3.4,10.7],"rotation":{"angle":0,"axis":"x","origin":[16,0,14]},"faces":{"north":{"uv":[0,0,0,1.5],"texture":"#0"},"east":{"uv":[6,7,7.5,8.5],"texture":"#0"},"south":{"uv":[0,0,0,1.5],"texture":"#0"},"west":{"uv":[7.5,7,6,8.5],"texture":"#0"},"up":{"uv":[0,0,0,1.5],"texture":"#0"},"down":{"uv":[0,1.5,0,0],"texture":"#0"}}},{"from":[6.6,3.1,8.6],"to":[9.4,5.9,14.4],"rotation":{"angle":0,"axis":"x","origin":[16.5,0,14]},"faces":{"north":{"uv":[7.5,0,9,1.5],"texture":"#0"},"east":{"uv":[4.5,5.5,7.5,7],"texture":"#0"},"south":{"uv":[0,7.5,1.5,9],"texture":"#0"},"west":{"uv":[4.5,4,7.5,5.5],"texture":"#0"},"up":{"uv":[6,0,7.5,3],"texture":"#0"},"down":{"uv":[3,10,4.5,7],"texture":"#0"}}},{"from":[7.5,5.5,8.4],"to":[8.5,6.5,9.4],"rotation":{"angle":0,"axis":"x","origin":[15.5,0,14]},"faces":{"north":{"uv":[9,1,9.5,1.5],"texture":"#0"},"east":{"uv":[1.5,9,2,9.5],"texture":"#0"},"south":{"uv":[9,0.5,9.5,1],"texture":"#0"},"west":{"uv":[1,9,1.5,9.5],"texture":"#0"},"up":{"uv":[9,1.5,9.5,2],"texture":"#0"},"down":{"uv":[2,9.5,2.5,9],"texture":"#0"}}},{"from":[7.5,5.5,1.4],"to":[8.5,6.5,2.4],"rotation":{"angle":0,"axis":"x","origin":[15.5,0,14]},"faces":{"north":{"uv":[9,2.5,9.5,3],"texture":"#0"},"east":{"uv":[8.5,9,9,9.5],"texture":"#0"},"south":{"uv":[9,2,9.5,2.5],"texture":"#0"},"west":{"uv":[2.5,9,3,9.5],"texture":"#0"},"up":{"uv":[9,9,9.5,9.5],"texture":"#0"},"down":{"uv":[0,10,0.5,9.5],"texture":"#0"}}},{"from":[7,3.7,1],"to":[9,5.7,9],"rotation":{"angle":0,"axis":"x","origin":[16.5,0,14]},"faces":{"north":{"uv":[7.5,1.5,9,3],"texture":"#0"},"east":{"uv":[0,1.5,4.5,3],"texture":"#0"},"south":{"uv":[1.5,7.5,3,9],"texture":"#0"},"west":{"uv":[0,0,4.5,1.5],"texture":"#0"},"up":{"uv":[0,3,1.5,7.5],"texture":"#0"},"down":{"uv":[1.5,7.5,3,3],"texture":"#0"}}},{"from":[8.5,4.2,8.7],"to":[10.5,5.2,10.7],"rotation":{"angle":0,"axis":"x","origin":[16.5,0,14]},"faces":{"north":{"uv":[0,9,1,9.5],"texture":"#0"},"east":{"uv":[9,0,10,0.5],"texture":"#0"},"south":{"uv":[8.5,8,9.5,8.5],"texture":"#0"},"west":{"uv":[8.5,8.5,9.5,9],"texture":"#0"},"up":{"uv":[4.5,8.5,5.5,9.5],"texture":"#0"},"down":{"uv":[5.5,9.5,6.5,8.5],"texture":"#0"}}},{"from":[7,0.8,11.1],"to":[9,4.8,13.1],"rotation":{"angle":-22.5,"axis":"x","origin":[16,0,14]},"faces":{"north":{"uv":[7.5,8,8.5,10],"texture":"#0"},"east":{"uv":[8.5,4,9.5,6],"texture":"#0"},"south":{"uv":[7.5,4,8.5,6],"texture":"#0"},"west":{"uv":[7.5,6,8.5,8],"texture":"#0"},"up":{"uv":[8.5,6,9.5,7],"texture":"#0"},"down":{"uv":[6.5,9.5,7.5,8.5],"texture":"#0"}}}],"display":{"thirdperson_righthand":{"translation":[0,5.25,-4]},"thirdperson_lefthand":{"translation":[0,6.25,-3.75]},"firstperson_righthand":{"rotation":[20,3,10],"translation":[1.5,7.25,-0.5]},"ground":{"translation":[0,4.5,0]},"gui":{"rotation":[0,90,0],"translation":[0,3.5,0]},"head":{"translation":[0,0,-13]},"fixed":{"rotation":[0,90,0],"translation":[0,3.75,0],"scale":[1.2,1.2,1.2]}},"mcmodels":"ecc502d7d01448d2fb31894a67aa4ce3"}