{"textures":{"0":"modelengine:block/nm_poodle_black_texture"},"elements":[{"from":[7.0,2.5,7.0],"to":[9.0,8.5,9.0],"faces":{"east":{"uv":[9.0,9.25,8.5,10.75],"tintindex":0,"rotation":0,"texture":"#0"},"south":{"uv":[8.25,9.25,7.75,10.75],"tintindex":0,"rotation":0,"texture":"#0"},"north":{"uv":[6.75,9.25,6.25,10.75],"tintindex":0,"rotation":0,"texture":"#0"},"west":{"uv":[7.5,9.25,7.0,10.75],"tintindex":0,"rotation":0,"texture":"#0"},"up":{"uv":[8.0,11.5,8.5,11.0],"tintindex":0,"rotation":0,"texture":"#0"},"down":{"uv":[11.0,10.75,11.5,11.25],"tintindex":0,"rotation":0,"texture":"#0"}}}],"display":{"head":{"rotation":[0.0,0.0,0.0]},"firstperson_righthand":{"rotation":[0.0,0.0,0.0]},"thirdperson_lefthand":{"rotation":[0.0,-0.0,-0.0]},"firstperson_lefthand":{"rotation":[0.0,-0.0,-0.0]},"fixed":{"rotation":[0.0,0.0,0.0]},"ground":{"rotation":[0.0,0.0,0.0]},"thirdperson_righthand":{"rotation":[0.0,0.0,0.0]},"gui":{"rotation":[-150.0,-75.0,-180.0]}}}