{"textures":{"0":"modelengine:block/nm_husky_brown_texture"},"elements":[{"from":[7.0,7.75,7.5],"to":[9.0,11.75,8.475],"faces":{"east":{"uv":[12.0,7.25,11.75,8.25],"tintindex":0,"rotation":0,"texture":"#0"},"south":{"uv":[12.0,5.25,11.5,6.25],"tintindex":0,"rotation":0,"texture":"#0"},"north":{"uv":[12.0,4.0,11.5,5.0],"tintindex":0,"rotation":0,"texture":"#0"},"west":{"uv":[9.25,10.75,9.0,11.75],"tintindex":0,"rotation":0,"texture":"#0"},"up":{"uv":[12.0,1.75,12.5,1.5],"tintindex":0,"rotation":0,"texture":"#0"},"down":{"uv":[3.5,12.0,4.0,12.25],"tintindex":0,"rotation":0,"texture":"#0"}}}],"display":{"head":{"rotation":[0.0,0.0,0.0]},"firstperson_righthand":{"rotation":[0.0,0.0,0.0]},"thirdperson_lefthand":{"rotation":[0.0,-0.0,-0.0]},"firstperson_lefthand":{"rotation":[0.0,-0.0,-0.0]},"fixed":{"rotation":[0.0,0.0,0.0]},"ground":{"rotation":[0.0,0.0,0.0]},"thirdperson_righthand":{"rotation":[0.0,0.0,0.0]},"gui":{"rotation":[-150.0,-75.0,-180.0]}}}