{"sources":[{"source":"entity","prefix":"entity/","type":"directory"},{"type":"single","resource":"hmccosmetics:icons/colorful"},{"type":"single","resource":"clones_armors:armor/wolffe_armor/boots"},{"type":"single","resource":"clones_armors:armor/rex_armor/leggings"},{"type":"single","resource":"advancedenchantments:advancedenchantments/confirm"},{"type":"single","resource":"modelengine:entity/phasma"},{"type":"single","resource":"clones_armors:armor/41st_armor/helmet"},{"type":"single","resource":"element_witch_costume:staff_fire"},{"type":"single","resource":"clones_armors:armor/212th_armor/boots"},{"type":"single","resource":"rpg_mobs_goblins:rpg_mobs_goblins_texture/goblin_archer_extra"},{"type":"single","resource":"rpg_mobs_goblins:rpg_mobs_goblins_texture/goblin_assassin_extra"},{"type":"single","resource":"ero_feral_fantasy_set:rabbit_tail"},{"type":"single","resource":"lunar_studios:enderkariz/block_wars/sabers/red_saber"},{"type":"single","resource":"clones_armors:armor/332nd_armor/helmet"},{"type":"single","resource":"_iainternal:icons/icon_next_orange"},{"type":"single","resource":"clones_armors:armor/gree_armor/helmet"},{"type":"single","resource":"lunar_studios:enderkariz/block_wars/darth/darth_mask"},{"type":"single","resource":"daily_quest:button_leaderboard"},{"type":"single","resource":"gamingarmor:guardian_of_the_sea/armor/chestplate"},{"type":"single","resource":"clones_armors:armor/cody_armor/boots"},{"type":"single","resource":"clones_armors:armor/vyse_armor/helmet"},{"type":"single","resource":"modelengine:entity/dustplosion_resources"},{"type":"single","resource":"modelengine:entity/babyyoda"},{"type":"single","resource":"advancedenchantments:advancedenchantments/unconfirm2"},{"type":"single","resource":"advancedenchantments:advancedenchantments/ultimate_book"},{"type":"single","resource":"clones_armors:weapon/ammunition/ammunition"},{"type":"single","resource":"ero_feral_fantasy_set:fox_ears"},{"type":"single","resource":"rpg_mobs_goblins:rpg_mobs_goblins_texture/goblin_shaman_extra"},{"type":"single","resource":"gamingarmor:guardian_of_the_sea/items/crossbow_1"},{"type":"single","resource":"gamingarmor:guardian_of_the_sea/items/crossbow_0"},{"type":"single","resource":"gamingarmor:guardian_of_the_sea/items/crossbow_2"},{"type":"single","resource":"element_witch_costume:staff_wind"},{"type":"single","resource":"clones_armors:armor/clone_armor/chestplate"},{"type":"single","resource":"modelengine:entity/stormtrooper"},{"type":"single","resource":"clones_armors:armor/332nd_armor/leggings"},{"type":"single","resource":"ero_sci_fi_cosmetic:joy_stick_backpack_2"},{"type":"single","resource":"ero_sci_fi_cosmetic:slime_bqckpack_1"},{"type":"single","resource":"daily_quest:expert_badge"},{"type":"single","resource":"ero_sci_fi_cosmetic:joy_stick_backpack_1"},{"type":"single","resource":"daily_quest:pro_badge"},{"type":"single","resource":"ero_sci_fi_cosmetic:slime_bqckpack_2"},{"type":"single","resource":"element_witch_costume:staff_fire_effect"},{"type":"single","resource":"lunar_studios:enderkariz/block_wars/darth/darth_cape"},{"type":"single","resource":"_iainternal:icons/icon_cancel"},{"type":"single","resource":"nogs_menagerie:plushies/nm_plushie_sid_fortune_texture"},{"type":"single","resource":"ero_sci_fi_cosmetic:enegy_storage_canister_1"},{"type":"single","resource":"ero_sci_fi_cosmetic:enegy_storage_canister_2"},{"type":"single","resource":"clones_armors:armor/clone_armor/leggings"},{"type":"single","resource":"_iainternal:icons/icon_arrow_chest"},{"type":"single","resource":"clones_armors:armor/cody_armor/chestplate"},{"type":"single","resource":"clones_armors:armor/cody_armor/leggings"},{"type":"single","resource":"element_witch_costume:fire_cir"},{"type":"single","resource":"leviathanset:leviathan_wing_animated"},{"type":"single","resource":"lunar_studios:enderkariz/block_wars/sabers/white_saber"},{"type":"single","resource":"clones_armors:armor/vyse_armor/leggings"},{"type":"single","resource":"element_witch_costume:wind_cir"},{"type":"single","resource":"element_witch_costume:effect_cir"},{"type":"single","resource":"daily_quest:arrow_right"},{"type":"single","resource":"lunar_studios:enderkariz/block_wars/stormtrooper/stormtrooper_boots"},{"type":"single","resource":"leviathanset:armor/leviathan_boots_icon"},{"type":"single","resource":"adventure:3"},{"type":"single","resource":"daily_quest:reward"},{"type":"single","resource":"adventure:2"},{"type":"single","resource":"adventure:1"},{"type":"single","resource":"modelengine:entity/kite_colors"},{"type":"single","resource":"gamingarmor:guardian_of_the_sea/items/elytra"},{"type":"single","resource":"modelengine:entity/cppuker_pukeball"},{"type":"single","resource":"leviathanset:bluefire"},{"type":"single","resource":"gamingarmor:guardian_of_the_sea/items/bow_2"},{"type":"single","resource":"ero_feral_fantasy_set:rabbit_ears"},{"type":"single","resource":"clones_armors:armor/coruscant_guard_armor/chestplate"},{"type":"single","resource":"modelengine:entity/mandalorian"},{"type":"single","resource":"leviathanset:chest"},{"type":"single","resource":"gamingarmor:guardian_of_the_sea/items/bow_0"},{"type":"single","resource":"gamingarmor:guardian_of_the_sea/items/bow_1"},{"type":"single","resource":"lunar_studios:enderkariz/block_wars/sabers/green_saber"},{"type":"single","resource":"lunar_studios:enderkariz/block_wars/blasters/green_blaster"},{"type":"single","resource":"daily_quest:button_badges"},{"type":"single","resource":"lunar_studios:enderkariz/block_wars/blasters/blue_blaster"},{"type":"single","resource":"clones_armors:armor/104st_armor/chestplate"},{"type":"single","resource":"lunar_studios:enderkariz/block_wars/sabers/red_saber_anim"},{"type":"single","resource":"lunar_studios:enderkariz/block_wars/stormtrooper/stormtrooper_leggings"},{"type":"single","resource":"modelengine:entity/eyeshading_corlurker"},{"type":"single","resource":"clones_armors:armor/501st_armor/leggings"},{"type":"single","resource":"gamingarmor:guardian_of_the_sea/items/sword"},{"type":"single","resource":"modelengine:entity/cpblood_supershockwave"},{"type":"single","resource":"clones_armors:armor/212th_armor/leggings"},{"type":"single","resource":"clones_armors:weapon/clone_blaster/texture"},{"type":"single","resource":"nogs_menagerie:plushies/nm_plushie_slave_leah_texture"},{"type":"single","resource":"gamingarmor:guardian_of_the_sea/items/fishing_rod_cast"},{"type":"single","resource":"leviathanset:lighting"},{"type":"single","resource":"clones_armors:armor/41st_armor/leggings"},{"type":"single","resource":"ero_feral_fantasy_set:fox_tail"},{"type":"single","resource":"advancedenchantments:advancedenchantments/confirm2"},{"type":"single","resource":"daily_quest:advanced_badge"},{"type":"single","resource":"modelengine:entity/rest_fire"},{"type":"single","resource":"gamingarmor:guardian_of_the_sea/items/hoe"},{"type":"single","resource":"gamingarmor:guardian_of_the_sea/items/crossbow"},{"type":"single","resource":"element_witch_costume:fire"},{"type":"single","resource":"workshop_six:quest_board_minipack/quest_board"},{"type":"single","resource":"element_witch_costume:witch_hat_fire_effect"},{"type":"single","resource":"clones_armors:armor/coruscant_guard_armor/leggings"},{"type":"single","resource":"daily_quest:locked_badge"},{"type":"single","resource":"clones_armors:armor/gree_armor/leggings"},{"type":"single","resource":"ero_feral_fantasy_set:tiger_tail"},{"type":"single","resource":"element_witch_costume:wind_wing"},{"type":"single","resource":"lunar_studios:enderkariz/block_wars/blasters/red_blaster"},{"type":"single","resource":"lunar_studios:enderkariz/block_wars/sabers/purple_saber_anim"},{"type":"single","resource":"lunar_studios:enderkariz/block_wars/sabers/white_saber_anim"},{"type":"single","resource":"hmccosmetics:icons/arrow_back"},{"type":"single","resource":"daily_quest:beginner_badge"},{"type":"single","resource":"clones_armors:armor/gree_armor/boots"},{"type":"single","resource":"clones_armors:armor/wolffe_armor/leggings"},{"type":"single","resource":"ero_feral_fantasy_set:cat_ears"},{"type":"single","resource":"_iainternal:icons/icon_search"},{"type":"single","resource":"daily_quest:quest_board"},{"type":"single","resource":"ero_sci_fi_cosmetic:hazmat_helm_2"},{"type":"single","resource":"gamingarmor:guardian_of_the_sea/items/fishing_rod"},{"type":"single","resource":"ero_sci_fi_cosmetic:hazmat_helm_1"},{"type":"single","resource":"ero_sci_fi_cosmetic:led_tv_helmet_2"},{"type":"single","resource":"clones_armors:armor/vyse_armor/chestplate"},{"type":"single","resource":"ero_sci_fi_cosmetic:led_tv_helmet_1"},{"type":"single","resource":"element_witch_costume:witch_hat_wind_effect"},{"type":"single","resource":"hmccosmetics:icons/arrow_next"},{"type":"single","resource":"ero_sci_fi_cosmetic:led_cyber_goggles_1"},{"type":"single","resource":"advancedenchantments:advancedenchantments/simple_book"},{"type":"single","resource":"ero_sci_fi_cosmetic:led_cyber_goggles_2"},{"type":"single","resource":"ero_feral_fantasy_set:wolf_ears"},{"type":"single","resource":"clones_armors:armor/barlex_armor/leggings"},{"type":"single","resource":"lunar_studios:enderkariz/block_wars/blasters/blaster"},{"type":"single","resource":"lunar_studios:enderkariz/block_wars/obi/obi_leggings"},{"type":"single","resource":"gamingarmor:guardian_of_the_sea/items/bow"},{"type":"single","resource":"clones_armors:armor/rex_armor/chestplate"},{"type":"single","resource":"clones_armors:armor/barlex_armor/chestplate"},{"type":"single","resource":"_iainternal:icons/icon_left_blue"},{"type":"single","resource":"rpg_mobs_goblins:rpg_mobs_goblins_texture/goblin_warrior"},{"type":"single","resource":"daily_quest:master_of_quests_badge"},{"type":"single","resource":"advancedenchantments:advancedenchantments/elite_book"},{"type":"single","resource":"gamingarmor:guardian_of_the_sea/items/mace"},{"type":"single","resource":"ero_sci_fi_cosmetic:boom_box_speaker_1"},{"type":"single","resource":"element_witch_costume:fire_wing"},{"type":"single","resource":"element_witch_costume:witch_hat_fire"},{"type":"single","resource":"modelengine:entity/obiwan"},{"type":"single","resource":"ero_sci_fi_cosmetic:boom_box_speaker_2"},{"type":"single","resource":"ero_sci_fi_cosmetic:neon_visor_2"},{"type":"single","resource":"ero_sci_fi_cosmetic:neon_visor_1"},{"type":"single","resource":"ero_feral_fantasy_set:tiger_ears"},{"type":"single","resource":"ero_sci_fi_cosmetic:gas_shield_mask_2"},{"type":"single","resource":"ero_sci_fi_cosmetic:gas_shield_mask_1"},{"type":"single","resource":"clones_armors:armor/barlex_armor/boots"},{"type":"single","resource":"lunar_studios:enderkariz/block_wars/sabers/green_saber_anim"},{"type":"single","resource":"leviathanset:armor/leviathan_helmet_icon"},{"type":"single","resource":"clones_armors:armor/104st_armor/leggings"},{"type":"single","resource":"lunar_studios:enderkariz/block_wars/darth/darth_leggings"},{"type":"single","resource":"lunar_studios:enderkariz/block_wars/sabers/purple_saber"},{"type":"single","resource":"clones_armors:armor/212th_armor/helmet"},{"type":"single","resource":"clones_armors:armor/fox_armor/chestplate"},{"type":"single","resource":"modelengine:entity/em_nothingness"},{"type":"single","resource":"clones_armors:armor/clone_armor/helmet"},{"type":"single","resource":"ero_feral_fantasy_set:bear_tail"},{"type":"single","resource":"clones_armors:armor/fox_armor/leggings"},{"type":"single","resource":"gamingarmor:guardian_of_the_sea/armor/boots"},{"type":"single","resource":"leviathanset:texture"},{"type":"single","resource":"clones_armors:armor/gree_armor/chestplate"},{"type":"single","resource":"lunar_studios:enderkariz/block_wars/stormtrooper/stormtrooper_helmet"},{"type":"single","resource":"modelengine:entity/darth_vader"},{"type":"single","resource":"clones_armors:armor/501st_armor/helmet"},{"type":"single","resource":"daily_quest:empty"},{"type":"single","resource":"advancedenchantments:advancedenchantments/air"},{"type":"single","resource":"clones_armors:armor/rex_armor/boots"},{"type":"single","resource":"clones_armors:armor/barlex_armor/helmet"},{"type":"single","resource":"daily_quest:easy_quest"},{"type":"single","resource":"gamingarmor:guardian_of_the_sea/items/pickaxe"},{"type":"single","resource":"lunar_studios:enderkariz/block_wars/sabers/yellow_saber_anim"},{"type":"single","resource":"clones_armors:armor/coruscant_guard_armor/helmet"},{"type":"single","resource":"element_witch_costume:wind"},{"type":"single","resource":"leviathanset:ball_crystal"},{"type":"single","resource":"modelengine:entity/r2d2"},{"type":"single","resource":"gamingarmor:guardian_of_the_sea/armor/leggings"},{"type":"single","resource":"modelengine:entity/kite"},{"type":"single","resource":"element_witch_costume:staff_wind_effect"},{"type":"single","resource":"ero_sci_fi_cosmetic:astronaut_oxygen_tank_2"},{"type":"single","resource":"lunar_studios:enderkariz/block_wars/stormtrooper/stormtrooper_chestplate"},{"type":"single","resource":"advancedenchantments:advancedenchantments/fabled_book"},{"type":"single","resource":"advancedenchantments:advancedenchantments/legend_book"},{"type":"single","resource":"ero_sci_fi_cosmetic:astronaut_oxygen_tank_1"},{"type":"single","resource":"clones_armors:armor/501st_armor/boots"},{"type":"single","resource":"ero_feral_fantasy_set:cat_tail"},{"type":"single","resource":"daily_quest:skilled_badge"},{"type":"single","resource":"gamingarmor:guardian_of_the_sea/items/shovel"},{"type":"single","resource":"daily_quest:rookie_badge"},{"type":"single","resource":"advancedenchantments:advancedenchantments/unconfirm"},{"type":"single","resource":"modelengine:entity/darkblood_resources"},{"type":"single","resource":"lunar_studios:enderkariz/block_wars/sabers/blue_saber_anim"},{"type":"single","resource":"gamingarmor:guardian_of_the_sea/items/crossbow_charged"},{"type":"single","resource":"modelengine:entity/bobafett"},{"type":"single","resource":"gamingarmor:guardian_of_the_sea/armor/helmet"},{"type":"single","resource":"clones_armors:armor/fox_armor/boots"},{"type":"single","resource":"clones_armors:armor/41st_armor/chestplate"},{"type":"single","resource":"clones_armors:armor/rex_armor/helmet"},{"type":"single","resource":"gamingarmor:guardian_of_the_sea/items/crossbow_firework"},{"type":"single","resource":"modelengine:entity/cody"},{"type":"single","resource":"modelengine:entity/yoda"},{"type":"single","resource":"daily_quest:legend_of_quests_badge"},{"type":"single","resource":"ero_feral_fantasy_set:wolf_tail"},{"type":"single","resource":"lunar_studios:enderkariz/block_wars/darth/darth_chestplate"},{"type":"single","resource":"clones_armors:armor/41st_armor/boots"},{"type":"single","resource":"lunar_studios:enderkariz/block_wars/darth/darth_boots"},{"type":"single","resource":"clones_armors:armor/cody_armor/helmet"},{"type":"single","resource":"clones_armors:armor/coruscant_guard_armor/boots"},{"type":"single","resource":"leviathanset:armor/leviathan_chestplate_icon"},{"type":"single","resource":"clones_armors:armor/wolffe_armor/helmet"},{"type":"single","resource":"ero_feral_fantasy_set:bear_ears"},{"type":"single","resource":"clones_armors:armor/212th_armor/chestplate"},{"type":"single","resource":"lunar_studios:enderkariz/block_wars/sabers/blue_saber"},{"type":"single","resource":"daily_quest:hard_quest"},{"type":"single","resource":"clones_armors:armor/vyse_armor/boots"},{"type":"single","resource":"clones_armors:armor/104st_armor/boots"},{"type":"single","resource":"clones_armors:armor/501st_armor/chestplate"},{"type":"single","resource":"ero_sci_fi_cosmetic:rgb_audio_cap_2"},{"type":"single","resource":"clones_armors:armor/332nd_armor/chestplate"},{"type":"single","resource":"ero_sci_fi_cosmetic:rgb_audio_cap_1"},{"type":"single","resource":"gamingarmor:guardian_of_the_sea/items/axe"},{"type":"single","resource":"lunar_studios:enderkariz/block_wars/obi/obi_boots"},{"type":"single","resource":"nogs_menagerie:plushies/nm_plushie_bubble_the_butt_texture"},{"type":"single","resource":"ero_sci_fi_cosmetic:gas_powered_sword_aniamtion"},{"type":"single","resource":"daily_quest:arrow_left"},{"type":"single","resource":"_iainternal:icons/icon_back_orange"},{"type":"single","resource":"clones_armors:armor/fox_armor/helmet"},{"type":"single","resource":"advancedenchantments:advancedenchantments/unique_book"},{"type":"single","resource":"ero_sci_fi_cosmetic:hoverbike_backpack_1"},{"type":"single","resource":"ero_sci_fi_cosmetic:astronaut_helm_1"},{"type":"single","resource":"ero_sci_fi_cosmetic:astronaut_helm_2"},{"type":"single","resource":"modelengine:entity/corruptedblood_fx"},{"type":"single","resource":"clones_armors:armor/clone_armor/boots"},{"type":"single","resource":"_iainternal:icons/icon_right_blue"},{"type":"single","resource":"clones_armors:armor/332nd_armor/boots"},{"type":"single","resource":"ero_sci_fi_cosmetic:texture"},{"type":"single","resource":"lunar_studios:enderkariz/block_wars/sabers/yellow_saber"},{"type":"single","resource":"clones_armors:armor/wolffe_armor/chestplate"},{"type":"single","resource":"leviathanset:bluefire_x1"},{"type":"single","resource":"daily_quest:medium_quest"},{"type":"single","resource":"element_witch_costume:witch_hat_wind"},{"type":"single","resource":"leviathanset:armor/leviathan_leggings_icon"},{"type":"single","resource":"clones_armors:armor/104st_armor/helmet"},{"type":"single","resource":"lunar_studios:enderkariz/block_wars/obi/obi_chestplate"}]}