{"textures":{"0":"modelengine:block/medieval_box_bronze"},"elements":[{"from":[5.0375,6.5,2.75],"to":[8.0375,9.5,13.25],"faces":{"east":{"uv":[8.25,9.125,9.125,9.375],"tintindex":0,"rotation":0,"texture":"#0"},"south":{"uv":[10.25,9.125,10.5,9.375],"tintindex":0,"rotation":0,"texture":"#0"},"north":{"uv":[9.125,9.125,9.375,9.375],"tintindex":0,"rotation":0,"texture":"#0"},"west":{"uv":[9.375,9.125,10.25,9.375],"tintindex":0,"rotation":0,"texture":"#0"},"up":{"uv":[9.375,9.125,9.125,8.25],"tintindex":0,"rotation":0,"texture":"#0"},"down":{"uv":[9.625,8.25,9.375,9.125],"tintindex":0,"rotation":0,"texture":"#0"}}},{"from":[-7.0,8.0,2.75],"to":[5.0,9.5,13.25],"faces":{"east":{"uv":[4.5,2.75,5.375,2.875],"tintindex":0,"rotation":0,"texture":"#0"},"south":{"uv":[7.25,2.75,8.25,2.875],"tintindex":0,"rotation":0,"texture":"#0"},"north":{"uv":[5.375,2.75,6.375,2.875],"tintindex":0,"rotation":0,"texture":"#0"},"west":{"uv":[6.375,2.75,7.25,2.875],"tintindex":0,"rotation":0,"texture":"#0"},"up":{"uv":[6.375,2.75,5.375,1.875],"tintindex":0,"rotation":0,"texture":"#0"},"down":{"uv":[7.375,1.875,6.375,2.75],"tintindex":0,"rotation":0,"texture":"#0"}}}],"display":{"head":{"rotation":[0.0,0.0,0.0]},"firstperson_righthand":{"rotation":[0.0,0.0,0.0]},"thirdperson_lefthand":{"rotation":[0.0,-0.0,-0.0]},"firstperson_lefthand":{"rotation":[0.0,-0.0,-0.0]},"fixed":{"rotation":[0.0,0.0,0.0]},"ground":{"rotation":[0.0,0.0,0.0]},"thirdperson_righthand":{"rotation":[0.0,0.0,0.0]},"gui":{"rotation":[-150.0,-75.0,-180.0]}}}