{"textures":{"0":"modelengine:block/medieval_box_bronze"},"elements":[{"from":[9.5,7.3660717,7.859462],"to":[21.5,16.366074,9.359462],"faces":{"east":{"uv":[8.0,5.375,8.125,6.125],"tintindex":0,"rotation":0,"texture":"#0"},"south":{"uv":[9.25,5.375,10.25,6.125],"tintindex":0,"rotation":0,"texture":"#0"},"north":{"uv":[8.125,5.375,9.125,6.125],"tintindex":0,"rotation":0,"texture":"#0"},"west":{"uv":[9.125,5.375,9.25,6.125],"tintindex":0,"rotation":0,"texture":"#0"},"up":{"uv":[9.125,5.375,8.125,5.25],"tintindex":0,"rotation":0,"texture":"#0"},"down":{"uv":[10.125,5.25,9.125,5.375],"tintindex":0,"rotation":0,"texture":"#0"}}},{"from":[6.5,7.3660717,7.859462],"to":[9.5,16.366074,10.859462],"faces":{"east":{"uv":[5.25,0.25,5.5,1.0],"tintindex":0,"rotation":0,"texture":"#0"},"south":{"uv":[6.0,0.25,6.25,1.0],"tintindex":0,"rotation":0,"texture":"#0"},"north":{"uv":[5.5,0.25,5.75,1.0],"tintindex":0,"rotation":0,"texture":"#0"},"west":{"uv":[5.75,0.25,6.0,1.0],"tintindex":0,"rotation":0,"texture":"#0"},"up":{"uv":[5.75,0.25,5.5,0.0],"tintindex":0,"rotation":0,"texture":"#0"},"down":{"uv":[6.0,0.0,5.75,0.25],"tintindex":0,"rotation":0,"texture":"#0"}}}],"display":{"head":{"rotation":[0.0,0.0,0.0]},"firstperson_righthand":{"rotation":[0.0,0.0,0.0]},"thirdperson_lefthand":{"rotation":[0.0,-0.0,-0.0]},"firstperson_lefthand":{"rotation":[0.0,-0.0,-0.0]},"fixed":{"rotation":[0.0,0.0,0.0]},"ground":{"rotation":[0.0,0.0,0.0]},"thirdperson_righthand":{"rotation":[0.0,0.0,0.0]},"gui":{"rotation":[-150.0,-75.0,-180.0]}}}