{"textures":{"0":"modelengine:block/medieval_box_bronze"},"elements":[{"from":[6.5,21.5,6.5],"to":[8.75,22.25,8.75],"faces":{"east":{"uv":[1.875,12.75,2.25,12.875],"tintindex":0,"rotation":0,"texture":"#0"},"south":{"uv":[3.0,12.75,3.375,12.875],"tintindex":0,"rotation":0,"texture":"#0"},"north":{"uv":[2.25,12.75,2.625,12.875],"tintindex":0,"rotation":0,"texture":"#0"},"west":{"uv":[2.625,12.75,3.0,12.875],"tintindex":0,"rotation":0,"texture":"#0"},"up":{"uv":[2.625,12.75,2.25,12.375],"tintindex":0,"rotation":0,"texture":"#0"},"down":{"uv":[3.0,12.375,2.625,12.75],"tintindex":0,"rotation":0,"texture":"#0"}}},{"from":[6.125,17.75,6.125],"to":[9.125,18.5,9.125],"faces":{"east":{"uv":[6.25,10.375,6.75,10.5],"tintindex":0,"rotation":0,"texture":"#0"},"south":{"uv":[7.75,10.375,8.25,10.5],"tintindex":0,"rotation":0,"texture":"#0"},"north":{"uv":[6.75,10.375,7.25,10.5],"tintindex":0,"rotation":0,"texture":"#0"},"west":{"uv":[7.25,10.375,7.75,10.5],"tintindex":0,"rotation":0,"texture":"#0"},"up":{"uv":[7.25,10.375,6.75,9.875],"tintindex":0,"rotation":0,"texture":"#0"},"down":{"uv":[7.75,9.875,7.25,10.375],"tintindex":0,"rotation":0,"texture":"#0"}}},{"from":[7.25,18.5,7.25],"to":[8.0,21.5,8.0],"faces":{"east":{"uv":[2.0,11.25,2.125,11.75],"tintindex":0,"rotation":0,"texture":"#0"},"south":{"uv":[2.375,11.25,2.5,11.75],"tintindex":0,"rotation":0,"texture":"#0"},"north":{"uv":[2.125,11.25,2.25,11.75],"tintindex":0,"rotation":0,"texture":"#0"},"west":{"uv":[2.25,11.25,2.375,11.75],"tintindex":0,"rotation":0,"texture":"#0"},"up":{"uv":[2.25,11.25,2.125,11.125],"tintindex":0,"rotation":0,"texture":"#0"},"down":{"uv":[2.375,11.125,2.25,11.25],"tintindex":0,"rotation":0,"texture":"#0"}}},{"from":[7.25,8.75,6.5],"to":[8.0,17.75,8.75],"faces":{"east":{"uv":[11.375,3.875,11.75,5.375],"tintindex":0,"rotation":0,"texture":"#0"},"south":{"uv":[12.25,3.875,12.375,5.375],"tintindex":0,"rotation":0,"texture":"#0"},"north":{"uv":[11.75,3.875,11.875,5.375],"tintindex":0,"rotation":0,"texture":"#0"},"west":{"uv":[11.875,3.875,12.25,5.375],"tintindex":0,"rotation":0,"texture":"#0"},"up":{"uv":[11.875,3.875,11.75,3.5],"tintindex":0,"rotation":0,"texture":"#0"},"down":{"uv":[12.0,3.5,11.875,3.875],"tintindex":0,"rotation":0,"texture":"#0"}}},{"from":[7.2875004,7.366137,6.8587656],"to":[8.0375,9.616137,9.108766],"faces":{"east":{"uv":[10.875,9.875,11.25,10.25],"tintindex":0,"rotation":0,"texture":"#0"},"south":{"uv":[11.75,9.875,11.875,10.25],"tintindex":0,"rotation":0,"texture":"#0"},"north":{"uv":[11.25,9.875,11.375,10.25],"tintindex":0,"rotation":0,"texture":"#0"},"west":{"uv":[11.375,9.875,11.75,10.25],"tintindex":0,"rotation":0,"texture":"#0"},"up":{"uv":[11.375,9.875,11.25,9.5],"tintindex":0,"rotation":0,"texture":"#0"},"down":{"uv":[11.5,9.5,11.375,9.875],"tintindex":0,"rotation":0,"texture":"#0"}},"rotation":{"origin":[8.0,8.0,8.0],"angle":-45.0,"axis":"x"}}],"display":{"head":{"rotation":[0.0,0.0,0.0]},"firstperson_righthand":{"rotation":[0.0,0.0,0.0]},"thirdperson_lefthand":{"rotation":[0.0,-0.0,-0.0]},"firstperson_lefthand":{"rotation":[0.0,-0.0,-0.0]},"fixed":{"rotation":[0.0,0.0,0.0]},"ground":{"rotation":[0.0,0.0,0.0]},"thirdperson_righthand":{"rotation":[0.0,0.0,0.0]},"gui":{"rotation":[-150.0,-75.0,-180.0]}}}