{"textures":{"0":"modelengine:block/medieval_box_bronze"},"elements":[{"from":[9.48125,19.25,2.0187502],"to":[13.98125,21.5,6.51875],"faces":{"east":{"uv":[2.25,7.375,3.0,7.75],"tintindex":0,"rotation":0,"texture":"#0"},"south":{"uv":[4.5,7.375,5.25,7.75],"tintindex":0,"rotation":0,"texture":"#0"},"north":{"uv":[3.0,7.375,3.75,7.75],"tintindex":0,"rotation":0,"texture":"#0"},"west":{"uv":[3.75,7.375,4.5,7.75],"tintindex":0,"rotation":0,"texture":"#0"},"up":{"uv":[3.75,7.375,3.0,6.625],"tintindex":0,"rotation":0,"texture":"#0"},"down":{"uv":[4.5,6.625,3.75,7.375],"tintindex":0,"rotation":0,"texture":"#0"}}},{"from":[10.25,12.5,2.75],"to":[13.25,19.25,5.75],"faces":{"east":{"uv":[2.0,8.25,2.5,9.375],"tintindex":0,"rotation":0,"texture":"#0"},"south":{"uv":[3.5,8.25,4.0,9.375],"tintindex":0,"rotation":0,"texture":"#0"},"north":{"uv":[2.5,8.25,3.0,9.375],"tintindex":0,"rotation":0,"texture":"#0"},"west":{"uv":[3.0,8.25,3.5,9.375],"tintindex":0,"rotation":0,"texture":"#0"},"up":{"uv":[3.0,8.25,2.5,7.75],"tintindex":0,"rotation":0,"texture":"#0"},"down":{"uv":[3.5,7.75,3.0,8.25],"tintindex":0,"rotation":0,"texture":"#0"}}}],"display":{"head":{"rotation":[0.0,0.0,0.0]},"firstperson_righthand":{"rotation":[0.0,0.0,0.0]},"thirdperson_lefthand":{"rotation":[0.0,-0.0,-0.0]},"firstperson_lefthand":{"rotation":[0.0,-0.0,-0.0]},"fixed":{"rotation":[0.0,0.0,0.0]},"ground":{"rotation":[0.0,0.0,0.0]},"thirdperson_righthand":{"rotation":[0.0,0.0,0.0]},"gui":{"rotation":[-150.0,-75.0,-180.0]}}}