{"textures":{"0":"modelengine:block/skeleton_chest"},"elements":[{"from":[5.5,6.0,8.012501],"to":[18.5,13.0,8.012501],"faces":{"south":{"uv":[10.625,6.0,9.0,6.875],"tintindex":0,"rotation":0,"texture":"#0"},"north":{"uv":[9.0,6.0,10.625,6.875],"tintindex":0,"rotation":0,"texture":"#0"}},"rotation":{"origin":[8.0,9.5,8.012501],"angle":-22.5,"axis":"z"}}],"display":{"head":{"rotation":[0.0,0.0,0.0]},"firstperson_righthand":{"rotation":[0.0,0.0,0.0]},"thirdperson_lefthand":{"rotation":[0.0,-0.0,-0.0]},"firstperson_lefthand":{"rotation":[0.0,-0.0,-0.0]},"fixed":{"rotation":[0.0,0.0,0.0]},"ground":{"rotation":[0.0,0.0,0.0]},"thirdperson_righthand":{"rotation":[0.0,0.0,0.0]},"gui":{"rotation":[-150.0,-75.0,-180.0]}}}