{"textures":{"0":"modelengine:block/skeleton_chest"},"elements":[{"from":[7.9875,1.4624996,-13.930338],"to":[7.9875,10.4625,-10.930338],"faces":{"east":{"uv":[1.75,10.75,2.125,11.875],"tintindex":0,"rotation":0,"texture":"#0"},"west":{"uv":[2.125,10.75,1.75,11.875],"tintindex":0,"rotation":0,"texture":"#0"}},"rotation":{"origin":[8.0,8.0,-17.155338],"angle":22.5,"axis":"x"}},{"from":[7.9875,1.4624996,1.7749996],"to":[7.9875,10.4625,4.7749996],"faces":{"east":{"uv":[4.625,10.75,5.0,11.875],"tintindex":0,"rotation":0,"texture":"#0"},"west":{"uv":[5.0,10.75,4.625,11.875],"tintindex":0,"rotation":0,"texture":"#0"}},"rotation":{"origin":[8.0,8.0,8.0],"angle":-22.5,"axis":"x"}},{"from":[7.9875,6.9689693,-10.844513],"to":[7.9875,9.968969,1.7054868],"faces":{"east":{"uv":[2.125,10.625,3.75,11.0],"tintindex":0,"rotation":0,"texture":"#0"},"west":{"uv":[3.75,10.625,2.125,11.0],"tintindex":0,"rotation":0,"texture":"#0"}}}],"display":{"head":{"rotation":[0.0,0.0,0.0]},"firstperson_righthand":{"rotation":[0.0,0.0,0.0]},"thirdperson_lefthand":{"rotation":[0.0,-0.0,-0.0]},"firstperson_lefthand":{"rotation":[0.0,-0.0,-0.0]},"fixed":{"rotation":[0.0,0.0,0.0]},"ground":{"rotation":[0.0,0.0,0.0]},"thirdperson_righthand":{"rotation":[0.0,0.0,0.0]},"gui":{"rotation":[-150.0,-75.0,-180.0]}}}