{"textures":{"5":"modelengine:block/skeleton_chest_light_legendary"},"elements":[{"from":[-2.0,7.875,3.0],"to":[19.0,15.875,17.0],"faces":{"east":{"uv":[6.0,5.5,10.25,8.25],"tintindex":0,"rotation":0,"texture":"#5"},"south":{"uv":[6.0,2.75,12.0,5.5],"tintindex":0,"rotation":0,"texture":"#5"},"north":{"uv":[12.0,2.75,6.0,5.5],"tintindex":0,"rotation":0,"texture":"#5"},"west":{"uv":[6.0,8.25,10.25,11.0],"tintindex":0,"rotation":0,"texture":"#5"},"up":{"uv":[6.0,4.25,0.0,0.0],"tintindex":0,"rotation":0,"texture":"#5"},"down":{"uv":[6.0,4.25,0.0,8.5],"tintindex":0,"rotation":0,"texture":"#5"}}}],"display":{"head":{"rotation":[0.0,0.0,0.0]},"firstperson_righthand":{"rotation":[0.0,0.0,0.0]},"thirdperson_lefthand":{"rotation":[0.0,-0.0,-0.0]},"firstperson_lefthand":{"rotation":[0.0,-0.0,-0.0]},"fixed":{"rotation":[0.0,0.0,0.0]},"ground":{"rotation":[0.0,0.0,0.0]},"thirdperson_righthand":{"rotation":[0.0,0.0,0.0]},"gui":{"rotation":[-150.0,-75.0,-180.0]}}}