{"credit":"Made with Blockbench","textures":{"1":"royal_knight:texture"},"elements":[{"from":[2.87245,2.95,4.33697],"to":[4.97245,5.05,6.43697],"rotation":{"angle":-45,"axis":"y","origin":[8.125,4,3.96898]},"faces":{"north":{"uv":[5.5,5.75,5,6.25],"rotation":90,"texture":"#1"},"east":{"uv":[6,3,6.5,3.5],"rotation":180,"texture":"#1"},"south":{"uv":[6.5,1.5,6,2],"rotation":270,"texture":"#1"},"west":{"uv":[6,2.75,6.5,2.25],"texture":"#1"},"up":{"uv":[6.25,4.25,5.75,4.75],"rotation":270,"texture":"#1"},"down":{"uv":[6.25,5.75,5.75,6.25],"rotation":270,"texture":"#1"}}},{"from":[3.57954,3.2465,2.92986],"to":[6.37954,4.7535,5.72986],"rotation":{"angle":-45,"axis":"y","origin":[8.125,4,3.96898]},"faces":{"north":{"uv":[5.375,0,5,0.75],"rotation":90,"texture":"#1"},"east":{"uv":[5,2,5.75,2.375],"rotation":180,"texture":"#1"},"south":{"uv":[5.375,1,5,1.75],"rotation":270,"texture":"#1"},"west":{"uv":[1.5,5.375,2.25,5],"texture":"#1"},"up":{"uv":[2.25,4,1.5,4.75],"rotation":270,"texture":"#1"},"down":{"uv":[3.25,4,2.5,4.75],"rotation":270,"texture":"#1"}}},{"from":[11.02755,2.95,4.33697],"to":[13.12755,5.05,6.43697],"rotation":{"angle":45,"axis":"y","origin":[7.875,4,3.96898]},"faces":{"north":{"uv":[5.5,6.25,5,5.75],"rotation":90,"texture":"#1"},"east":{"uv":[6.5,2.75,6,2.25],"texture":"#1"},"south":{"uv":[6.5,2,6,1.5],"rotation":270,"texture":"#1"},"west":{"uv":[6.5,3,6,3.5],"rotation":180,"texture":"#1"},"up":{"uv":[6.25,4.75,5.75,4.25],"rotation":270,"texture":"#1"},"down":{"uv":[6.25,6.25,5.75,5.75],"rotation":270,"texture":"#1"}}},{"from":[8.95436,3.2465,0.59998],"to":[11.75436,4.7535,3.39998],"rotation":{"angle":45,"axis":"y","origin":[10.35436,4,1.99998]},"faces":{"north":{"uv":[5.375,0.75,5,0],"rotation":90,"texture":"#1"},"east":{"uv":[2.25,5.375,1.5,5],"texture":"#1"},"south":{"uv":[5.375,1.75,5,1],"rotation":270,"texture":"#1"},"west":{"uv":[5.75,2,5,2.375],"rotation":180,"texture":"#1"},"up":{"uv":[2.25,4.75,1.5,4],"rotation":270,"texture":"#1"},"down":{"uv":[3.25,4.75,2.5,4],"rotation":270,"texture":"#1"}}},{"from":[11.49498,3.2125,4.75784],"to":[12.89498,4.7875,5.80784],"rotation":{"angle":22.5,"axis":"y","origin":[6.325,4,3.71898]},"faces":{"north":{"uv":[7.25,5.625,7.625,5.25],"rotation":90,"texture":"#1"},"east":{"uv":[7.5,1.875,7.75,1.5],"texture":"#1"},"south":{"uv":[5,7.625,5.375,7.25],"rotation":270,"texture":"#1"},"west":{"uv":[7.5,2.25,7.75,2.625],"rotation":180,"texture":"#1"},"up":{"uv":[3.25,7.375,3.5,7],"rotation":270,"texture":"#1"},"down":{"uv":[7.5,1.125,7.75,0.75],"rotation":270,"texture":"#1"}}},{"from":[11.49498,3.2125,5.80784],"to":[13.34498,4.7875,7.20784],"rotation":{"angle":22.5,"axis":"y","origin":[6.325,4,3.71898]},"faces":{"north":{"uv":[6.75,2.5,7.125,2],"rotation":90,"texture":"#1"},"east":{"uv":[5.75,7.625,6.125,7.25],"texture":"#1"},"south":{"uv":[0.75,7.25,1.125,6.75],"rotation":270,"texture":"#1"},"west":{"uv":[7.25,6,7.625,6.375],"rotation":180,"texture":"#1"},"up":{"uv":[0,7.25,0.375,6.75],"rotation":270,"texture":"#1"},"down":{"uv":[6.75,1.75,7.125,1.25],"rotation":270,"texture":"#1"}}},{"from":[12.81557,4.345,3.86298],"to":[15.76557,4.355,7.51298],"rotation":{"angle":0,"axis":"y","origin":[6.325,4.35,3.71898]},"faces":{"up":{"uv":[11.625,7.875,10.5,7],"rotation":270,"texture":"#1"},"down":{"uv":[10.5,7.875,11.625,7],"rotation":270,"texture":"#1"}}},{"from":[2.65502,3.2125,5.80784],"to":[4.50502,4.7875,7.20784],"rotation":{"angle":-22.5,"axis":"y","origin":[9.675,4,3.71898]},"faces":{"north":{"uv":[6.75,2,7.125,2.5],"rotation":90,"texture":"#1"},"east":{"uv":[7.625,6,7.25,6.375],"rotation":180,"texture":"#1"},"south":{"uv":[0.75,6.75,1.125,7.25],"rotation":270,"texture":"#1"},"west":{"uv":[6.125,7.625,5.75,7.25],"texture":"#1"},"up":{"uv":[0,6.75,0.375,7.25],"rotation":270,"texture":"#1"},"down":{"uv":[6.75,1.25,7.125,1.75],"rotation":270,"texture":"#1"}}},{"from":[3.10502,3.2125,4.75784],"to":[4.50502,4.7875,5.80784],"rotation":{"angle":-22.5,"axis":"y","origin":[9.675,4,3.71898]},"faces":{"north":{"uv":[7.25,5.25,7.625,5.625],"rotation":90,"texture":"#1"},"east":{"uv":[7.75,2.25,7.5,2.625],"rotation":180,"texture":"#1"},"south":{"uv":[5,7.25,5.375,7.625],"rotation":270,"texture":"#1"},"west":{"uv":[7.75,1.875,7.5,1.5],"texture":"#1"},"up":{"uv":[3.25,7,3.5,7.375],"rotation":270,"texture":"#1"},"down":{"uv":[7.5,0.75,7.75,1.125],"rotation":270,"texture":"#1"}}},{"from":[6.85502,2.4625,2.35784],"to":[8.25502,4.0375,3.40784],"rotation":{"angle":-22.5,"axis":"y","origin":[13.425,3.25,1.31898]},"faces":{"north":{"uv":[7.25,5.25,7.625,5.625],"rotation":90,"texture":"#1"},"east":{"uv":[7.75,2.25,7.5,2.625],"rotation":180,"texture":"#1"},"south":{"uv":[5,7.25,5.375,7.625],"rotation":270,"texture":"#1"},"west":{"uv":[7.75,1.875,7.5,1.5],"texture":"#1"},"up":{"uv":[3.25,7,3.5,7.375],"rotation":270,"texture":"#1"},"down":{"uv":[7.5,0.75,7.75,1.125],"rotation":270,"texture":"#1"}}},{"from":[6.40502,2.4625,3.40784],"to":[8.25502,4.0375,4.80784],"rotation":{"angle":-22.5,"axis":"y","origin":[13.425,3.25,1.31898]},"faces":{"north":{"uv":[6.75,2,7.125,2.5],"rotation":90,"texture":"#1"},"east":{"uv":[7.625,6,7.25,6.375],"rotation":180,"texture":"#1"},"south":{"uv":[0.75,6.75,1.125,7.25],"rotation":270,"texture":"#1"},"west":{"uv":[6.125,7.625,5.75,7.25],"texture":"#1"},"up":{"uv":[0,6.75,0.375,7.25],"rotation":270,"texture":"#1"},"down":{"uv":[6.75,1.25,7.125,1.75],"rotation":270,"texture":"#1"}}},{"from":[7.74498,2.4625,3.40784],"to":[9.59498,4.0375,4.80784],"rotation":{"angle":22.5,"axis":"y","origin":[2.575,3.25,1.31898]},"faces":{"north":{"uv":[6.75,2.5,7.125,2],"rotation":90,"texture":"#1"},"east":{"uv":[5.75,7.625,6.125,7.25],"texture":"#1"},"south":{"uv":[0.75,7.25,1.125,6.75],"rotation":270,"texture":"#1"},"west":{"uv":[7.25,6,7.625,6.375],"rotation":180,"texture":"#1"},"up":{"uv":[0,7.25,0.375,6.75],"rotation":270,"texture":"#1"},"down":{"uv":[6.75,1.75,7.125,1.25],"rotation":270,"texture":"#1"}}},{"from":[7.74498,2.4625,2.35784],"to":[9.14498,4.0375,3.40784],"rotation":{"angle":22.5,"axis":"y","origin":[2.575,3.25,1.31898]},"faces":{"north":{"uv":[7.25,5.625,7.625,5.25],"rotation":90,"texture":"#1"},"east":{"uv":[7.5,1.875,7.75,1.5],"texture":"#1"},"south":{"uv":[5,7.625,5.375,7.25],"rotation":270,"texture":"#1"},"west":{"uv":[7.5,2.25,7.75,2.625],"rotation":180,"texture":"#1"},"up":{"uv":[3.25,7.375,3.5,7],"rotation":270,"texture":"#1"},"down":{"uv":[7.5,1.125,7.75,0.75],"rotation":270,"texture":"#1"}}},{"from":[0.23443,4.345,3.86298],"to":[3.18443,4.355,7.51298],"rotation":{"angle":0,"axis":"y","origin":[9.675,4.35,3.71898]},"faces":{"up":{"uv":[11.625,7,10.5,7.875],"rotation":270,"texture":"#1"},"down":{"uv":[10.5,7,11.625,7.875],"rotation":270,"texture":"#1"}}},{"from":[3.375,4.35,4.75],"to":[12.875,4.35,8.05],"rotation":{"angle":0,"axis":"y","origin":[8.125,4.35,3.71898]},"faces":{"up":{"uv":[15.125,0.25,14,3.375],"rotation":270,"texture":"#1"},"down":{"uv":[14,0.25,15.125,3.375],"rotation":270,"texture":"#1"}}},{"from":[7.275,-1.7807,9.025],"to":[8.725,1.1693,10.475],"rotation":{"angle":-45,"axis":"y","origin":[8,5.29289,9.75]},"faces":{"north":{"uv":[4.25,3.75,4.75,4.75],"texture":"#1"},"east":{"uv":[4.25,0,4.75,1],"texture":"#1"},"south":{"uv":[4.25,1.25,4.75,2.25],"texture":"#1"},"west":{"uv":[4.25,2.5,4.75,3.5],"texture":"#1"},"up":{"uv":[5.5,4.75,5,4.25],"rotation":90,"texture":"#1"},"down":{"uv":[5.75,5,5.25,5.5],"rotation":270,"texture":"#1"}}},{"from":[6.95,-1.4978,14.44069],"to":[9.05,0.6022,16.54069],"rotation":{"angle":45,"axis":"x","origin":[8,5.29289,9.75]},"faces":{"north":{"uv":[1.5,5.75,2,6.25],"texture":"#1"},"east":{"uv":[3.5,5.5,4,6],"texture":"#1"},"south":{"uv":[5.75,0,6.25,0.5],"texture":"#1"},"west":{"uv":[5.75,0.75,6.25,1.25],"texture":"#1"},"up":{"uv":[2.75,6.25,2.25,5.75],"rotation":90,"texture":"#1"},"down":{"uv":[4.75,5.75,4.25,6.25],"rotation":270,"texture":"#1"}}},{"from":[6.95,0.87432,9.45],"to":[9.05,2.97432,11.55],"rotation":{"angle":45,"axis":"x","origin":[8,1.92432,10.5]},"faces":{"north":{"uv":[6,1.5,6.5,2],"texture":"#1"},"east":{"uv":[5.75,4.25,6.25,4.75],"texture":"#1"},"south":{"uv":[5,5.75,5.5,6.25],"texture":"#1"},"west":{"uv":[5.75,5.75,6.25,6.25],"texture":"#1"},"up":{"uv":[6.5,2.75,6,2.25],"rotation":90,"texture":"#1"},"down":{"uv":[6.5,3,6,3.5],"rotation":270,"texture":"#1"}}},{"from":[6.53639,2.2943,0.775],"to":[8.33639,3.6943,10.225],"rotation":{"angle":-22.5,"axis":"z","origin":[7.43639,2.9943,5.5]},"faces":{"north":{"uv":[7,4.125,6.5,3.75],"rotation":180,"texture":"#1"},"east":{"uv":[0,4,0.375,6.375],"rotation":90,"texture":"#1"},"south":{"uv":[4.75,6.5,4.25,6.875],"texture":"#1"},"west":{"uv":[0.75,4,1.125,6.375],"rotation":270,"texture":"#1"},"up":{"uv":[3.5,2.75,4,5.125],"texture":"#1"},"down":{"uv":[3.5,0,4,2.375],"rotation":180,"texture":"#1"}}},{"from":[7.66361,2.2943,0.775],"to":[9.46361,3.6943,10.225],"rotation":{"angle":22.5,"axis":"z","origin":[8.56361,2.9943,5.5]},"faces":{"north":{"uv":[6.5,4.125,7,3.75],"rotation":180,"texture":"#1"},"east":{"uv":[0.75,6.375,1.125,4],"rotation":270,"texture":"#1"},"south":{"uv":[4.25,6.5,4.75,6.875],"texture":"#1"},"west":{"uv":[0,6.375,0.375,4],"rotation":90,"texture":"#1"},"up":{"uv":[4,2.75,3.5,5.125],"texture":"#1"},"down":{"uv":[4,0,3.5,2.375],"rotation":180,"texture":"#1"}}},{"from":[5.76265,2.58939,9.01266],"to":[8.56265,3.99639,11.81266],"rotation":{"angle":-45,"axis":"y","origin":[8,3.29289,11.25]},"faces":{"north":{"uv":[5,1,5.375,1.75],"rotation":90,"texture":"#1"},"east":{"uv":[5.75,2,5,2.375],"rotation":180,"texture":"#1"},"south":{"uv":[5,0,5.375,0.75],"rotation":270,"texture":"#1"},"west":{"uv":[2.25,5.375,1.5,5],"texture":"#1"},"up":{"uv":[1.5,4,2.25,4.75],"rotation":270,"texture":"#1"},"down":{"uv":[2.5,4,3.25,4.75],"rotation":270,"texture":"#1"}}},{"from":[6.4,2.50189,10.86087],"to":[9.6,4.08389,12.16087],"rotation":{"angle":0,"axis":"y","origin":[8,3.29289,11.25]},"faces":{"north":{"uv":[5.75,3.875,5,3.5],"texture":"#1"},"east":{"uv":[4.25,7.25,4.625,7.625],"rotation":90,"texture":"#1"},"south":{"uv":[5,5,4.25,5.375],"rotation":180,"texture":"#1"},"west":{"uv":[7.25,3.5,7.625,3.875],"rotation":270,"texture":"#1"},"up":{"uv":[5.03125,2.75,5.71875,3.125],"texture":"#1"},"down":{"uv":[5.03125,2.75,5.71875,3.125],"rotation":180,"texture":"#1"}}},{"from":[6.59347,2.50539,12.10621],"to":[7.99347,4.08039,13.15621],"rotation":{"angle":-45,"axis":"y","origin":[8,3.29289,11.25]},"faces":{"north":{"uv":[7.25,5.25,7.625,5.625],"rotation":90,"texture":"#1"},"east":{"uv":[7.75,2.25,7.5,2.625],"rotation":180,"texture":"#1"},"south":{"uv":[5,7.25,5.375,7.625],"rotation":270,"texture":"#1"},"west":{"uv":[7.75,1.875,7.5,1.5],"texture":"#1"},"up":{"uv":[3.25,7,3.5,7.375],"rotation":270,"texture":"#1"},"down":{"uv":[7.5,0.75,7.75,1.125],"rotation":270,"texture":"#1"}}},{"from":[6.14347,2.50539,13.15621],"to":[7.99347,4.08039,14.55621],"rotation":{"angle":-45,"axis":"y","origin":[8,3.29289,11.25]},"faces":{"north":{"uv":[6.75,2,7.125,2.5],"rotation":90,"texture":"#1"},"east":{"uv":[7.625,6,7.25,6.375],"rotation":180,"texture":"#1"},"south":{"uv":[0.75,6.75,1.125,7.25],"rotation":270,"texture":"#1"},"west":{"uv":[6.125,7.625,5.75,7.25],"texture":"#1"},"up":{"uv":[0,6.75,0.375,7.25],"rotation":270,"texture":"#1"},"down":{"uv":[6.75,1.25,7.125,1.75],"rotation":270,"texture":"#1"}}},{"from":[8.85621,2.50539,9.84347],"to":[9.90621,4.08039,11.24347],"rotation":{"angle":-45,"axis":"y","origin":[8,3.29289,11.25]},"faces":{"north":{"uv":[7.5,1.875,7.75,1.5],"texture":"#1"},"east":{"uv":[5.375,7.25,5,7.625],"rotation":90,"texture":"#1"},"south":{"uv":[7.5,2.25,7.75,2.625],"rotation":180,"texture":"#1"},"west":{"uv":[7.625,5.25,7.25,5.625],"rotation":270,"texture":"#1"},"up":{"uv":[3.5,7,3.25,7.375],"texture":"#1"},"down":{"uv":[7.75,0.75,7.5,1.125],"rotation":180,"texture":"#1"}}},{"from":[9.90621,2.50539,9.39347],"to":[11.30621,4.08039,11.24347],"rotation":{"angle":-45,"axis":"y","origin":[8,3.29289,11.25]},"faces":{"north":{"uv":[5.75,7.625,6.125,7.25],"texture":"#1"},"east":{"uv":[1.125,6.75,0.75,7.25],"rotation":90,"texture":"#1"},"south":{"uv":[7.25,6,7.625,6.375],"rotation":180,"texture":"#1"},"west":{"uv":[7.125,2,6.75,2.5],"rotation":270,"texture":"#1"},"up":{"uv":[0.375,6.75,0,7.25],"texture":"#1"},"down":{"uv":[7.125,1.25,6.75,1.75],"rotation":180,"texture":"#1"}}},{"from":[7.475,-2.3307,9.225],"to":[8.525,1.8693,10.275],"rotation":{"angle":-45,"axis":"y","origin":[8,5.29289,9.75]},"faces":{"north":{"uv":[2,6.5,2.25,7.5],"texture":"#1"},"east":{"uv":[3.75,6.25,4,7.25],"texture":"#1"},"south":{"uv":[6.5,0,6.75,1],"texture":"#1"},"west":{"uv":[1.5,6.5,1.75,7.5],"texture":"#1"},"up":{"uv":[3.25,6,3,5.75],"rotation":90,"texture":"#1"},"down":{"uv":[6.25,3.75,6,4],"rotation":270,"texture":"#1"}}},{"from":[8,3.27,-1.5375],"to":[8,5.43,9.4875],"rotation":{"angle":-22.5,"axis":"z","origin":[8,4.35,3.975]},"faces":{"east":{"uv":[12.375,3.75,13,6.75],"rotation":90,"texture":"#1"},"west":{"uv":[12.375,3.75,13,6.75],"rotation":270,"texture":"#1"}}},{"from":[8,3.27,-1.5375],"to":[8,5.43,9.4875],"rotation":{"angle":22.5,"axis":"z","origin":[8,4.35,3.975]},"faces":{"east":{"uv":[12.375,6.75,13,3.75],"rotation":270,"texture":"#1"},"west":{"uv":[12.375,6.75,13,3.75],"rotation":90,"texture":"#1"}}}],"gui_light":"front","display":{"thirdperson_righthand":{"translation":[0,6.25,-0.5]},"thirdperson_lefthand":{"translation":[0,6.25,-0.5]},"firstperson_righthand":{"rotation":[2.98,-8.25,0.5],"translation":[1.75,4.25,-1.25],"scale":[1,1,0.64]},"firstperson_lefthand":{"rotation":[2.99,-11.25,0.53],"translation":[1,4.5,-1.25],"scale":[1,1,0.64]},"ground":{"rotation":[-26,0,0],"translation":[0,8,0]},"gui":{"rotation":[-143.25,32.5,-180],"translation":[1.25,3.75,0]},"head":{"scale":[0.01,0.01,0.01]},"fixed":{"rotation":[-90,180,0],"translation":[0,-2.25,-9],"scale":[1.71,1.71,1.71]}},"groups":[{"name":"cross_bow","origin":[8,3,8],"color":0,"children":[{"name":"group","origin":[8,11.66557,4.06202],"color":0,"children":[0,1]},{"name":"group","origin":[8,11.66557,4.06202],"color":0,"children":[2,3,4,5,6,7,8,9,10,11,12,13]},14,15,16,17,18,19,20,21,22,23,24,25,26,27,28]}],"mcmodels":"1d542210ad701aa18b0d71e14fe7c8a4"}