{"textures​":{"layer0":"minecraft:item/iron_pickaxe"},"credit":"Made with Blockbench","texture_size":[64,64],"\u0074\u0065\u0078\u0074\u0075\u0072\u0065\u0073":{"0":"\u0063\u0075\u0073\u0074\u006f\u006d\u0068\u0061\u0074\u0073\u00762:\u0068\u0061\u0074\u0073/\u0062\u0061\u0073\u0065\u0062\u0061\u006c\u006c_\u0068\u0061\u0074_\u0074\u0065\u0078\u0074\u0075\u0072\u0065","\u0070\u0061\u0072\u0074\u0069\u0063\u006c\u0065":"\u0063\u0075\u0073\u0074\u006f\u006d\u0068\u0061\u0074\u0073\u00762:\u0068\u0061\u0074\u0073/\u0062\u0061\u0073\u0065\u0062\u0061\u006c\u006c_\u0068\u0061\u0074_\u0074\u0065\u0078\u0074\u0075\u0072\u0065"},"elements":[{"from":[3,5,3],"to":[3,10,13],"rotation":{"angle":0,"axis":"y","origin":[3,5,3]},"faces":{"north":{"uv":[5.25,8.25,5.25,9.5],"texture":"#0"},"east":{"uv":[2.75,0,5.25,1.25],"texture":"#0"},"south":{"uv":[8.25,5.25,8.25,6.5],"texture":"#0"},"west":{"uv":[2.75,1.5,5.25,2.75],"texture":"#0"},"up":{"uv":[5.5,10.75,5.5,8.25],"texture":"#0"},"down":{"uv":[5.75,8.25,5.75,10.75],"texture":"#0"}}},{"from":[3,10,3],"to":[13,10,13],"rotation":{"angle":0,"axis":"y","origin":[3,5,3]},"faces":{"north":{"uv":[8.25,6.75,10.75,6.75],"texture":"#0"},"east":{"uv":[8.25,7,10.75,7],"texture":"#0"},"south":{"uv":[8,8.25,10.5,8.25],"texture":"#0"},"west":{"uv":[8.5,5.25,11,5.25],"texture":"#0"},"up":{"uv":[2.5,2.5,0,0],"texture":"#0"},"down":{"uv":[2.5,2.75,0,5.25],"texture":"#0"}}},{"from":[7,10.2,7],"to":[9,10.2,9],"rotation":{"angle":0,"axis":"y","origin":[3,5.2,3]},"faces":{"north":{"uv":[8.5,5.5,9,5.5],"texture":"#0"},"east":{"uv":[8.5,5.75,9,5.75],"texture":"#0"},"south":{"uv":[6,8.5,6.5,8.5],"texture":"#0"},"west":{"uv":[8.5,6,9,6],"texture":"#0"},"up":{"uv":[2.5,7.5,2,7],"texture":"#0"},"down":{"uv":[8.75,1.5,8.25,2],"texture":"#0"}}},{"from":[13,5,3],"to":[13,10,13],"rotation":{"angle":0,"axis":"y","origin":[13,5,3]},"faces":{"north":{"uv":[6.75,8.5,6.75,9.75],"texture":"#0"},"east":{"uv":[2.75,3,5.25,4.25],"texture":"#0"},"south":{"uv":[7,8.5,7,9.75],"texture":"#0"},"west":{"uv":[2.75,4.5,5.25,5.75],"texture":"#0"},"up":{"uv":[7.25,11,7.25,8.5],"texture":"#0"},"down":{"uv":[7.5,8.5,7.5,11],"texture":"#0"}}},{"from":[3,7,3],"to":[13,10,3],"rotation":{"angle":0,"axis":"y","origin":[13,5,3]},"faces":{"north":{"uv":[5.5,4.5,8,5.25],"texture":"#0"},"east":{"uv":[7.75,8.5,7.75,9.25],"texture":"#0"},"south":{"uv":[5.5,5.5,8,6.25],"texture":"#0"},"west":{"uv":[8,8.5,8,9.25],"texture":"#0"},"up":{"uv":[11,6.25,8.5,6.25],"texture":"#0"},"down":{"uv":[11,6.5,8.5,6.5],"texture":"#0"}}},{"from":[10,5,3],"to":[13,7,3],"rotation":{"angle":0,"axis":"y","origin":[13,3,3]},"faces":{"north":{"uv":[6,7.75,6.75,8.25],"texture":"#0"},"east":{"uv":[8.25,8.5,8.25,9],"texture":"#0"},"south":{"uv":[7,7.75,7.75,8.25],"texture":"#0"},"west":{"uv":[8.5,8.5,8.5,9],"texture":"#0"},"up":{"uv":[0.75,8.75,0,8.75],"texture":"#0"},"down":{"uv":[1.75,8.75,1,8.75],"texture":"#0"}}},{"from":[3,5,3],"to":[6,7,3],"rotation":{"angle":0,"axis":"y","origin":[3,3,3]},"faces":{"north":{"uv":[0,8,0.75,8.5],"texture":"#0"},"east":{"uv":[2,8.75,2,9.25],"texture":"#0"},"south":{"uv":[1,8,1.75,8.5],"texture":"#0"},"west":{"uv":[2.25,8.75,2.25,9.25],"texture":"#0"},"up":{"uv":[3.25,8.75,2.5,8.75],"texture":"#0"},"down":{"uv":[9.5,3.25,8.75,3.25],"texture":"#0"}}},{"from":[6,5,3],"to":[10,6,3],"rotation":{"angle":0,"axis":"y","origin":[6,3,3]},"faces":{"north":{"uv":[2,8.25,3,8.5],"texture":"#0"},"east":{"uv":[3.5,8.75,3.5,9],"texture":"#0"},"south":{"uv":[8.25,2.25,9.25,2.5],"texture":"#0"},"west":{"uv":[8.75,3.5,8.75,3.75],"texture":"#0"},"up":{"uv":[4.75,8.75,3.75,8.75],"texture":"#0"},"down":{"uv":[9.75,4,8.75,4],"texture":"#0"}}},{"from":[3,5,13],"to":[13,10,13],"rotation":{"angle":0,"axis":"y","origin":[13,5,13]},"faces":{"north":{"uv":[0,5.5,2.5,6.75],"texture":"#0"},"east":{"uv":[5,8.75,5,10],"texture":"#0"},"south":{"uv":[5.5,0,8,1.25],"texture":"#0"},"west":{"uv":[6,8.75,6,10],"texture":"#0"},"up":{"uv":[11.25,4.25,8.75,4.25],"texture":"#0"},"down":{"uv":[11.25,4.5,8.75,4.5],"texture":"#0"}}},{"from":[3,5,13],"to":[13,5,18],"rotation":{"angle":0,"axis":"y","origin":[3,5,13]},"faces":{"north":{"uv":[8.75,4.75,11.25,4.75],"texture":"#0"},"east":{"uv":[8.75,5,10,5],"texture":"#0"},"south":{"uv":[8.75,7.25,11.25,7.25],"texture":"#0"},"west":{"uv":[8.75,7.5,10,7.5],"texture":"#0"},"up":{"uv":[8,2.75,5.5,1.5],"texture":"#0"},"down":{"uv":[8,3,5.5,4.25],"texture":"#0"}}},{"from":[3,5,18],"to":[13,5,20],"rotation":{"angle":-22.5,"axis":"x","origin":[8,5,18]},"faces":{"north":{"uv":[8.75,8.5,11.25,8.5],"texture":"#0"},"east":{"uv":[8.75,8.75,9.25,8.75],"texture":"#0"},"south":{"uv":[9,1.5,11.5,1.5],"texture":"#0"},"west":{"uv":[0,9,0.5,9],"texture":"#0"},"up":{"uv":[5.25,6.5,2.75,6],"texture":"#0"},"down":{"uv":[8,6.5,5.5,7],"texture":"#0"}}},{"from":[3,5,13],"to":[3,6,18],"rotation":{"angle":22.5,"axis":"z","origin":[3,5,15.5]},"faces":{"north":{"uv":[6.25,8.75,6.25,9],"texture":"#0"},"east":{"uv":[8,7.75,9.25,8],"texture":"#0"},"south":{"uv":[6.5,8.75,6.5,9],"texture":"#0"},"west":{"uv":[8.25,0,9.5,0.25],"texture":"#0"},"up":{"uv":[0.75,10.25,0.75,9],"texture":"#0"},"down":{"uv":[1,9,1,10.25],"texture":"#0"}}},{"from":[13,5,13],"to":[13,6,18],"rotation":{"angle":-22.5,"axis":"z","origin":[13,5,15.5]},"faces":{"north":{"uv":[1.25,9,1.25,9.25],"texture":"#0"},"east":{"uv":[8.25,0.5,9.5,0.75],"texture":"#0"},"south":{"uv":[1.5,9,1.5,9.25],"texture":"#0"},"west":{"uv":[8.25,1,9.5,1.25],"texture":"#0"},"up":{"uv":[1.75,10.25,1.75,9],"texture":"#0"},"down":{"uv":[2.5,9,2.5,10.25],"texture":"#0"}}},{"from":[2.75,4.75,6.75],"to":[2.75,5.75,7.75],"rotation":{"angle":-22.5,"axis":"x","origin":[8,5.75,10.625]},"faces":{"north":{"uv":[9,1.75,9,2],"texture":"#0"},"east":{"uv":[3.25,8.25,3.5,8.5],"texture":"#0"},"south":{"uv":[2.75,9,2.75,9.25],"texture":"#0"},"west":{"uv":[8.25,3.25,8.5,3.5],"texture":"#0"},"up":{"uv":[9,3,9,2.75],"texture":"#0"},"down":{"uv":[3,9,3,9.25],"texture":"#0"}}},{"from":[2.75,5.75,6.75],"to":[2.75,6.75,14],"rotation":{"angle":-22.5,"axis":"x","origin":[8,5.75,10.625]},"faces":{"north":{"uv":[3.25,9,3.25,9.25],"texture":"#0"},"east":{"uv":[4.75,7.25,6.5,7.5],"texture":"#0"},"south":{"uv":[9,3.5,9,3.75],"texture":"#0"},"west":{"uv":[6.75,7.25,8.5,7.5],"texture":"#0"},"up":{"uv":[3.75,10.75,3.75,9],"texture":"#0"},"down":{"uv":[4,9,4,10.75],"texture":"#0"}}},{"from":[3.751,3.75,13.999],"to":[7.001,6.75,13.999],"rotation":{"angle":-22.5,"axis":"x","origin":[8,5.75,10.625]},"faces":{"north":{"uv":[1,7,1.75,7.75],"texture":"#0"},"east":{"uv":[4.25,9,4.25,9.75],"texture":"#0"},"south":{"uv":[3.75,6.75,4.5,7.5],"texture":"#0"},"west":{"uv":[4.5,9,4.5,9.75],"texture":"#0"},"up":{"uv":[9.5,9,8.75,9],"texture":"#0"},"down":{"uv":[10,1.75,9.25,1.75],"texture":"#0"}}},{"from":[2.75,5.75,14],"to":[3.75,6.75,14],"rotation":{"angle":-22.5,"axis":"x","origin":[8,5.75,10.625]},"faces":{"north":{"uv":[3.75,8.25,4,8.5],"texture":"#0"},"east":{"uv":[4.75,9,4.75,9.25],"texture":"#0"},"south":{"uv":[8.25,3.75,8.5,4],"texture":"#0"},"west":{"uv":[0,9.25,0,9.5],"texture":"#0"},"up":{"uv":[0.5,9.25,0.25,9.25],"texture":"#0"},"down":{"uv":[9.5,2,9.25,2],"texture":"#0"}}},{"from":[8.999,3.75,13.999],"to":[12.249,6.75,13.999],"rotation":{"angle":-22.5,"axis":"x","origin":[8,5.75,10.625]},"faces":{"north":{"uv":[1,7,1.75,7.75],"texture":"#0"},"east":{"uv":[3.5,9.25,3.5,10],"texture":"#0"},"south":{"uv":[1,7,1.75,7.75],"texture":"#0"},"west":{"uv":[6.25,9.25,6.25,10],"texture":"#0"},"up":{"uv":[10,2.75,9.25,2.75],"texture":"#0"},"down":{"uv":[10,3,9.25,3],"texture":"#0"}}},{"from":[7,5.75,14],"to":[9,6.75,14],"rotation":{"angle":-22.5,"axis":"x","origin":[8,5.75,10.625]},"faces":{"north":{"uv":[8.25,2.75,8.75,3],"texture":"#0"},"east":{"uv":[9.25,3.5,9.25,3.75],"texture":"#0"},"south":{"uv":[8.25,2.75,8.75,3],"texture":"#0"},"west":{"uv":[9.25,5.5,9.25,5.75],"texture":"#0"},"up":{"uv":[9.75,6,9.25,6],"texture":"#0"},"down":{"uv":[8.75,9.25,8.25,9.25],"texture":"#0"}}},{"from":[12.25,5.75,14],"to":[13.25,6.75,14],"rotation":{"angle":-22.5,"axis":"x","origin":[8,5.75,10.625]},"faces":{"north":{"uv":[4.25,8.25,4.5,8.5],"texture":"#0"},"east":{"uv":[6.5,9.25,6.5,9.5],"texture":"#0"},"south":{"uv":[8.25,4.25,8.5,4.5],"texture":"#0"},"west":{"uv":[9,9.25,9,9.5],"texture":"#0"},"up":{"uv":[9.5,9.25,9.25,9.25],"texture":"#0"},"down":{"uv":[0.5,9.5,0.25,9.5],"texture":"#0"}}},{"from":[13.25,5.75,6.75],"to":[13.25,6.75,14],"rotation":{"angle":-22.5,"axis":"x","origin":[8,5.75,10.625]},"faces":{"north":{"uv":[1.25,9.5,1.25,9.75],"texture":"#0"},"east":{"uv":[2,7.75,3.75,8],"texture":"#0"},"south":{"uv":[1.5,9.5,1.5,9.75],"texture":"#0"},"west":{"uv":[4,7.75,5.75,8],"texture":"#0"},"up":{"uv":[2,11.25,2,9.5],"texture":"#0"},"down":{"uv":[2.25,9.5,2.25,11.25],"texture":"#0"}}},{"from":[13.25,4.75,6.75],"to":[13.25,5.75,7.75],"rotation":{"angle":-22.5,"axis":"x","origin":[8,5.75,10.625]},"faces":{"north":{"uv":[9.5,2.25,9.5,2.5],"texture":"#0"},"east":{"uv":[4.75,8.25,5,8.5],"texture":"#0"},"south":{"uv":[2.75,9.5,2.75,9.75],"texture":"#0"},"west":{"uv":[8.25,4.75,8.5,5],"texture":"#0"},"up":{"uv":[3,9.75,3,9.5],"texture":"#0"},"down":{"uv":[3.25,9.5,3.25,9.75],"texture":"#0"}}}],"gui_light":"front","display":{"thirdperson_righthand":{"translation":[0,0.75,-7.75],"scale":[0.9,0.9,0.9]},"thirdperson_lefthand":{"translation":[0,0.75,-7.75],"scale":[0.9,0.9,0.9]},"firstperson_righthand":{"rotation":[14,-22.5,8],"translation":[11.25,0,-12.5]},"firstperson_lefthand":{"rotation":[14,-22.5,8],"translation":[11.25,0,-12.5]},"ground":{"translation":[0,3,0],"scale":[0.9,0.9,0.9]},"gui":{"rotation":[22.5,45,0],"translation":[-1.25,0.5,0],"scale":[0.8,0.8,0.8]},"head":{"translation":[0,6.5,0],"scale":[1.6,1.6,1.6]},"fixed":{"rotation":[-90,0,0],"translation":[0,-6,-6],"scale":[2,2,2]}},"mcmodels":"df897522edf43d4286dbc25568510753"}