{"textures​":{"layer0":"minecraft:item/creaking_heart"},"credit":"Made with Blockbench","texture_size":[64,64],"\u0074\u0065\u0078\u0074\u0075\u0072\u0065\u0073":{"0":"\u0063\u0075\u0073\u0074\u006f\u006d\u0068\u0061\u0074\u0073\u00762:\u0068\u0061\u0074\u0073/\u0063\u0061\u0063\u0074\u0075\u0073_\u0068\u0061\u0074_\u0074\u0065\u0078\u0074\u0075\u0072\u0065","\u0070\u0061\u0072\u0074\u0069\u0063\u006c\u0065":"\u0063\u0075\u0073\u0074\u006f\u006d\u0068\u0061\u0074\u0073\u00762:\u0068\u0061\u0074\u0073/\u0063\u0061\u0063\u0074\u0075\u0073_\u0068\u0061\u0074_\u0074\u0065\u0078\u0074\u0075\u0072\u0065"},"elements":[{"from":[9,2,2.75],"to":[12,5,2.75],"rotation":{"angle":0,"axis":"y","origin":[4,-1,2.75]},"faces":{"north":{"uv":[10.25,3,11,3.75],"texture":"#0"},"east":{"uv":[2.75,11,2.75,11.75],"texture":"#0"},"south":{"uv":[7.25,10.25,8,11],"texture":"#0"},"west":{"uv":[8.25,11,8.25,11.75],"texture":"#0"},"up":{"uv":[8.25,5.75,7.5,5.75],"texture":"#0"},"down":{"uv":[12,0.5,11.25,0.5],"texture":"#0"}}},{"from":[4,2,2.75],"to":[7,5,2.75],"rotation":{"angle":0,"axis":"y","origin":[12,-1,2.75]},"faces":{"north":{"uv":[7.25,10.25,8,11],"texture":"#0"},"east":{"uv":[11.25,0.75,11.25,1.5],"texture":"#0"},"south":{"uv":[10.25,3,11,3.75],"texture":"#0"},"west":{"uv":[1,11.25,1,12],"texture":"#0"},"up":{"uv":[12,1.75,11.25,1.75],"texture":"#0"},"down":{"uv":[12,2,11.25,2],"texture":"#0"}}},{"from":[4.75,3.25,2.65],"to":[5.75,4.25,2.65],"rotation":{"angle":0,"axis":"y","origin":[12.75,-1.75,2.65]},"faces":{"north":{"uv":[8,8.75,8.25,9],"texture":"#0"},"east":{"uv":[1.25,11.25,1.25,11.5],"texture":"#0"},"south":{"uv":[8,9.25,8.25,9.5],"texture":"#0"},"west":{"uv":[1.5,11.25,1.5,11.5],"texture":"#0"},"up":{"uv":[11.5,2.25,11.25,2.25],"texture":"#0"},"down":{"uv":[11.5,2.5,11.25,2.5],"texture":"#0"}}},{"from":[10.25,3.25,2.65],"to":[11.25,4.25,2.65],"rotation":{"angle":0,"axis":"y","origin":[3.25,-1.75,2.65]},"faces":{"north":{"uv":[8,9.75,8.25,10],"texture":"#0"},"east":{"uv":[11.25,2.75,11.25,3],"texture":"#0"},"south":{"uv":[2.5,10.5,2.75,10.75],"texture":"#0"},"west":{"uv":[11.25,3.25,11.25,3.5],"texture":"#0"},"up":{"uv":[11.5,3.75,11.25,3.75],"texture":"#0"},"down":{"uv":[11.5,4,11.25,4],"texture":"#0"}}},{"from":[3.25,-0.75,2.75],"to":[5.25,1.25,2.75],"rotation":{"angle":0,"axis":"y","origin":[11.25,-3.75,2.75]},"faces":{"north":{"uv":[10.25,5,10.75,5.5],"texture":"#0"},"east":{"uv":[11.25,4.25,11.25,4.75],"texture":"#0"},"south":{"uv":[10.5,0,11,0.5],"texture":"#0"},"west":{"uv":[11.25,5.75,11.25,6.25],"texture":"#0"},"up":{"uv":[11.75,6.5,11.25,6.5],"texture":"#0"},"down":{"uv":[11.75,6.75,11.25,6.75],"texture":"#0"}}},{"from":[10.75,-0.75,2.75],"to":[12.75,1.25,2.75],"rotation":{"angle":0,"axis":"y","origin":[4.75,-3.75,2.75]},"faces":{"north":{"uv":[10.5,0.75,11,1.25],"texture":"#0"},"east":{"uv":[11.25,7,11.25,7.5],"texture":"#0"},"south":{"uv":[1,10.5,1.5,11],"texture":"#0"},"west":{"uv":[7.25,11.25,7.25,11.75],"texture":"#0"},"up":{"uv":[8,11.25,7.5,11.25],"texture":"#0"},"down":{"uv":[11.75,7.75,11.25,7.75],"texture":"#0"}}},{"from":[10,6,2.75],"to":[12,7,2.75],"rotation":{"angle":-22.5,"axis":"z","origin":[11,6.5,2.75]},"faces":{"north":{"uv":[8.75,5.25,9.25,5.5],"texture":"#0"},"east":{"uv":[11.25,8,11.25,8.25],"texture":"#0"},"south":{"uv":[9.5,5.25,10,5.5],"texture":"#0"},"west":{"uv":[8.5,11.25,8.5,11.5],"texture":"#0"},"up":{"uv":[11.75,8.5,11.25,8.5],"texture":"#0"},"down":{"uv":[9.25,11.25,8.75,11.25],"texture":"#0"}}},{"from":[9,6,2.75],"to":[11,7,2.75],"rotation":{"angle":22.5,"axis":"z","origin":[10,6.5,2.75]},"faces":{"north":{"uv":[1.75,10.5,2.25,10.75],"texture":"#0"},"east":{"uv":[11.25,8.75,11.25,9],"texture":"#0"},"south":{"uv":[1.75,11,2.25,11.25],"texture":"#0"},"west":{"uv":[11.25,9.25,11.25,9.5],"texture":"#0"},"up":{"uv":[10,11.25,9.5,11.25],"texture":"#0"},"down":{"uv":[11.75,9.75,11.25,9.75],"texture":"#0"}}},{"from":[5,6,2.75],"to":[7,7,2.75],"rotation":{"angle":-22.5,"axis":"z","origin":[6,6.5,2.75]},"faces":{"north":{"uv":[1.75,10.5,2.25,10.75],"texture":"#0"},"east":{"uv":[11.25,10,11.25,10.25],"texture":"#0"},"south":{"uv":[1.75,11,2.25,11.25],"texture":"#0"},"west":{"uv":[10.25,11.25,10.25,11.5],"texture":"#0"},"up":{"uv":[11,11.25,10.5,11.25],"texture":"#0"},"down":{"uv":[11.75,10.5,11.25,10.5],"texture":"#0"}}},{"from":[4,6,2.75],"to":[6,7,2.75],"rotation":{"angle":22.5,"axis":"z","origin":[5,6.5,2.75]},"faces":{"north":{"uv":[6.5,11,7,11.25],"texture":"#0"},"east":{"uv":[11.25,10.75,11.25,11],"texture":"#0"},"south":{"uv":[11.25,0,11.75,0.25],"texture":"#0"},"west":{"uv":[11.25,11.25,11.25,11.5],"texture":"#0"},"up":{"uv":[0.5,11.5,0,11.5],"texture":"#0"},"down":{"uv":[12,0.75,11.5,0.75],"texture":"#0"}}},{"from":[3,-1,3],"to":[13,9,13],"rotation":{"angle":0,"axis":"y","origin":[4,-1,3]},"faces":{"north":{"uv":[3,6,5.5,8.5],"texture":"#0"},"east":{"uv":[6,3,8.5,5.5],"texture":"#0"},"south":{"uv":[5.75,6,8.25,8.5],"texture":"#0"},"west":{"uv":[8.5,5.75,11,8.25],"texture":"#0"},"up":{"uv":[11,11,8.5,8.5],"texture":"#0"},"down":{"uv":[5.5,8.75,3,11.25],"texture":"#0"}}},{"name":"outline","from":[13.5,9.5,13.5],"to":[2.5,-1.5,2.5],"rotation":{"angle":0,"axis":"y","origin":[4,-1,3]},"faces":{"north":{"uv":[0,0,2.75,2.75],"texture":"#0"},"east":{"uv":[0,3,2.75,5.75],"texture":"#0"},"south":{"uv":[3,0,5.75,2.75],"texture":"#0"},"west":{"uv":[3,3,5.75,5.75],"texture":"#0"},"up":{"uv":[2.75,8.75,0,6],"texture":"#0"},"down":{"uv":[8.75,0,6,2.75],"texture":"#0"}}},{"from":[-2,6,4],"to":[3,8,4],"rotation":{"angle":0,"axis":"y","origin":[-6,-2,3]},"faces":{"north":{"uv":[8.75,3,10,3.5],"texture":"#0"},"east":{"uv":[8.25,10.25,8.25,10.75],"texture":"#0"},"south":{"uv":[10,3,8.75,3.5],"texture":"#0"},"west":{"uv":[2.5,11,2.5,11.5],"texture":"#0"},"up":{"uv":[7.25,5.75,6,5.75],"texture":"#0"},"down":{"uv":[12.25,5.5,11,5.5],"texture":"#0"}}},{"from":[13,1,5],"to":[18,3,5],"rotation":{"angle":0,"axis":"y","origin":[22,-7,4]},"faces":{"north":{"uv":[8.75,4.5,10,5],"texture":"#0"},"east":{"uv":[0.75,11.5,0.75,12],"texture":"#0"},"south":{"uv":[10,4.5,8.75,5],"texture":"#0"},"west":{"uv":[11.5,1,11.5,1.5],"texture":"#0"},"up":{"uv":[12.75,2.75,11.5,2.75],"texture":"#0"},"down":{"uv":[4.25,11.5,3,11.5],"texture":"#0"}}},{"from":[-2,0,10],"to":[3,2,10],"rotation":{"angle":0,"axis":"y","origin":[-6,-8,9]},"faces":{"north":{"uv":[8.75,3,10,3.5],"texture":"#0"},"east":{"uv":[1.75,11.5,1.75,12],"texture":"#0"},"south":{"uv":[10,3,8.75,3.5],"texture":"#0"},"west":{"uv":[2,11.5,2,12],"texture":"#0"},"up":{"uv":[12.75,3,11.5,3],"texture":"#0"},"down":{"uv":[12.75,3.25,11.5,3.25],"texture":"#0"}}},{"from":[13,5,10],"to":[18,7,10],"rotation":{"angle":0,"axis":"y","origin":[22,-3,9]},"faces":{"north":{"uv":[8.75,4.5,10,5],"texture":"#0"},"east":{"uv":[2.25,11.5,2.25,12],"texture":"#0"},"south":{"uv":[10,4.5,8.75,5],"texture":"#0"},"west":{"uv":[11.5,4.25,11.5,4.75],"texture":"#0"},"up":{"uv":[12.75,3.5,11.5,3.5],"texture":"#0"},"down":{"uv":[5.75,11.5,4.5,11.5],"texture":"#0"}}},{"from":[5,9,5],"to":[7,14,5],"rotation":{"angle":0,"axis":"y","origin":[-2,1,4]},"faces":{"north":{"uv":[5.75,9.5,6.25,10.75],"texture":"#0"},"east":{"uv":[6,11.5,6,12.75],"texture":"#0"},"south":{"uv":[6.25,9.5,5.75,10.75],"texture":"#0"},"west":{"uv":[6.25,11.5,6.25,12.75],"texture":"#0"},"up":{"uv":[12,5.75,11.5,5.75],"texture":"#0"},"down":{"uv":[12,6,11.5,6],"texture":"#0"}}},{"from":[10,9,10],"to":[12,14,10],"rotation":{"angle":0,"axis":"y","origin":[3,1,9]},"faces":{"north":{"uv":[5.75,9.5,6.25,10.75],"texture":"#0"},"east":{"uv":[6.5,11.5,6.5,12.75],"texture":"#0"},"south":{"uv":[6.25,9.5,5.75,10.75],"texture":"#0"},"west":{"uv":[6.75,11.5,6.75,12.75],"texture":"#0"},"up":{"uv":[12,6.25,11.5,6.25],"texture":"#0"},"down":{"uv":[12,7,11.5,7],"texture":"#0"}}},{"from":[6,5,13],"to":[6,7,18],"rotation":{"angle":0,"axis":"y","origin":[-3,-3,12]},"faces":{"north":{"uv":[7,11.5,7,12],"texture":"#0"},"east":{"uv":[2.75,9.75,1.5,10.25],"texture":"#0"},"south":{"uv":[7.5,11.5,7.5,12],"texture":"#0"},"west":{"uv":[1.5,9.75,2.75,10.25],"texture":"#0"},"up":{"uv":[7.75,12.75,7.75,11.5],"texture":"#0"},"down":{"uv":[8,11.5,8,12.75],"texture":"#0"}}},{"from":[11,1,13],"to":[11,3,18],"rotation":{"angle":0,"axis":"y","origin":[2,-7,12]},"faces":{"north":{"uv":[8.75,11.5,8.75,12],"texture":"#0"},"east":{"uv":[2.75,9.75,1.5,10.25],"texture":"#0"},"south":{"uv":[11.5,8.75,11.5,9.25],"texture":"#0"},"west":{"uv":[1.5,9.75,2.75,10.25],"texture":"#0"},"up":{"uv":[9,12.75,9,11.5],"texture":"#0"},"down":{"uv":[9.25,11.5,9.25,12.75],"texture":"#0"}}}],"gui_light":"front","display":{"thirdperson_righthand":{"translation":[0,2,-1.75],"scale":[0.9,0.9,0.9]},"thirdperson_lefthand":{"translation":[0,2,-1.75],"scale":[0.9,0.9,0.9]},"firstperson_righthand":{"rotation":[0,140,0],"translation":[7,4.25,-8.75]},"firstperson_lefthand":{"rotation":[0,140,0],"translation":[7,4.25,-8.75]},"ground":{"translation":[0,7,0],"scale":[0.9,0.9,0.9]},"gui":{"rotation":[22.5,145,0],"translation":[0,3.25,0],"scale":[0.9,0.9,0.9]},"head":{"translation":[0,6.5,0],"scale":[1.6,1.6,1.6]},"fixed":{"rotation":[-90,0,0],"translation":[0,0,-18],"scale":[2,2,2]}},"mcmodels":"df897522edf43d4286dbc25568510753"}