{"textures":{"1":"modelengine:entity/em_nothingness"},"elements":[{"from":[8.0,-8.0,-8.0],"to":[8.0,24.0,24.0],"faces":{"east":{"uv":[4.0,0.0,5.0,1.0],"tintindex":0,"rotation":0,"texture":"#1"},"west":{"uv":[5.0,0.0,4.0,1.0],"tintindex":0,"rotation":0,"texture":"#1"}}},{"from":[-8.0,-8.0,8.0],"to":[24.0,24.0,8.0],"faces":{"south":{"uv":[4.0,0.0,5.0,1.0],"tintindex":0,"rotation":0,"texture":"#1"},"north":{"uv":[5.0,0.0,4.0,1.0],"tintindex":0,"rotation":0,"texture":"#1"}}}],"display":{"head":{"rotation":[0.0,0.0,0.0]},"firstperson_righthand":{"rotation":[0.0,0.0,0.0]},"thirdperson_lefthand":{"rotation":[0.0,-0.0,-0.0]},"firstperson_lefthand":{"rotation":[0.0,-0.0,-0.0]},"fixed":{"rotation":[0.0,0.0,0.0]},"ground":{"rotation":[0.0,0.0,0.0]},"thirdperson_righthand":{"rotation":[0.0,0.0,0.0]},"gui":{"rotation":[-150.0,-75.0,-180.0]}}}