{"textures":{"0":"modelengine:block/nm_dalmation_texture"},"elements":[{"from":[6.5,5.75,0.0],"to":[9.5,7.75,3.0],"faces":{"east":{"uv":[7.25,10.25,8.0,10.75],"tintindex":0,"rotation":0,"texture":"#0"},"south":{"uv":[10.25,8.25,11.0,8.75],"tintindex":0,"rotation":0,"texture":"#0"},"north":{"uv":[6.25,10.25,7.0,10.75],"tintindex":0,"rotation":0,"texture":"#0"},"west":{"uv":[10.25,9.0,11.0,9.5],"tintindex":0,"rotation":0,"texture":"#0"},"up":{"uv":[9.75,10.75,9.0,10.0],"tintindex":0,"rotation":0,"texture":"#0"},"down":{"uv":[10.75,10.0,10.0,10.75],"tintindex":0,"rotation":0,"texture":"#0"}}},{"from":[5.0,4.75,3.0],"to":[11.0,10.75,9.0],"faces":{"east":{"uv":[6.75,5.25,8.25,6.75],"tintindex":0,"rotation":0,"texture":"#0"},"south":{"uv":[6.75,7.0,8.25,8.5],"tintindex":0,"rotation":0,"texture":"#0"},"north":{"uv":[6.75,3.5,8.25,5.0],"tintindex":0,"rotation":0,"texture":"#0"},"west":{"uv":[3.75,8.0,5.25,9.5],"tintindex":0,"rotation":0,"texture":"#0"},"up":{"uv":[9.75,1.5,8.25,0.0],"tintindex":0,"rotation":0,"texture":"#0"},"down":{"uv":[10.0,1.75,8.5,3.25],"tintindex":0,"rotation":0,"texture":"#0"}}}],"display":{"head":{"rotation":[0.0,0.0,0.0]},"firstperson_righthand":{"rotation":[0.0,0.0,0.0]},"thirdperson_lefthand":{"rotation":[0.0,-0.0,-0.0]},"firstperson_lefthand":{"rotation":[0.0,-0.0,-0.0]},"fixed":{"rotation":[0.0,0.0,0.0]},"ground":{"rotation":[0.0,0.0,0.0]},"thirdperson_righthand":{"rotation":[0.0,0.0,0.0]},"gui":{"rotation":[-150.0,-75.0,-180.0]}}}