{"textures​":{"layer0":"minecraft:item/magenta_wool"},"credit":"Made with Blockbench","\u0074\u0065\u0078\u0074\u0075\u0072\u0065\u0073":{"1":"\u0064\u0072\u0061\u0067\u006f\u006e\u0073\u0074\u006f\u006e\u0065_\u0067\u0075\u0061\u0072\u0064\u0069\u0061\u006e\u0073:\u0066\u0069\u0072\u0065","2":"\u0064\u0072\u0061\u0067\u006f\u006e\u0073\u0074\u006f\u006e\u0065_\u0067\u0075\u0061\u0072\u0064\u0069\u0061\u006e\u0073:\u0074\u0065\u0078\u0074\u0075\u0072\u0065","3":"\u0064\u0072\u0061\u0067\u006f\u006e\u0073\u0074\u006f\u006e\u0065_\u0067\u0075\u0061\u0072\u0064\u0069\u0061\u006e\u0073:\u0062\u006f\u0077","\u0070\u0061\u0072\u0074\u0069\u0063\u006c\u0065":"\u0064\u0072\u0061\u0067\u006f\u006e\u0073\u0074\u006f\u006e\u0065_\u0067\u0075\u0061\u0072\u0064\u0069\u0061\u006e\u0073:\u0066\u0069\u0072\u0065"},"elements":[{"from":[6.57614,8.80872,7.0016],"to":[8.7419,10.97448,8.9984],"rotation":{"angle":45,"axis":"z","origin":[8,10.23257,8]},"faces":{"north":{"uv":[9.5,6,10.375,6.875],"texture":"#2"},"east":{"uv":[7,9.5,7.875,10.375],"texture":"#2"},"south":{"uv":[9.5,7,10.375,7.875],"texture":"#2"},"west":{"uv":[8,9.5,8.875,10.375],"texture":"#2"},"up":{"uv":[10.375,8.875,9.5,8],"texture":"#2"},"down":{"uv":[10.375,9,9.5,9.875],"texture":"#2"}}},{"from":[8.5739,10.41719,7.4409],"to":[10.78574,11.64599,8.5591],"rotation":{"angle":-22.5,"axis":"z","origin":[8,10.23257,8]},"faces":{"north":{"uv":[10.5,3.5,11.375,4],"texture":"#2"},"east":{"uv":[10,5.5,10.5,6],"texture":"#2"},"south":{"uv":[8,10.5,8.875,11],"texture":"#2"},"west":{"uv":[12.5,4.5,13,5],"texture":"#2"},"up":{"uv":[11.375,8.5,10.5,8],"texture":"#2"},"down":{"uv":[11.375,8.5,10.5,9],"texture":"#2"}}},{"from":[9.93246,7.62635,7.4793],"to":[10.96926,9.26219,8.5207],"rotation":{"angle":22.5,"axis":"z","origin":[8,10.23257,8]},"faces":{"north":{"uv":[13,4,13.375,4.625],"texture":"#2"},"east":{"uv":[4.5,13,4.875,13.625],"texture":"#2"},"south":{"uv":[5,13,5.375,13.625],"texture":"#2"},"west":{"uv":[13,5,13.375,5.625],"texture":"#2"},"up":{"uv":[14.375,3.375,14,3],"texture":"#2"},"down":{"uv":[3.875,14,3.5,14.375],"texture":"#2"}}},{"from":[10.62692,8.52183,7.5177],"to":[11.47172,10.15767,8.4823],"rotation":{"angle":22.5,"axis":"z","origin":[8,10.23257,8]},"faces":{"north":{"uv":[13,8,13.375,8.625],"texture":"#2"},"east":{"uv":[8.5,13,8.875,13.625],"texture":"#2"},"south":{"uv":[9.5,13,9.875,13.625],"texture":"#2"},"west":{"uv":[13,9.5,13.375,10.125],"texture":"#2"},"up":{"uv":[5.375,14.375,5,14],"texture":"#2"},"down":{"uv":[14.375,5,14,5.375],"texture":"#2"}}},{"from":[9.63295,10.30583,7.5561],"to":[10.69279,11.15063,8.4439],"rotation":{"angle":0,"axis":"y","origin":[8,10.23257,8]},"faces":{"north":{"uv":[13.5,2,14,2.375],"texture":"#2"},"east":{"uv":[5.5,14,5.875,14.375],"texture":"#2"},"south":{"uv":[13.5,2.5,14,2.875],"texture":"#2"},"west":{"uv":[14,5.5,14.375,5.875],"texture":"#2"},"up":{"uv":[14,3.375,13.5,3],"texture":"#2"},"down":{"uv":[14,3.5,13.5,3.875],"texture":"#2"}}},{"from":[2.67008,5.69783,8],"to":[13.32992,12.33911,8],"rotation":{"angle":0,"axis":"y","origin":[8,10.23257,8]},"faces":{"north":{"uv":[4.0125,0,8.4875,2.75],"texture":"#2"},"east":{"uv":[0,0,0,2.75],"texture":"#2"},"south":{"uv":[4.0125,0,8.4875,2.75],"texture":"#2"},"west":{"uv":[0,0,0,2.75],"texture":"#2"},"up":{"uv":[4.5,0,0,0],"texture":"#2"},"down":{"uv":[4.5,0,0,0],"texture":"#2"}}},{"from":[7.74723,-1.34839,8.5],"to":[14.38851,12.31145,8.5],"rotation":{"angle":-22.5,"axis":"y","origin":[11.06787,5.48153,8.5]},"faces":{"north":{"uv":[6.0125,16,16,11.25],"rotation":270,"texture":"#3"},"east":{"uv":[4.5,0,0,0],"rotation":90,"texture":"#3"},"south":{"uv":[16,16,6.0125,11.25],"rotation":90,"texture":"#3"},"west":{"uv":[4.5,0,0,0],"rotation":90,"texture":"#3"},"up":{"uv":[0,2.75,0,0],"rotation":90,"texture":"#3"},"down":{"uv":[0,2.75,0,0],"rotation":90,"texture":"#3"}}},{"from":[1.61149,-1.34839,8.5],"to":[8.25277,12.31145,8.5],"rotation":{"angle":22.5,"axis":"y","origin":[4.93213,5.48153,8.5]},"faces":{"north":{"uv":[6.0125,11.25,16,16],"rotation":270,"texture":"#3"},"east":{"uv":[4.5,0,0,0],"rotation":90,"texture":"#3"},"south":{"uv":[16,11.25,6.0125,16],"rotation":90,"texture":"#3"},"west":{"uv":[4.5,0,0,0],"rotation":90,"texture":"#3"},"up":{"uv":[0,0,0,2.75],"rotation":90,"texture":"#3"},"down":{"uv":[0,0,0,2.75],"rotation":90,"texture":"#3"}}},{"from":[11.06719,10.8804,7.5561],"to":[12.31903,11.5332,8.4439],"rotation":{"angle":-22.5,"axis":"z","origin":[8,10.23257,8]},"faces":{"north":{"uv":[14.5,2.5,15,2.75],"texture":"#2"},"east":{"uv":[5.5,14.5,5.875,14.75],"texture":"#2"},"south":{"uv":[3,14.5,3.5,14.75],"texture":"#2"},"west":{"uv":[14.5,5.5,14.875,5.75],"texture":"#2"},"up":{"uv":[8,13.875,7.5,13.5],"texture":"#2"},"down":{"uv":[8.5,13.5,8,13.875],"texture":"#2"}}},{"from":[7.2383,10.89495,7.49005],"to":[9.06614,12.12375,8.50995],"rotation":{"angle":-45,"axis":"z","origin":[8,10.23257,8]},"faces":{"north":{"uv":[11.5,2.5,12.25,3],"texture":"#2"},"east":{"uv":[13.5,8,13.875,8.5],"texture":"#2"},"south":{"uv":[11.5,9,12.25,9.5],"texture":"#2"},"west":{"uv":[13.5,8.5,13.875,9],"texture":"#2"},"up":{"uv":[13.25,2.875,12.5,2.5],"texture":"#2"},"down":{"uv":[5.25,12.5,4.5,12.875],"texture":"#2"}}},{"from":[8.47633,10.0633,7.20896],"to":[9.45937,12.76666,8.79104],"rotation":{"angle":22.5,"axis":"z","origin":[8,10.23257,8]},"faces":{"north":{"uv":[6.5,11,6.875,12.125],"texture":"#2"},"east":{"uv":[10,4,10.625,5.125],"texture":"#2"},"south":{"uv":[8,11,8.375,12.125],"texture":"#2"},"west":{"uv":[9,10,9.625,11.125],"texture":"#2"},"up":{"uv":[10.375,13.625,10,13],"texture":"#2"},"down":{"uv":[10.875,13,10.5,13.625],"texture":"#2"}}},{"from":[6.54063,10.0633,7.20896],"to":[7.52367,12.76666,8.79104],"rotation":{"angle":-22.5,"axis":"z","origin":[8,10.23257,8]},"faces":{"north":{"uv":[6.875,11,6.5,12.125],"texture":"#2"},"east":{"uv":[9.625,10,9,11.125],"texture":"#2"},"south":{"uv":[8.375,11,8,12.125],"texture":"#2"},"west":{"uv":[10.625,4,10,5.125],"texture":"#2"},"up":{"uv":[10,13.625,10.375,13],"texture":"#2"},"down":{"uv":[10.5,13,10.875,13.625],"texture":"#2"}}},{"from":[6.93386,10.89495,7.49005],"to":[8.7617,12.12375,8.50995],"rotation":{"angle":45,"axis":"z","origin":[8,10.23257,8]},"faces":{"north":{"uv":[12.25,2.5,11.5,3],"texture":"#2"},"east":{"uv":[13.875,8.5,13.5,9],"texture":"#2"},"south":{"uv":[12.25,9,11.5,9.5],"texture":"#2"},"west":{"uv":[13.875,8,13.5,8.5],"texture":"#2"},"up":{"uv":[12.5,2.875,13.25,2.5],"texture":"#2"},"down":{"uv":[4.5,12.5,5.25,12.875],"texture":"#2"}}},{"from":[5.21426,10.41719,7.4409],"to":[7.4261,11.64599,8.5591],"rotation":{"angle":22.5,"axis":"z","origin":[8,10.23257,8]},"faces":{"north":{"uv":[11.375,3.5,10.5,4],"texture":"#2"},"east":{"uv":[13,4.5,12.5,5],"texture":"#2"},"south":{"uv":[8.875,10.5,8,11],"texture":"#2"},"west":{"uv":[10.5,5.5,10,6],"texture":"#2"},"up":{"uv":[10.5,8.5,11.375,8],"texture":"#2"},"down":{"uv":[10.5,8.5,11.375,9],"texture":"#2"}}},{"from":[5.30721,10.30583,7.5561],"to":[6.36705,11.15063,8.4439],"rotation":{"angle":0,"axis":"y","origin":[8,10.23257,8]},"faces":{"north":{"uv":[14,2,13.5,2.375],"texture":"#2"},"east":{"uv":[14.375,5.5,14,5.875],"texture":"#2"},"south":{"uv":[14,2.5,13.5,2.875],"texture":"#2"},"west":{"uv":[5.875,14,5.5,14.375],"texture":"#2"},"up":{"uv":[13.5,3.375,14,3],"texture":"#2"},"down":{"uv":[13.5,3.5,14,3.875],"texture":"#2"}}},{"from":[4.52828,8.52183,7.5177],"to":[5.37308,10.15767,8.4823],"rotation":{"angle":-22.5,"axis":"z","origin":[8,10.23257,8]},"faces":{"north":{"uv":[13.375,8,13,8.625],"texture":"#2"},"east":{"uv":[13.375,9.5,13,10.125],"texture":"#2"},"south":{"uv":[9.875,13,9.5,13.625],"texture":"#2"},"west":{"uv":[8.875,13,8.5,13.625],"texture":"#2"},"up":{"uv":[5,14.375,5.375,14],"texture":"#2"},"down":{"uv":[14,5,14.375,5.375],"texture":"#2"}}},{"from":[5.03074,7.62635,7.4793],"to":[6.06754,9.26219,8.5207],"rotation":{"angle":-22.5,"axis":"z","origin":[8,10.23257,8]},"faces":{"north":{"uv":[13.375,4,13,4.625],"texture":"#2"},"east":{"uv":[13.375,5,13,5.625],"texture":"#2"},"south":{"uv":[5.375,13,5,13.625],"texture":"#2"},"west":{"uv":[4.875,13,4.5,13.625],"texture":"#2"},"up":{"uv":[14,3.375,14.375,3],"texture":"#2"},"down":{"uv":[3.5,14,3.875,14.375],"texture":"#2"}}},{"from":[3.68097,10.8804,7.5561],"to":[4.93281,11.5332,8.4439],"rotation":{"angle":22.5,"axis":"z","origin":[8,10.23257,8]},"faces":{"north":{"uv":[15,2.5,14.5,2.75],"texture":"#2"},"east":{"uv":[14.875,5.5,14.5,5.75],"texture":"#2"},"south":{"uv":[3.5,14.5,3,14.75],"texture":"#2"},"west":{"uv":[5.875,14.5,5.5,14.75],"texture":"#2"},"up":{"uv":[7.5,13.875,8,13.5],"texture":"#2"},"down":{"uv":[8,13.5,8.5,13.875],"texture":"#2"}}},{"from":[5.66946,12.00278,7.12141],"to":[6.2298,12.56311,8.87859],"rotation":{"angle":-45,"axis":"z","origin":[8,10.23257,8]},"faces":{"north":{"uv":[10.5,14.5,10.75,14.75],"texture":"#2"},"east":{"uv":[13.5,9,14.25,9.25],"texture":"#2"},"south":{"uv":[14.5,10.5,14.75,10.75],"texture":"#2"},"west":{"uv":[13.5,9.5,14.25,9.75],"texture":"#2"},"up":{"uv":[9.25,14.25,9,13.5],"texture":"#2"},"down":{"uv":[13.75,10,13.5,10.75],"texture":"#2"}}},{"from":[7.67608,6.85817,9.06],"to":[17.27608,16.45817,9.06],"rotation":{"angle":-22.5,"axis":"y","origin":[12.47608,11.65817,9.06]},"faces":{"north":{"uv":[16,0,0,16],"rotation":270,"texture":"#1"},"east":{"uv":[0,0,0.5,0.5],"rotation":90,"texture":"#1"},"south":{"uv":[0,0,16,16],"rotation":90,"texture":"#1"},"west":{"uv":[0,0,0.5,0.5],"rotation":90,"texture":"#1"},"up":{"uv":[0.5,0,0,0.625],"rotation":90,"texture":"#1"},"down":{"uv":[0.5,0,0,0.625],"rotation":90,"texture":"#1"}}},{"from":[-1.27608,6.85817,9.06],"to":[8.32392,16.45817,9.06],"rotation":{"angle":22.5,"axis":"y","origin":[3.52392,11.65817,9.06]},"faces":{"north":{"uv":[16,16,0,0],"rotation":270,"texture":"#1"},"east":{"uv":[0,0.5,0.5,0],"rotation":90,"texture":"#1"},"south":{"uv":[0,16,16,0],"rotation":90,"texture":"#1"},"west":{"uv":[0,0.5,0.5,0],"rotation":90,"texture":"#1"},"up":{"uv":[0.5,0.625,0,0],"rotation":90,"texture":"#1"},"down":{"uv":[0.5,0.625,0,0],"rotation":90,"texture":"#1"}}},{"from":[4.45588,10.34262,7.5177],"to":[5.30068,11.97846,8.4823],"rotation":{"angle":45,"axis":"z","origin":[8,10.23257,8]},"faces":{"north":{"uv":[5.875,13,5.5,13.625],"texture":"#2"},"east":{"uv":[6.875,13,6.5,13.625],"texture":"#2"},"south":{"uv":[13.375,6,13,6.625],"texture":"#2"},"west":{"uv":[6.375,13,6,13.625],"texture":"#2"},"up":{"uv":[14,3.875,14.375,3.5],"texture":"#2"},"down":{"uv":[4.5,14,4.875,14.375],"texture":"#2"}}},{"from":[6.21256,6.721,7.5561],"to":[6.86536,7.78084,8.4439],"rotation":{"angle":-22.5,"axis":"z","origin":[8,10.23257,8]},"faces":{"north":{"uv":[14.25,7.5,14,8],"texture":"#2"},"east":{"uv":[2.375,13.5,2,14],"texture":"#2"},"south":{"uv":[8.25,14,8,14.5],"texture":"#2"},"west":{"uv":[13.875,1.5,13.5,2],"texture":"#2"},"up":{"uv":[4.5,14.875,4.75,14.5],"texture":"#2"},"down":{"uv":[14.5,4.5,14.75,4.875],"texture":"#2"}}},{"from":[7.68115,5.68625,7.5945],"to":[8.29555,6.55409,8.4055],"rotation":{"angle":-45,"axis":"z","origin":[8,10.23257,8]},"faces":{"north":{"uv":[6.25,14.5,6,14.875],"texture":"#2"},"east":{"uv":[14.375,6,14,6.375],"texture":"#2"},"south":{"uv":[14.75,6,14.5,6.375],"texture":"#2"},"west":{"uv":[6.375,14,6,14.375],"texture":"#2"},"up":{"uv":[6.5,14.875,6.75,14.5],"texture":"#2"},"down":{"uv":[14.5,6.5,14.75,6.875],"texture":"#2"}}},{"from":[10.69932,10.34262,7.5177],"to":[11.54412,11.97846,8.4823],"rotation":{"angle":-45,"axis":"z","origin":[8,10.23257,8]},"faces":{"north":{"uv":[5.5,13,5.875,13.625],"texture":"#2"},"east":{"uv":[6,13,6.375,13.625],"texture":"#2"},"south":{"uv":[13,6,13.375,6.625],"texture":"#2"},"west":{"uv":[6.5,13,6.875,13.625],"texture":"#2"},"up":{"uv":[14.375,3.875,14,3.5],"texture":"#2"},"down":{"uv":[4.875,14,4.5,14.375],"texture":"#2"}}},{"from":[9.13464,6.721,7.5561],"to":[9.78744,7.78084,8.4439],"rotation":{"angle":22.5,"axis":"z","origin":[8,10.23257,8]},"faces":{"north":{"uv":[14,7.5,14.25,8],"texture":"#2"},"east":{"uv":[13.5,1.5,13.875,2],"texture":"#2"},"south":{"uv":[8,14,8.25,14.5],"texture":"#2"},"west":{"uv":[2,13.5,2.375,14],"texture":"#2"},"up":{"uv":[4.75,14.875,4.5,14.5],"texture":"#2"},"down":{"uv":[14.75,4.5,14.5,4.875],"texture":"#2"}}},{"from":[7.70445,5.68625,7.5945],"to":[8.31885,6.55409,8.4055],"rotation":{"angle":45,"axis":"z","origin":[8,10.23257,8]},"faces":{"north":{"uv":[6,14.5,6.25,14.875],"texture":"#2"},"east":{"uv":[6,14,6.375,14.375],"texture":"#2"},"south":{"uv":[14.5,6,14.75,6.375],"texture":"#2"},"west":{"uv":[14,6,14.375,6.375],"texture":"#2"},"up":{"uv":[6.75,14.875,6.5,14.5],"texture":"#2"},"down":{"uv":[14.75,6.5,14.5,6.875],"texture":"#2"}}},{"from":[5.39634,-0.32108,7.078],"to":[5.76114,0.04372,8.422],"rotation":{"angle":45,"axis":"z","origin":[7.93447,2.30972,7.75]},"faces":{"north":{"uv":[11,14.5,11.125,14.625],"texture":"#2"},"east":{"uv":[7,14.5,7.625,14.625],"texture":"#2"},"south":{"uv":[14.5,11,14.625,11.125],"texture":"#2"},"west":{"uv":[14.5,7,15.125,7.125],"texture":"#2"},"up":{"uv":[14.625,8.125,14.5,7.5],"texture":"#2"},"down":{"uv":[8.125,14.5,8,15.125],"texture":"#2"}}},{"from":[6.06257,0.34515,7.046],"to":[7.50257,0.98515,8.454],"rotation":{"angle":45,"axis":"z","origin":[7.93447,2.30972,7.75]},"faces":{"north":{"uv":[12,8,12.75,8.375],"texture":"#2"},"east":{"uv":[12,8.5,12.75,8.875],"texture":"#2"},"south":{"uv":[12,9.5,12.75,9.875],"texture":"#2"},"west":{"uv":[12,10,12.75,10.375],"texture":"#2"},"up":{"uv":[2.25,11.25,1.5,10.5],"texture":"#2"},"down":{"uv":[3.25,10.5,2.5,11.25],"texture":"#2"}}},{"from":[6.06257,0.98515,7.046],"to":[6.70257,1.78515,8.454],"rotation":{"angle":45,"axis":"z","origin":[7.93447,2.30972,7.75]},"faces":{"north":{"uv":[14,2.5,14.375,2.875],"texture":"#2"},"east":{"uv":[12,10.5,12.75,10.875],"texture":"#2"},"south":{"uv":[3,14,3.375,14.375],"texture":"#2"},"west":{"uv":[11,12,11.75,12.375],"texture":"#2"},"up":{"uv":[12.375,12.25,12,11.5],"texture":"#2"},"down":{"uv":[12.875,3.5,12.5,4.25],"texture":"#2"}}},{"from":[8.88268,-0.70935,7.11],"to":[9.52268,1.05065,8.39],"rotation":{"angle":-22.5,"axis":"z","origin":[7.93447,2.30972,7.75]},"faces":{"north":{"uv":[10,11.5,10.375,12.375],"texture":"#2"},"east":{"uv":[7,10.5,7.625,11.375],"texture":"#2"},"south":{"uv":[10.5,11.5,10.875,12.375],"texture":"#2"},"west":{"uv":[10.5,7,11.125,7.875],"texture":"#2"},"up":{"uv":[13.375,3.625,13,3],"texture":"#2"},"down":{"uv":[3.875,13,3.5,13.625],"texture":"#2"}}},{"from":[7.55873,-2.76821,7.792],"to":[8.44193,-1.57251,8.208],"rotation":{"angle":-45,"axis":"z","origin":[8.00033,-2.89036,8]},"faces":{"north":{"uv":[3.5,12.625,4,12],"texture":"#2"},"east":{"uv":[14,2.125,14.25,1.5],"texture":"#2"},"south":{"uv":[6,12.625,6.5,12],"texture":"#2"},"west":{"uv":[2.5,14.625,2.75,14],"texture":"#2"},"up":{"uv":[14.5,10.25,14,10],"texture":"#2"},"down":{"uv":[10.5,14,10,14.25],"texture":"#2"}}},{"from":[7.1744,-3.15482,7.75808],"to":[7.7376,-2.59162,8.24192],"rotation":{"angle":45,"axis":"z","origin":[8,-2.32922,8.032]},"faces":{"north":{"uv":[9.25,14.75,9,14.5],"texture":"#2"},"east":{"uv":[14.75,9.75,14.5,9.5],"texture":"#2"},"south":{"uv":[9.75,14.75,9.5,14.5],"texture":"#2"},"west":{"uv":[14.75,9.25,14.5,9],"texture":"#2"},"up":{"uv":[14.5,10.25,14.75,10],"texture":"#2"},"down":{"uv":[10,14.5,10.25,14.75],"texture":"#2"}}},{"from":[7.55807,-2.76821,7.792],"to":[8.44127,-1.57251,8.208],"rotation":{"angle":45,"axis":"z","origin":[7.99967,-2.89036,8]},"faces":{"north":{"uv":[4,12.625,3.5,12],"texture":"#2"},"east":{"uv":[2.75,14.625,2.5,14],"texture":"#2"},"south":{"uv":[6.5,12.625,6,12],"texture":"#2"},"west":{"uv":[14.25,2.125,14,1.5],"texture":"#2"},"up":{"uv":[14,10.25,14.5,10],"texture":"#2"},"down":{"uv":[10,14,10.5,14.25],"texture":"#2"}}},{"from":[6.0544,-1.59802,7.792],"to":[6.9376,1.03768,8.208],"rotation":{"angle":22.5,"axis":"z","origin":[8.096,-0.17192,8.03392]},"faces":{"north":{"uv":[9,5.375,8.5,4],"texture":"#2"},"east":{"uv":[11.75,10.875,11.5,9.5],"texture":"#2"},"south":{"uv":[10.5,11.375,10,10],"texture":"#2"},"west":{"uv":[9.75,12.875,9.5,11.5],"texture":"#2"},"up":{"uv":[9.5,14.25,10,14],"texture":"#2"},"down":{"uv":[14,8.5,14.5,8.75],"texture":"#2"}}},{"from":[9.0624,-1.59802,7.792],"to":[9.9456,1.03768,8.208],"rotation":{"angle":-22.5,"axis":"z","origin":[7.904,-0.17192,8.03392]},"faces":{"north":{"uv":[8.5,5.375,9,4],"texture":"#2"},"east":{"uv":[9.5,12.875,9.75,11.5],"texture":"#2"},"south":{"uv":[10,11.375,10.5,10],"texture":"#2"},"west":{"uv":[11.5,10.875,11.75,9.5],"texture":"#2"},"up":{"uv":[10,14.25,9.5,14],"texture":"#2"},"down":{"uv":[14.5,8.5,14,8.75],"texture":"#2"}}},{"from":[11.42417,0.94276,8.0484],"to":[12.30737,1.99716,8.9516],"rotation":{"angle":-45,"axis":"z","origin":[11.00981,2.98758,8.5]},"faces":{"north":{"uv":[13,5,12.5,5.5],"rotation":180,"texture":"#2"},"east":{"uv":[14.25,12,14,12.5],"rotation":180,"texture":"#2"},"south":{"uv":[13,5.5,12.5,6],"rotation":180,"texture":"#2"},"west":{"uv":[12.75,14,12.5,14.5],"rotation":180,"texture":"#2"},"up":{"uv":[13,14,13.5,14.25],"rotation":180,"texture":"#2"},"down":{"uv":[14,12.75,14.5,12.5],"rotation":180,"texture":"#2"}}},{"from":[10.35204,1.38477,8.058],"to":[11.23524,4.89197,8.942],"rotation":{"angle":0,"axis":"y","origin":[11.00981,2.98758,8.5]},"faces":{"north":{"uv":[6,9,5.5,10.75],"rotation":180,"texture":"#2"},"east":{"uv":[10.75,9,10.5,10.75],"rotation":180,"texture":"#2"},"south":{"uv":[6.5,9,6,10.75],"rotation":180,"texture":"#2"},"west":{"uv":[11.25,1,11,2.75],"rotation":180,"texture":"#2"},"up":{"uv":[8.5,14,9,14.25],"rotation":180,"texture":"#2"},"down":{"uv":[14,8.25,14.5,8],"rotation":180,"texture":"#2"}}},{"from":[10.14886,4.18543,8.0484],"to":[11.03206,5.23983,8.9516],"rotation":{"angle":-45,"axis":"z","origin":[11.00981,3.98758,8.5]},"faces":{"north":{"uv":[13,6,12.5,6.5],"rotation":180,"texture":"#2"},"east":{"uv":[13.75,14,13.5,14.5],"rotation":180,"texture":"#2"},"south":{"uv":[7,12.5,6.5,13],"rotation":180,"texture":"#2"},"west":{"uv":[14.25,14,14,14.5],"rotation":180,"texture":"#2"},"up":{"uv":[14.5,0,15,0.25],"rotation":180,"texture":"#2"},"down":{"uv":[0,14.75,0.5,14.5],"rotation":180,"texture":"#2"}}},{"from":[10.83607,4.87236,8.055],"to":[11.91927,6.45956,8.945],"rotation":{"angle":0,"axis":"y","origin":[11.00981,3.98758,8.497]},"faces":{"north":{"uv":[7.5,11.5,7,12.25],"rotation":180,"texture":"#2"},"east":{"uv":[13.75,5,13.5,5.75],"rotation":180,"texture":"#2"},"south":{"uv":[8,11.5,7.5,12.25],"rotation":180,"texture":"#2"},"west":{"uv":[13.75,6,13.5,6.75],"rotation":180,"texture":"#2"},"up":{"uv":[14.5,0.5,15,0.75],"rotation":180,"texture":"#2"},"down":{"uv":[0.5,14.75,1,14.5],"rotation":180,"texture":"#2"}}},{"from":[3.69263,0.94276,8.0484],"to":[4.57583,1.99716,8.9516],"rotation":{"angle":45,"axis":"z","origin":[4.99019,2.98758,8.5]},"faces":{"north":{"uv":[12.5,5,13,5.5],"rotation":180,"texture":"#2"},"east":{"uv":[12.5,14,12.75,14.5],"rotation":180,"texture":"#2"},"south":{"uv":[12.5,5.5,13,6],"rotation":180,"texture":"#2"},"west":{"uv":[14,12,14.25,12.5],"rotation":180,"texture":"#2"},"up":{"uv":[13.5,14,13,14.25],"rotation":180,"texture":"#2"},"down":{"uv":[14.5,12.75,14,12.5],"rotation":180,"texture":"#2"}}},{"from":[4.76476,1.38477,8.058],"to":[5.64796,4.89197,8.942],"rotation":{"angle":0,"axis":"y","origin":[4.99019,2.98758,8.5]},"faces":{"north":{"uv":[5.5,9,6,10.75],"rotation":180,"texture":"#2"},"east":{"uv":[11,1,11.25,2.75],"rotation":180,"texture":"#2"},"south":{"uv":[6,9,6.5,10.75],"rotation":180,"texture":"#2"},"west":{"uv":[10.5,9,10.75,10.75],"rotation":180,"texture":"#2"},"up":{"uv":[9,14,8.5,14.25],"rotation":180,"texture":"#2"},"down":{"uv":[14.5,8.25,14,8],"rotation":180,"texture":"#2"}}},{"from":[4.96794,4.18543,8.0484],"to":[5.85114,5.23983,8.9516],"rotation":{"angle":45,"axis":"z","origin":[4.99019,3.98758,8.5]},"faces":{"north":{"uv":[12.5,6,13,6.5],"rotation":180,"texture":"#2"},"east":{"uv":[14,14,14.25,14.5],"rotation":180,"texture":"#2"},"south":{"uv":[6.5,12.5,7,13],"rotation":180,"texture":"#2"},"west":{"uv":[13.5,14,13.75,14.5],"rotation":180,"texture":"#2"},"up":{"uv":[15,0,14.5,0.25],"rotation":180,"texture":"#2"},"down":{"uv":[0.5,14.75,0,14.5],"rotation":180,"texture":"#2"}}},{"from":[4.08073,4.87236,8.055],"to":[5.16393,6.45956,8.945],"rotation":{"angle":0,"axis":"y","origin":[4.99019,3.98758,8.497]},"faces":{"north":{"uv":[7,11.5,7.5,12.25],"rotation":180,"texture":"#2"},"east":{"uv":[13.5,6,13.75,6.75],"rotation":180,"texture":"#2"},"south":{"uv":[7.5,11.5,8,12.25],"rotation":180,"texture":"#2"},"west":{"uv":[13.5,5,13.75,5.75],"rotation":180,"texture":"#2"},"up":{"uv":[15,0.5,14.5,0.75],"rotation":180,"texture":"#2"},"down":{"uv":[1,14.75,0.5,14.5],"rotation":180,"texture":"#2"}}},{"from":[6.47732,-0.70935,7.11],"to":[7.11732,1.05065,8.39],"rotation":{"angle":22.5,"axis":"z","origin":[8.06553,2.30972,7.75]},"faces":{"north":{"uv":[10.375,11.5,10,12.375],"texture":"#2"},"east":{"uv":[11.125,7,10.5,7.875],"texture":"#2"},"south":{"uv":[10.875,11.5,10.5,12.375],"texture":"#2"},"west":{"uv":[7.625,10.5,7,11.375],"texture":"#2"},"up":{"uv":[13,3.625,13.375,3],"texture":"#2"},"down":{"uv":[3.5,13,3.875,13.625],"texture":"#2"}}},{"from":[5.39634,7.75628,7.328],"to":[5.76114,8.12108,8.672],"rotation":{"angle":-45,"axis":"z","origin":[7.93447,5.49028,8]},"faces":{"north":{"uv":[11,14.625,11.125,14.5],"texture":"#2"},"east":{"uv":[7,14.625,7.625,14.5],"texture":"#2"},"south":{"uv":[14.5,11.125,14.625,11],"texture":"#2"},"west":{"uv":[14.5,7.125,15.125,7],"texture":"#2"},"up":{"uv":[8.125,15.125,8,14.5],"texture":"#2"},"down":{"uv":[14.625,7.5,14.5,8.125],"texture":"#2"}}}],"gui_light":"front","display":{"thirdperson_righthand":{"rotation":[75.59,-49.57,17.73],"translation":[4,1.75,1]},"thirdperson_lefthand":{"rotation":[75.59,-49.57,17.73],"translation":[4,1.75,1]},"firstperson_righthand":{"translation":[-3.25,1.5,0]},"firstperson_lefthand":{"translation":[-3.25,1.5,0]},"ground":{"rotation":[76,0,0],"translation":[0,-1.5,2],"scale":[0.66,0.66,0.66]},"gui":{"translation":[0,2,0],"scale":[0.8,0.8,0.8]},"head":{"scale":[0.02,0.02,0.02]},"fixed":{"translation":[0,6.5,-6.5],"scale":[2.5,2.5,2.5]}},"mcmodels":"05e36ff4c10f6d201392cbb7be40ab0a"}