{"textures":{"0":"modelengine:entity/angel_wings"},"elements":[{"from":[20.723286,4.75,16.04455],"to":[22.223286,9.75,16.04455],"faces":{"south":{"uv":[6.75,10.5,7.5,13.0],"tintindex":0,"rotation":0,"texture":"#0"},"north":{"uv":[6.0,10.5,6.75,13.0],"tintindex":0,"rotation":0,"texture":"#0"}}},{"from":[20.285534,-3.3905668,16.01955],"to":[21.785534,2.6094332,16.01955],"faces":{"south":{"uv":[8.75,0.0,9.5,3.0],"tintindex":0,"rotation":0,"texture":"#0"},"north":{"uv":[8.0,0.0,8.75,3.0],"tintindex":0,"rotation":0,"texture":"#0"}},"rotation":{"origin":[12.75,11.5,8.5],"angle":45.0,"axis":"z"}},{"from":[17.72239,6.011965,15.51955],"to":[24.22239,7.511965,17.01955],"faces":{"east":{"uv":[0.0,3.75,0.75,4.5],"tintindex":0,"rotation":0,"texture":"#0"},"south":{"uv":[4.75,3.75,8.0,4.5],"tintindex":0,"rotation":0,"texture":"#0"},"north":{"uv":[0.75,3.75,4.0,4.5],"tintindex":0,"rotation":0,"texture":"#0"},"west":{"uv":[4.0,3.75,4.75,4.5],"tintindex":0,"rotation":0,"texture":"#0"},"up":{"uv":[4.0,3.75,0.75,3.0],"tintindex":0,"rotation":0,"texture":"#0"},"down":{"uv":[7.25,3.0,4.0,3.75],"tintindex":0,"rotation":0,"texture":"#0"}},"rotation":{"origin":[12.75,11.5,8.5],"angle":22.5,"axis":"z"}},{"from":[22.409912,0.2619648,16.04455],"to":[23.909912,6.261965,16.04455],"faces":{"south":{"uv":[8.75,3.0,9.5,6.0],"tintindex":0,"rotation":0,"texture":"#0"},"north":{"uv":[8.0,3.0,8.75,6.0],"tintindex":0,"rotation":0,"texture":"#0"}},"rotation":{"origin":[12.75,11.5,8.5],"angle":22.5,"axis":"z"}},{"from":[20.409912,-1.2380352,16.01955],"to":[21.909912,6.261965,16.01955],"faces":{"south":{"uv":[2.25,7.5,3.0,11.25],"tintindex":0,"rotation":0,"texture":"#0"},"north":{"uv":[1.5,7.5,2.25,11.25],"tintindex":0,"rotation":0,"texture":"#0"}},"rotation":{"origin":[12.75,11.5,8.5],"angle":22.5,"axis":"z"}}],"display":{"head":{"rotation":[0.0,0.0,0.0]},"firstperson_righthand":{"rotation":[0.0,0.0,0.0]},"thirdperson_lefthand":{"rotation":[0.0,-0.0,-0.0]},"firstperson_lefthand":{"rotation":[0.0,-0.0,-0.0]},"fixed":{"rotation":[0.0,0.0,0.0]},"ground":{"rotation":[0.0,0.0,0.0]},"thirdperson_righthand":{"rotation":[0.0,0.0,0.0]},"gui":{"rotation":[-150.0,-75.0,-180.0]}}}