{"textures​":{"layer0":"minecraft:item/stripped_spruce_log"},"credit":"Made with Blockbench","texture_size":[64,64],"\u0074\u0065\u0078\u0074\u0075\u0072\u0065\u0073":{"0":"\u0061\u0072\u0063\u0068\u0065\u0072_\u0070\u0061\u0063\u006b:\u0061\u0072\u0063\u0068\u0065\u0072_\u0068\u0061\u0074","\u0070\u0061\u0072\u0074\u0069\u0063\u006c\u0065":"\u0061\u0072\u0063\u0068\u0065\u0072_\u0070\u0061\u0063\u006b:\u0061\u0072\u0063\u0068\u0065\u0072_\u0068\u0061\u0074"},"elements":[{"from":[6,11,9],"to":[10,16,14],"rotation":{"angle":0,"axis":"y","origin":[8,16,12]},"faces":{"north":{"uv":[1.25,8.75,2.25,10],"texture":"#0"},"east":{"uv":[0,8.75,1.25,10],"texture":"#0"},"south":{"uv":[3.5,8.75,4.5,10],"texture":"#0"},"west":{"uv":[2.25,8.75,3.5,10],"texture":"#0"},"up":{"uv":[2.25,8.75,1.25,7.5],"texture":"#0"},"down":{"uv":[3.25,7.5,2.25,8.75],"texture":"#0"}}},{"from":[3.75,4.5,3.75],"to":[12.25,15,12.25],"rotation":{"angle":0,"axis":"y","origin":[8,14,8]},"faces":{"north":{"uv":[2,5,4,7.5],"texture":"#0"},"east":{"uv":[0,5,2,7.5],"texture":"#0"},"south":{"uv":[6,5,8,7.5],"texture":"#0"},"west":{"uv":[4,5,6,7.5],"texture":"#0"},"up":{"uv":[4,5,2,3],"texture":"#0"},"down":{"uv":[6,3,4,5],"texture":"#0"}}},{"from":[3.5,4.25,3.5],"to":[12.5,15.25,12.5],"rotation":{"angle":0,"axis":"y","origin":[8,14.25,8]},"faces":{"north":{"uv":[10,13.5,12,16],"texture":"#0"},"east":{"uv":[8,13.5,10,16],"texture":"#0"},"south":{"uv":[14,13.5,16,16],"texture":"#0"},"west":{"uv":[12,13.5,14,16],"texture":"#0"},"up":{"uv":[12,13.5,10,11.5],"texture":"#0"},"down":{"uv":[14,11.5,12,13.5],"texture":"#0"}}},{"from":[3,12,3],"to":[13,14,13],"rotation":{"angle":0,"axis":"y","origin":[8,16,8]},"faces":{"north":{"uv":[2.5,2.5,5,3],"texture":"#0"},"east":{"uv":[0,2.5,2.5,3],"texture":"#0"},"south":{"uv":[7.5,2.5,10,3],"texture":"#0"},"west":{"uv":[5,2.5,7.5,3],"texture":"#0"},"up":{"uv":[5,2.5,2.5,0],"texture":"#0"},"down":{"uv":[7.5,0,5,2.5],"texture":"#0"}}}],"gui_light":"front","display":{"thirdperson_righthand":{"rotation":[75,45,0],"translation":[0,2.5,0],"scale":[0.375,0.375,0.375]},"thirdperson_lefthand":{"rotation":[75,45,0],"translation":[0,2.5,0],"scale":[0.375,0.375,0.375]},"firstperson_righthand":{"rotation":[0,45,0],"scale":[0.4,0.4,0.4]},"firstperson_lefthand":{"rotation":[0,225,0],"scale":[0.4,0.4,0.4]},"ground":{"translation":[0,3,0],"scale":[0.25,0.25,0.25]},"gui":{"rotation":[30,225,0],"translation":[0,-1.5,0]},"head":{"translation":[0,-4.5,0],"scale":[1.7,1.7,1.7]},"fixed":{"scale":[0.5,0.5,0.5]}},"mcmodels":"c7a557a930f10c32be18b0f80b115ba8"}