{"textures​":{"layer0":"minecraft:item/music_disc_5"},"credit":"Made with Blockbench","texture_size":[64,64],"\u0074\u0065\u0078\u0074\u0075\u0072\u0065\u0073":{"0":"\u0061\u0072\u0063\u0068\u0065\u0072_\u0070\u0061\u0063\u006b:\u0061\u0072\u0063\u0068\u0065\u0072_\u0064\u0061\u0067\u0067\u0065\u0072","\u0070\u0061\u0072\u0074\u0069\u0063\u006c\u0065":"\u0061\u0072\u0063\u0068\u0065\u0072_\u0070\u0061\u0063\u006b:\u0061\u0072\u0063\u0068\u0065\u0072_\u0064\u0061\u0067\u0067\u0065\u0072"},"elements":[{"from":[8,10,3],"to":[8,23,11],"rotation":{"angle":0,"axis":"x","origin":[6,6,14]},"faces":{"north":{"uv":[3.25,5.25,3.25,8.5],"texture":"#0"},"east":{"uv":[0,10.5,3.25,8.5],"rotation":90,"texture":"#0"},"south":{"uv":[3.25,8.5,3.25,5.25],"rotation":180,"texture":"#0"},"west":{"uv":[3.25,10.5,6.5,8.5],"rotation":270,"texture":"#0"},"up":{"uv":[6.5,10.5,6.5,8.5],"texture":"#0"},"down":{"uv":[3.25,10.5,3.25,8.5],"rotation":180,"texture":"#0"}}},{"from":[7,8,4],"to":[9,10,10],"rotation":{"angle":0,"axis":"x","origin":[6,6,14]},"faces":{"north":{"uv":[7.5,5.5,8,6],"texture":"#0"},"east":{"uv":[6.5,7.5,7,6],"rotation":90,"texture":"#0"},"south":{"uv":[7,6,7.5,5.5],"rotation":180,"texture":"#0"},"west":{"uv":[7.5,7.5,8,6],"rotation":270,"texture":"#0"},"up":{"uv":[8,7.5,8.5,6],"texture":"#0"},"down":{"uv":[7,7.5,7.5,6],"rotation":180,"texture":"#0"}}},{"from":[7,4,7],"to":[9,8,9],"rotation":{"angle":0,"axis":"x","origin":[6,6,14]},"faces":{"north":{"uv":[1.5,5.5,2,6.5],"texture":"#0"},"east":{"uv":[0,7,1,6.5],"rotation":90,"texture":"#0"},"south":{"uv":[1,6.5,1.5,5.5],"rotation":180,"texture":"#0"},"west":{"uv":[1.5,7,2.5,6.5],"rotation":270,"texture":"#0"},"up":{"uv":[2.5,7,3,6.5],"texture":"#0"},"down":{"uv":[1,7,1.5,6.5],"rotation":180,"texture":"#0"}}},{"from":[6.5,2,6.5],"to":[9.5,4,9.5],"rotation":{"angle":0,"axis":"x","origin":[6,6,14]},"faces":{"north":{"uv":[4.75,5.75,5.5,6.25],"texture":"#0"},"east":{"uv":[3.5,7,4,6.25],"rotation":90,"texture":"#0"},"south":{"uv":[4,6.25,4.75,5.75],"rotation":180,"texture":"#0"},"west":{"uv":[4.75,7,5.25,6.25],"rotation":270,"texture":"#0"},"up":{"uv":[5.25,7,6,6.25],"texture":"#0"},"down":{"uv":[4,7,4.75,6.25],"rotation":180,"texture":"#0"}}}],"gui_light":"front","display":{"thirdperson_righthand":{"translation":[0,0,1.5]},"thirdperson_lefthand":{"translation":[0,0,1.5]},"firstperson_righthand":{"rotation":[10,0,0],"translation":[0,-1,0]},"firstperson_lefthand":{"rotation":[10,0,0],"translation":[0,-1,0]},"ground":{"translation":[0,2,0],"scale":[0.5,0.5,0.5]},"gui":{"rotation":[-90,-45,-90],"translation":[-3.25,-3,0]},"fixed":{"rotation":[0,90,0],"translation":[0,-4,0]}},"mcmodels":"c7a557a930f10c32be18b0f80b115ba8"}