{"textures​":{"layer0":"minecraft:item/pig_spawn_egg"},"credit":"Made with Blockbench","texture_size":[64,64],"\u0074\u0065\u0078\u0074\u0075\u0072\u0065\u0073":{"0":"\u0061\u0072\u0063\u0068\u0065\u0072_\u0070\u0061\u0063\u006b:\u0061\u0072\u0063\u0068\u0065\u0072_\u0062\u0061\u0063\u006b\u0070\u0061\u0063\u006b","\u0070\u0061\u0072\u0074\u0069\u0063\u006c\u0065":"\u0061\u0072\u0063\u0068\u0065\u0072_\u0070\u0061\u0063\u006b:\u0061\u0072\u0063\u0068\u0065\u0072_\u0062\u0061\u0063\u006b\u0070\u0061\u0063\u006b"},"elements":[{"from":[3,0,10.75],"to":[13,20,10.75],"rotation":{"angle":0,"axis":"z","origin":[8,17,10.75]},"faces":{"north":{"uv":[0,0,2.5,5],"texture":"#0"},"east":{"uv":[0,0,0,5],"texture":"#0"},"south":{"uv":[2.5,0,5,5],"texture":"#0"},"west":{"uv":[2.5,0,2.5,5],"texture":"#0"},"up":{"uv":[2.5,0,0,0],"texture":"#0"},"down":{"uv":[5,0,2.5,0],"texture":"#0"}}},{"from":[1,5,7.725],"to":[1,20,10.725],"rotation":{"angle":-22.5,"axis":"z","origin":[4,17,10.725]},"faces":{"north":{"uv":[7.5,0.75,7.5,4.5],"texture":"#0"},"east":{"uv":[6.75,0.75,7.5,4.5],"texture":"#0"},"south":{"uv":[8.25,0.75,8.25,4.5],"texture":"#0"},"west":{"uv":[7.5,0.75,8.25,4.5],"texture":"#0"},"up":{"uv":[7.5,0.75,7.5,0],"texture":"#0"},"down":{"uv":[7.5,0,7.5,0.75],"texture":"#0"}}},{"from":[1,5,10.725],"to":[8,20,10.725],"rotation":{"angle":-22.5,"axis":"z","origin":[4,17,10.725]},"faces":{"north":{"uv":[10.5,0.75,12.25,4.5],"texture":"#0"},"east":{"uv":[10.5,0.75,10.5,4.5],"texture":"#0"},"south":{"uv":[12.25,0.75,14,4.5],"texture":"#0"},"west":{"uv":[12.25,0.75,12.25,4.5],"texture":"#0"},"up":{"uv":[12.25,0.75,10.5,0.75],"texture":"#0"},"down":{"uv":[14,0.75,12.25,0.75],"texture":"#0"}}},{"from":[15,5,7.725],"to":[15,20,10.725],"rotation":{"angle":22.5,"axis":"z","origin":[12,17,10.725]},"faces":{"north":{"uv":[7.5,0.75,7.5,4.5],"texture":"#0"},"east":{"uv":[8.25,0.75,7.5,4.5],"texture":"#0"},"south":{"uv":[8.25,0.75,8.25,4.5],"texture":"#0"},"west":{"uv":[7.5,0.75,6.75,4.5],"texture":"#0"},"up":{"uv":[7.5,0.75,7.5,0],"texture":"#0"},"down":{"uv":[7.5,0,7.5,0.75],"texture":"#0"}}},{"from":[8,5,10.725],"to":[15,20,10.725],"rotation":{"angle":22.5,"axis":"z","origin":[12,17,10.725]},"faces":{"north":{"uv":[12.25,0.75,10.5,4.5],"texture":"#0"},"east":{"uv":[12.25,0.75,12.25,4.5],"texture":"#0"},"south":{"uv":[14,0.75,12.25,4.5],"texture":"#0"},"west":{"uv":[10.5,0.75,10.5,4.5],"texture":"#0"},"up":{"uv":[10.5,0.75,12.25,0.75],"texture":"#0"},"down":{"uv":[12.25,0.75,14,0.75],"texture":"#0"}}},{"from":[10.8,15.8,4.8],"to":[18.2,21.2,11.2],"rotation":{"angle":-22.5,"axis":"z","origin":[14.25,18.5,8]},"faces":{"north":{"uv":[5.25,9.75,3.5,11],"texture":"#0"},"east":{"uv":[6.75,9.75,5.25,11],"texture":"#0"},"south":{"uv":[8.5,9.75,6.75,11],"texture":"#0"},"west":{"uv":[3.5,9.75,2,11],"texture":"#0"},"up":{"uv":[3.5,9.75,5.25,8.25],"texture":"#0"},"down":{"uv":[5.25,8.25,7,9.75],"texture":"#0"}}},{"from":[11,16,5],"to":[17,21,11],"rotation":{"angle":-22.5,"axis":"z","origin":[14.25,18.5,8]},"faces":{"north":{"uv":[3,6.75,1.5,8],"texture":"#0"},"east":{"uv":[4.5,6.75,3,8],"texture":"#0"},"south":{"uv":[6,6.75,4.5,8],"texture":"#0"},"west":{"uv":[1.5,6.75,0,8],"texture":"#0"},"up":{"uv":[1.5,6.75,3,5.25],"texture":"#0"},"down":{"uv":[3,5.25,4.5,6.75],"texture":"#0"}}},{"from":[10.5,15.5,4.5],"to":[18.5,21.5,11.5],"rotation":{"angle":-22.5,"axis":"z","origin":[14.25,18.5,8]},"faces":{"north":{"uv":[5.5,13,3.75,14.25],"texture":"#0"},"east":{"uv":[7,13,5.5,14.25],"texture":"#0"},"south":{"uv":[8.75,13,7,14.25],"texture":"#0"},"west":{"uv":[3.75,13,2.25,14.25],"texture":"#0"},"up":{"uv":[3.75,13,5.5,11.5],"texture":"#0"},"down":{"uv":[5.5,11.5,7.25,13],"texture":"#0"}}},{"from":[-2.25,15.75,4.75],"to":[5.25,21.25,11.25],"rotation":{"angle":22.5,"axis":"z","origin":[1.75,18.5,8]},"faces":{"north":{"uv":[3.5,9.75,5.25,11],"texture":"#0"},"east":{"uv":[2,9.75,3.5,11],"texture":"#0"},"south":{"uv":[6.75,9.75,8.5,11],"texture":"#0"},"west":{"uv":[5.25,9.75,6.75,11],"texture":"#0"},"up":{"uv":[5.25,9.75,3.5,8.25],"texture":"#0"},"down":{"uv":[7,8.25,5.25,9.75],"texture":"#0"}}},{"from":[-2.5,15.5,4.5],"to":[5.5,21.5,11.5],"rotation":{"angle":22.5,"axis":"z","origin":[1.75,18.5,8]},"faces":{"north":{"uv":[3.75,13,5.5,14.25],"texture":"#0"},"east":{"uv":[2.25,13,3.75,14.25],"texture":"#0"},"south":{"uv":[7,13,8.75,14.25],"texture":"#0"},"west":{"uv":[5.5,13,7,14.25],"texture":"#0"},"up":{"uv":[5.5,13,3.75,11.5],"texture":"#0"},"down":{"uv":[7.25,11.5,5.5,13],"texture":"#0"}}},{"from":[-1,16,5],"to":[5,21,11],"rotation":{"angle":22.5,"axis":"z","origin":[1.75,18.5,8]},"faces":{"north":{"uv":[1.5,6.75,3,8],"texture":"#0"},"east":{"uv":[0,6.75,1.5,8],"texture":"#0"},"south":{"uv":[4.5,6.75,6,8],"texture":"#0"},"west":{"uv":[3,6.75,4.5,8],"texture":"#0"},"up":{"uv":[3,6.75,1.5,5.25],"texture":"#0"},"down":{"uv":[4.5,5.25,3,6.75],"texture":"#0"}}}],"gui_light":"front","display":{"thirdperson_righthand":{"rotation":[75,45,0],"translation":[0,2.5,0],"scale":[0.375,0.375,0.375]},"thirdperson_lefthand":{"rotation":[75,45,0],"translation":[0,2.5,0],"scale":[0.375,0.375,0.375]},"firstperson_righthand":{"rotation":[0,45,0],"scale":[0.4,0.4,0.4]},"firstperson_lefthand":{"rotation":[0,225,0],"scale":[0.4,0.4,0.4]},"ground":{"scale":[0.25,0.25,0.25]},"gui":{"rotation":[30,225,0],"translation":[0,-3,0],"scale":[0.625,0.625,0.625]},"head":{"translation":[0,-74,1],"scale":[1.7,1.7,1.7]},"fixed":{"rotation":[0,180,0],"translation":[0,-4,0]}},"mcmodels":"c7a557a930f10c32be18b0f80b115ba8"}