{"textures​":{"layer0":"minecraft:item/polished_blackstone_stairs"},"credit":"Made with Blockbench","texture_size":[64,64],"\u0074\u0065\u0078\u0074\u0075\u0072\u0065\u0073":{"0":"\u0061\u0072\u0063\u0068\u0065\u0072_\u0070\u0061\u0063\u006b:\u0061\u0072\u0063\u0068\u0065\u0072_\u0062\u006f\u0077","\u0070\u0061\u0072\u0074\u0069\u0063\u006c\u0065":"\u0061\u0072\u0063\u0068\u0065\u0072_\u0070\u0061\u0063\u006b:\u0061\u0072\u0063\u0068\u0065\u0072_\u0062\u006f\u0077"},"elements":[{"from":[7,2.5,6],"to":[9,9.5,8],"rotation":{"angle":0,"axis":"x","origin":[8,7,8]},"faces":{"north":{"uv":[2.25,7.5,1.75,5.75],"rotation":180,"texture":"#0"},"east":{"uv":[0,7.5,1.75,8],"rotation":90,"texture":"#0"},"south":{"uv":[2.75,5.75,2.25,7.5],"texture":"#0"},"west":{"uv":[2.25,7.5,4,8],"rotation":270,"texture":"#0"},"up":{"uv":[4,7.5,4.5,8],"texture":"#0"},"down":{"uv":[1.75,7.5,2.25,8],"rotation":180,"texture":"#0"}}},{"from":[8,-4.5,10.5],"to":[8,16.5,11.5],"rotation":{"angle":0,"axis":"x","origin":[8,7,8]},"faces":{"north":{"uv":[5.25,5.25,5.25,0],"rotation":180,"texture":"#0"},"east":{"uv":[0,5.25,5.25,5.5],"rotation":90,"texture":"#0"},"south":{"uv":[5.25,0,5.25,5.25],"texture":"#0"},"west":{"uv":[5.25,5.25,10.5,5.5],"rotation":270,"texture":"#0"},"up":{"uv":[10.5,5.25,10.5,5.5],"texture":"#0"},"down":{"uv":[5.25,5.25,5.25,5.5],"rotation":180,"texture":"#0"}}},{"from":[6.75,2.25,5.75],"to":[9.25,9.75,8.25],"rotation":{"angle":0,"axis":"x","origin":[8,7,8]},"faces":{"north":{"uv":[7,7.5,6.5,5.75],"rotation":180,"texture":"#0"},"east":{"uv":[4.75,7.5,6.5,8],"rotation":90,"texture":"#0"},"south":{"uv":[7.5,5.75,7,7.5],"texture":"#0"},"west":{"uv":[7,7.5,8.75,8],"rotation":270,"texture":"#0"},"up":{"uv":[8.75,7.5,9.25,8],"texture":"#0"},"down":{"uv":[6.5,7.5,7,8],"rotation":180,"texture":"#0"}}},{"from":[7,10.61626,7.41551],"to":[9,15.61626,9.41551],"rotation":{"angle":-22.5,"axis":"x","origin":[8,7,8]},"faces":{"north":{"uv":[1.75,9.5,1.25,8.25],"rotation":180,"texture":"#0"},"east":{"uv":[0,9.5,1.25,10],"rotation":90,"texture":"#0"},"south":{"uv":[2.25,8.25,1.75,9.5],"texture":"#0"},"west":{"uv":[1.75,9.5,3,10],"rotation":270,"texture":"#0"},"up":{"uv":[3,9.5,3.5,10],"texture":"#0"},"down":{"uv":[1.25,9.5,1.75,10],"rotation":180,"texture":"#0"}}},{"from":[6.75,12.36626,7.16551],"to":[9.25,16.86626,9.66551],"rotation":{"angle":-22.5,"axis":"x","origin":[8,7,8]},"faces":{"north":{"uv":[5.25,9.25,4.75,8.25],"rotation":180,"texture":"#0"},"east":{"uv":[3.75,9.25,4.75,9.75],"rotation":90,"texture":"#0"},"south":{"uv":[5.75,8.25,5.25,9.25],"texture":"#0"},"west":{"uv":[5.25,9.25,6.25,9.75],"rotation":270,"texture":"#0"},"up":{"uv":[6.25,9.25,6.75,9.75],"texture":"#0"},"down":{"uv":[4.75,9.25,5.25,9.75],"rotation":180,"texture":"#0"}}},{"from":[6.75,-4.71402,7.93088],"to":[9.25,-0.21402,10.43088],"rotation":{"angle":22.5,"axis":"x","origin":[8,7,8]},"faces":{"north":{"uv":[5.25,9.25,4.75,8.25],"rotation":180,"texture":"#0"},"east":{"uv":[3.75,9.25,4.75,9.75],"rotation":90,"texture":"#0"},"south":{"uv":[5.75,8.25,5.25,9.25],"texture":"#0"},"west":{"uv":[5.25,9.25,6.25,9.75],"rotation":270,"texture":"#0"},"up":{"uv":[6.25,9.25,6.75,9.75],"texture":"#0"},"down":{"uv":[4.75,9.25,5.25,9.75],"rotation":180,"texture":"#0"}}},{"from":[7,13.61626,9.41551],"to":[9,15.61626,14.41551],"rotation":{"angle":-22.5,"axis":"x","origin":[8,7,8]},"faces":{"north":{"uv":[10.5,6.25,10,5.75],"rotation":180,"texture":"#0"},"east":{"uv":[9.5,6.25,10,7.5],"rotation":90,"texture":"#0"},"south":{"uv":[11,5.75,10.5,6.25],"texture":"#0"},"west":{"uv":[10.5,6.25,11,7.5],"rotation":270,"texture":"#0"},"up":{"uv":[11,6.25,11.5,7.5],"texture":"#0"},"down":{"uv":[10,6.25,10.5,7.5],"rotation":180,"texture":"#0"}}},{"from":[7,13.61626,14.41551],"to":[9,16.61626,15.41551],"rotation":{"angle":-22.5,"axis":"x","origin":[8,7,8]},"faces":{"north":{"uv":[5,10.75,4.5,10],"rotation":180,"texture":"#0"},"east":{"uv":[3.75,10.75,4.5,11],"rotation":90,"texture":"#0"},"south":{"uv":[5.5,10,5,10.75],"texture":"#0"},"west":{"uv":[5,10.75,5.75,11],"rotation":270,"texture":"#0"},"up":{"uv":[5.75,10.75,6.25,11],"texture":"#0"},"down":{"uv":[4.5,10.75,5,11],"rotation":180,"texture":"#0"}}},{"from":[7,-3.46402,10.18088],"to":[9,-1.46402,15.18088],"rotation":{"angle":22.5,"axis":"x","origin":[8,7,8]},"faces":{"north":{"uv":[10.5,6.25,10,5.75],"rotation":180,"texture":"#0"},"east":{"uv":[9.5,6.25,10,7.5],"rotation":90,"texture":"#0"},"south":{"uv":[11,5.75,10.5,6.25],"texture":"#0"},"west":{"uv":[10.5,6.25,11,7.5],"rotation":270,"texture":"#0"},"up":{"uv":[11,6.25,11.5,7.5],"texture":"#0"},"down":{"uv":[10,6.25,10.5,7.5],"rotation":180,"texture":"#0"}}},{"from":[7,-4.46402,15.18088],"to":[9,-1.46402,16.18088],"rotation":{"angle":22.5,"axis":"x","origin":[8,7,8]},"faces":{"north":{"uv":[5,10.75,4.5,10],"rotation":180,"texture":"#0"},"east":{"uv":[3.75,10.75,4.5,11],"rotation":90,"texture":"#0"},"south":{"uv":[5.5,10,5,10.75],"texture":"#0"},"west":{"uv":[5,10.75,5.75,11],"rotation":270,"texture":"#0"},"up":{"uv":[5.75,10.75,6.25,11],"texture":"#0"},"down":{"uv":[4.5,10.75,5,11],"rotation":180,"texture":"#0"}}},{"from":[7,-3.46402,8.18088],"to":[9,1.53598,10.18088],"rotation":{"angle":22.5,"axis":"x","origin":[8,7,8]},"faces":{"north":{"uv":[1.75,9.5,1.25,8.25],"rotation":180,"texture":"#0"},"east":{"uv":[0,9.5,1.25,10],"rotation":90,"texture":"#0"},"south":{"uv":[2.25,8.25,1.75,9.5],"texture":"#0"},"west":{"uv":[1.75,9.5,3,10],"rotation":270,"texture":"#0"},"up":{"uv":[3,9.5,3.5,10],"texture":"#0"},"down":{"uv":[1.25,9.5,1.75,10],"rotation":180,"texture":"#0"}}},{"from":[6.5,6.91421,3.67157],"to":[9.5,9.91421,6.67157],"rotation":{"angle":45,"axis":"x","origin":[8,7,8]},"faces":{"north":{"uv":[9.25,9,10,9.75],"rotation":180,"texture":"#0"},"east":{"uv":[7,9,7.75,9.75],"rotation":180,"texture":"#0"},"south":{"uv":[7.75,9,8.5,9.75],"rotation":180,"texture":"#0"},"west":{"uv":[8.5,9,9.25,9.75],"rotation":180,"texture":"#0"},"up":{"uv":[9.25,8.25,8.5,9],"texture":"#0"},"down":{"uv":[8.5,9,7.75,8.25],"texture":"#0"}}},{"from":[6.5,1.25736,9.32843],"to":[9.5,4.25736,12.32843],"rotation":{"angle":45,"axis":"x","origin":[8,7,8]},"faces":{"north":{"uv":[8.5,9,7.75,8.25],"rotation":180,"texture":"#0"},"east":{"uv":[7,9,7.75,9.75],"rotation":90,"texture":"#0"},"south":{"uv":[9.25,8.25,8.5,9],"texture":"#0"},"west":{"uv":[8.5,9,9.25,9.75],"rotation":270,"texture":"#0"},"up":{"uv":[9.25,9,10,9.75],"texture":"#0"},"down":{"uv":[7.75,9,8.5,9.75],"rotation":180,"texture":"#0"}}}],"gui_light":"front","display":{"thirdperson_righthand":{"translation":[0,0,1]},"thirdperson_lefthand":{"translation":[0,0,1]},"firstperson_righthand":{"rotation":[10,0,0],"translation":[3,5,0]},"firstperson_lefthand":{"rotation":[10,0,0],"translation":[3,5,0]},"ground":{"translation":[0,2,0],"scale":[0.5,0.5,0.5]},"gui":{"rotation":[-90,135,-90],"translation":[-2,-1,0]},"fixed":{"rotation":[0,90,0],"translation":[0,2,0]}},"mcmodels":"c7a557a930f10c32be18b0f80b115ba8"}