{"textures​":{"0":"\u0061\u0072\u0063\u0068\u0065\u0072_\u0070\u0061\u0063\u006b:\u0061\u0072\u0063\u0068\u0065\u0072_\u0062\u0061\u0063\u006b\u0070\u0061\u0063\u006b","\u0070\u0061\u0072\u0074\u0069\u0063\u006c\u0065":"\u0061\u0072\u0063\u0068\u0065\u0072_\u0070\u0061\u0063\u006b:\u0061\u0072\u0063\u0068\u0065\u0072_\u0062\u0061\u0063\u006b\u0070\u0061\u0063\u006b"},"credit":"Made with Blockbench","texture_size":[64,64],"\u0074\u0065\u0078\u0074\u0075\u0072\u0065\u0073":{"0":"\u0061\u0072\u0063\u0068\u0065\u0072_\u0070\u0061\u0063\u006b:\u0061\u0072\u0063\u0068\u0065\u0072_\u0062\u0061\u0063\u006b\u0070\u0061\u0063\u006b","\u0070\u0061\u0072\u0074\u0069\u0063\u006c\u0065":"\u0061\u0072\u0063\u0068\u0065\u0072_\u0070\u0061\u0063\u006b:\u0061\u0072\u0063\u0068\u0065\u0072_\u0062\u0061\u0063\u006b\u0070\u0061\u0063\u006b"},"elements":[{"from":[5.5,-16,9.375],"to":[10.5,-6,9.375],"rotation":{"angle":0,"axis":"z","origin":[8,-8,8]},"faces":{"north":{"uv":[0,0,2.5,5],"texture":"#0"},"east":{"uv":[0,0,0,5],"texture":"#0"},"south":{"uv":[2.5,0,5,5],"texture":"#0"},"west":{"uv":[2.5,0,2.5,5],"texture":"#0"},"up":{"uv":[2.5,0,0,0],"texture":"#0"},"down":{"uv":[5,0,2.5,0],"texture":"#0"}}},{"from":[4.4609,-14.30343,7.8625],"to":[4.4609,-6.80343,9.3625],"rotation":{"angle":-22.5,"axis":"z","origin":[8,-8,8]},"faces":{"north":{"uv":[7.5,0.75,7.5,4.5],"texture":"#0"},"east":{"uv":[6.75,0.75,7.5,4.5],"texture":"#0"},"south":{"uv":[8.25,0.75,8.25,4.5],"texture":"#0"},"west":{"uv":[7.5,0.75,8.25,4.5],"texture":"#0"},"up":{"uv":[7.5,0.75,7.5,0],"texture":"#0"},"down":{"uv":[7.5,0,7.5,0.75],"texture":"#0"}}},{"from":[4.4609,-14.30343,9.3625],"to":[7.9609,-6.80343,9.3625],"rotation":{"angle":-22.5,"axis":"z","origin":[8,-8,8]},"faces":{"north":{"uv":[10.5,0.75,12.25,4.5],"texture":"#0"},"east":{"uv":[10.5,0.75,10.5,4.5],"texture":"#0"},"south":{"uv":[12.25,0.75,14,4.5],"texture":"#0"},"west":{"uv":[12.25,0.75,12.25,4.5],"texture":"#0"},"up":{"uv":[12.25,0.75,10.5,0.75],"texture":"#0"},"down":{"uv":[14,0.75,12.25,0.75],"texture":"#0"}}},{"from":[11.5391,-14.30343,7.8625],"to":[11.5391,-6.80343,9.3625],"rotation":{"angle":22.5,"axis":"z","origin":[8,-8,8]},"faces":{"north":{"uv":[7.5,0.75,7.5,4.5],"texture":"#0"},"east":{"uv":[8.25,0.75,7.5,4.5],"texture":"#0"},"south":{"uv":[8.25,0.75,8.25,4.5],"texture":"#0"},"west":{"uv":[7.5,0.75,6.75,4.5],"texture":"#0"},"up":{"uv":[7.5,0.75,7.5,0],"texture":"#0"},"down":{"uv":[7.5,0,7.5,0.75],"texture":"#0"}}},{"from":[8.0391,-14.30343,9.3625],"to":[11.5391,-6.80343,9.3625],"rotation":{"angle":22.5,"axis":"z","origin":[8,-8,8]},"faces":{"north":{"uv":[12.25,0.75,10.5,4.5],"texture":"#0"},"east":{"uv":[12.25,0.75,12.25,4.5],"texture":"#0"},"south":{"uv":[14,0.75,12.25,4.5],"texture":"#0"},"west":{"uv":[10.5,0.75,10.5,4.5],"texture":"#0"},"up":{"uv":[10.5,0.75,12.25,0.75],"texture":"#0"},"down":{"uv":[12.25,0.75,14,0.75],"texture":"#0"}}},{"from":[11.44075,-4.85957,6.4],"to":[15.14075,-2.15957,9.6],"rotation":{"angle":-22.5,"axis":"z","origin":[4,0,4]},"faces":{"north":{"uv":[5.25,9.75,3.5,11],"texture":"#0"},"east":{"uv":[6.75,9.75,5.25,11],"texture":"#0"},"south":{"uv":[8.5,9.75,6.75,11],"texture":"#0"},"west":{"uv":[3.5,9.75,2,11],"texture":"#0"},"up":{"uv":[3.5,9.75,5.25,8.25],"texture":"#0"},"down":{"uv":[5.25,8.25,7,9.75],"texture":"#0"}}},{"from":[11.54075,-4.75957,6.5],"to":[14.54075,-2.25957,9.5],"rotation":{"angle":-22.5,"axis":"z","origin":[4,0,4]},"faces":{"north":{"uv":[3,6.75,1.5,8],"texture":"#0"},"east":{"uv":[4.5,6.75,3,8],"texture":"#0"},"south":{"uv":[6,6.75,4.5,8],"texture":"#0"},"west":{"uv":[1.5,6.75,0,8],"texture":"#0"},"up":{"uv":[1.5,6.75,3,5.25],"texture":"#0"},"down":{"uv":[3,5.25,4.5,6.75],"texture":"#0"}}},{"from":[11.29075,-5.00957,6.25],"to":[15.29075,-2.00957,9.75],"rotation":{"angle":-22.5,"axis":"z","origin":[4,0,4]},"faces":{"north":{"uv":[5.5,13,3.75,14.25],"texture":"#0"},"east":{"uv":[7,13,5.5,14.25],"texture":"#0"},"south":{"uv":[8.75,13,7,14.25],"texture":"#0"},"west":{"uv":[3.75,13,2.25,14.25],"texture":"#0"},"up":{"uv":[3.75,13,5.5,11.5],"texture":"#0"},"down":{"uv":[5.5,11.5,7.25,13],"texture":"#0"}}},{"from":[0.22528,-7.94603,6.375],"to":[3.97528,-5.19603,9.625],"rotation":{"angle":22.5,"axis":"z","origin":[4,0,4]},"faces":{"north":{"uv":[3.5,9.75,5.25,11],"texture":"#0"},"east":{"uv":[2,9.75,3.5,11],"texture":"#0"},"south":{"uv":[6.75,9.75,8.5,11],"texture":"#0"},"west":{"uv":[5.25,9.75,6.75,11],"texture":"#0"},"up":{"uv":[5.25,9.75,3.5,8.25],"texture":"#0"},"down":{"uv":[7,8.25,5.25,9.75],"texture":"#0"}}},{"from":[0.10028,-8.07103,6.25],"to":[4.10028,-5.07103,9.75],"rotation":{"angle":22.5,"axis":"z","origin":[4,0,4]},"faces":{"north":{"uv":[3.75,13,5.5,14.25],"texture":"#0"},"east":{"uv":[2.25,13,3.75,14.25],"texture":"#0"},"south":{"uv":[7,13,8.75,14.25],"texture":"#0"},"west":{"uv":[5.5,13,7,14.25],"texture":"#0"},"up":{"uv":[5.5,13,3.75,11.5],"texture":"#0"},"down":{"uv":[7.25,11.5,5.5,13],"texture":"#0"}}},{"from":[0.85028,-7.82103,6.5],"to":[3.85028,-5.32103,9.5],"rotation":{"angle":22.5,"axis":"z","origin":[4,0,4]},"faces":{"north":{"uv":[1.5,6.75,3,8],"texture":"#0"},"east":{"uv":[0,6.75,1.5,8],"texture":"#0"},"south":{"uv":[4.5,6.75,6,8],"texture":"#0"},"west":{"uv":[3,6.75,4.5,8],"texture":"#0"},"up":{"uv":[3,6.75,1.5,5.25],"texture":"#0"},"down":{"uv":[4.5,5.25,3,6.75],"texture":"#0"}}}],"gui_light":"front","display":{"thirdperson_righthand":{"rotation":[75,45,0],"translation":[0,2.5,0],"scale":[0.375,0.375,0.375]},"thirdperson_lefthand":{"rotation":[75,45,0],"translation":[0,2.5,0],"scale":[0.375,0.375,0.375]},"firstperson_righthand":{"rotation":[0,45,0],"scale":[0.4,0.4,0.4]},"firstperson_lefthand":{"rotation":[0,225,0],"scale":[0.4,0.4,0.4]},"ground":{"scale":[0.25,0.25,0.25]},"gui":{"rotation":[30,225,0],"translation":[0.5,15,0]},"head":{"translation":[0,-70,1],"scale":[3.4,3.4,3.4]},"fixed":{"rotation":[0,180,0],"translation":[0,-4,0]}},"mcmodels":"c7a557a930f10c32be18b0f80b115ba8"}