{"textures":{"0":"modelengine:block/em_dskeleton_basic"},"elements":[{"from":[6.996,0.996,6.996],"to":[9.004,8.004,9.004],"faces":{"east":{"uv":[8.0,11.75,8.5,13.5],"tintindex":0,"rotation":0,"texture":"#0"},"south":{"uv":[8.5,11.75,9.0,13.5],"tintindex":0,"rotation":0,"texture":"#0"},"north":{"uv":[11.5,11.25,12.0,13.0],"tintindex":0,"rotation":0,"texture":"#0"},"west":{"uv":[9.0,11.75,9.5,13.5],"tintindex":0,"rotation":0,"texture":"#0"},"up":{"uv":[12.0,9.25,11.5,8.75],"tintindex":0,"rotation":0,"texture":"#0"},"down":{"uv":[13.25,10.25,12.75,10.75],"tintindex":0,"rotation":0,"texture":"#0"}}}],"display":{"head":{"rotation":[0.0,0.0,0.0]},"firstperson_righthand":{"rotation":[0.0,0.0,0.0]},"thirdperson_lefthand":{"rotation":[0.0,-0.0,-0.0]},"firstperson_lefthand":{"rotation":[0.0,-0.0,-0.0]},"fixed":{"rotation":[0.0,0.0,0.0]},"ground":{"rotation":[0.0,0.0,0.0]},"thirdperson_righthand":{"rotation":[0.0,0.0,0.0]},"gui":{"rotation":[-150.0,-75.0,-180.0]}}}