{"textures":{"0":"modelengine:block/em_dskeleton_basic"},"elements":[{"from":[7.755,7.176573,-5.995],"to":[8.245,8.580787,-4.590787],"faces":{"east":{"uv":[13.25,11.75,13.5,12.0],"tintindex":0,"rotation":0,"texture":"#0"},"south":{"uv":[13.25,12.0,13.5,12.25],"tintindex":0,"rotation":0,"texture":"#0"},"north":{"uv":[13.25,11.5,13.5,11.75],"tintindex":0,"rotation":0,"texture":"#0"},"west":{"uv":[12.25,13.25,12.5,13.5],"tintindex":0,"rotation":0,"texture":"#0"},"up":{"uv":[13.25,13.5,13.0,13.25],"tintindex":0,"rotation":0,"texture":"#0"},"down":{"uv":[13.5,13.0,13.25,13.25],"tintindex":0,"rotation":0,"texture":"#0"}},"rotation":{"origin":[8.0,7.585787,-5.0],"angle":45.0,"axis":"x"}},{"from":[7.75,7.0,-5.0],"to":[8.25,9.0,6.0],"faces":{"east":{"uv":[9.0,10.0,11.75,10.5],"tintindex":0,"rotation":0,"texture":"#0"},"south":{"uv":[12.0,8.75,12.25,9.25],"tintindex":0,"rotation":0,"texture":"#0"},"north":{"uv":[12.0,7.5,12.25,8.0],"tintindex":0,"rotation":0,"texture":"#0"},"west":{"uv":[10.0,9.25,12.75,9.75],"tintindex":0,"rotation":0,"texture":"#0"},"up":{"uv":[6.25,15.5,6.0,12.75],"tintindex":0,"rotation":0,"texture":"#0"},"down":{"uv":[13.0,6.0,12.75,8.75],"tintindex":0,"rotation":0,"texture":"#0"}}},{"from":[7.4,7.4,9.9],"to":[8.6,8.6,11.1],"faces":{"east":{"uv":[13.5,0.0,13.75,0.25],"tintindex":0,"rotation":0,"texture":"#0"},"south":{"uv":[13.5,0.25,13.75,0.5],"tintindex":0,"rotation":0,"texture":"#0"},"north":{"uv":[13.25,13.25,13.5,13.5],"tintindex":0,"rotation":0,"texture":"#0"},"west":{"uv":[13.5,0.5,13.75,0.75],"tintindex":0,"rotation":0,"texture":"#0"},"up":{"uv":[13.75,1.0,13.5,0.75],"tintindex":0,"rotation":0,"texture":"#0"},"down":{"uv":[13.75,1.0,13.5,1.25],"tintindex":0,"rotation":0,"texture":"#0"}}},{"from":[7.5,7.5,7.0],"to":[8.5,8.5,10.0],"faces":{"east":{"uv":[10.0,9.75,10.75,10.0],"tintindex":0,"rotation":0,"texture":"#0"},"south":{"uv":[12.25,13.0,12.5,13.25],"tintindex":0,"rotation":0,"texture":"#0"},"north":{"uv":[11.5,9.75,11.75,10.0],"tintindex":0,"rotation":0,"texture":"#0"},"west":{"uv":[10.75,9.75,11.5,10.0],"tintindex":0,"rotation":0,"texture":"#0"},"up":{"uv":[12.0,13.75,11.75,13.0],"tintindex":0,"rotation":0,"texture":"#0"},"down":{"uv":[12.25,13.0,12.0,13.75],"tintindex":0,"rotation":0,"texture":"#0"}}},{"from":[7.49,9.49,5.99],"to":[8.51,10.51,7.01],"faces":{"east":{"uv":[13.25,8.5,13.5,8.75],"tintindex":0,"rotation":0,"texture":"#0"},"south":{"uv":[13.25,8.75,13.5,9.0],"tintindex":0,"rotation":0,"texture":"#0"},"north":{"uv":[13.25,8.25,13.5,8.5],"tintindex":0,"rotation":0,"texture":"#0"},"west":{"uv":[13.25,9.0,13.5,9.25],"tintindex":0,"rotation":0,"texture":"#0"},"up":{"uv":[13.5,9.5,13.25,9.25],"tintindex":0,"rotation":0,"texture":"#0"},"down":{"uv":[13.5,9.5,13.25,9.75],"tintindex":0,"rotation":0,"texture":"#0"}},"rotation":{"origin":[8.0,10.0,6.5],"angle":-22.5,"axis":"x"}},{"from":[7.49,5.49,5.99],"to":[8.51,6.51,7.01],"faces":{"east":{"uv":[13.25,10.25,13.5,10.5],"tintindex":0,"rotation":0,"texture":"#0"},"south":{"uv":[13.25,10.5,13.5,10.75],"tintindex":0,"rotation":0,"texture":"#0"},"north":{"uv":[13.25,9.75,13.5,10.0],"tintindex":0,"rotation":0,"texture":"#0"},"west":{"uv":[13.25,10.75,13.5,11.0],"tintindex":0,"rotation":0,"texture":"#0"},"up":{"uv":[13.5,11.25,13.25,11.0],"tintindex":0,"rotation":0,"texture":"#0"},"down":{"uv":[13.5,11.25,13.25,11.5],"tintindex":0,"rotation":0,"texture":"#0"}},"rotation":{"origin":[8.0,6.0,6.5],"angle":22.5,"axis":"x"}},{"from":[7.5,6.0,6.0],"to":[8.5,10.0,7.0],"faces":{"east":{"uv":[13.0,9.0,13.25,10.0],"tintindex":0,"rotation":0,"texture":"#0"},"south":{"uv":[13.0,11.25,13.25,12.25],"tintindex":0,"rotation":0,"texture":"#0"},"north":{"uv":[13.0,8.0,13.25,9.0],"tintindex":0,"rotation":0,"texture":"#0"},"west":{"uv":[11.5,13.0,11.75,14.0],"tintindex":0,"rotation":0,"texture":"#0"},"up":{"uv":[13.25,13.25,13.0,13.0],"tintindex":0,"rotation":0,"texture":"#0"},"down":{"uv":[13.5,8.0,13.25,8.25],"tintindex":0,"rotation":0,"texture":"#0"}}}],"display":{"head":{"rotation":[0.0,0.0,0.0]},"firstperson_righthand":{"rotation":[0.0,0.0,0.0]},"thirdperson_lefthand":{"rotation":[0.0,-0.0,-0.0]},"firstperson_lefthand":{"rotation":[0.0,-0.0,-0.0]},"fixed":{"rotation":[0.0,0.0,0.0]},"ground":{"rotation":[0.0,0.0,0.0]},"thirdperson_righthand":{"rotation":[0.0,0.0,0.0]},"gui":{"rotation":[-150.0,-75.0,-180.0]}}}