{"textures":{"0":"modelengine:block/em_dskeleton_basic"},"elements":[{"from":[8.0,2.0,7.0],"to":[10.0,9.0,9.0],"faces":{"east":{"uv":[12.0,3.5,12.5,5.25],"tintindex":0,"rotation":0,"texture":"#0"},"south":{"uv":[4.0,12.0,4.5,13.75],"tintindex":0,"rotation":0,"texture":"#0"},"north":{"uv":[3.5,12.0,4.0,13.75],"tintindex":0,"rotation":0,"texture":"#0"},"west":{"uv":[4.5,12.0,5.0,13.75],"tintindex":0,"rotation":0,"texture":"#0"},"up":{"uv":[13.5,6.5,13.0,6.0],"tintindex":0,"rotation":0,"texture":"#0"},"down":{"uv":[13.5,6.5,13.0,7.0],"tintindex":0,"rotation":0,"texture":"#0"}}}],"display":{"head":{"rotation":[0.0,0.0,0.0]},"firstperson_righthand":{"rotation":[0.0,0.0,0.0]},"thirdperson_lefthand":{"rotation":[0.0,-0.0,-0.0]},"firstperson_lefthand":{"rotation":[0.0,-0.0,-0.0]},"fixed":{"rotation":[0.0,0.0,0.0]},"ground":{"rotation":[0.0,0.0,0.0]},"thirdperson_righthand":{"rotation":[0.0,0.0,0.0]},"gui":{"rotation":[-150.0,-75.0,-180.0]}}}