{"credit":"Made with Blockbench","texture_size":[64,64],"textures":{"1":"candy_cane_pack:item/candy_cane_pack/candy_cane_shield"},"elements":[{"name":"shield","from":[2,2,8],"to":[14,20,9],"rotation":{"angle":0,"axis":"y","origin":[9,-17,9]},"faces":{"north":{"uv":[0.25,0.25,3.25,4.75],"texture":"#1"},"east":{"uv":[0,0.25,0.25,4.75],"texture":"#1"},"south":{"uv":[3.5,0.25,6.5,4.75],"texture":"#1"},"west":{"uv":[3.25,0.25,3.5,4.75],"texture":"#1"},"up":{"uv":[3.25,0.25,0.25,0],"texture":"#1"},"down":{"uv":[6.25,0,3.25,0.25],"texture":"#1"}}},{"name":"shield","from":[7,8,9],"to":[9,14,15],"rotation":{"angle":0,"axis":"y","origin":[9,-17,9]},"faces":{"north":{"uv":[1.5,6.25,2,7.75],"texture":"#1"},"east":{"uv":[0,6.25,1.5,7.75],"texture":"#1"},"south":{"uv":[3.5,6.25,4,7.75],"texture":"#1"},"west":{"uv":[2,6.25,3.5,7.75],"texture":"#1"},"up":{"uv":[2,6.25,1.5,4.75],"texture":"#1"},"down":{"uv":[2.5,4.75,2,6.25],"texture":"#1"}}},{"from":[11,1,5.75],"to":[13,5,7.75],"rotation":{"angle":22.5,"axis":"z","origin":[8,11,7]},"faces":{"north":{"uv":[7,0.5,7.5,1.5],"texture":"#1"},"east":{"uv":[6.5,0.5,7,1.5],"texture":"#1"},"south":{"uv":[8,0.5,8.5,1.5],"texture":"#1"},"west":{"uv":[7.5,0.5,8,1.5],"texture":"#1"},"up":{"uv":[7.5,0.5,7,0],"texture":"#1"},"down":{"uv":[8,0,7.5,0.5],"texture":"#1"}}},{"from":[7,3,5.75],"to":[9,19,7.75],"rotation":{"angle":22.5,"axis":"z","origin":[8,11,7]},"faces":{"north":{"uv":[4.5,5.25,5,9.25],"texture":"#1"},"east":{"uv":[4,5.25,4.5,9.25],"texture":"#1"},"south":{"uv":[5.5,5.25,6,9.25],"texture":"#1"},"west":{"uv":[5,5.25,5.5,9.25],"texture":"#1"},"up":{"uv":[5,5.25,4.5,4.75],"texture":"#1"},"down":{"uv":[5.5,4.75,5,5.25],"texture":"#1"}}},{"from":[5,19,5.75],"to":[9,21,7.75],"rotation":{"angle":22.5,"axis":"z","origin":[8,11,7]},"faces":{"north":{"uv":[6.5,5.75,7.5,6.25],"texture":"#1"},"east":{"uv":[6,5.75,6.5,6.25],"texture":"#1"},"south":{"uv":[8,5.75,9,6.25],"texture":"#1"},"west":{"uv":[7.5,5.75,8,6.25],"texture":"#1"},"up":{"uv":[7.5,5.75,6.5,5.25],"texture":"#1"},"down":{"uv":[8.5,5.25,7.5,5.75],"texture":"#1"}}},{"from":[3,17,5.75],"to":[5,21,7.75],"rotation":{"angle":22.5,"axis":"z","origin":[8,11,7]},"faces":{"north":{"uv":[6.5,6.75,7,7.75],"texture":"#1"},"east":{"uv":[6,6.75,6.5,7.75],"texture":"#1"},"south":{"uv":[7.5,6.75,8,7.75],"texture":"#1"},"west":{"uv":[7,6.75,7.5,7.75],"texture":"#1"},"up":{"uv":[7,6.75,6.5,6.25],"texture":"#1"},"down":{"uv":[7.5,6.25,7,6.75],"texture":"#1"}}},{"from":[7,1,5.75],"to":[11,3,7.75],"rotation":{"angle":22.5,"axis":"z","origin":[8,11,7]},"faces":{"north":{"uv":[6.5,4.75,7.5,5.25],"texture":"#1"},"east":{"uv":[6,4.75,6.5,5.25],"texture":"#1"},"south":{"uv":[8,4.75,9,5.25],"texture":"#1"},"west":{"uv":[7.5,4.75,8,5.25],"texture":"#1"},"up":{"uv":[7.5,4.75,6.5,4.25],"texture":"#1"},"down":{"uv":[8.5,4.25,7.5,4.75],"texture":"#1"}}},{"from":[7,3,6],"to":[9,19,8],"rotation":{"angle":-22.5,"axis":"z","origin":[8,11,7]},"faces":{"north":{"uv":[5,5.25,4.5,9.25],"texture":"#1"},"east":{"uv":[5.5,5.25,5,9.25],"texture":"#1"},"south":{"uv":[6,5.25,5.5,9.25],"texture":"#1"},"west":{"uv":[4.5,5.25,4,9.25],"texture":"#1"},"up":{"uv":[4.5,5.25,5,4.75],"texture":"#1"},"down":{"uv":[5,4.75,5.5,5.25],"texture":"#1"}}},{"from":[7,19,6],"to":[11,21,8],"rotation":{"angle":-22.5,"axis":"z","origin":[8,11,7]},"faces":{"north":{"uv":[7.5,5.75,6.5,6.25],"texture":"#1"},"east":{"uv":[8,5.75,7.5,6.25],"texture":"#1"},"south":{"uv":[9,5.75,8,6.25],"texture":"#1"},"west":{"uv":[6.5,5.75,6,6.25],"texture":"#1"},"up":{"uv":[6.5,5.75,7.5,5.25],"texture":"#1"},"down":{"uv":[7.5,5.25,8.5,5.75],"texture":"#1"}}},{"from":[11,17,6],"to":[13,21,8],"rotation":{"angle":-22.5,"axis":"z","origin":[8,11,7]},"faces":{"north":{"uv":[7,6.75,6.5,7.75],"texture":"#1"},"east":{"uv":[7.5,6.75,7,7.75],"texture":"#1"},"south":{"uv":[8,6.75,7.5,7.75],"texture":"#1"},"west":{"uv":[6.5,6.75,6,7.75],"texture":"#1"},"up":{"uv":[6.5,6.75,7,6.25],"texture":"#1"},"down":{"uv":[7,6.25,7.5,6.75],"texture":"#1"}}},{"from":[5,1,6],"to":[9,3,8],"rotation":{"angle":-22.5,"axis":"z","origin":[8,11,7]},"faces":{"north":{"uv":[7.5,4.75,6.5,5.25],"texture":"#1"},"east":{"uv":[8,4.75,7.5,5.25],"texture":"#1"},"south":{"uv":[9,4.75,8,5.25],"texture":"#1"},"west":{"uv":[6.5,4.75,6,5.25],"texture":"#1"},"up":{"uv":[6.5,4.75,7.5,4.25],"texture":"#1"},"down":{"uv":[7.5,4.25,8.5,4.75],"texture":"#1"}}},{"from":[3,1,6],"to":[5,5,8],"rotation":{"angle":-22.5,"axis":"z","origin":[8,11,7]},"faces":{"north":{"uv":[7.5,0.5,7,1.5],"texture":"#1"},"east":{"uv":[8,0.5,7.5,1.5],"texture":"#1"},"south":{"uv":[8.5,0.5,8,1.5],"texture":"#1"},"west":{"uv":[7,0.5,6.5,1.5],"texture":"#1"},"up":{"uv":[7,0.5,7.5,0],"texture":"#1"},"down":{"uv":[7.5,0,8,0.5],"texture":"#1"}}},{"from":[2.5,8,6.5],"to":[6.5,12,6.5],"rotation":{"angle":-22.5,"axis":"z","origin":[8,11.5,5.5]},"faces":{"north":{"uv":[7.5,1.5,6.5,2.5],"rotation":90,"texture":"#1"},"east":{"uv":[8.25,1.5,6.5,1.5],"rotation":270,"texture":"#1"},"south":{"uv":[6.5,2.5,7.5,1.5],"texture":"#1"},"west":{"uv":[8.25,1.5,6.5,1.5],"rotation":270,"texture":"#1"},"up":{"uv":[6.5,1.5,6.5,3.25],"rotation":270,"texture":"#1"},"down":{"uv":[6.5,1.5,6.5,3.25],"rotation":270,"texture":"#1"}}},{"from":[9.5,8,6.5],"to":[13.5,12,6.5],"rotation":{"angle":22.5,"axis":"z","origin":[8,11.5,5.5]},"faces":{"north":{"uv":[7.5,2.5,6.5,1.5],"rotation":90,"texture":"#1"},"east":{"uv":[8.25,1.5,6.5,1.5],"rotation":270,"texture":"#1"},"south":{"uv":[7.5,2.5,6.5,1.5],"texture":"#1"},"west":{"uv":[8.25,1.5,6.5,1.5],"rotation":270,"texture":"#1"},"up":{"uv":[6.5,3.25,6.5,1.5],"rotation":270,"texture":"#1"},"down":{"uv":[6.5,3.25,6.5,1.5],"rotation":270,"texture":"#1"}}}],"gui_light":"front","display":{"thirdperson_righthand":{"rotation":[0,-90,0],"translation":[4,-5,4]},"thirdperson_lefthand":{"rotation":[0,-90,0],"translation":[4,-5,4]},"firstperson_righthand":{"rotation":[0,0,-5],"translation":[0.5,-9,-0.75]},"firstperson_lefthand":{"rotation":[0,0,-5],"translation":[0.5,-9,-0.75]},"ground":{"translation":[0,3,0],"scale":[0.3,0.3,0.3]},"gui":{"rotation":[10,148,6],"translation":[-0.5,-2.25,0],"scale":[0.77985,0.77985,0.77985]},"fixed":{"translation":[0,-2.25,-3],"scale":[0.7,0.7,0.7]}}}