{"textures":{"0":"modelengine:block/sculk_screamer"},"elements":[{"from":[4.0,6.0,1.0],"to":[12.0,14.0,8.0],"faces":{"east":{"uv":[2.125,4.5,3.0,5.5],"tintindex":0,"rotation":0,"texture":"#0"},"south":{"uv":[3.5,3.75,4.5,4.75],"tintindex":0,"rotation":0,"texture":"#0"},"north":{"uv":[0.625,3.625,1.625,4.625],"tintindex":0,"rotation":0,"texture":"#0"},"west":{"uv":[4.5,3.75,5.375,4.75],"tintindex":0,"rotation":0,"texture":"#0"},"up":{"uv":[5.625,0.875,4.625,0.0],"tintindex":0,"rotation":0,"texture":"#0"},"down":{"uv":[1.5,4.625,0.5,5.5],"tintindex":0,"rotation":0,"texture":"#0"}}},{"from":[3.0,12.0,1.0],"to":[4.0,13.0,1.0],"faces":{"south":{"uv":[0.5,4.375,0.625,4.5],"tintindex":0,"rotation":0,"texture":"#0"},"north":{"uv":[0.5,4.375,0.625,4.5],"tintindex":0,"rotation":0,"texture":"#0"}}},{"from":[12.0,6.0,1.0],"to":[15.0,8.0,1.0],"faces":{"south":{"uv":[2.125,7.375,2.5,7.625],"tintindex":0,"rotation":0,"texture":"#0"},"north":{"uv":[2.5,7.375,2.125,7.625],"tintindex":0,"rotation":0,"texture":"#0"}}},{"from":[1.0,6.0,1.0],"to":[4.0,8.0,1.0],"faces":{"south":{"uv":[2.5,7.375,2.125,7.625],"tintindex":0,"rotation":0,"texture":"#0"},"north":{"uv":[2.125,7.375,2.5,7.625],"tintindex":0,"rotation":0,"texture":"#0"}}},{"from":[4.5,5.0,1.0],"to":[11.5,6.0,1.0],"faces":{"south":{"uv":[8.25,3.125,7.375,3.25],"tintindex":0,"rotation":0,"texture":"#0"},"north":{"uv":[7.375,3.125,8.25,3.25],"tintindex":0,"rotation":0,"texture":"#0"}}},{"from":[12.0,12.0,1.0],"to":[13.0,13.0,1.0],"faces":{"south":{"uv":[0.625,4.375,0.5,4.5],"tintindex":0,"rotation":0,"texture":"#0"},"north":{"uv":[0.625,4.375,0.5,4.5],"tintindex":0,"rotation":0,"texture":"#0"}}}],"display":{"head":{"rotation":[0.0,0.0,0.0]},"firstperson_righthand":{"rotation":[0.0,0.0,0.0]},"thirdperson_lefthand":{"rotation":[0.0,-0.0,-0.0]},"firstperson_lefthand":{"rotation":[0.0,-0.0,-0.0]},"fixed":{"rotation":[0.0,0.0,0.0]},"ground":{"rotation":[0.0,0.0,0.0]},"thirdperson_righthand":{"rotation":[0.0,0.0,0.0]},"gui":{"rotation":[-150.0,-75.0,-180.0]}}}