{"textures":{"0":"modelengine:block/sculk_screamer"},"elements":[{"from":[6.0,8.0,8.0],"to":[10.0,13.0,19.0],"faces":{"east":{"uv":[6.0,1.5,4.625,2.125],"tintindex":0,"rotation":0,"texture":"#0"},"south":{"uv":[3.75,6.875,3.25,7.5],"tintindex":0,"rotation":0,"texture":"#0"},"north":{"uv":[7.25,6.75,6.75,7.375],"tintindex":0,"rotation":0,"texture":"#0"},"west":{"uv":[6.0,0.875,4.625,1.5],"tintindex":0,"rotation":0,"texture":"#0"},"up":{"uv":[5.5,5.5,6.0,4.125],"tintindex":0,"rotation":0,"texture":"#0"},"down":{"uv":[5.5,5.5,6.0,6.875],"tintindex":0,"rotation":0,"texture":"#0"}}}],"display":{"head":{"rotation":[0.0,0.0,0.0]},"firstperson_righthand":{"rotation":[0.0,0.0,0.0]},"thirdperson_lefthand":{"rotation":[0.0,-0.0,-0.0]},"firstperson_lefthand":{"rotation":[0.0,-0.0,-0.0]},"fixed":{"rotation":[0.0,0.0,0.0]},"ground":{"rotation":[0.0,0.0,0.0]},"thirdperson_righthand":{"rotation":[0.0,0.0,0.0]},"gui":{"rotation":[-150.0,-75.0,-180.0]}}}