{"credit":"Made with Blockbench","texture_size":[32,32],"textures":{"0":"decoration:frying_pan","particle":"decoration:frying_pan"},"elements":[{"from":[6,0,10],"to":[8,2,18],"faces":{"north":{"uv":[1.5,9,2.5,10],"texture":"#0"},"east":{"uv":[4,4,8,5],"texture":"#0"},"south":{"uv":[2.5,9,3.5,10],"texture":"#0"},"west":{"uv":[4,5,8,6],"texture":"#0"},"up":{"uv":[5,10,4,6],"texture":"#0"},"down":{"uv":[6,6,5,10],"texture":"#0"}}},{"from":[6,0.5,8],"to":[8,1.5,10],"faces":{"north":{"uv":[9.5,3.5,10.5,4],"texture":"#0"},"east":{"uv":[6,9.5,7,10],"texture":"#0"},"south":{"uv":[7,9.5,8,10],"texture":"#0"},"west":{"uv":[8,9.5,9,10],"texture":"#0"},"up":{"uv":[10.5,2.5,9.5,1.5],"texture":"#0"},"down":{"uv":[10.5,2.5,9.5,3.5],"texture":"#0"}}},{"from":[2,0,-2],"to":[12,2,-1],"faces":{"north":{"uv":[4,0,9,1],"texture":"#0"},"east":{"uv":[3.5,9,4,10],"texture":"#0"},"south":{"uv":[4,1,9,2],"texture":"#0"},"west":{"uv":[9,9.5,9.5,10.5],"texture":"#0"},"up":{"uv":[13,5.5,8,5],"texture":"#0"},"down":{"uv":[13,5.5,8,6],"texture":"#0"}}},{"from":[2,0,-1],"to":[3,2,7],"faces":{"north":{"uv":[9.5,9.5,10,10.5],"texture":"#0"},"east":{"uv":[6,6,10,7],"texture":"#0"},"south":{"uv":[1.5,10,2,11],"texture":"#0"},"west":{"uv":[6,7,10,8],"texture":"#0"},"up":{"uv":[0.5,13,0,9],"texture":"#0"},"down":{"uv":[9.5,0,9,4],"texture":"#0"}}},{"from":[11,0,-1],"to":[12,2,7],"faces":{"north":{"uv":[2,10,2.5,11],"texture":"#0"},"east":{"uv":[0,8,4,9],"texture":"#0"},"south":{"uv":[2.5,10,3,11],"texture":"#0"},"west":{"uv":[8,4,12,5],"texture":"#0"},"up":{"uv":[1,13,0.5,9],"texture":"#0"},"down":{"uv":[1.5,9,1,13],"texture":"#0"}}},{"from":[3,-1,-1],"to":[11,0,7],"faces":{"north":{"uv":[6,9,10,9.5],"texture":"#0"},"east":{"uv":[9.5,0,13.5,0.5],"texture":"#0"},"south":{"uv":[9.5,0.5,13.5,1],"texture":"#0"},"west":{"uv":[9.5,1,13.5,1.5],"texture":"#0"},"up":{"uv":[4,4,0,0],"texture":"#0"},"down":{"uv":[4,4,0,8],"texture":"#0"}}},{"from":[2,0,7],"to":[12,2,8],"faces":{"north":{"uv":[4,2,9,3],"texture":"#0"},"east":{"uv":[3,10,3.5,11],"texture":"#0"},"south":{"uv":[4,3,9,4],"texture":"#0"},"west":{"uv":[3.5,10,4,11],"texture":"#0"},"up":{"uv":[11,8.5,6,8],"texture":"#0"},"down":{"uv":[11,8.5,6,9],"texture":"#0"}}}],"display":{"thirdperson_righthand":{"rotation":[93,0,0],"translation":[0.75,3.5,9.25]},"thirdperson_lefthand":{"rotation":[93,0,0],"translation":[-0.75,3.5,9.25]},"firstperson_righthand":{"translation":[0,5.25,-1.5],"scale":[0.8,0.8,0.8]},"firstperson_lefthand":{"translation":[0,5.25,-1.5],"scale":[0.8,0.8,0.8]},"ground":{"translation":[0,3,0],"scale":[0.7,0.7,0.7]},"gui":{"rotation":[39,33,0],"translation":[1.75,3.5,0],"scale":[0.7,0.7,0.7]},"fixed":{"rotation":[-90,0,0],"translation":[0,0,-15],"scale":[1.5,1.5,1.5]}},"groups":[{"name":"saucepan","origin":[8,8,8],"color":0,"children":[{"name":"base","origin":[8,8,8],"color":0,"children":[0,1,2,3,4,5,6]}]}]}