{"credit":"Made with Blockbench","texture_size":[64,64],"textures":{"3":"decoration:gold_trophy"},"elements":[{"from":[5.5,0,3.5],"to":[12.5,1,12.5],"rotation":{"angle":0,"axis":"y","origin":[9,0,8]},"faces":{"north":{"uv":[7.25,7,9,7.25],"texture":"#3"},"east":{"uv":[6,7.25,8.25,7.5],"texture":"#3"},"south":{"uv":[7.5,2.25,9.25,2.5],"texture":"#3"},"west":{"uv":[7.25,6.25,9.5,6.5],"texture":"#3"},"up":{"uv":[1.75,2.25,0,0],"texture":"#3"},"down":{"uv":[3.5,0,1.75,2.25],"texture":"#3"}}},{"from":[5.5,3,3.5],"to":[12.5,4,12.5],"rotation":{"angle":0,"axis":"y","origin":[9,3,8]},"faces":{"north":{"uv":[7.5,2.5,9.25,2.75],"texture":"#3"},"east":{"uv":[7.25,6.5,9.5,6.75],"texture":"#3"},"south":{"uv":[7.5,2.75,9.25,3],"texture":"#3"},"west":{"uv":[7.25,6.75,9.5,7],"texture":"#3"},"up":{"uv":[1.75,4.5,0,2.25],"texture":"#3"},"down":{"uv":[3.5,2.25,1.75,4.5],"texture":"#3"}}},{"from":[6,1,5],"to":[12,3,11],"rotation":{"angle":0,"axis":"y","origin":[9,1.5,8]},"faces":{"north":{"uv":[6.75,3.25,8.25,3.75],"texture":"#3"},"east":{"uv":[6.75,3.75,8.25,4.25],"texture":"#3"},"south":{"uv":[6.75,4.25,8.25,4.75],"texture":"#3"},"west":{"uv":[6.75,4.75,8.25,5.25],"texture":"#3"},"up":{"uv":[5,5,3.5,3.5],"texture":"#3"},"down":{"uv":[1.5,4.5,0,6],"texture":"#3"}}},{"from":[6,0,4],"to":[12,3,5],"rotation":{"angle":0,"axis":"y","origin":[9,1.5,8]},"faces":{"north":{"uv":[6.25,0,7.75,0.75],"texture":"#3"},"east":{"uv":[3.5,7.5,3.75,8.25],"texture":"#3"},"south":{"uv":[6.25,0.75,7.75,1.5],"texture":"#3"},"west":{"uv":[1.5,7.75,1.75,8.5],"texture":"#3"},"up":{"uv":[6.75,3.5,5.25,3.25],"texture":"#3"},"down":{"uv":[9,3,7.5,3.25],"texture":"#3"}}},{"from":[6,0,11],"to":[12,3,12],"rotation":{"angle":0,"axis":"y","origin":[9,1.5,8]},"faces":{"north":{"uv":[2.5,6.25,4,7],"texture":"#3"},"east":{"uv":[1.75,7.75,2,8.5],"texture":"#3"},"south":{"uv":[6.5,1.5,8,2.25],"texture":"#3"},"west":{"uv":[2,7.75,2.25,8.5],"texture":"#3"},"up":{"uv":[7.5,7.75,6,7.5],"texture":"#3"},"down":{"uv":[9,7.5,7.5,7.75],"texture":"#3"}}},{"from":[7,4,6],"to":[11,5,10],"rotation":{"angle":0,"axis":"y","origin":[9,4.5,8]},"faces":{"north":{"uv":[7.75,0,8.75,0.25],"texture":"#3"},"east":{"uv":[7.75,0.25,8.75,0.5],"texture":"#3"},"south":{"uv":[7.75,0.5,8.75,0.75],"texture":"#3"},"west":{"uv":[7.75,0.75,8.75,1],"texture":"#3"},"up":{"uv":[5,7.25,4,6.25],"texture":"#3"},"down":{"uv":[7.5,2.25,6.5,3.25],"texture":"#3"}}},{"from":[8,5,7],"to":[10,8,9],"rotation":{"angle":0,"axis":"y","origin":[9,6.5,8]},"faces":{"north":{"uv":[1,6,1.5,6.75],"texture":"#3"},"east":{"uv":[1,6.75,1.5,7.5],"texture":"#3"},"south":{"uv":[1,7.5,1.5,8.25],"texture":"#3"},"west":{"uv":[2.5,7.5,3,8.25],"texture":"#3"},"up":{"uv":[3,6.25,2.5,5.75],"texture":"#3"},"down":{"uv":[3.5,7.5,3,8],"texture":"#3"}}},{"from":[5.5,10,4.5],"to":[12.5,15,11.5],"rotation":{"angle":0,"axis":"y","origin":[9,9.5,8]},"faces":{"north":{"uv":[1.5,4.5,3.25,5.75],"texture":"#3"},"east":{"uv":[3.25,5,5,6.25],"texture":"#3"},"south":{"uv":[5,3.5,6.75,4.75],"texture":"#3"},"west":{"uv":[5,4.75,6.75,6],"texture":"#3"},"up":{"uv":[5.25,1.75,3.5,0],"texture":"#3"},"down":{"uv":[5.25,1.75,3.5,3.5],"texture":"#3"}}},{"from":[9,8,1.5],"to":[9,16,5.5],"rotation":{"angle":0,"axis":"y","origin":[9,10.5,2]},"faces":{"north":{"uv":[0,0,0,2],"texture":"#3"},"east":{"uv":[5.25,0,6.25,2],"texture":"#3"},"south":{"uv":[0,0,0,2],"texture":"#3"},"west":{"uv":[1.5,5.75,2.5,7.75],"texture":"#3"},"up":{"uv":[0,1,0,0],"texture":"#3"},"down":{"uv":[0,0,0,1],"texture":"#3"}}},{"from":[9,8,10.5],"to":[9,16,14.5],"rotation":{"angle":0,"axis":"y","origin":[9,10.5,14]},"faces":{"north":{"uv":[0,0,0,2],"texture":"#3"},"east":{"uv":[0,6,1,8],"texture":"#3"},"south":{"uv":[0,0,0,2],"texture":"#3"},"west":{"uv":[5,6,6,8],"texture":"#3"},"up":{"uv":[0,1,0,0],"texture":"#3"},"down":{"uv":[0,0,0,1],"texture":"#3"}}},{"from":[6.5,8,5.5],"to":[11.5,10,10.5],"rotation":{"angle":-45,"axis":"x","origin":[9,9,8]},"faces":{"north":{"uv":[6.75,5.25,8,5.75],"texture":"#3"},"east":{"uv":[2.5,7,3.75,7.5],"texture":"#3"},"south":{"uv":[3.75,7.25,5,7.75],"texture":"#3"},"west":{"uv":[7.25,5.75,8.5,6.25],"texture":"#3"},"up":{"uv":[6.5,3.25,5.25,2],"texture":"#3"},"down":{"uv":[7.25,6,6,7.25],"texture":"#3"}}}],"gui_light":"front","display":{"firstperson_righthand":{"rotation":[0,37,0]},"firstperson_lefthand":{"rotation":[0,37,0]},"gui":{"rotation":[0,-116,0]},"fixed":{"rotation":[-90,90,0],"translation":[-0.5,2.5,-17.5],"scale":[2,2,2]}}}