{"credit":"Pologony Creation Co.,Ltd.","texture_size":[24,24],"textures":{"2":"ero_feral_fantasy_set:bear_ears"},"elements":[{"from":[4,7.25,7],"to":[12,8.25,9],"rotation":{"angle":0,"axis":"y","origin":[7.25,11.5,14]},"faces":{"north":{"uv":[9.33333,0,14.66667,0.66667],"texture":"#2","tintindex":0},"east":{"uv":[10.66667,7.33333,12,8],"texture":"#2","tintindex":0},"south":{"uv":[9.33333,1.33333,14.66667,2],"texture":"#2","tintindex":0},"west":{"uv":[10.66667,8.66667,12,9.33333],"texture":"#2","tintindex":0},"up":{"uv":[8.66667,1.33333,3.33333,0],"texture":"#2","tintindex":0},"down":{"uv":[8.66667,2,3.33333,3.33333],"texture":"#2","tintindex":0}}},{"from":[3,4.25,7],"to":[4,8.25,9],"rotation":{"angle":0,"axis":"y","origin":[6,11.5,14]},"faces":{"north":{"uv":[5.33333,7.33333,6,10],"texture":"#2","tintindex":0},"east":{"uv":[3.33333,7.33333,4.66667,10],"texture":"#2","tintindex":0},"south":{"uv":[9.33333,6,10,8.66667],"texture":"#2","tintindex":0},"west":{"uv":[9.33333,2.66667,10.66667,5.33333],"texture":"#2","tintindex":0},"up":{"uv":[6,12,5.33333,10.66667],"texture":"#2","tintindex":0},"down":{"uv":[11.33333,10,10.66667,11.33333],"texture":"#2","tintindex":0}}},{"from":[10.30814,7.86209,7.525],"to":[12.30814,10.86209,8.525],"rotation":{"angle":-22.5,"axis":"z","origin":[9.80814,8.86209,8.025]},"faces":{"north":{"uv":[8,9.33333,6.66667,11.33333],"texture":"#2","tintindex":0},"east":{"uv":[7.33334,11.33333,6.66667,13.33333],"texture":"#2","tintindex":0},"south":{"uv":[8.66667,9.33333,10,11.33333],"texture":"#2","tintindex":0},"west":{"uv":[12,2.66667,11.33333,4.66667],"texture":"#2","tintindex":0},"up":{"uv":[11.33333,5.33334,12.66666,4.66667],"texture":"#2","tintindex":0},"down":{"uv":[8,11.33333,9.33333,12],"texture":"#2","tintindex":0}}},{"from":[8.8853,7.25,7.525],"to":[12.8853,11.25,7.525],"rotation":{"angle":-22.5,"axis":"z","origin":[11.3853,8.75,7.025]},"faces":{"north":{"uv":[6,4,3.33333,6.66667],"texture":"#2","tintindex":0},"east":{"uv":[4,12,4,14.66667],"texture":"#2","tintindex":0},"south":{"uv":[10.66666,6,13.33333,8.66667],"texture":"#2","tintindex":0},"west":{"uv":[3.33333,12,3.33333,14.66667],"texture":"#2","tintindex":0},"up":{"uv":[12,10.66667,14.66667,10.66667],"texture":"#2","tintindex":0},"down":{"uv":[12,11.33333,14.66667,11.33333],"texture":"#2","tintindex":0}}},{"from":[3.69186,7.86209,7.525],"to":[5.69186,10.86209,8.525],"rotation":{"angle":22.5,"axis":"z","origin":[6.19186,8.86209,8.025]},"faces":{"north":{"uv":[6.66667,9.33333,8,11.33333],"texture":"#2","tintindex":0},"east":{"uv":[11.33333,2.66667,12,4.66667],"texture":"#2","tintindex":0},"south":{"uv":[10,9.33333,8.66667,11.33333],"texture":"#2","tintindex":0},"west":{"uv":[6.66667,11.33333,7.33334,13.33333],"texture":"#2","tintindex":0},"up":{"uv":[12.66666,5.33334,11.33333,4.66667],"texture":"#2","tintindex":0},"down":{"uv":[9.33333,11.33333,8,12],"texture":"#2","tintindex":0}}},{"from":[3.1147,7.25,7.525],"to":[7.1147,11.25,7.525],"rotation":{"angle":22.5,"axis":"z","origin":[4.6147,8.75,7.025]},"faces":{"north":{"uv":[3.33333,4,6,6.66667],"texture":"#2","tintindex":0},"east":{"uv":[3.33333,12,3.33333,14.66667],"texture":"#2","tintindex":0},"south":{"uv":[13.33333,6,10.66666,8.66667],"texture":"#2","tintindex":0},"west":{"uv":[4,12,4,14.66667],"texture":"#2","tintindex":0},"up":{"uv":[14.66667,10.66667,12,10.66667],"texture":"#2","tintindex":0},"down":{"uv":[14.66667,11.33333,12,11.33333],"texture":"#2","tintindex":0}}},{"from":[12,4.25,7],"to":[13,8.25,9],"rotation":{"angle":0,"axis":"y","origin":[10,11.5,14]},"faces":{"north":{"uv":[6,7.33333,5.33333,10],"texture":"#2","tintindex":0},"east":{"uv":[10.66667,2.66667,9.33333,5.33333],"texture":"#2","tintindex":0},"south":{"uv":[10,6,9.33333,8.66667],"texture":"#2","tintindex":0},"west":{"uv":[4.66667,7.33333,3.33333,10],"texture":"#2","tintindex":0},"up":{"uv":[5.33333,12,6,10.66667],"texture":"#2","tintindex":0},"down":{"uv":[10.66667,10,11.33333,11.33333],"texture":"#2","tintindex":0}}}],"gui_light":"front","display":{"thirdperson_righthand":{"rotation":[0,138,0],"translation":[-1.5,1.5,-1],"scale":[0.5,0.5,0.5]},"thirdperson_lefthand":{"rotation":[0,138,0],"translation":[-1.5,1.5,-1],"scale":[0.5,0.5,0.5]},"firstperson_righthand":{"rotation":[0,138,0],"translation":[3.25,1.5,-1],"scale":[0.5,0.5,0.5]},"firstperson_lefthand":{"rotation":[0,138,0],"translation":[3.25,1.5,-1],"scale":[0.5,0.5,0.5]},"ground":{"translation":[0,1.5,0],"scale":[1.5,1.5,1.5]},"gui":{"rotation":[35,135,0],"translation":[0,1.25,0],"scale":[1.5,1.5,1.5]},"head":{"translation":[0,7.25,0],"scale":[1.6,1.6,1.6]},"fixed":{"rotation":[-90,0,0],"translation":[0,0,-7.75],"scale":[2,2,2]}},"USER":"{{USER}}","NONCE":"{{NONCE}}","TIMESTAMP":"{{TIMESTAMP}}","RESOURCE":"{{RESOURCE}}","MCMODELS":"{{MCMODELS}}","mcmodels":"845e7b3e2f126729e9ddce77087b1004"}