{"credit":"Pologony Creation Co.,Ltd.","texture_size":[24,24],"textures":{"0":"ero_feral_fantasy_set:bear_tail","particle":"ero_feral_fantasy_set:bear_tail"},"elements":[{"from":[6.5,6.5,6.5],"to":[9.5,9.5,9.5],"rotation":{"angle":-22.5,"axis":"x","origin":[8,8,8]},"faces":{"north":{"uv":[10.66667,6,8.66667,8],"rotation":180,"texture":"#0","tintindex":0},"east":{"uv":[6,6.66667,8,8.66667],"rotation":270,"texture":"#0","tintindex":0},"south":{"uv":[10.66667,10.66667,8.66667,8.66667],"texture":"#0","tintindex":0},"west":{"uv":[6,6.66667,8,8.66667],"rotation":90,"texture":"#0","tintindex":0},"up":{"uv":[6,6.66667,8,8.66667],"rotation":180,"texture":"#0","tintindex":0},"down":{"uv":[6,6.66667,8,8.66667],"texture":"#0","tintindex":0}}},{"from":[6.25,6.25,6.25],"to":[9.75,9.75,9.75],"rotation":{"angle":-22.5,"axis":"x","origin":[8,8,8]},"faces":{"north":{"uv":[5,6.66667,2.66667,9],"rotation":180,"texture":"#0","tintindex":0},"east":{"uv":[0,3.33333,2.33333,5.66667],"rotation":270,"texture":"#0","tintindex":0},"south":{"uv":[2.33333,9,0,6.66667],"texture":"#0","tintindex":0},"west":{"uv":[0,3.33333,2.33333,5.66667],"rotation":90,"texture":"#0","tintindex":0},"up":{"uv":[2.33333,3.33333,0,5.66667],"rotation":180,"texture":"#0","tintindex":0},"down":{"uv":[2.33333,3.33333,0,5.66667],"texture":"#0","tintindex":0}}}],"gui_light":"front","display":{"thirdperson_righthand":{"rotation":[50,-87,0],"translation":[0,1.25,0.25],"scale":[0.7,0.7,0.7]},"thirdperson_lefthand":{"rotation":[54.75,0,0],"translation":[-5.5,-8.25,3.25]},"firstperson_righthand":{"rotation":[34,180,64],"translation":[-0.5,3.75,3.25],"scale":[0.7,0.7,0.7]},"firstperson_lefthand":{"rotation":[-180,64.75,180],"translation":[0,2.75,2.25],"scale":[0,0,0]},"ground":{"translation":[0,-1,0],"scale":[1.5,1.5,1.5]},"gui":{"rotation":[35,45,0],"scale":[2,2,2]},"head":{"translation":[0,-71.25,4.5],"scale":[1.6,1.6,1.6]},"fixed":{"rotation":[0,180,0],"translation":[0,1.25,-7],"scale":[3,3,3]}},"USER":"{{USER}}","NONCE":"{{NONCE}}","TIMESTAMP":"{{TIMESTAMP}}","RESOURCE":"{{RESOURCE}}","MCMODELS":"{{MCMODELS}}","mcmodels":"845e7b3e2f126729e9ddce77087b1004"}