{"credit":"Pologony Creation Co.,Ltd.","texture_size":[24,24],"textures":{"4":"ero_feral_fantasy_set:fox_ears","particle":"ero_feral_fantasy_set:fox_ears"},"elements":[{"from":[3,4.25,7],"to":[4,8.25,9],"rotation":{"angle":0,"axis":"y","origin":[6,11.5,14]},"faces":{"north":{"uv":[10,0,10.66667,2.66667],"texture":"#4","tintindex":0},"east":{"uv":[7.33333,6.66667,8.66667,9.33333],"texture":"#4","tintindex":0},"south":{"uv":[5.33333,10,6,12.66667],"texture":"#4","tintindex":0},"west":{"uv":[0,8,1.33333,10.66667],"texture":"#4","tintindex":0},"up":{"uv":[11.33333,8,10.66667,6.66667],"texture":"#4","tintindex":0},"down":{"uv":[11.33333,8.66667,10.66667,10],"texture":"#4","tintindex":0}}},{"from":[12,4.25,7],"to":[13,8.25,9],"rotation":{"angle":0,"axis":"y","origin":[10,11.5,14]},"faces":{"north":{"uv":[10.66667,0,10,2.66667],"texture":"#4","tintindex":0},"east":{"uv":[1.33333,8,0,10.66667],"texture":"#4","tintindex":0},"south":{"uv":[6,10,5.33333,12.66667],"texture":"#4","tintindex":0},"west":{"uv":[8.66667,6.66667,7.33333,9.33333],"texture":"#4","tintindex":0},"up":{"uv":[10.66667,8,11.33333,6.66667],"texture":"#4","tintindex":0},"down":{"uv":[10.66667,8.66667,11.33333,10],"texture":"#4","tintindex":0}}},{"from":[4,7.25,7],"to":[12,8.25,9],"rotation":{"angle":0,"axis":"y","origin":[7.25,11.5,14]},"faces":{"north":{"uv":[5.33333,4,10.66667,4.66667],"texture":"#4","tintindex":0},"east":{"uv":[8,2.63333,9.33333,3.3],"texture":"#4","tintindex":0},"south":{"uv":[5.33333,5.33333,10.66667,6],"texture":"#4","tintindex":0},"west":{"uv":[6.66667,9.96667,8,10.63333],"texture":"#4","tintindex":0},"up":{"uv":[5.33333,1.33333,0,0],"texture":"#4","tintindex":0},"down":{"uv":[5.33333,2,0,3.33333],"texture":"#4","tintindex":0}}},{"from":[10,7.8,7.525],"to":[12,11.8,8.525],"rotation":{"angle":-22.5,"axis":"z","origin":[11,9.3,7.025]},"faces":{"north":{"uv":[6,0,7.33333,2.66667],"texture":"#4","tintindex":0},"east":{"uv":[4,8,4.66667,10.66667],"texture":"#4","tintindex":0},"south":{"uv":[5.33333,6.66667,6.66667,9.33333],"texture":"#4","tintindex":0},"west":{"uv":[9.33333,6.66667,10,9.33333],"texture":"#4","tintindex":0},"up":{"uv":[10,10.66667,8.66667,10],"texture":"#4","tintindex":0},"down":{"uv":[3.33333,10.66667,2,11.33333],"texture":"#4","tintindex":0}}},{"from":[10,7.8,7.525],"to":[13,12.8,7.525],"rotation":{"angle":-22.5,"axis":"z","origin":[11,9.3,8.025]},"faces":{"north":{"uv":[0,4,2,7.33333],"texture":"#4","tintindex":0},"east":{"uv":[10.66667,10.66667,10.66667,14],"texture":"#4","tintindex":0},"south":{"uv":[2.66667,4,4.66667,7.33333],"texture":"#4","tintindex":0},"west":{"uv":[0,11.33333,0,14.66667],"texture":"#4","tintindex":0},"up":{"uv":[12,3.33333,10,3.33333],"texture":"#4","tintindex":0},"down":{"uv":[13.33333,0,11.33333,0],"texture":"#4","tintindex":0}}},{"from":[10.94922,7.12258,7.25],"to":[12.94922,10.12258,7.25],"rotation":{"angle":-45,"axis":"z","origin":[11.94922,9.12258,7.25]},"faces":{"north":{"uv":[8,0,9.33333,2],"texture":"#4","tintindex":0},"east":{"uv":[0.66667,11.33333,0.66667,13.33333],"texture":"#4","tintindex":0},"south":{"uv":[2,8,3.33333,10],"texture":"#4","tintindex":0},"west":{"uv":[11.33333,0.66667,11.33333,2.66667],"texture":"#4","tintindex":0},"up":{"uv":[7.33333,3.33333,6,3.33333],"texture":"#4","tintindex":0},"down":{"uv":[12.66667,4,11.33333,4],"texture":"#4","tintindex":0}}},{"from":[4,7.8,7.525],"to":[6,11.8,8.525],"rotation":{"angle":22.5,"axis":"z","origin":[5,9.3,7.025]},"faces":{"north":{"uv":[7.33333,0,6,2.66667],"texture":"#4","tintindex":0},"east":{"uv":[10,6.66667,9.33333,9.33333],"texture":"#4","tintindex":0},"south":{"uv":[6.66667,6.66667,5.33333,9.33333],"texture":"#4","tintindex":0},"west":{"uv":[4.66667,8,4,10.66667],"texture":"#4","tintindex":0},"up":{"uv":[8.66667,10.66667,10,10],"texture":"#4","tintindex":0},"down":{"uv":[2,10.66667,3.33333,11.33333],"texture":"#4","tintindex":0}}},{"from":[3,7.8,7.525],"to":[6,12.8,7.525],"rotation":{"angle":22.5,"axis":"z","origin":[5,9.3,8.025]},"faces":{"north":{"uv":[2,4,0,7.33333],"texture":"#4","tintindex":0},"east":{"uv":[0,11.33333,0,14.66667],"texture":"#4","tintindex":0},"south":{"uv":[4.66667,4,2.66667,7.33333],"texture":"#4","tintindex":0},"west":{"uv":[10.66667,10.66667,10.66667,14],"texture":"#4","tintindex":0},"up":{"uv":[10,3.33333,12,3.33333],"texture":"#4","tintindex":0},"down":{"uv":[11.33333,0,13.33333,0],"texture":"#4","tintindex":0}}},{"from":[3.05078,7.12258,7.25],"to":[5.05078,10.12258,7.25],"rotation":{"angle":45,"axis":"z","origin":[4.05078,9.12258,7.25]},"faces":{"north":{"uv":[9.33333,0,8,2],"texture":"#4","tintindex":0},"east":{"uv":[11.33333,0.66667,11.33333,2.66667],"texture":"#4","tintindex":0},"south":{"uv":[3.33333,8,2,10],"texture":"#4","tintindex":0},"west":{"uv":[0.66667,11.33333,0.66667,13.33333],"texture":"#4","tintindex":0},"up":{"uv":[6,3.33333,7.33333,3.33333],"texture":"#4","tintindex":0},"down":{"uv":[11.33333,4,12.66667,4],"texture":"#4","tintindex":0}}}],"gui_light":"front","display":{"thirdperson_righthand":{"rotation":[0,138,0],"translation":[-1.5,1.5,-1],"scale":[0.5,0.5,0.5]},"thirdperson_lefthand":{"rotation":[75,0,0],"translation":[0,0,0.25],"scale":[0.7,0.7,0.7]},"firstperson_righthand":{"rotation":[0,138,0],"translation":[3.25,1.5,-1],"scale":[0.5,0.5,0.5]},"firstperson_lefthand":{"rotation":[0,138,0],"translation":[3.25,1.5,-1],"scale":[0.5,0.5,0.5]},"ground":{"translation":[0,1.5,0],"scale":[1.5,1.5,1.5]},"gui":{"rotation":[35,135,0],"translation":[0,0.25,0],"scale":[1.5,1.5,1.5]},"head":{"translation":[0,7.25,0],"scale":[1.6,1.6,1.6]},"fixed":{"rotation":[-90,0,0],"translation":[0,0,-7.75],"scale":[2,2,2]}},"mcmodels":"845e7b3e2f126729e9ddce77087b1004"}