{"credit":"Pologony Creation Co.,Ltd.","texture_size":[24,24],"textures":{"2":"ero_feral_fantasy_set:fox_tail","particle":"ero_feral_fantasy_set:fox_tail"},"elements":[{"from":[7,-14.74346,6.05293],"to":[9,-12.74346,9.55293],"rotation":{"angle":22.5,"axis":"x","origin":[8,-13.49346,6.55293]},"faces":{"north":{"uv":[0,8,2.33333,10.33333],"texture":"#2","tintindex":0},"east":{"uv":[4.33333,4,0,6.33333],"texture":"#2","tintindex":0},"south":{"uv":[9.66666,0.33333,12,2.66667],"texture":"#2","tintindex":0},"west":{"uv":[0,4,4.33333,6.33333],"texture":"#2","tintindex":0},"up":{"uv":[7.66666,4.33333,5.33333,0],"texture":"#2","tintindex":0},"down":{"uv":[7.66666,0,5.33333,4.33333],"texture":"#2","tintindex":0}}},{"from":[7.25,-15.71954,9.09182],"to":[8.75,-14.21954,10.84182],"rotation":{"angle":22.5,"axis":"x","origin":[7.625,-13.69454,9.71682]},"faces":{"north":{"uv":[9.33333,6.33333,11.66667,4],"texture":"#2","tintindex":0},"east":{"uv":[8.66667,12.33334,6.66667,10.66667],"texture":"#2","tintindex":0},"south":{"uv":[9.33333,9,11,7.33333],"texture":"#2","tintindex":0},"west":{"uv":[6.66667,12.33334,8.66667,10.66667],"texture":"#2","tintindex":0},"up":{"uv":[11,13,9.33333,11],"texture":"#2","tintindex":0},"down":{"uv":[11,10.66667,9.33333,12.66667],"texture":"#2","tintindex":0}}},{"from":[7.25,-15.71954,5.71682],"to":[8.75,-14.21954,6.46682],"rotation":{"angle":22.5,"axis":"x","origin":[7.625,-13.69454,9.71682]},"faces":{"north":{"uv":[0,2.33333,2.33334,0],"texture":"#2","tintindex":0},"east":{"uv":[4.33334,3.33334,2.33334,1.66667],"texture":"#2","tintindex":0},"south":{"uv":[2.33333,1.66667,4,0],"texture":"#2","tintindex":0},"west":{"uv":[2.33334,3.33334,4.33334,1.66667],"texture":"#2","tintindex":0},"up":{"uv":[6.33333,6.66667,4.66666,4.66667],"texture":"#2","tintindex":0},"down":{"uv":[6.33333,4.66667,4.66666,6.66667],"texture":"#2","tintindex":0}}},{"name":"cube inverted","from":[8.75,-14.21954,10.84182],"to":[7.25,-15.71954,9.09182],"rotation":{"angle":22.5,"axis":"x","origin":[7.625,-13.69454,9.71682]},"faces":{"north":{"uv":[9.33333,7.33333,11,9],"texture":"#2","tintindex":0},"east":{"uv":[6.66667,10.66667,8.66667,12.33334],"texture":"#2","tintindex":0},"south":{"uv":[9.33333,4,11.66667,6.33333],"texture":"#2","tintindex":0},"west":{"uv":[8.66667,10.66667,6.66667,12.33334],"texture":"#2","tintindex":0},"up":{"uv":[9.33333,10.66667,11,12.66667],"texture":"#2","tintindex":0},"down":{"uv":[9.33333,13,11,11],"texture":"#2","tintindex":0}}}],"gui_light":"front","display":{"thirdperson_righthand":{"rotation":[50,-87,0],"translation":[0,1.25,0.25],"scale":[0.7,0.7,0.7]},"thirdperson_lefthand":{"rotation":[64.75,0,0],"translation":[-5.5,-11.75,3.25]},"firstperson_righthand":{"rotation":[34,180,64],"translation":[-0.5,4.75,3.25],"scale":[0.7,0.7,0.7]},"firstperson_lefthand":{"translation":[0,6.75,2.75],"scale":[0,0,0]},"ground":{"translation":[0,1.5,0],"scale":[1.5,1.5,1.5]},"gui":{"rotation":[32,111,116],"translation":[22,-53.75,0],"scale":[3,3,3]},"head":{"translation":[0,-48.75,9.25],"scale":[3.2,3.2,3.2]},"fixed":{"rotation":[0,180,0],"translation":[0,-0.25,-16.5],"scale":[3,3,3]}},"mcmodels":"845e7b3e2f126729e9ddce77087b1004"}