{"credit":"Pologony Creation Co.,Ltd.","texture_size":[24,24],"textures":{"1":"ero_feral_fantasy_set:rabbit_ears","particle":"ero_feral_fantasy_set:rabbit_ears"},"elements":[{"from":[2.25,6.75,6.75],"to":[4.25,8.75,6.75],"rotation":{"angle":45,"axis":"y","origin":[3.25,7.75,6.75]},"faces":{"north":{"uv":[8.66667,8.66667,10,10],"texture":"#1","tintindex":0},"east":{"uv":[5.33333,12,5.33333,13.33333],"texture":"#1","tintindex":0},"south":{"uv":[10,8.66667,8.66667,10],"texture":"#1","tintindex":0},"west":{"uv":[13.33333,12,13.33333,13.33333],"texture":"#1","tintindex":0},"up":{"uv":[7.33333,3.33333,6,3.33333],"texture":"#1","tintindex":0},"down":{"uv":[9.33333,6.66667,8,6.66667],"texture":"#1","tintindex":0}}},{"from":[4,7.25,7],"to":[12,8.25,9],"rotation":{"angle":0,"axis":"y","origin":[7.25,11.5,14]},"faces":{"north":{"uv":[4,7.33333,9.33333,8],"texture":"#1","tintindex":0},"east":{"uv":[12,10.66667,13.33333,11.33333],"texture":"#1","tintindex":0},"south":{"uv":[4,7.33333,9.33333,8],"texture":"#1","tintindex":0},"west":{"uv":[11.33333,12,12.66667,12.66667],"texture":"#1","tintindex":0},"up":{"uv":[5.33333,1.33333,0,0],"texture":"#1","tintindex":0},"down":{"uv":[5.33333,2,0,3.33333],"texture":"#1","tintindex":0}}},{"from":[3,4.25,7],"to":[4,8.25,9],"rotation":{"angle":0,"axis":"y","origin":[6,11.5,14]},"faces":{"north":{"uv":[0.66667,10.66667,0,13.33333],"texture":"#1","tintindex":0},"east":{"uv":[3.33333,7.33333,2,10],"texture":"#1","tintindex":0},"south":{"uv":[11.33333,0,10.66667,2.66667],"texture":"#1","tintindex":0},"west":{"uv":[1.33333,7.33333,0,10],"texture":"#1","tintindex":0},"up":{"uv":[4,13.33333,4.66667,12],"texture":"#1","tintindex":0},"down":{"uv":[10,12,10.66667,13.33333],"texture":"#1","tintindex":0}}},{"from":[1.25,6.25,7.5],"to":[3.25,8.25,7.5],"rotation":{"angle":-45,"axis":"z","origin":[2.25,7.25,7.5]},"faces":{"north":{"uv":[10,10,8.66667,8.66667],"texture":"#1","tintindex":0},"east":{"uv":[5.33333,12,5.33333,13.33333],"texture":"#1","tintindex":0},"south":{"uv":[8.66667,10,10,8.66667],"texture":"#1","tintindex":0},"west":{"uv":[13.33333,12,13.33333,13.33333],"texture":"#1","tintindex":0},"up":{"uv":[7.33333,3.33333,6,3.33333],"texture":"#1","tintindex":0},"down":{"uv":[9.33333,6.66667,8,6.66667],"texture":"#1","tintindex":0}}},{"from":[2.475,7.5,7.075],"to":[2.475,9.5,9.075],"rotation":{"angle":-22.5,"axis":"y","origin":[2.475,8.5,8.075]},"faces":{"north":{"uv":[5.33333,12,5.33333,13.33333],"texture":"#1","tintindex":0},"east":{"uv":[8.66667,8.66667,10,10],"texture":"#1","tintindex":0},"south":{"uv":[13.33333,12,13.33333,13.33333],"texture":"#1","tintindex":0},"west":{"uv":[10,8.66667,8.66667,10],"texture":"#1","tintindex":0},"up":{"uv":[7.33333,3.33333,6,3.33333],"rotation":270,"texture":"#1","tintindex":0},"down":{"uv":[9.33333,6.66667,8,6.66667],"rotation":90,"texture":"#1","tintindex":0}}},{"from":[12,4.25,7],"to":[13,8.25,9],"rotation":{"angle":0,"axis":"y","origin":[10,11.5,14]},"faces":{"north":{"uv":[0,10.66667,0.66667,13.33333],"texture":"#1","tintindex":0},"east":{"uv":[0,7.33333,1.33333,10],"texture":"#1","tintindex":0},"south":{"uv":[10.66667,0,11.33333,2.66667],"texture":"#1","tintindex":0},"west":{"uv":[2,7.33333,3.33333,10],"texture":"#1","tintindex":0},"up":{"uv":[4.66667,13.33333,4,12],"texture":"#1","tintindex":0},"down":{"uv":[10.66667,12,10,13.33333],"texture":"#1","tintindex":0}}},{"from":[10.79462,11.41746,7.5],"to":[13.79462,13.41746,7.5],"rotation":{"angle":-22.5,"axis":"z","origin":[12.29462,10.91746,7.75]},"faces":{"north":{"uv":[8,4.66667,10,6],"texture":"#1","tintindex":0},"east":{"uv":[6,14,6,15.33333],"texture":"#1","tintindex":0},"south":{"uv":[8,3.33334,10,4.66667],"texture":"#1","tintindex":0},"west":{"uv":[6.66667,14,6.66667,15.33333],"texture":"#1","tintindex":0},"up":{"uv":[16,3.33333,14,3.33333],"texture":"#1","tintindex":0},"down":{"uv":[16,4,14,4],"texture":"#1","tintindex":0}}},{"from":[10.79462,7.41746,7.5],"to":[13.79462,11.41746,8.5],"rotation":{"angle":-22.5,"axis":"z","origin":[12.29462,10.91746,7.75]},"faces":{"north":{"uv":[0,4,2,6.66667],"texture":"#1","tintindex":0},"east":{"uv":[8.66667,10.66667,9.33333,13.33333],"texture":"#1","tintindex":0},"south":{"uv":[4.66667,4,2.66667,6.66667],"texture":"#1","tintindex":0},"west":{"uv":[8.66667,10.66667,9.33333,13.33333],"texture":"#1","tintindex":0},"up":{"uv":[14,2.66667,12,2],"texture":"#1","tintindex":0},"down":{"uv":[14,6.66667,12,7.33333],"texture":"#1","tintindex":0}}},{"from":[2.20538,11.41746,7.5],"to":[5.20538,13.41746,7.5],"rotation":{"angle":22.5,"axis":"z","origin":[3.70538,10.91746,7.75]},"faces":{"north":{"uv":[10,4.66667,8,6],"texture":"#1","tintindex":0},"east":{"uv":[6.66667,14,6.66667,15.33333],"texture":"#1","tintindex":0},"south":{"uv":[10,3.33334,8,4.66667],"texture":"#1","tintindex":0},"west":{"uv":[6,14,6,15.33333],"texture":"#1","tintindex":0},"up":{"uv":[14,3.33333,16,3.33333],"texture":"#1","tintindex":0},"down":{"uv":[14,4,16,4],"texture":"#1","tintindex":0}}},{"from":[2.20538,7.41746,7.5],"to":[5.20538,11.41746,8.5],"rotation":{"angle":22.5,"axis":"z","origin":[3.70538,10.91746,7.75]},"faces":{"north":{"uv":[2,4,0,6.66667],"texture":"#1","tintindex":0},"east":{"uv":[9.33333,10.66667,8.66667,13.33333],"texture":"#1","tintindex":0},"south":{"uv":[2.66667,4,4.66667,6.66667],"texture":"#1","tintindex":0},"west":{"uv":[9.33333,10.66667,8.66667,13.33333],"texture":"#1","tintindex":0},"up":{"uv":[12,2.66667,14,2],"texture":"#1","tintindex":0},"down":{"uv":[12,6.66667,14,7.33333],"texture":"#1","tintindex":0}}}],"gui_light":"front","display":{"thirdperson_righthand":{"rotation":[0,138,0],"translation":[-1.5,1.5,-1],"scale":[0.5,0.5,0.5]},"thirdperson_lefthand":{"rotation":[0,138,0],"translation":[-1.5,1.5,-1],"scale":[0.5,0.5,0.5]},"firstperson_righthand":{"rotation":[0,138,0],"translation":[3.25,1.5,-1],"scale":[0.5,0.5,0.5]},"firstperson_lefthand":{"rotation":[0,138,0],"translation":[3.25,1.5,-1],"scale":[0.5,0.5,0.5]},"ground":{"translation":[0,1.5,0],"scale":[1.5,1.5,1.5]},"gui":{"rotation":[35,135,0],"translation":[0,-0.75,0],"scale":[1.5,1.5,1.5]},"head":{"translation":[0,7.25,0],"scale":[1.6,1.6,1.6]},"fixed":{"rotation":[-90,0,0],"translation":[0,0,-7.75],"scale":[2,2,2]}},"mcmodels":"845e7b3e2f126729e9ddce77087b1004"}