{"credit":"Pologony Creation Co.,Ltd.","texture_size":[32,32],"textures":{"2":"ero_feral_fantasy_set:tiger_tail"},"elements":[{"from":[7.6125,-12.83839,5.45191],"to":[8.3875,-10.08839,6.20191],"rotation":{"angle":-45,"axis":"x","origin":[7.875,-10.58839,5.70191]},"faces":{"north":{"uv":[0,0,0.75,2.75],"texture":"#2","tintindex":0},"east":{"uv":[1.5,0,2.25,2.75],"texture":"#2","tintindex":0},"south":{"uv":[3,0,3.75,2.75],"texture":"#2","tintindex":0},"west":{"uv":[0,3.5,0.75,6.25],"texture":"#2","tintindex":0},"up":{"uv":[5.25,7.25,4.5,6.5],"texture":"#2","tintindex":0},"down":{"uv":[6.75,6.5,6,7.25],"texture":"#2","tintindex":0}}},{"from":[7.625,-12.35615,7.11612],"to":[8.375,-11.60615,9.86612],"rotation":{"angle":0,"axis":"x","origin":[8,-11.98115,8.49112]},"faces":{"north":{"uv":[0,7,0.75,7.75],"texture":"#2","tintindex":0},"east":{"uv":[1.5,3.5,4.25,4.25],"texture":"#2","tintindex":0},"south":{"uv":[7.5,6.5,8.25,7.25],"texture":"#2","tintindex":0},"west":{"uv":[4.5,0,7.25,0.75],"texture":"#2","tintindex":0},"up":{"uv":[2.25,7.75,1.5,5],"texture":"#2","tintindex":0},"down":{"uv":[5.75,1.5,5,4.25],"texture":"#2","tintindex":0}}},{"from":[7.6375,-10.96339,8.97856],"to":[8.3625,-10.21339,10.72856],"rotation":{"angle":-45,"axis":"x","origin":[8,-10.58839,11.10356]},"faces":{"north":{"uv":[8,0,8.75,0.75],"texture":"#2","tintindex":0},"east":{"uv":[3,5,4.75,5.75],"texture":"#2","tintindex":0},"south":{"uv":[8,1.5,8.75,2.25],"texture":"#2","tintindex":0},"west":{"uv":[5.5,5,7.25,5.75],"texture":"#2","tintindex":0},"up":{"uv":[7.25,3.25,6.5,1.5],"texture":"#2","tintindex":0},"down":{"uv":[3.75,6.5,3,8.25],"texture":"#2","tintindex":0}}}],"gui_light":"front","display":{"thirdperson_righthand":{"rotation":[50,-87,0],"translation":[0,1.75,2.5],"scale":[0.7,0.7,0.7]},"thirdperson_lefthand":{"rotation":[60,0,0],"translation":[-5.5,-10.25,6]},"firstperson_righthand":{"rotation":[39,180,17],"translation":[-0.5,4.75,3.25],"scale":[0.7,0.7,0.7]},"firstperson_lefthand":{"translation":[1.25,6.75,1.75],"scale":[0,0,0]},"ground":{"translation":[0,3,0],"scale":[1.5,1.5,1.5]},"gui":{"rotation":[35,135,0],"translation":[-0.25,48,0],"scale":[3,3,3]},"head":{"translation":[0,-58.75,10.5],"scale":[3.2,3.2,3.2]},"fixed":{"rotation":[0,180,0],"translation":[0,8.25,-17],"scale":[3,3,3]}},"mcmodels":"845e7b3e2f126729e9ddce77087b1004"}