{"credit":"Pologony Creation Co.,Ltd.","texture_size":[24,24],"textures":{"0":"ero_feral_fantasy_set:wolf_tail","particle":"ero_feral_fantasy_set:wolf_tail"},"elements":[{"from":[7.125,-12.4637,5.026],"to":[9.125,-10.4637,8.52601],"rotation":{"angle":45,"axis":"x","origin":[8,-11.46819,7.8142]},"faces":{"north":{"uv":[0,6.66667,2.33333,9],"texture":"#0","tintindex":0},"east":{"uv":[4.33333,3.33333,0,5.66667],"texture":"#0","tintindex":0},"south":{"uv":[8.66667,0,11,2.33333],"texture":"#0","tintindex":0},"west":{"uv":[0,3.33333,4.33333,5.66667],"texture":"#0","tintindex":0},"up":{"uv":[7.66667,4.33333,5.33333,0],"texture":"#0","tintindex":0},"down":{"uv":[7.66667,0,5.33333,4.33333],"texture":"#0","tintindex":0}}},{"from":[7.375,-12.2137,4.526],"to":[8.875,-10.7137,5.52601],"rotation":{"angle":45,"axis":"x","origin":[8,-11.46819,7.8142]},"faces":{"north":{"uv":[0,6.66667,1.66667,8.33334],"texture":"#0","tintindex":0},"east":{"uv":[1,6.66666,0,8.33333],"texture":"#0","tintindex":0},"south":{"uv":[0,6.66667,1.66667,8.33333],"texture":"#0","tintindex":0},"west":{"uv":[0,6.66666,1,8.33333],"texture":"#0","tintindex":0},"up":{"uv":[1,8.33333,0,6.66667],"rotation":90,"texture":"#0","tintindex":0},"down":{"uv":[0,8.33333,1,6.66667],"rotation":90,"texture":"#0","tintindex":0}}},{"from":[7.375,-13.54293,7.2916],"to":[8.875,-11.16793,8.7916],"rotation":{"angle":-45,"axis":"x","origin":[8,-11.66873,8.0911]},"faces":{"north":{"uv":[10.33333,8.66667,8.66667,11.33333],"rotation":180,"texture":"#0","tintindex":0},"east":{"uv":[11.33333,6,8.66667,7.66667],"rotation":270,"texture":"#0","tintindex":0},"south":{"uv":[10.33333,11.33333,8.66667,8.66667],"texture":"#0","tintindex":0},"west":{"uv":[8.66667,6,11.33333,7.66667],"rotation":90,"texture":"#0","tintindex":0},"up":{"uv":[2.66667,10,4.33333,11.66667],"rotation":180,"texture":"#0","tintindex":0},"down":{"uv":[5.33333,10.66667,7,12.33333],"texture":"#0","tintindex":0}}},{"name":"cube inverted","from":[8.875,-11.16793,8.7916],"to":[7.375,-13.54293,7.2916],"rotation":{"angle":-45,"axis":"x","origin":[8,-11.66873,8.0911]},"faces":{"north":{"uv":[10.33333,8.66667,8.66667,11.33333],"texture":"#0","tintindex":0},"east":{"uv":[11.33333,6,8.66667,7.66667],"rotation":90,"texture":"#0","tintindex":0},"south":{"uv":[10.33333,11.33333,8.66667,8.66667],"rotation":180,"texture":"#0","tintindex":0},"west":{"uv":[8.66667,6,11.33333,7.66667],"rotation":270,"texture":"#0","tintindex":0},"up":{"uv":[7,10.66667,5.33333,12.33333],"texture":"#0","tintindex":0},"down":{"uv":[4.33333,10,2.66667,11.66667],"rotation":180,"texture":"#0","tintindex":0}}}],"gui_light":"front","display":{"thirdperson_righthand":{"rotation":[50,-87,0],"translation":[0,1.25,0.25],"scale":[0.7,0.7,0.7]},"thirdperson_lefthand":{"rotation":[64.75,0,0],"translation":[-5.5,-11.25,3.25]},"firstperson_righthand":{"rotation":[34,180,64],"translation":[-0.5,4.75,3.25],"scale":[0.7,0.7,0.7]},"firstperson_lefthand":{"translation":[0,6.75,2.75],"scale":[0,0,0]},"ground":{"translation":[0,5,0],"scale":[1.5,1.5,1.5]},"gui":{"rotation":[0.65,79.71,143.61],"translation":[-4.25,-46.75,0],"scale":[3,3,3]},"head":{"translation":[0,-66.5,9.25],"scale":[3.2,3.2,3.2]},"fixed":{"rotation":[0,180,0],"translation":[0,-0.25,-18.25],"scale":[3,3,3]}},"mcmodels":"845e7b3e2f126729e9ddce77087b1004"}