{"credit":"Pologony Creation Co.,Ltd.","texture_size":[24,24],"textures":{"1":"ero_feral_fantasy_set:wolf_ears","particle":"ero_feral_fantasy_set:wolf_ears"},"elements":[{"from":[3,4.25,7],"to":[4,8.25,9],"rotation":{"angle":0,"axis":"y","origin":[6,11.5,14]},"faces":{"north":{"uv":[1.33333,10,2,12.66667],"texture":"#1","tintindex":0},"east":{"uv":[2,6.66667,3.33333,9.33333],"texture":"#1","tintindex":0},"south":{"uv":[2.66667,10,3.33333,12.66667],"texture":"#1","tintindex":0},"west":{"uv":[4,6.66667,5.33333,9.33333],"texture":"#1","tintindex":0},"up":{"uv":[6.66667,11.33333,6,10],"texture":"#1","tintindex":0},"down":{"uv":[8,10,7.33333,11.33333],"texture":"#1","tintindex":0}}},{"from":[4,7.25,7],"to":[12,8.25,9],"rotation":{"angle":0,"axis":"y","origin":[7.25,11.5,14]},"faces":{"north":{"uv":[6.66667,3.33333,12,4],"texture":"#1","tintindex":0},"east":{"uv":[10,8,11.33333,8.66667],"texture":"#1","tintindex":0},"south":{"uv":[6,6.66667,11.33333,7.33333],"texture":"#1","tintindex":0},"west":{"uv":[10,9.33333,11.33333,10],"texture":"#1","tintindex":0},"up":{"uv":[5.33333,6,0,4.66667],"texture":"#1","tintindex":0},"down":{"uv":[11.33333,4.66667,6,6],"texture":"#1","tintindex":0}}},{"from":[12,4.25,7],"to":[13,8.25,9],"rotation":{"angle":0,"axis":"y","origin":[10,11.5,14]},"faces":{"north":{"uv":[2,10,1.33333,12.66667],"texture":"#1","tintindex":0},"east":{"uv":[5.33333,6.66667,4,9.33333],"texture":"#1","tintindex":0},"south":{"uv":[3.33333,10,2.66667,12.66667],"texture":"#1","tintindex":0},"west":{"uv":[3.33333,6.66667,2,9.33333],"texture":"#1","tintindex":0},"up":{"uv":[6,11.33333,6.66667,10],"texture":"#1","tintindex":0},"down":{"uv":[7.33333,10,8,11.33333],"texture":"#1","tintindex":0}}},{"from":[10.59672,7.2294,7.525],"to":[12.59672,12.2294,8.525],"rotation":{"angle":-22.5,"axis":"z","origin":[11.09672,9.2294,8.025]},"faces":{"north":{"uv":[1.33333,6.66667,0,10],"texture":"#1","tintindex":0},"east":{"uv":[0.66667,10,0,13.33333],"texture":"#1","tintindex":0},"south":{"uv":[8,0,6.66667,3.33333],"texture":"#1","tintindex":0},"west":{"uv":[9.33334,8,8.66667,11.33333],"texture":"#1","tintindex":0},"up":{"uv":[8.66667,2.66667,10,2],"texture":"#1","tintindex":0},"down":{"uv":[4,10,5.33333,10.66667],"texture":"#1","tintindex":0}}},{"from":[10.25,7,7.525],"to":[14.25,13,7.525],"rotation":{"angle":-22.5,"axis":"z","origin":[11.75,9.5,8.025]},"faces":{"north":{"uv":[2.66667,0,0,4],"texture":"#1","tintindex":0},"east":{"uv":[4.66667,11.33333,4.66667,15.33333],"texture":"#1","tintindex":0},"south":{"uv":[6,0,3.33333,4],"texture":"#1","tintindex":0},"west":{"uv":[4,11.33333,4,15.33333],"texture":"#1","tintindex":0},"up":{"uv":[11.33333,0,14,0],"texture":"#1","tintindex":0},"down":{"uv":[11.33333,0.66667,14,0.66667],"texture":"#1","tintindex":0}}},{"from":[9.75,8.17388,6.86732],"to":[12.75,10.17388,6.86732],"rotation":{"angle":-22.5,"axis":"x","origin":[11.25,9.17388,6.86732]},"faces":{"north":{"uv":[8,8,6,9.33333],"texture":"#1","tintindex":0},"east":{"uv":[10.66667,10.66667,10.66667,12],"texture":"#1","tintindex":0},"south":{"uv":[6,8,8,9.33333],"texture":"#1","tintindex":0},"west":{"uv":[10,10.66667,10,12],"texture":"#1","tintindex":0},"up":{"uv":[10.66667,2,12.66667,2],"texture":"#1","tintindex":0},"down":{"uv":[10.66667,2.66667,12.66667,2.66667],"texture":"#1","tintindex":0}}},{"from":[3.40328,7.2294,7.525],"to":[5.40328,12.2294,8.525],"rotation":{"angle":22.5,"axis":"z","origin":[4.90328,9.2294,8.025]},"faces":{"north":{"uv":[0,6.66667,1.33333,10],"texture":"#1","tintindex":0},"east":{"uv":[8.66667,8,9.33334,11.33333],"texture":"#1","tintindex":0},"south":{"uv":[6.66667,0,8,3.33333],"texture":"#1","tintindex":0},"west":{"uv":[0,10,0.66667,13.33333],"texture":"#1","tintindex":0},"up":{"uv":[10,2.66667,8.66667,2],"texture":"#1","tintindex":0},"down":{"uv":[5.33333,10,4,10.66667],"texture":"#1","tintindex":0}}},{"from":[1.75,7,7.525],"to":[5.75,13,7.525],"rotation":{"angle":22.5,"axis":"z","origin":[4.25,9.5,8.025]},"faces":{"north":{"uv":[0,0,2.66667,4],"texture":"#1","tintindex":0},"east":{"uv":[4,11.33333,4,15.33333],"texture":"#1","tintindex":0},"south":{"uv":[3.33333,0,6,4],"texture":"#1","tintindex":0},"west":{"uv":[4.66667,11.33333,4.66667,15.33333],"texture":"#1","tintindex":0},"up":{"uv":[14,0,11.33333,0],"texture":"#1","tintindex":0},"down":{"uv":[14,0.66667,11.33333,0.66667],"texture":"#1","tintindex":0}}},{"from":[3.25,8.09776,7.25],"to":[6.25,10.09776,7.25],"rotation":{"angle":-22.5,"axis":"x","origin":[4.75,8.17388,6.86732]},"faces":{"north":{"uv":[6,8,8,9.33333],"texture":"#1","tintindex":0},"east":{"uv":[10,10.66667,10,12],"texture":"#1","tintindex":0},"south":{"uv":[8,8,6,9.33333],"texture":"#1","tintindex":0},"west":{"uv":[10.66667,10.66667,10.66667,12],"texture":"#1","tintindex":0},"up":{"uv":[12.66667,2,10.66667,2],"texture":"#1","tintindex":0},"down":{"uv":[12.66667,2.66667,10.66667,2.66667],"texture":"#1","tintindex":0}}}],"gui_light":"front","display":{"thirdperson_righthand":{"rotation":[0,138,0],"translation":[-1.5,1.5,-1],"scale":[0.5,0.5,0.5]},"thirdperson_lefthand":{"rotation":[0,138,0],"translation":[-1.5,1.5,-1],"scale":[0.5,0.5,0.5]},"firstperson_righthand":{"rotation":[0,138,0],"translation":[3.25,1.5,-1],"scale":[0.5,0.5,0.5]},"firstperson_lefthand":{"rotation":[0,138,0],"translation":[3.25,1.5,-1],"scale":[0.5,0.5,0.5]},"ground":{"translation":[0,1.5,0],"scale":[1.5,1.5,1.5]},"gui":{"rotation":[35,135,0],"translation":[0,0.25,0],"scale":[1.5,1.5,1.5]},"head":{"translation":[0,7.25,0],"scale":[1.6,1.6,1.6]},"fixed":{"rotation":[-90,0,0],"translation":[0,0,-7.75],"scale":[2,2,2]}},"mcmodels":"845e7b3e2f126729e9ddce77087b1004"}