{"textures​":{"layer0":"minecraft:item/smooth_red_sandstone_stairs"},"credit":"Cha_Shao, XiaoMoMi","\u0074\u0065\u0078\u0074\u0075\u0072\u0065\u0073":{"0":"\u0063\u0075\u0073\u0074\u006f\u006d\u0063\u0072\u006f\u0070\u0073:\u0069\u0074\u0065\u006d/\u0062\u0061\u0073\u0069\u0063\u0073/\u0063\u0072\u006f\u0077_\u0073\u0074\u0061\u006e\u0064","\u0070\u0061\u0072\u0074\u0069\u0063\u006c\u0065":"\u0063\u0075\u0073\u0074\u006f\u006d\u0063\u0072\u006f\u0070\u0073:\u0069\u0074\u0065\u006d/\u0062\u0061\u0073\u0069\u0063\u0073/\u0063\u0072\u006f\u0077_\u0073\u0074\u0061\u006e\u0064"},"elements":[{"from":[6,0,6],"to":[10,7,10],"rotation":{"angle":-22.5,"axis":"x","origin":[0,0,0]},"faces":{"north":{"uv":[0,0,4,7],"texture":"#0","tintindex":0},"east":{"uv":[8,0,4,7],"texture":"#0","tintindex":0},"south":{"uv":[8,0,12,7],"texture":"#0","tintindex":0},"west":{"uv":[4,0,8,7],"texture":"#0","tintindex":0},"up":{"uv":[3,6,4,7],"texture":"#0","tintindex":0},"down":{"uv":[3,6,4,7],"texture":"#0","tintindex":0}}},{"from":[6.5,9,2.5],"to":[9.5,12,6.5],"rotation":{"angle":0,"axis":"x","origin":[8,10,2]},"faces":{"north":{"uv":[12,3,15,6],"texture":"#0","tintindex":0},"east":{"uv":[16,0,12,3],"texture":"#0","tintindex":0},"south":{"uv":[12,3,15,6],"texture":"#0","tintindex":0},"west":{"uv":[12,0,16,3],"texture":"#0","tintindex":0},"up":{"uv":[0,13,4,16],"rotation":90,"texture":"#0","tintindex":0},"down":{"uv":[0,13,4,16],"rotation":90,"texture":"#0","tintindex":0}}},{"from":[7,10,2],"to":[9,12,6],"rotation":{"angle":-22.5,"axis":"x","origin":[8,10,2]},"faces":{"north":{"uv":[1,4,3,6],"texture":"#0","tintindex":0},"east":{"uv":[5,0,7,4],"rotation":270,"texture":"#0","tintindex":0},"south":{"uv":[1,5,3,7],"texture":"#0","tintindex":0},"west":{"uv":[5,4,7,0],"rotation":270,"texture":"#0","tintindex":0},"up":{"uv":[1,1,3,5],"texture":"#0","tintindex":0},"down":{"uv":[0,0,2,4],"texture":"#0"}}},{"from":[6.975,9,-1],"to":[9.025,11,3],"rotation":{"angle":-22.5,"axis":"x","origin":[8,10,2]},"faces":{"north":{"uv":[15,6,16,8],"texture":"#0"},"east":{"uv":[12,6,16,8],"texture":"#0"},"south":{"uv":[0,0,2,2],"texture":"#0"},"west":{"uv":[16,6,12,8],"texture":"#0"},"up":{"uv":[12,8,16,10],"rotation":270,"texture":"#0"},"down":{"uv":[12,7,16,9],"rotation":90,"texture":"#0"}}},{"from":[5,-5,7],"to":[6,3,11],"rotation":{"angle":-45,"axis":"x","origin":[0,0,0]},"faces":{"north":{"uv":[4,8,5,16],"texture":"#0","tintindex":0},"east":{"uv":[9,8,5,16],"texture":"#0","tintindex":0},"south":{"uv":[9,8,10,16],"texture":"#0","tintindex":0},"west":{"uv":[5,8,9,16],"texture":"#0","tintindex":0},"up":{"uv":[5,7,9,8],"rotation":90,"texture":"#0","tintindex":0}}},{"from":[10,-5,7],"to":[11,3,11],"rotation":{"angle":-45,"axis":"x","origin":[16,0,0]},"faces":{"north":{"uv":[5,8,4,16],"texture":"#0","tintindex":0},"east":{"uv":[9,8,5,16],"texture":"#0","tintindex":0},"south":{"uv":[10,8,9,16],"texture":"#0","tintindex":0},"west":{"uv":[5,8,9,16],"texture":"#0","tintindex":0},"up":{"uv":[5,8,9,7],"rotation":90,"texture":"#0","tintindex":0}}},{"from":[6,-10.7,9.3],"to":[10,-3.7,9.3],"rotation":{"angle":-45,"axis":"x","origin":[0,0,0]},"faces":{"north":{"uv":[4,6,0,13],"texture":"#0","tintindex":0},"east":{"uv":[0,0,0,7],"texture":"#0"},"south":{"uv":[0,6,4,13],"texture":"#0","tintindex":0},"west":{"uv":[0,0,0,7],"texture":"#0"},"up":{"uv":[0,0,4,0],"texture":"#0"},"down":{"uv":[0,0,4,0],"texture":"#0"}}}],"display":{"head":{"translation":[0,-35,0],"scale":[1.6,1.6,1.6]}}}