{"credit":"Made with Blockbench","textures":{"0":"lunar_studios:enderkariz/block_wars/sabers/blue_saber","particle":"lunar_studios:enderkariz/block_wars/sabers/blue_saber"},"elements":[{"from":[7.25,6,8.25],"to":[7.75,9,8.75],"rotation":{"angle":45,"axis":"y","origin":[7.5,7.5,8.5]},"faces":{"north":{"uv":[0,0,0.5,3],"texture":"#0"},"east":{"uv":[0.5,0,0,3],"texture":"#0"},"south":{"uv":[0,0,0.5,3],"texture":"#0"},"west":{"uv":[0.5,0,0,3],"texture":"#0"},"up":{"uv":[0,0,0.25,0.25],"texture":"#0"},"down":{"uv":[0,0,0.25,0.25],"texture":"#0"}}},{"from":[7.205,5.955,8.205],"to":[7.795,9.045,8.795],"rotation":{"angle":45,"axis":"y","origin":[7.5,7.5,8.5]},"faces":{"north":{"uv":[0,3.25,0.5,6.25],"texture":"#0"},"east":{"uv":[0.5,3.25,0,6.25],"texture":"#0"},"south":{"uv":[0,3.25,0.5,6.25],"texture":"#0"},"west":{"uv":[0.5,3.25,0,6.25],"texture":"#0"},"up":{"uv":[0,3.25,0.25,3.5],"texture":"#0"},"down":{"uv":[0,3.25,0.25,3.5],"texture":"#0"}}},{"from":[7.375,8.5,8.75],"to":[7.625,9,9],"rotation":{"angle":0,"axis":"y","origin":[7.5,7.5,8.5]},"faces":{"north":{"uv":[0.75,0.25,1,0.5],"texture":"#0"},"east":{"uv":[0.75,0.25,1,0.5],"texture":"#0"},"south":{"uv":[0.75,0.25,1,0.5],"texture":"#0"},"west":{"uv":[0.75,0.25,1,0.5],"texture":"#0"},"up":{"uv":[0.75,0.25,1,0.5],"texture":"#0"},"down":{"uv":[0.75,0.25,1,0.5],"texture":"#0"}}},{"from":[7.125,6.25,8.125],"to":[7.875,6.75,8.875],"rotation":{"angle":45,"axis":"y","origin":[7.5,10.375,8.5]},"faces":{"north":{"uv":[0.75,0,1.5,0.5],"texture":"#0"},"east":{"uv":[1.5,0,0.75,0.5],"texture":"#0"},"south":{"uv":[0.75,0,1.5,0.5],"texture":"#0"},"west":{"uv":[1.5,0,0.75,0.5],"texture":"#0"},"up":{"uv":[0.75,0.75,1.5,1.5],"texture":"#0"},"down":{"uv":[0.75,0.25,1,0.5],"texture":"#0"}}},{"from":[7.125,9,8.125],"to":[7.875,10,8.875],"rotation":{"angle":45,"axis":"y","origin":[7.5,10.375,8.5]},"faces":{"north":{"uv":[3.75,3.75,3,4.75],"texture":"#0"},"east":{"uv":[3,3.75,3.75,4.75],"texture":"#0"},"south":{"uv":[3.75,3.75,3,4.75],"texture":"#0"},"west":{"uv":[3,3.75,3.75,4.75],"texture":"#0"},"up":{"uv":[3.5,3.75,3.75,4],"texture":"#0"},"down":{"uv":[3.5,3.75,3.75,4],"texture":"#0"}}},{"from":[7.075,8.95,8.075],"to":[7.925,10.05,8.925],"rotation":{"angle":45,"axis":"y","origin":[7.5,10.375,8.5]},"faces":{"north":{"uv":[3.75,1.25,3,2.25],"texture":"#0"},"east":{"uv":[3,1.25,3.75,2.25],"texture":"#0"},"south":{"uv":[3.75,1.25,3,2.25],"texture":"#0"},"west":{"uv":[3,1.25,3.75,2.25],"texture":"#0"},"up":{"uv":[3.5,1.25,3.75,1.5],"texture":"#0"},"down":{"uv":[3.5,1.25,3.75,1.5],"texture":"#0"}}},{"from":[7.30178,9.82322,8.125],"to":[8.05178,10.57322,8.875],"rotation":{"angle":-45,"axis":"z","origin":[7.5,10.375,8.5]},"faces":{"north":{"uv":[2,2,2.75,2.75],"texture":"#0"},"east":{"uv":[2,3.75,2.75,4.5],"texture":"#0"},"south":{"uv":[2,2,2.75,2.75],"rotation":270,"texture":"#0"},"west":{"uv":[2,2.75,2.75,3.5],"texture":"#0"},"up":{"uv":[2,2.75,2.75,3.5],"rotation":270,"texture":"#0"},"down":{"uv":[2,3.75,2.75,4.5],"rotation":270,"texture":"#0"}}},{"from":[7.25,3,8.25],"to":[7.75,6,8.75],"rotation":{"angle":45,"axis":"y","origin":[7.5,4.5,8.5]},"faces":{"north":{"uv":[0,3,0.5,0],"texture":"#0"},"east":{"uv":[0.5,3,0,0],"texture":"#0"},"south":{"uv":[0,3,0.5,0],"texture":"#0"},"west":{"uv":[0.5,3,0,0],"texture":"#0"},"up":{"uv":[0,0.25,0.25,0],"texture":"#0"},"down":{"uv":[0,0.25,0.25,0],"texture":"#0"}}},{"from":[7.205,2.955,8.205],"to":[7.795,6.045,8.795],"rotation":{"angle":45,"axis":"y","origin":[7.5,4.5,8.5]},"faces":{"north":{"uv":[0,6.25,0.5,3.25],"texture":"#0"},"east":{"uv":[0.5,6.25,0,3.25],"texture":"#0"},"south":{"uv":[0,6.25,0.5,3.25],"texture":"#0"},"west":{"uv":[0.5,6.25,0,3.25],"texture":"#0"},"up":{"uv":[0,3.5,0.25,3.25],"texture":"#0"},"down":{"uv":[0,3.5,0.25,3.25],"texture":"#0"}}},{"from":[7.375,3,8.75],"to":[7.625,3.5,9],"rotation":{"angle":0,"axis":"y","origin":[7.5,4.5,8.5]},"faces":{"north":{"uv":[0.75,0.5,1,0.25],"texture":"#0"},"east":{"uv":[0.75,0.5,1,0.25],"texture":"#0"},"south":{"uv":[0.75,0.5,1,0.25],"texture":"#0"},"west":{"uv":[0.75,0.5,1,0.25],"texture":"#0"},"up":{"uv":[0.75,0.5,1,0.25],"texture":"#0"},"down":{"uv":[0.75,0.5,1,0.25],"texture":"#0"}}},{"from":[7.125,5.25,8.125],"to":[7.875,5.75,8.875],"rotation":{"angle":45,"axis":"y","origin":[7.5,1.625,8.5]},"faces":{"north":{"uv":[0.75,0.5,1.5,0],"texture":"#0"},"east":{"uv":[1.5,0.5,0.75,0],"texture":"#0"},"south":{"uv":[0.75,0.5,1.5,0],"texture":"#0"},"west":{"uv":[1.5,0.5,0.75,0],"texture":"#0"},"up":{"uv":[0.75,0.5,1,0.25],"texture":"#0"},"down":{"uv":[0.75,1.5,1.5,0.75],"texture":"#0"}}},{"from":[7.125,2,8.125],"to":[7.875,3,8.875],"rotation":{"angle":45,"axis":"y","origin":[7.5,1.625,8.5]},"faces":{"north":{"uv":[3.75,4.75,3,3.75],"texture":"#0"},"east":{"uv":[3,4.75,3.75,3.75],"texture":"#0"},"south":{"uv":[3.75,4.75,3,3.75],"texture":"#0"},"west":{"uv":[3,4.75,3.75,3.75],"texture":"#0"},"up":{"uv":[3.5,4,3.75,3.75],"texture":"#0"},"down":{"uv":[3.5,4,3.75,3.75],"texture":"#0"}}},{"from":[7.075,1.95,8.075],"to":[7.925,3.05,8.925],"rotation":{"angle":45,"axis":"y","origin":[7.5,1.625,8.5]},"faces":{"north":{"uv":[3.75,2.25,3,1.25],"texture":"#0"},"east":{"uv":[3,2.25,3.75,1.25],"texture":"#0"},"south":{"uv":[3.75,2.25,3,1.25],"texture":"#0"},"west":{"uv":[3,2.25,3.75,1.25],"texture":"#0"},"up":{"uv":[3.5,1.5,3.75,1.25],"texture":"#0"},"down":{"uv":[3.5,1.5,3.75,1.25],"texture":"#0"}}},{"from":[7.30178,1.42678,8.125],"to":[8.05178,2.17678,8.875],"rotation":{"angle":45,"axis":"z","origin":[7.5,1.625,8.5]},"faces":{"north":{"uv":[2,2.75,2.75,2],"texture":"#0"},"east":{"uv":[2,4.5,2.75,3.75],"texture":"#0"},"south":{"uv":[2.75,2,2,2.75],"rotation":270,"texture":"#0"},"west":{"uv":[2,3.5,2.75,2.75],"texture":"#0"},"up":{"uv":[2.75,3.75,2,4.5],"rotation":270,"texture":"#0"},"down":{"uv":[2.75,2.75,2,3.5],"rotation":270,"texture":"#0"}}}],"display":{"thirdperson_righthand":{"rotation":[-5.75,80,0],"translation":[-1.25,1.75,-0.75],"scale":[2,2,2]},"thirdperson_lefthand":{"rotation":[-6,80,0],"translation":[-1.25,2,1.25],"scale":[2,2,2]},"firstperson_righthand":{"rotation":[-5,84.25,0],"translation":[1.75,4.25,0],"scale":[1.2,1.2,1.2]},"firstperson_lefthand":{"rotation":[-5,84.25,0],"translation":[2,4.25,0.25],"scale":[1.2,1.2,1.2]},"ground":{"translation":[0,5.5,0]},"gui":{"rotation":[34.5,-35,0],"translation":[1.25,1.5,0]},"fixed":{"translation":[1,4.75,-3],"scale":[3,3,3]}},"mcmodels":"8630017fd8ddb2649c493e1aae55d74e"}