{"credit":"Made with Blockbench","textures":{"0":"lunar_studios:enderkariz/block_wars/sabers/purple_saber","particle":"lunar_studios:enderkariz/block_wars/sabers/purple_saber"},"elements":[{"from":[7,0,8],"to":[8,6,9],"rotation":{"angle":45,"axis":"y","origin":[7.5,3,8.5]},"faces":{"north":{"uv":[0,0,0.5,3],"texture":"#0"},"east":{"uv":[0.5,0,0,3],"texture":"#0"},"south":{"uv":[0,0,0.5,3],"texture":"#0"},"west":{"uv":[0.5,0,0,3],"texture":"#0"},"up":{"uv":[0,0,0.25,0.25],"texture":"#0"},"down":{"uv":[0,0,0.25,0.25],"texture":"#0"}}},{"from":[6.91,-0.09,7.91],"to":[8.09,6.09,9.09],"rotation":{"angle":45,"axis":"y","origin":[7.5,3,8.5]},"faces":{"north":{"uv":[0,3.25,0.5,6.25],"texture":"#0"},"east":{"uv":[0.5,3.25,0,6.25],"texture":"#0"},"south":{"uv":[0,3.25,0.5,6.25],"texture":"#0"},"west":{"uv":[0.5,3.25,0,6.25],"texture":"#0"},"up":{"uv":[0,3.25,0.25,3.5],"texture":"#0"},"down":{"uv":[0,3.25,0.25,3.5],"texture":"#0"}}},{"from":[7.25,4,9],"to":[7.75,5,9.5],"rotation":{"angle":0,"axis":"y","origin":[7.5,3,8.5]},"faces":{"north":{"uv":[0.75,0.25,1,0.5],"texture":"#0"},"east":{"uv":[0.75,0.25,1,0.5],"texture":"#0"},"south":{"uv":[0.75,0.25,1,0.5],"texture":"#0"},"west":{"uv":[0.75,0.25,1,0.5],"texture":"#0"},"up":{"uv":[0.75,0.25,1,0.5],"texture":"#0"},"down":{"uv":[0.75,0.25,1,0.5],"texture":"#0"}}},{"from":[6.75,-0.5,7.75],"to":[8.25,0.5,9.25],"rotation":{"angle":45,"axis":"y","origin":[7.5,7.75,8.5]},"faces":{"north":{"uv":[0.75,0,1.5,0.5],"texture":"#0"},"east":{"uv":[1.5,0,0.75,0.5],"texture":"#0"},"south":{"uv":[0.75,0,1.5,0.5],"texture":"#0"},"west":{"uv":[1.5,0,0.75,0.5],"texture":"#0"},"up":{"uv":[0.75,0.75,1.5,1.5],"texture":"#0"},"down":{"uv":[0.75,0.75,1.5,1.5],"texture":"#0"}}},{"from":[6.65,-0.6,7.65],"to":[8.35,0.6,9.35],"rotation":{"angle":45,"axis":"y","origin":[7.5,7.75,8.5]},"faces":{"north":{"uv":[3,3.75,3.75,4.25],"texture":"#0"},"east":{"uv":[3.75,3.75,3,4.25],"texture":"#0"},"south":{"uv":[3,3.75,3.75,4.25],"texture":"#0"},"west":{"uv":[3.75,3.75,3,4.25],"texture":"#0"},"up":{"uv":[3,4.5,3.75,5.25],"texture":"#0"},"down":{"uv":[3,4.5,3.75,5.25],"texture":"#0"}}},{"from":[6.5,-1.5,7.5],"to":[8.5,-0.5,9.5],"rotation":{"angle":0,"axis":"y","origin":[7.5,8.75,8.5]},"faces":{"north":{"uv":[1.75,0,2.75,0.5],"texture":"#0"},"east":{"uv":[1.75,0,2.75,0.5],"texture":"#0"},"south":{"uv":[1.75,0,2.75,0.5],"texture":"#0"},"west":{"uv":[1.75,0,2.75,0.5],"texture":"#0"},"up":{"uv":[1.75,0.75,2.75,1.75],"texture":"#0"},"down":{"uv":[3,0,4,1],"texture":"#0"}}},{"from":[6.75,6,7.75],"to":[8.25,8,9.25],"rotation":{"angle":45,"axis":"y","origin":[7.5,8.75,8.5]},"faces":{"north":{"uv":[2.75,2.5,2,3.5],"texture":"#0"},"east":{"uv":[2,2.5,2.75,3.5],"texture":"#0"},"south":{"uv":[2.75,2.5,2,3.5],"texture":"#0"},"west":{"uv":[2,2.5,2.75,3.5],"texture":"#0"},"up":{"uv":[2.5,2.5,2.75,2.75],"texture":"#0"},"down":{"uv":[2.5,2.5,2.75,2.75],"texture":"#0"}}},{"from":[6.5,8,7.5],"to":[8.5,8.5,9.5],"rotation":{"angle":45,"axis":"y","origin":[7.5,8.75,8.5]},"faces":{"north":{"uv":[1.75,2,0.75,2.25],"texture":"#0"},"east":{"uv":[0.75,2,1.75,2.25],"texture":"#0"},"south":{"uv":[1.75,2,0.75,2.25],"texture":"#0"},"west":{"uv":[0.75,2,1.75,2.25],"texture":"#0"},"up":{"uv":[0.75,2.5,1.75,3.5],"texture":"#0"},"down":{"uv":[0.75,2.5,1.75,3.5],"rotation":90,"texture":"#0"}}},{"from":[6.65,5.9,7.65],"to":[8.35,8.1,9.35],"rotation":{"angle":45,"axis":"y","origin":[7.5,8.75,8.5]},"faces":{"north":{"uv":[3.75,1.25,3,2.25],"texture":"#0"},"east":{"uv":[3,1.25,3.75,2.25],"texture":"#0"},"south":{"uv":[3.75,1.25,3,2.25],"texture":"#0"},"west":{"uv":[3,1.25,3.75,2.25],"texture":"#0"},"up":{"uv":[3.5,1.25,3.75,1.5],"texture":"#0"},"down":{"uv":[3.5,1.25,3.75,1.5],"texture":"#0"}}}],"display":{"thirdperson_righthand":{"rotation":[0,80,0],"translation":[-0.75,3.25,0.75],"scale":[1.2,1.2,1.2]},"thirdperson_lefthand":{"rotation":[-165.75,80,0],"translation":[-1.75,-5.5,2.75],"scale":[1.3,1.3,1.3]},"firstperson_righthand":{"rotation":[0,84.25,0],"translation":[1.75,3.75,0]},"firstperson_lefthand":{"rotation":[0,84.25,0],"translation":[1.75,3.75,0]},"ground":{"translation":[0,11.25,0]},"gui":{"rotation":[47.18,-6.67,33.74],"translation":[2.25,-1.5,0],"scale":[0.55273,0.55273,0.55273]},"fixed":{"translation":[1,4.75,-3],"scale":[3,3,3]}},"mcmodels":"8630017fd8ddb2649c493e1aae55d74e"}