{"textures":{"0":"modelengine:entity/em_cklightsword","2":"modelengine:entity/em_cklightaura"},"elements":[{"from":[8.325,-5.2442627,4.2504582],"to":[8.575,19.255737,11.750458],"faces":{"east":{"uv":[6.0,1.75,9.75,14.0],"tintindex":0,"rotation":0,"texture":"#2"},"west":{"uv":[6.0,1.75,9.75,14.0],"tintindex":0,"rotation":0,"texture":"#2"}}},{"from":[8.45,-5.2442627,4.2504582],"to":[8.45,19.255737,11.750458],"faces":{"east":{"uv":[6.0,1.75,9.75,14.0],"tintindex":0,"rotation":0,"texture":"#0"},"west":{"uv":[6.0,1.75,9.75,14.0],"tintindex":0,"rotation":0,"texture":"#0"}}}],"display":{"head":{"rotation":[0.0,0.0,0.0]},"firstperson_righthand":{"rotation":[0.0,0.0,0.0]},"thirdperson_lefthand":{"rotation":[0.0,-0.0,-0.0]},"firstperson_lefthand":{"rotation":[0.0,-0.0,-0.0]},"fixed":{"rotation":[0.0,0.0,0.0]},"ground":{"rotation":[0.0,0.0,0.0]},"thirdperson_righthand":{"rotation":[0.0,0.0,0.0]},"gui":{"rotation":[-150.0,-75.0,-180.0]}}}