{"textures":{"0":"modelengine:brute/nocsy_skeleton_brute_skin"},"elements":[{"from":[6.5664716,6.0886946,5.6258206],"to":[10.191512,9.306135,9.1176605],"faces":{"east":{"uv":[10.0,12.625,10.375,13.0],"tintindex":0,"rotation":0,"texture":"#0"},"south":{"uv":[4.5,12.125,5.0,12.5],"tintindex":0,"rotation":0,"texture":"#0"},"north":{"uv":[10.75,12.0,11.25,12.375],"tintindex":0,"rotation":0,"texture":"#0"},"west":{"uv":[12.625,10.0,13.0,10.375],"tintindex":0,"rotation":0,"texture":"#0"},"up":{"uv":[12.625,9.75,12.125,9.375],"tintindex":0,"rotation":0,"texture":"#0"},"down":{"uv":[12.625,9.75,12.125,10.125],"tintindex":0,"rotation":0,"texture":"#0"}}},{"from":[5.276472,-10.301305,2.0358207],"to":[10.876472,-6.7013054,9.635821],"faces":{"east":{"uv":[10.625,5.5,11.5,5.875],"tintindex":0,"rotation":0,"texture":"#0"},"south":{"uv":[1.75,10.5,2.375,10.875],"tintindex":0,"rotation":0,"texture":"#0"},"north":{"uv":[9.625,2.375,10.25,2.75],"tintindex":0,"rotation":0,"texture":"#0"},"west":{"uv":[10.875,2.375,11.75,2.75],"tintindex":0,"rotation":0,"texture":"#0"},"up":{"uv":[4.75,10.25,4.125,9.375],"tintindex":0,"rotation":0,"texture":"#0"},"down":{"uv":[6.375,9.375,5.75,10.25],"tintindex":0,"rotation":0,"texture":"#0"}}},{"from":[7.4664717,-1.2113054,5.7258205],"to":[8.791512,8.006134,7.217661],"faces":{"east":{"uv":[6.125,12.625,6.25,13.75],"tintindex":0,"rotation":0,"texture":"#0"},"south":{"uv":[9.75,12.625,9.875,13.75],"tintindex":0,"rotation":0,"texture":"#0"},"north":{"uv":[4.375,12.625,4.5,13.75],"tintindex":0,"rotation":0,"texture":"#0"},"west":{"uv":[9.875,12.625,10.0,13.75],"tintindex":0,"rotation":0,"texture":"#0"},"up":{"uv":[11.75,2.375,11.625,2.25],"tintindex":0,"rotation":0,"texture":"#0"},"down":{"uv":[12.125,9.375,12.0,9.5],"tintindex":0,"rotation":0,"texture":"#0"}}},{"from":[7.476472,-2.2013054,8.235821],"to":[8.781511,7.996134,9.10766],"faces":{"east":{"uv":[0.0,12.625,0.125,13.875],"tintindex":0,"rotation":0,"texture":"#0"},"south":{"uv":[0.125,12.625,0.25,13.875],"tintindex":0,"rotation":0,"texture":"#0"},"north":{"uv":[5.75,12.5,5.875,13.75],"tintindex":0,"rotation":0,"texture":"#0"},"west":{"uv":[0.25,12.625,0.375,13.875],"tintindex":0,"rotation":0,"texture":"#0"},"up":{"uv":[4.625,11.625,4.5,11.5],"tintindex":0,"rotation":0,"texture":"#0"},"down":{"uv":[8.25,11.5,8.125,11.625],"tintindex":0,"rotation":0,"texture":"#0"}}},{"from":[5.566472,-8.011305,5.3258204],"to":[10.5864725,-0.9913056,9.345821],"faces":{"east":{"uv":[1.75,9.625,2.25,10.5],"tintindex":0,"rotation":0,"texture":"#0"},"south":{"uv":[7.5,9.5,8.125,10.375],"tintindex":0,"rotation":0,"texture":"#0"},"north":{"uv":[4.75,9.5,5.375,10.375],"tintindex":0,"rotation":0,"texture":"#0"},"west":{"uv":[9.875,5.875,10.375,6.75],"tintindex":0,"rotation":0,"texture":"#0"},"up":{"uv":[11.5,3.5,10.875,3.0],"tintindex":0,"rotation":0,"texture":"#0"},"down":{"uv":[6.25,10.875,5.625,11.375],"tintindex":0,"rotation":0,"texture":"#0"}}},{"from":[5.5764723,-7.0013056,4.3358207],"to":[10.576472,-6.0013056,9.335821],"faces":{"east":{"uv":[13.375,8.125,14.0,8.25],"tintindex":0,"rotation":0,"texture":"#0"},"south":{"uv":[8.875,13.375,9.5,13.5],"tintindex":0,"rotation":0,"texture":"#0"},"north":{"uv":[13.375,8.0,14.0,8.125],"tintindex":0,"rotation":0,"texture":"#0"},"west":{"uv":[13.375,9.625,14.0,9.75],"tintindex":0,"rotation":0,"texture":"#0"},"up":{"uv":[10.875,8.625,10.25,8.0],"tintindex":0,"rotation":0,"texture":"#0"},"down":{"uv":[11.0,0.75,10.375,1.375],"tintindex":0,"rotation":0,"texture":"#0"}},"rotation":{"origin":[8.076471,-8.501305,5.8358207],"angle":-22.5,"axis":"x"}},{"from":[5.0764723,-10.501305,1.8358207],"to":[11.076472,-9.401306,9.835821],"faces":{"east":{"uv":[12.875,0.5,13.75,0.625],"tintindex":0,"rotation":0,"texture":"#0"},"south":{"uv":[13.375,7.875,14.0,8.0],"tintindex":0,"rotation":0,"texture":"#0"},"north":{"uv":[7.875,13.375,8.5,13.5],"tintindex":0,"rotation":0,"texture":"#0"},"west":{"uv":[12.875,0.625,13.75,0.75],"tintindex":0,"rotation":0,"texture":"#0"},"up":{"uv":[7.0,10.25,6.375,9.375],"tintindex":0,"rotation":0,"texture":"#0"},"down":{"uv":[10.0,9.25,9.375,10.125],"tintindex":0,"rotation":0,"texture":"#0"}}}],"display":{"head":{"rotation":[0.0,0.0,0.0]},"firstperson_righthand":{"rotation":[0.0,0.0,0.0]},"thirdperson_lefthand":{"rotation":[0.0,-0.0,-0.0]},"firstperson_lefthand":{"rotation":[0.0,-0.0,-0.0]},"fixed":{"rotation":[0.0,0.0,0.0]},"ground":{"rotation":[0.0,0.0,0.0]},"thirdperson_righthand":{"rotation":[0.0,0.0,0.0]},"gui":{"rotation":[-150.0,-75.0,-180.0]}}}