{"textures":{"0":"modelengine:entity/r2d2"},"elements":[{"from":[5.4,5.4,6.9],"to":[6.6,6.6,10.1],"faces":{"east":{"uv":[11.25,0.5,12.0,0.75],"tintindex":0,"rotation":0,"texture":"#0"},"south":{"uv":[11.5,0.5,11.25,0.75],"tintindex":0,"rotation":0,"texture":"#0"},"north":{"uv":[12.0,0.5,11.75,0.75],"tintindex":0,"rotation":0,"texture":"#0"},"west":{"uv":[12.0,0.5,11.25,0.75],"tintindex":0,"rotation":0,"texture":"#0"},"up":{"uv":[12.0,0.75,11.25,0.5],"tintindex":0,"rotation":90,"texture":"#0"},"down":{"uv":[11.25,0.75,12.0,0.5],"tintindex":0,"rotation":90,"texture":"#0"}},"rotation":{"origin":[6.0,6.0,8.5],"angle":-45.0,"axis":"z"}},{"from":[5.5,6.5,6.5],"to":[7.5,10.5,10.5],"faces":{"east":{"uv":[15.0,1.0,14.0,0.0],"tintindex":0,"rotation":0,"texture":"#0"},"south":{"uv":[15.25,1.0,15.75,0.0],"tintindex":0,"rotation":0,"texture":"#0"},"north":{"uv":[14.0,2.0,15.0,2.5],"tintindex":0,"rotation":90,"texture":"#0"},"west":{"uv":[15.0,1.0,14.0,0.0],"tintindex":0,"rotation":0,"texture":"#0"},"up":{"uv":[15.0,1.75,14.0,1.25],"tintindex":0,"rotation":90,"texture":"#0"},"down":{"uv":[13.25,2.0,13.75,1.0],"tintindex":0,"rotation":0,"texture":"#0"}},"rotation":{"origin":[11.5,8.5,8.5],"angle":-45.0,"axis":"x"}},{"from":[5.5,5.5,7.0],"to":[6.5,6.5,10.0],"faces":{"east":{"uv":[11.25,0.25,12.0,0.5],"tintindex":0,"rotation":0,"texture":"#0"},"south":{"uv":[11.5,0.25,11.25,0.5],"tintindex":0,"rotation":0,"texture":"#0"},"north":{"uv":[12.0,0.25,11.75,0.5],"tintindex":0,"rotation":0,"texture":"#0"},"west":{"uv":[12.0,0.25,11.25,0.5],"tintindex":0,"rotation":0,"texture":"#0"},"up":{"uv":[12.0,0.5,11.25,0.25],"tintindex":0,"rotation":90,"texture":"#0"},"down":{"uv":[11.25,0.5,12.0,0.25],"tintindex":0,"rotation":90,"texture":"#0"}},"rotation":{"origin":[6.0,6.0,8.5],"angle":-45.0,"axis":"z"}},{"from":[5.25,6.25,6.25],"to":[7.75,10.75,10.75],"faces":{"east":{"uv":[12.5,2.75,11.5,1.75],"tintindex":0,"rotation":0,"texture":"#0"},"south":{"uv":[12.75,2.75,13.25,1.75],"tintindex":0,"rotation":0,"texture":"#0"},"north":{"uv":[11.5,3.75,12.5,4.25],"tintindex":0,"rotation":90,"texture":"#0"},"west":{"uv":[12.5,2.75,11.5,1.75],"tintindex":0,"rotation":0,"texture":"#0"},"up":{"uv":[12.5,3.5,11.5,3.0],"tintindex":0,"rotation":90,"texture":"#0"},"down":{"uv":[10.75,3.75,11.25,2.75],"tintindex":0,"rotation":0,"texture":"#0"}},"rotation":{"origin":[11.5,8.5,8.5],"angle":-45.0,"axis":"x"}},{"from":[6.5,1.5,7.5],"to":[7.5,6.5,9.5],"faces":{"east":{"uv":[12.5,0.0,13.0,1.25],"tintindex":0,"rotation":0,"texture":"#0"},"south":{"uv":[12.75,0.0,12.5,1.25],"tintindex":0,"rotation":0,"texture":"#0"},"north":{"uv":[13.0,0.0,12.75,1.25],"tintindex":0,"rotation":0,"texture":"#0"},"west":{"uv":[13.0,0.0,12.5,1.25],"tintindex":0,"rotation":0,"texture":"#0"},"up":{"uv":[13.0,0.25,12.5,0.0],"tintindex":0,"rotation":90,"texture":"#0"},"down":{"uv":[12.5,1.25,13.0,1.0],"tintindex":0,"rotation":90,"texture":"#0"}}}],"display":{"head":{"rotation":[0.0,0.0,0.0]},"firstperson_righthand":{"rotation":[0.0,0.0,0.0]},"thirdperson_lefthand":{"rotation":[0.0,-0.0,-0.0]},"firstperson_lefthand":{"rotation":[0.0,-0.0,-0.0]},"fixed":{"rotation":[0.0,0.0,0.0]},"ground":{"rotation":[0.0,0.0,0.0]},"thirdperson_righthand":{"rotation":[0.0,0.0,0.0]},"gui":{"rotation":[-150.0,-75.0,-180.0]}}}