{"textures":{"0":"modelengine:entity/r2d2"},"elements":[{"from":[8.375,7.95,6.625],"to":[9.375,8.95,9.625],"faces":{"east":{"uv":[11.25,0.25,12.0,0.5],"tintindex":0,"rotation":0,"texture":"#0"},"south":{"uv":[11.25,0.25,11.5,0.5],"tintindex":0,"rotation":0,"texture":"#0"},"north":{"uv":[11.75,0.25,12.0,0.5],"tintindex":0,"rotation":0,"texture":"#0"},"west":{"uv":[12.0,0.25,11.25,0.5],"tintindex":0,"rotation":0,"texture":"#0"},"up":{"uv":[12.0,0.25,11.25,0.5],"tintindex":0,"rotation":90,"texture":"#0"},"down":{"uv":[11.25,0.25,12.0,0.5],"tintindex":0,"rotation":90,"texture":"#0"}},"rotation":{"origin":[8.875,8.45,8.125],"angle":45.0,"axis":"z"}},{"from":[7.375,6.95,6.125],"to":[9.375,7.95,10.125],"faces":{"east":{"uv":[11.75,1.5,10.75,1.75],"tintindex":0,"rotation":0,"texture":"#0"},"south":{"uv":[10.75,1.5,10.25,1.75],"tintindex":0,"rotation":0,"texture":"#0"},"north":{"uv":[10.75,1.5,10.25,1.75],"tintindex":0,"rotation":0,"texture":"#0"},"west":{"uv":[11.75,1.5,12.75,1.75],"tintindex":0,"rotation":0,"texture":"#0"},"up":{"uv":[10.25,1.75,10.75,2.75],"tintindex":0,"rotation":0,"texture":"#0"},"down":{"uv":[10.75,1.75,10.25,2.75],"tintindex":0,"rotation":0,"texture":"#0"}}},{"from":[5.875,5.95,5.625],"to":[9.875,6.95,10.625],"faces":{"east":{"uv":[11.25,0.0,12.5,0.25],"tintindex":0,"rotation":0,"texture":"#0"},"south":{"uv":[10.25,0.0,11.25,0.25],"tintindex":0,"rotation":0,"texture":"#0"},"north":{"uv":[10.25,0.0,11.25,0.25],"tintindex":0,"rotation":0,"texture":"#0"},"west":{"uv":[12.5,0.0,11.25,0.25],"tintindex":0,"rotation":0,"texture":"#0"},"up":{"uv":[10.25,1.5,11.25,0.25],"tintindex":0,"rotation":0,"texture":"#0"},"down":{"uv":[10.25,0.25,11.25,1.5],"tintindex":0,"rotation":0,"texture":"#0"}}},{"from":[8.275,7.85,6.525],"to":[9.475,9.05,9.725],"faces":{"east":{"uv":[11.25,0.5,12.0,0.75],"tintindex":0,"rotation":0,"texture":"#0"},"south":{"uv":[11.25,0.5,11.5,0.75],"tintindex":0,"rotation":0,"texture":"#0"},"north":{"uv":[11.75,0.5,12.0,0.75],"tintindex":0,"rotation":0,"texture":"#0"},"west":{"uv":[12.0,0.5,11.25,0.75],"tintindex":0,"rotation":0,"texture":"#0"},"up":{"uv":[12.0,0.5,11.25,0.75],"tintindex":0,"rotation":90,"texture":"#0"},"down":{"uv":[11.25,0.5,12.0,0.75],"tintindex":0,"rotation":90,"texture":"#0"}},"rotation":{"origin":[8.875,8.45,8.125],"angle":45.0,"axis":"z"}}],"display":{"head":{"rotation":[0.0,0.0,0.0]},"firstperson_righthand":{"rotation":[0.0,0.0,0.0]},"thirdperson_lefthand":{"rotation":[0.0,-0.0,-0.0]},"firstperson_lefthand":{"rotation":[0.0,-0.0,-0.0]},"fixed":{"rotation":[0.0,0.0,0.0]},"ground":{"rotation":[0.0,0.0,0.0]},"thirdperson_righthand":{"rotation":[0.0,0.0,0.0]},"gui":{"rotation":[-150.0,-75.0,-180.0]}}}