{"textures":{"0":"modelengine:entity/r2d2"},"elements":[{"from":[4.25,2.125,3.75],"to":[11.75,10.625,11.25],"faces":{"east":{"uv":[8.75,0.0,7.0,2.0],"tintindex":0,"rotation":0,"texture":"#0"},"south":{"uv":[8.75,0.0,10.5,2.0],"tintindex":0,"rotation":0,"texture":"#0"},"north":{"uv":[5.25,0.0,7.0,2.0],"tintindex":0,"rotation":0,"texture":"#0"},"west":{"uv":[7.0,0.0,8.75,2.0],"tintindex":0,"rotation":0,"texture":"#0"},"up":{"uv":[7.0,2.0,8.75,3.75],"tintindex":0,"rotation":0,"texture":"#0"},"down":{"uv":[5.25,3.75,7.0,2.0],"tintindex":0,"rotation":0,"texture":"#0"}}},{"from":[4.5,2.375,4.0],"to":[11.5,10.375,11.0],"faces":{"east":{"uv":[3.5,0.0,1.75,2.0],"tintindex":0,"rotation":0,"texture":"#0"},"south":{"uv":[3.5,0.0,5.25,2.0],"tintindex":0,"rotation":0,"texture":"#0"},"north":{"uv":[0.0,0.0,1.75,2.0],"tintindex":0,"rotation":0,"texture":"#0"},"west":{"uv":[1.75,0.0,3.5,2.0],"tintindex":0,"rotation":0,"texture":"#0"},"up":{"uv":[1.75,2.0,3.5,3.75],"tintindex":0,"rotation":0,"texture":"#0"},"down":{"uv":[0.0,3.75,1.75,2.0],"tintindex":0,"rotation":0,"texture":"#0"}}},{"from":[5.0,1.375,4.5],"to":[11.0,2.375,10.5],"faces":{"east":{"uv":[0.0,7.75,1.5,8.0],"tintindex":0,"rotation":0,"texture":"#0"},"south":{"uv":[0.0,7.75,1.5,8.0],"tintindex":0,"rotation":0,"texture":"#0"},"north":{"uv":[0.0,7.75,1.5,8.0],"tintindex":0,"rotation":0,"texture":"#0"},"west":{"uv":[0.0,7.75,1.5,8.0],"tintindex":0,"rotation":0,"texture":"#0"},"up":{"uv":[0.0,6.25,1.5,7.75],"tintindex":0,"rotation":0,"texture":"#0"},"down":{"uv":[0.0,6.25,1.5,7.75],"tintindex":0,"rotation":0,"texture":"#0"}}}],"display":{"head":{"rotation":[0.0,0.0,0.0]},"firstperson_righthand":{"rotation":[0.0,0.0,0.0]},"thirdperson_lefthand":{"rotation":[0.0,-0.0,-0.0]},"firstperson_lefthand":{"rotation":[0.0,-0.0,-0.0]},"fixed":{"rotation":[0.0,0.0,0.0]},"ground":{"rotation":[0.0,0.0,0.0]},"thirdperson_righthand":{"rotation":[0.0,0.0,0.0]},"gui":{"rotation":[-150.0,-75.0,-180.0]}}}