{"textures":{"0":"modelengine:block/em_dskeleton_wizard"},"elements":[{"from":[4.9,1.9,6.4],"to":[8.1,9.1,9.6],"faces":{"east":{"uv":[2.0075,8.5075,2.3675,9.3675],"tintindex":0,"rotation":0,"texture":"#0"},"south":{"uv":[2.3825,8.5075,2.7425,9.3675],"tintindex":0,"rotation":0,"texture":"#0"},"north":{"uv":[0.6325,8.3825,0.9925,9.2425],"tintindex":0,"rotation":0,"texture":"#0"},"west":{"uv":[2.7575,8.5075,3.1175,9.3675],"tintindex":0,"rotation":0,"texture":"#0"},"up":{"uv":[10.3675,0.9925,10.0075,0.6325],"tintindex":0,"rotation":0,"texture":"#0"},"down":{"uv":[10.3675,1.0075,10.0075,1.3675],"tintindex":0,"rotation":0,"texture":"#0"}}}],"display":{"head":{"rotation":[0.0,0.0,0.0]},"firstperson_righthand":{"rotation":[0.0,0.0,0.0]},"thirdperson_lefthand":{"rotation":[0.0,-0.0,-0.0]},"firstperson_lefthand":{"rotation":[0.0,-0.0,-0.0]},"fixed":{"rotation":[0.0,0.0,0.0]},"ground":{"rotation":[0.0,0.0,0.0]},"thirdperson_righthand":{"rotation":[0.0,0.0,0.0]},"gui":{"rotation":[-150.0,-75.0,-180.0]}}}