{"textures":{"0":"modelengine:block/em_dskeleton_wizard"},"elements":[{"from":[6.05,-1.0,4.0],"to":[10.05,10.0,8.0],"faces":{"east":{"uv":[3.5075,6.6325,3.9925,7.9925],"tintindex":0,"rotation":0,"texture":"#0"},"south":{"uv":[4.0075,6.6325,4.4925,7.9925],"tintindex":0,"rotation":0,"texture":"#0"},"north":{"uv":[3.0075,6.6325,3.4925,7.9925],"tintindex":0,"rotation":0,"texture":"#0"},"west":{"uv":[6.7575,5.1325,7.2425,6.4925],"tintindex":0,"rotation":0,"texture":"#0"},"up":{"uv":[3.7425,9.8675,3.2575,9.3825],"tintindex":0,"rotation":0,"texture":"#0"},"down":{"uv":[9.8675,3.6325,9.3825,4.1175],"tintindex":0,"rotation":0,"texture":"#0"}}},{"from":[10.05,10.0,8.0],"to":[6.05,-1.0,4.0],"faces":{"east":{"uv":[6.7575,6.4925,7.2425,5.1325],"tintindex":0,"rotation":0,"texture":"#0"},"south":{"uv":[3.0075,7.9925,3.4925,6.6325],"tintindex":0,"rotation":0,"texture":"#0"},"north":{"uv":[4.0075,7.9925,4.4925,6.6325],"tintindex":0,"rotation":0,"texture":"#0"},"west":{"uv":[3.5075,7.9925,3.9925,6.6325],"tintindex":0,"rotation":0,"texture":"#0"},"up":{"uv":[9.3825,3.6325,9.8675,4.1175],"tintindex":0,"rotation":0,"texture":"#0"},"down":{"uv":[3.2575,9.8675,3.7425,9.3825],"tintindex":0,"rotation":0,"texture":"#0"}}}],"display":{"head":{"rotation":[0.0,0.0,0.0]},"firstperson_righthand":{"rotation":[0.0,0.0,0.0]},"thirdperson_lefthand":{"rotation":[0.0,-0.0,-0.0]},"firstperson_lefthand":{"rotation":[0.0,-0.0,-0.0]},"fixed":{"rotation":[0.0,0.0,0.0]},"ground":{"rotation":[0.0,0.0,0.0]},"thirdperson_righthand":{"rotation":[0.0,0.0,0.0]},"gui":{"rotation":[-150.0,-75.0,-180.0]}}}