{
	"credit": "Made with Blockbench",
	"texture_size": [88, 88],
	"textures": {
		"0": "dungeon:halloween_devil_cabinet",
		"1": "dungeon:halloween_spider_web",
		"particle": "dungeon:halloween_devil_cabinet"
	},
	"elements": [
		{
			"from": [-3.1, 24.5, 14],
			"to": [1.15, 28.25, 14],
			"rotation": {"angle": 0, "axis": "y", "origin": [-0.975, 25.875, 14.25]},
			"faces": {
				"south": {"uv": [7, 7.25, 0, 14.75], "texture": "#1"}
			}
		},
		{
			"from": [-3.1, 24.5, 10.75],
			"to": [-3.1, 28.25, 14],
			"rotation": {"angle": 0, "axis": "y", "origin": [-3, 26.375, 12.5]},
			"faces": {
				"west": {"uv": [0, 7.25, 7, 14.75], "texture": "#1"}
			}
		},
		{
			"from": [-3.1, 1.5, 1.85],
			"to": [-3.1, 5.25, 6.1],
			"rotation": {"angle": 0, "axis": "y", "origin": [-3, -10.375, 3.5]},
			"faces": {
				"west": {"uv": [16, 11, 9.5, 16], "texture": "#1"}
			}
		},
		{
			"from": [-3.1, 1.5, 1.85],
			"to": [-0.85, 5.25, 1.85],
			"rotation": {"angle": 0, "axis": "y", "origin": [-0.975, -9.875, 1.75]},
			"faces": {
				"north": {"uv": [9.5, 11, 16, 16], "texture": "#1"}
			}
		},
		{
			"from": [16.85, 24.5, 1.85],
			"to": [19.1, 28.25, 1.85],
			"rotation": {"angle": 0, "axis": "y", "origin": [16.975, 25.875, 1.75]},
			"faces": {
				"north": {"uv": [16, 0, 10.5, 6.25], "texture": "#1"}
			}
		},
		{
			"from": [19.1, 24.5, 1.85],
			"to": [19.1, 28.25, 5.1],
			"rotation": {"angle": 0, "axis": "y", "origin": [19, 26.375, 3.5]},
			"faces": {
				"east": {"uv": [10.5, 0, 16, 6.25], "texture": "#1"}
			}
		},
		{
			"from": [-1, 1.5, 2],
			"to": [8, 28.25, 3],
			"rotation": {"angle": 0, "axis": "y", "origin": [3.5, 14.875, 2.5]},
			"faces": {
				"north": {"uv": [3.27273, 9.63636, 4.81818, 14.54545], "texture": "#0"},
				"east": {"uv": [3.27273, 9.63636, 3.36364, 14.54545], "texture": "#0"},
				"south": {"uv": [4.81818, 9.63636, 3.27273, 14.54545], "texture": "#0"},
				"up": {"uv": [3.27273, 14.45455, 4.81818, 14.54545], "texture": "#0"},
				"down": {"uv": [3.27273, 14.45455, 4.81818, 14.54545], "texture": "#0"}
			}
		},
		{
			"from": [8.53388, 1.5, 0.31598],
			"to": [17.53388, 28.25, 1.31598],
			"rotation": {"angle": -22.5, "axis": "y", "origin": [13.03388, 14.875, 0.81598]},
			"faces": {
				"north": {"uv": [4.81818, 9.63636, 3.27273, 14.54545], "texture": "#0"},
				"south": {"uv": [3.27273, 9.63636, 4.81818, 14.54545], "texture": "#0"},
				"west": {"uv": [3.36364, 9.63636, 3.27273, 14.54545], "texture": "#0"},
				"up": {"uv": [4.81818, 14.45455, 3.27273, 14.54545], "texture": "#0"},
				"down": {"uv": [4.81818, 14.45455, 3.27273, 14.54545], "texture": "#0"}
			}
		},
		{
			"from": [-3.5, 0, 1.5],
			"to": [19.5, 1.5, 14.5],
			"rotation": {"angle": 0, "axis": "y", "origin": [7.5, 0, 7.5]},
			"faces": {
				"north": {"uv": [6, 9.81818, 10.18182, 10.09091], "texture": "#0"},
				"east": {"uv": [10, 1.45455, 12.36364, 1.72727], "texture": "#0"},
				"south": {"uv": [6, 9.81818, 10.18182, 10.09091], "texture": "#0"},
				"west": {"uv": [10, 1.45455, 12.36364, 1.72727], "texture": "#0"},
				"up": {"uv": [4.18182, 7.27273, 0, 4.90909], "texture": "#0"},
				"down": {"uv": [8.36364, 4.90909, 4.18182, 7.27273], "texture": "#0"}
			}
		},
		{
			"from": [-3.5, 28.25, 1.5],
			"to": [19.5, 29.5, 14.5],
			"rotation": {"angle": 0, "axis": "y", "origin": [7.5, 16, 7.5]},
			"faces": {
				"north": {"uv": [6, 10.09091, 10.18182, 9.81818], "texture": "#0"},
				"east": {"uv": [10, 1.72727, 12.36364, 1.45455], "texture": "#0"},
				"south": {"uv": [6, 10.09091, 10.18182, 9.81818], "texture": "#0"},
				"west": {"uv": [10, 1.72727, 12.36364, 1.45455], "texture": "#0"},
				"up": {"uv": [8.36364, 7.27273, 4.18182, 4.90909], "texture": "#0"},
				"down": {"uv": [4.18182, 4.90909, 0, 7.27273], "texture": "#0"}
			}
		},
		{
			"from": [17, 1.5, 2],
			"to": [19, 28.25, 3],
			"rotation": {"angle": 0, "axis": "y", "origin": [7.5, -0.5, 7.5]},
			"faces": {
				"north": {"uv": [5.27273, 9.63636, 4.90909, 14.54545], "texture": "#0"},
				"east": {"uv": [10.18182, 4.90909, 10.36364, 9.81818], "texture": "#0"}
			}
		},
		{
			"from": [-3, 1.5, 2],
			"to": [-1, 28.25, 3],
			"rotation": {"angle": 0, "axis": "y", "origin": [8.5, -0.5, 7.5]},
			"faces": {
				"north": {"uv": [4.90909, 9.63636, 5.27273, 14.54545], "texture": "#0"},
				"west": {"uv": [10.36364, 4.90909, 10.18182, 9.81818], "texture": "#0"}
			}
		},
		{
			"from": [-3, 1.5, 3],
			"to": [19, 28.25, 14],
			"rotation": {"angle": 0, "axis": "y", "origin": [7.5, -0.5, 7.5]},
			"faces": {
				"north": {"uv": [0, 0, 4, 4.90909], "texture": "#0"},
				"east": {"uv": [10.36364, 4.90909, 8.36364, 9.81818], "texture": "#0"},
				"south": {"uv": [4, 0, 8, 4.90909], "texture": "#0"},
				"west": {"uv": [8.36364, 4.90909, 10.36364, 9.81818], "texture": "#0"}
			}
		}
	],
	"gui_light": "front",
	"display": {
		"thirdperson_righthand": {
			"rotation": [62, 179, 0],
			"translation": [0, 1.5, 1.75],
			"scale": [0.45, 0.45, 0.45]
		},
		"thirdperson_lefthand": {
			"rotation": [62, 179, 0],
			"translation": [0, 1.5, 1.75],
			"scale": [0.45, 0.45, 0.45]
		},
		"firstperson_righthand": {
			"rotation": [0, 139, 0],
			"translation": [0, 0.5, 0],
			"scale": [0.34, 0.34, 0.34]
		},
		"firstperson_lefthand": {
			"rotation": [0, 139, 0],
			"translation": [0, 0.5, 0],
			"scale": [0.34, 0.34, 0.34]
		},
		"ground": {
			"translation": [0, 2, 0],
			"scale": [0.5, 0.5, 0.5]
		},
		"gui": {
			"rotation": [20, 139, 0],
			"translation": [0, -2.25, 0],
			"scale": [0.36, 0.36, 0.36]
		},
		"head": {
			"rotation": [0, 180, 0],
			"translation": [13, -27, 0],
			"scale": [2, 2, 2]
		},
		"fixed": {
			"rotation": [-90, -90, 0],
			"translation": [0, 0.25, -19.25],
			"scale": [2.53, 2.53, 2.53]
		}
	},
	"groups": [
		{
			"name": "group",
			"origin": [8, 8, 8],
			"color": 0,
			"children": [
				{
					"name": "spider_web",
					"origin": [-3, 26.375, 3.5],
					"color": 0,
					"children": [0, 1, 2, 3, 4, 5]
				},
				{
					"name": "door",
					"origin": [15.90119, 14.875, 1.73307],
					"color": 0,
					"children": [
						{
							"name": "group",
							"origin": [3.5, 14.875, 2.5],
							"color": 0,
							"children": [6]
						},
						{
							"name": "group",
							"origin": [15.90119, 14.875, 1.73307],
							"color": 0,
							"children": [7]
						}
					]
				},
				8,
				9,
				10,
				11,
				12
			]
		}
	]
}