{
	"credit": "Made with Blockbench",
	"texture_size": [24, 24],
	"textures": {
		"0": "dungeon:halloween_candle",
		"1": "dungeon:fire_animation",
		"2": "dungeon:halloween_spider_web",
		"particle": "dungeon:halloween_candle"
	},
	"elements": [
		{
			"from": [5.25, 0, 5.25],
			"to": [10.75, 0.75, 10.75],
			"rotation": {"angle": 0, "axis": "y", "origin": [7.5, 0, 7.5]},
			"faces": {
				"north": {"uv": [4, 2.66667, 7.66667, 3.33333], "texture": "#0"},
				"east": {"uv": [4, 2.66667, 7.66667, 3.33333], "texture": "#0"},
				"south": {"uv": [4, 2.66667, 7.66667, 3.33333], "texture": "#0"},
				"west": {"uv": [4, 2.66667, 7.66667, 3.33333], "texture": "#0"},
				"up": {"uv": [3.66667, 3.66667, 0, 0], "texture": "#0"},
				"down": {"uv": [3.66667, 4, 0, 7.66667], "texture": "#0"}
			}
		},
		{
			"from": [7.25, 5.85, 7.35],
			"to": [8.75, 7.15, 8.65],
			"rotation": {"angle": 0, "axis": "y", "origin": [7.5, 5.75, 7.5]},
			"faces": {
				"north": {"uv": [3.66667, 8, 4.66667, 9], "texture": "#0"},
				"east": {"uv": [4.66667, 8, 5.66667, 9], "texture": "#0"},
				"south": {"uv": [2.66667, 8, 3.66667, 9], "texture": "#0"},
				"west": {"uv": [7.66667, 8, 8.66667, 9], "texture": "#0"},
				"up": {"uv": [6.66667, 8, 7.66667, 9], "texture": "#0"},
				"down": {"uv": [5.66667, 8, 6.66667, 9], "texture": "#0"}
			}
		},
		{
			"from": [7.25, 0.75, 7.35],
			"to": [8.75, 2.15, 8.65],
			"rotation": {"angle": 0, "axis": "y", "origin": [7.5, 0.75, 7.5]},
			"faces": {
				"north": {"uv": [3.66667, 8, 4.66667, 9], "texture": "#0"},
				"east": {"uv": [4.66667, 8, 5.66667, 9], "texture": "#0"},
				"south": {"uv": [2.66667, 8, 3.66667, 9], "texture": "#0"},
				"west": {"uv": [7.66667, 8, 8.66667, 9], "texture": "#0"},
				"up": {"uv": [6.66667, 8, 7.66667, 9], "texture": "#0"},
				"down": {"uv": [5.66667, 8, 6.66667, 9], "texture": "#0"}
			}
		},
		{
			"from": [4.6, 6.1, 7.6],
			"to": [11.4, 6.9, 8.4],
			"rotation": {"angle": 0, "axis": "y", "origin": [8.5, 6, 7.5]},
			"faces": {
				"north": {"uv": [4, 0, 8.66667, 0.66667], "texture": "#0"},
				"east": {"uv": [2.66667, 10.66667, 3.33333, 11.33333], "texture": "#0"},
				"south": {"uv": [8.66667, 0, 4, 0.66667], "texture": "#0"},
				"west": {"uv": [10.66667, 2.66667, 11.33333, 3.33333], "texture": "#0"},
				"up": {"uv": [8.66667, 2, 4, 1.33333], "texture": "#0"},
				"down": {"uv": [8.66667, 2, 4, 2.66667], "texture": "#0"}
			}
		},
		{
			"from": [5.1, 2.6, 8],
			"to": [7.4, 6.15, 8],
			"rotation": {"angle": 0, "axis": "y", "origin": [8.5, 5.25, 7.9]},
			"faces": {
				"north": {"uv": [16, 0, 10.5, 6.25], "texture": "#2"},
				"east": {"uv": [10.5, 0, 16, 6.25], "texture": "#2"},
				"south": {"uv": [10.5, 0, 16, 6.25], "texture": "#2"},
				"west": {"uv": [10.5, 0, 16, 6.25], "texture": "#2"},
				"up": {"uv": [10.5, 0, 16, 6.25], "texture": "#2"},
				"down": {"uv": [10.5, 0, 16, 6.25], "texture": "#2"}
			}
		},
		{
			"from": [8, 2.85, 5.25],
			"to": [8, 6.15, 7.55],
			"rotation": {"angle": 0, "axis": "y", "origin": [8.1, 5.25, 8.65]},
			"faces": {
				"north": {"uv": [10.5, 0, 16, 6.25], "texture": "#2"},
				"east": {"uv": [16, 0, 10.5, 6.25], "texture": "#2"},
				"south": {"uv": [10.5, 0, 16, 6.25], "texture": "#2"},
				"west": {"uv": [10.5, 0, 16, 6.25], "texture": "#2"},
				"up": {"uv": [10.5, 0, 16, 6.25], "rotation": 90, "texture": "#2"},
				"down": {"uv": [10.5, 0, 16, 6.25], "rotation": 270, "texture": "#2"}
			}
		},
		{
			"from": [8, 2.85, 8.45],
			"to": [8, 6.15, 10.75],
			"rotation": {"angle": 0, "axis": "y", "origin": [8.1, 5.25, 7.35]},
			"faces": {
				"north": {"uv": [16, 0, 10.5, 6.25], "texture": "#2"},
				"east": {"uv": [10.5, 0, 16, 6.25], "texture": "#2"},
				"south": {"uv": [16, 0, 10.5, 6.25], "texture": "#2"},
				"west": {"uv": [16, 0, 10.5, 6.25], "texture": "#2"},
				"up": {"uv": [16, 0, 10.5, 6.25], "rotation": 90, "texture": "#2"},
				"down": {"uv": [16, 0, 10.5, 6.25], "rotation": 270, "texture": "#2"}
			}
		},
		{
			"from": [8, 7.35, 7.7],
			"to": [8, 9.65, 11],
			"rotation": {"angle": -45, "axis": "x", "origin": [8, 8.5, 9.35]},
			"faces": {
				"north": {"uv": [16, 0, 10.5, 6.25], "rotation": 270, "texture": "#2"},
				"east": {"uv": [10.5, 0, 16, 6.25], "rotation": 90, "texture": "#2"},
				"south": {"uv": [16, 0, 10.5, 6.25], "rotation": 270, "texture": "#2"},
				"west": {"uv": [16, 0, 10.5, 6.25], "rotation": 270, "texture": "#2"},
				"up": {"uv": [16, 0, 10.5, 6.25], "texture": "#2"},
				"down": {"uv": [16, 0, 10.5, 6.25], "rotation": 180, "texture": "#2"}
			}
		},
		{
			"from": [8, 7.35, 5],
			"to": [8, 9.65, 8.3],
			"rotation": {"angle": -22.5, "axis": "x", "origin": [8, 8.5, 6.65]},
			"faces": {
				"north": {"uv": [16, 6.25, 10.5, 0], "rotation": 270, "texture": "#2"},
				"east": {"uv": [10.5, 6.25, 16, 0], "rotation": 90, "texture": "#2"},
				"south": {"uv": [16, 6.25, 10.5, 0], "rotation": 270, "texture": "#2"},
				"west": {"uv": [16, 6.25, 10.5, 0], "rotation": 270, "texture": "#2"},
				"up": {"uv": [16, 6.25, 10.5, 0], "texture": "#2"},
				"down": {"uv": [16, 6.25, 10.5, 0], "rotation": 180, "texture": "#2"}
			}
		},
		{
			"from": [5, 7.35, 8],
			"to": [8.3, 9.65, 8],
			"rotation": {"angle": -45, "axis": "z", "origin": [6.65, 8.5, 8]},
			"faces": {
				"north": {"uv": [16, 0, 10.5, 6.25], "rotation": 270, "texture": "#2"},
				"east": {"uv": [16, 0, 10.5, 6.25], "rotation": 270, "texture": "#2"},
				"south": {"uv": [10.5, 0, 16, 6.25], "rotation": 90, "texture": "#2"},
				"west": {"uv": [16, 0, 10.5, 6.25], "rotation": 270, "texture": "#2"},
				"up": {"uv": [16, 0, 10.5, 6.25], "rotation": 90, "texture": "#2"},
				"down": {"uv": [16, 0, 10.5, 6.25], "rotation": 90, "texture": "#2"}
			}
		},
		{
			"from": [7.7, 7.35, 8],
			"to": [11, 9.65, 8],
			"rotation": {"angle": 45, "axis": "z", "origin": [9.35, 8.5, 8]},
			"faces": {
				"north": {"uv": [16, 6.25, 10.5, 0], "rotation": 270, "texture": "#2"},
				"east": {"uv": [16, 6.25, 10.5, 0], "rotation": 270, "texture": "#2"},
				"south": {"uv": [10.5, 6.25, 16, 0], "rotation": 90, "texture": "#2"},
				"west": {"uv": [16, 6.25, 10.5, 0], "rotation": 270, "texture": "#2"},
				"up": {"uv": [16, 6.25, 10.5, 0], "rotation": 90, "texture": "#2"},
				"down": {"uv": [16, 6.25, 10.5, 0], "rotation": 90, "texture": "#2"}
			}
		},
		{
			"from": [8.6, 3.1, 8],
			"to": [10.65, 6.15, 8],
			"rotation": {"angle": 0, "axis": "y", "origin": [7.5, 5.25, 7.9]},
			"faces": {
				"north": {"uv": [9.5, 16, 16, 11], "texture": "#2"},
				"east": {"uv": [16, 11, 9.5, 16], "texture": "#2"},
				"south": {"uv": [16, 16, 9.5, 11], "texture": "#2"},
				"west": {"uv": [16, 11, 9.5, 16], "texture": "#2"},
				"up": {"uv": [16, 11, 9.5, 16], "texture": "#2"},
				"down": {"uv": [16, 11, 9.5, 16], "texture": "#2"}
			}
		},
		{
			"from": [4.35, 7.7, 7.35],
			"to": [5.75, 9, 8.65],
			"rotation": {"angle": 0, "axis": "y", "origin": [5.5, 7.6, 7.5]},
			"faces": {
				"north": {"uv": [9.33333, 5.33333, 10.33333, 6.33333], "texture": "#0"},
				"east": {"uv": [9.33333, 5.33333, 10.33333, 6.33333], "texture": "#0"},
				"south": {"uv": [9.33333, 5.33333, 10.33333, 6.33333], "texture": "#0"},
				"west": {"uv": [9.33333, 5.33333, 10.33333, 6.33333], "texture": "#0"},
				"up": {"uv": [1, 11, 0, 10], "texture": "#0"},
				"down": {"uv": [11, 0, 10, 1], "texture": "#0"}
			}
		},
		{
			"from": [4.475, 9, 7.525],
			"to": [5.625, 11.3, 8.475],
			"rotation": {"angle": 0, "axis": "y", "origin": [5.55, 8.9, 7.4]},
			"faces": {
				"north": {"uv": [0.66667, 14.33333, 0, 16], "texture": "#0"},
				"east": {"uv": [0, 14.33333, 0.66667, 16], "texture": "#0"},
				"south": {"uv": [0.66667, 14.33333, 0, 16], "texture": "#0"},
				"west": {"uv": [0, 14.33333, 0.66667, 16], "texture": "#0"},
				"up": {"uv": [0.66667, 14.33333, 0, 13.66667], "texture": "#0"}
			}
		},
		{
			"from": [7.425, 12.05, 8],
			"to": [8.575, 13.35, 8],
			"rotation": {"angle": 0, "axis": "y", "origin": [8, 12.7, 8]},
			"faces": {
				"north": {"uv": [1.33333, 10, 2.33333, 11], "texture": "#0"},
				"east": {"uv": [0, 0, 0, 1], "texture": "#0"},
				"south": {"uv": [1.33333, 10, 2.33333, 11], "texture": "#0"},
				"west": {"uv": [0, 0, 0, 1], "texture": "#0"},
				"up": {"uv": [0.66667, 0, 0, 0], "texture": "#0"}
			}
		},
		{
			"from": [7.425, 9.75, 7.525],
			"to": [8.575, 12.05, 8.475],
			"rotation": {"angle": 0, "axis": "y", "origin": [8.5, 9.65, 7.4]},
			"faces": {
				"north": {"uv": [0, 14.33333, 0.66667, 16], "texture": "#0"},
				"east": {"uv": [0.66667, 14.33333, 0, 16], "texture": "#0"},
				"south": {"uv": [0, 14.33333, 0.66667, 16], "texture": "#0"},
				"west": {"uv": [0.66667, 14.33333, 0, 16], "texture": "#0"},
				"up": {"uv": [0, 14.33333, 0.66667, 13.66667], "texture": "#0"}
			}
		},
		{
			"from": [4.6, 6.9, 7.6],
			"to": [5.575, 7.7, 8.4],
			"rotation": {"angle": 0, "axis": "y", "origin": [7.5, 6.8, 7.5]},
			"faces": {
				"north": {"uv": [4, 10.66667, 4.66667, 11.33333], "texture": "#0"},
				"east": {"uv": [10.66667, 4, 11.33333, 4.66667], "texture": "#0"},
				"south": {"uv": [4.66667, 10.66667, 4, 11.33333], "texture": "#0"},
				"west": {"uv": [10.66667, 4.66667, 11.33333, 5.33333], "texture": "#0"}
			}
		},
		{
			"from": [10.425, 6.9, 7.6],
			"to": [11.4, 7.7, 8.4],
			"rotation": {"angle": 0, "axis": "y", "origin": [8.5, 6.8, 7.5]},
			"faces": {
				"north": {"uv": [4.66667, 10.66667, 4, 11.33333], "texture": "#0"},
				"east": {"uv": [11.33333, 4.66667, 10.66667, 5.33333], "texture": "#0"},
				"south": {"uv": [4, 10.66667, 4.66667, 11.33333], "texture": "#0"},
				"west": {"uv": [11.33333, 4, 10.66667, 4.66667], "texture": "#0"}
			}
		},
		{
			"from": [10.25, 7.7, 7.35],
			"to": [11.65, 9, 8.65],
			"rotation": {"angle": 0, "axis": "y", "origin": [10.5, 7.6, 7.5]},
			"faces": {
				"north": {"uv": [10.33333, 5.33333, 9.33333, 6.33333], "texture": "#0"},
				"east": {"uv": [10.33333, 5.33333, 9.33333, 6.33333], "texture": "#0"},
				"south": {"uv": [10.33333, 5.33333, 9.33333, 6.33333], "texture": "#0"},
				"west": {"uv": [10.33333, 5.33333, 9.33333, 6.33333], "texture": "#0"},
				"up": {"uv": [0, 11, 1, 10], "texture": "#0"},
				"down": {"uv": [10, 0, 11, 1], "texture": "#0"}
			}
		},
		{
			"from": [10.375, 9, 7.525],
			"to": [11.525, 11.3, 8.475],
			"rotation": {"angle": 0, "axis": "y", "origin": [10.45, 8.9, 7.4]},
			"faces": {
				"north": {"uv": [0, 14.33333, 0.66667, 16], "texture": "#0"},
				"east": {"uv": [0.66667, 14.33333, 0, 16], "texture": "#0"},
				"south": {"uv": [0, 14.33333, 0.66667, 16], "texture": "#0"},
				"west": {"uv": [0.66667, 14.33333, 0, 16], "texture": "#0"},
				"up": {"uv": [0, 14.33333, 0.66667, 13.66667], "texture": "#0"}
			}
		},
		{
			"from": [10.375, 11.3, 8],
			"to": [11.525, 12.6, 8],
			"rotation": {"angle": 0, "axis": "y", "origin": [10.95, 11.95, 8]},
			"faces": {
				"north": {"uv": [2.33333, 10, 1.33333, 11], "texture": "#0"},
				"east": {"uv": [0, 0, 0, 1], "texture": "#0"},
				"south": {"uv": [2.33333, 10, 1.33333, 11], "texture": "#0"},
				"west": {"uv": [0, 0, 0, 1], "texture": "#0"},
				"up": {"uv": [0, 0, 0.66667, 0], "texture": "#0"}
			}
		},
		{
			"from": [4.475, 11.3, 8],
			"to": [5.625, 12.6, 8],
			"rotation": {"angle": 0, "axis": "y", "origin": [5.05, 11.95, 8]},
			"faces": {
				"north": {"uv": [1.33333, 10, 2.33333, 11], "texture": "#0"},
				"east": {"uv": [0, 0, 0, 1], "texture": "#0"},
				"south": {"uv": [1.33333, 10, 2.33333, 11], "texture": "#0"},
				"west": {"uv": [0, 0, 0, 1], "texture": "#0"},
				"up": {"uv": [0.66667, 0, 0, 0], "texture": "#0"}
			}
		},
		{
			"from": [7.6, 6.1, 4.6],
			"to": [8.4, 6.9, 11.4],
			"rotation": {"angle": 0, "axis": "y", "origin": [8.5, 6, 8.5]},
			"faces": {
				"north": {"uv": [10.66667, 2.66667, 11.33333, 3.33333], "texture": "#0"},
				"east": {"uv": [4, 0, 8.66667, 0.66667], "texture": "#0"},
				"south": {"uv": [2.66667, 10.66667, 3.33333, 11.33333], "texture": "#0"},
				"west": {"uv": [8.66667, 0, 4, 0.66667], "texture": "#0"},
				"up": {"uv": [8.66667, 2, 4, 1.33333], "rotation": 90, "texture": "#0"},
				"down": {"uv": [8.66667, 2, 4, 2.66667], "rotation": 270, "texture": "#0"}
			}
		},
		{
			"from": [7.6, 6.9, 4.6],
			"to": [8.4, 7.7, 5.575],
			"rotation": {"angle": 0, "axis": "y", "origin": [8.5, 6.8, 7.5]},
			"faces": {
				"north": {"uv": [10.66667, 4.66667, 11.33333, 5.33333], "texture": "#0"},
				"east": {"uv": [4, 10.66667, 4.66667, 11.33333], "texture": "#0"},
				"south": {"uv": [10.66667, 4, 11.33333, 4.66667], "texture": "#0"},
				"west": {"uv": [4.66667, 10.66667, 4, 11.33333], "texture": "#0"}
			}
		},
		{
			"from": [7.3, 7.7, 4.425],
			"to": [8.7, 9, 5.725],
			"rotation": {"angle": 0, "axis": "y", "origin": [7.55, 7.6, 5.575]},
			"faces": {
				"north": {"uv": [9.33333, 5.33333, 10.33333, 6.33333], "texture": "#0"},
				"east": {"uv": [9.33333, 5.33333, 10.33333, 6.33333], "texture": "#0"},
				"south": {"uv": [9.33333, 5.33333, 10.33333, 6.33333], "texture": "#0"},
				"west": {"uv": [9.33333, 5.33333, 10.33333, 6.33333], "texture": "#0"},
				"up": {"uv": [1, 11, 0, 10], "rotation": 180, "texture": "#0"},
				"down": {"uv": [11, 0, 10, 1], "rotation": 180, "texture": "#0"}
			}
		},
		{
			"from": [7.425, 9, 4.6],
			"to": [8.575, 11.3, 5.55],
			"rotation": {"angle": 0, "axis": "y", "origin": [7.5, 8.9, 5.675]},
			"faces": {
				"north": {"uv": [0.66667, 14.33333, 0, 16], "texture": "#0"},
				"east": {"uv": [0, 14.33333, 0.66667, 16], "texture": "#0"},
				"south": {"uv": [0.66667, 14.33333, 0, 16], "texture": "#0"},
				"west": {"uv": [0, 14.33333, 0.66667, 16], "texture": "#0"},
				"up": {"uv": [0.66667, 14.33333, 0, 13.66667], "rotation": 180, "texture": "#0"}
			}
		},
		{
			"from": [8, 11.55, 10.45],
			"to": [8, 13.15, 11.4],
			"rotation": {"angle": 0, "axis": "y", "origin": [7.975, 11.45, 11.425]},
			"faces": {
				"north": {"uv": [0, 0, 0, 1], "texture": "#1"},
				"east": {"uv": [3, 1, 11, 10], "texture": "#1"},
				"south": {"uv": [0, 0, 0, 1], "texture": "#1"},
				"west": {"uv": [11, 1, 3, 10], "texture": "#1"},
				"up": {"uv": [0, 0, 0.66667, 0], "rotation": 270, "texture": "#1"},
				"down": {"uv": [0.76667, 0, 0, 0], "rotation": 90, "texture": "#1"}
			}
		},
		{
			"from": [8, 11.55, 4.6],
			"to": [8, 13.15, 5.55],
			"rotation": {"angle": 0, "axis": "y", "origin": [7.975, 11.45, 4.575]},
			"faces": {
				"north": {"uv": [0, 0, 0, 1], "texture": "#1"},
				"east": {"uv": [11, 1, 3, 10], "texture": "#1"},
				"south": {"uv": [0, 0, 0, 1], "texture": "#1"},
				"west": {"uv": [3, 1, 11, 10], "texture": "#1"},
				"up": {"uv": [0.66667, 0, 0, 0], "rotation": 270, "texture": "#1"},
				"down": {"uv": [0, 0, 0.76667, 0], "rotation": 90, "texture": "#1"}
			}
		},
		{
			"from": [5.075, 11.55, 7.525],
			"to": [5.075, 13.15, 8.475],
			"rotation": {"angle": 0, "axis": "y", "origin": [5.075, 12.35, 8]},
			"faces": {
				"north": {"uv": [0, 0, 0, 1], "texture": "#1"},
				"east": {"uv": [11, 1, 3, 10], "texture": "#1"},
				"south": {"uv": [0, 0, 0, 1], "texture": "#1"},
				"west": {"uv": [3, 1, 11, 10], "texture": "#1"},
				"up": {"uv": [0, 0, 0.66667, 0], "rotation": 90, "texture": "#1"},
				"down": {"uv": [0.76667, 0, 0, 0], "rotation": 270, "texture": "#1"}
			}
		},
		{
			"from": [7.425, 11.3, 10.925],
			"to": [8.575, 12.6, 10.925],
			"rotation": {"angle": 0, "axis": "y", "origin": [8, 11.95, 10.925]},
			"faces": {
				"north": {"uv": [2.33333, 10, 1.33333, 11], "texture": "#0"},
				"east": {"uv": [0, 0, 0, 1], "texture": "#0"},
				"south": {"uv": [2.33333, 10, 1.33333, 11], "texture": "#0"},
				"west": {"uv": [0, 0, 0, 1], "texture": "#0"},
				"up": {"uv": [0.66667, 0, 0, 0], "rotation": 180, "texture": "#0"}
			}
		},
		{
			"from": [7.425, 11.3, 5.075],
			"to": [8.575, 12.6, 5.075],
			"rotation": {"angle": 0, "axis": "y", "origin": [8, 11.95, 5.075]},
			"faces": {
				"north": {"uv": [1.33333, 10, 2.33333, 11], "texture": "#0"},
				"east": {"uv": [0, 0, 0, 1], "texture": "#0"},
				"south": {"uv": [1.33333, 10, 2.33333, 11], "texture": "#0"},
				"west": {"uv": [0, 0, 0, 1], "texture": "#0"},
				"up": {"uv": [0.66667, 0, 0, 0], "rotation": 180, "texture": "#0"}
			}
		},
		{
			"from": [7.425, 9, 10.45],
			"to": [8.575, 11.3, 11.4],
			"rotation": {"angle": 0, "axis": "y", "origin": [7.5, 8.9, 10.325]},
			"faces": {
				"north": {"uv": [0, 14.33333, 0.66667, 16], "texture": "#0"},
				"east": {"uv": [0.66667, 14.33333, 0, 16], "texture": "#0"},
				"south": {"uv": [0, 14.33333, 0.66667, 16], "texture": "#0"},
				"west": {"uv": [0.66667, 14.33333, 0, 16], "texture": "#0"},
				"up": {"uv": [0.66667, 13.66667, 0, 14.33333], "rotation": 180, "texture": "#0"}
			}
		},
		{
			"from": [7.3, 7.7, 10.275],
			"to": [8.7, 9, 11.575],
			"rotation": {"angle": 0, "axis": "y", "origin": [7.55, 7.6, 10.425]},
			"faces": {
				"north": {"uv": [10.33333, 5.33333, 9.33333, 6.33333], "texture": "#0"},
				"east": {"uv": [10.33333, 5.33333, 9.33333, 6.33333], "texture": "#0"},
				"south": {"uv": [10.33333, 5.33333, 9.33333, 6.33333], "texture": "#0"},
				"west": {"uv": [10.33333, 5.33333, 9.33333, 6.33333], "texture": "#0"},
				"up": {"uv": [1, 10, 0, 11], "rotation": 180, "texture": "#0"},
				"down": {"uv": [11, 1, 10, 0], "rotation": 180, "texture": "#0"}
			}
		},
		{
			"from": [7.6, 6.9, 10.425],
			"to": [8.4, 7.7, 11.4],
			"rotation": {"angle": 0, "axis": "y", "origin": [8.5, 6.8, 8.5]},
			"faces": {
				"north": {"uv": [11.33333, 4, 10.66667, 4.66667], "texture": "#0"},
				"east": {"uv": [4.66667, 10.66667, 4, 11.33333], "texture": "#0"},
				"south": {"uv": [11.33333, 4.66667, 10.66667, 5.33333], "texture": "#0"},
				"west": {"uv": [4, 10.66667, 4.66667, 11.33333], "texture": "#0"}
			}
		},
		{
			"from": [7.5, 7.15, 7.6],
			"to": [8.5, 8.45, 8.4],
			"rotation": {"angle": 0, "axis": "y", "origin": [10.5, 7.05, 7.5]},
			"faces": {
				"north": {"uv": [5.33333, 10.66667, 6, 11.33333], "texture": "#0"},
				"east": {"uv": [6, 10.66667, 5.33333, 11.33333], "texture": "#0"},
				"south": {"uv": [5.33333, 10.66667, 6, 11.33333], "texture": "#0"},
				"west": {"uv": [6, 10.66667, 5.33333, 11.33333], "texture": "#0"}
			}
		},
		{
			"from": [7.25, 8.45, 7.35],
			"to": [8.75, 9.75, 8.65],
			"rotation": {"angle": 0, "axis": "y", "origin": [8.5, 8.35, 7.5]},
			"faces": {
				"north": {"uv": [9.33333, 5.33333, 10.33333, 6.33333], "texture": "#0"},
				"east": {"uv": [9.33333, 5.33333, 10.33333, 6.33333], "texture": "#0"},
				"south": {"uv": [9.33333, 5.33333, 10.33333, 6.33333], "texture": "#0"},
				"west": {"uv": [9.33333, 5.33333, 10.33333, 6.33333], "texture": "#0"},
				"up": {"uv": [1, 11, 0, 10], "texture": "#0"},
				"down": {"uv": [11, 0, 10, 1], "texture": "#0"}
			}
		},
		{
			"from": [7.45, 2.15, 7.525],
			"to": [8.55, 5.85, 8.475],
			"rotation": {"angle": 0, "axis": "y", "origin": [7.5, 1.75, 7.5]},
			"faces": {
				"north": {"uv": [4.66667, 5.33333, 4, 7.66667], "texture": "#0"},
				"east": {"uv": [4, 5.33333, 4.66667, 7.66667], "texture": "#0"},
				"south": {"uv": [4.66667, 5.33333, 4, 7.66667], "texture": "#0"},
				"west": {"uv": [4, 5.33333, 4.66667, 7.66667], "texture": "#0"}
			}
		}
	],
	"gui_light": "front",
	"display": {
		"thirdperson_righthand": {
			"rotation": [0, 179, 0],
			"translation": [0, 2.5, 1.75],
			"scale": [0.81, 0.92, 0.81]
		},
		"thirdperson_lefthand": {
			"rotation": [0, 179, 0],
			"translation": [0, 2.5, 1.75],
			"scale": [0.81, 0.92, 0.81]
		},
		"firstperson_righthand": {
			"rotation": [0, 130, 0],
			"translation": [0, 4.5, 0],
			"scale": [0.65, 0.65, 0.65]
		},
		"firstperson_lefthand": {
			"rotation": [0, 130, 0],
			"translation": [0, 4.5, 0],
			"scale": [0.65, 0.65, 0.65]
		},
		"ground": {
			"translation": [0, 5.75, 0]
		},
		"gui": {
			"rotation": [30, 225, 0],
			"translation": [0, 0.25, 0],
			"scale": [0.73, 0.73, 0.73]
		},
		"head": {
			"scale": [0, 0, 0]
		},
		"fixed": {
			"rotation": [-90, 0, 0],
			"translation": [0, 0, -16.5],
			"scale": [2.29, 2.1, 2.29]
		}
	},
	"groups": [
		{
			"name": "group",
			"origin": [8, 8, 8],
			"color": 0,
			"children": [0, 1, 2, 3, 4, 5, 6, 7, 8, 9, 10, 11, 12, 13, 14, 15, 16, 17, 18, 19, 20, 21, 22, 23, 24, 25, 26, 27, 28, 29, 30, 31, 32, 33, 34, 35, 36]
		}
	]
}