{
	"credit": "Made with Blockbench",
	"texture_size": [40, 40],
	"textures": {
		"0": "dungeon:halloween_coffin",
		"1": "dungeon:halloween_spider_web",
		"particle": "dungeon:halloween_coffin"
	},
	"elements": [
		{
			"from": [4.17421, -0.06774, 0.7735],
			"to": [11.82579, 0.56989, 16.07667],
			"rotation": {"angle": 0, "axis": "y", "origin": [7.78746, -0.06774, 7.78746]},
			"faces": {
				"north": {"uv": [16, 16, 15.8, 15.8], "texture": "#0"},
				"east": {"uv": [16, 16, 15.8, 15.8], "texture": "#0"},
				"south": {"uv": [16, 16, 15.8, 15.8], "texture": "#0"},
				"west": {"uv": [16, 16, 15.8, 15.8], "texture": "#0"},
				"up": {"uv": [16, 16, 15.8, 15.8], "texture": "#0"},
				"down": {"uv": [16, 16, 15.8, 15.85], "texture": "#0"}
			}
		},
		{
			"from": [4.49302, 0.56989, 1.09232],
			"to": [11.50698, 0.99498, 15.75786],
			"rotation": {"angle": 0, "axis": "y", "origin": [7.78746, 0.56989, 7.78746]},
			"faces": {
				"north": {"uv": [16, 16, 15.8, 15.8], "texture": "#0"},
				"east": {"uv": [16, 16, 15.8, 15.8], "texture": "#0"},
				"south": {"uv": [16, 16, 15.8, 15.8], "texture": "#0"},
				"west": {"uv": [16, 16, 15.8, 15.8], "texture": "#0"},
				"up": {"uv": [16, 16, 15.8, 15.8], "texture": "#0"}
			}
		},
		{
			"from": [4.64302, 0.86989, 15.55786],
			"to": [8.85698, 4.84498, 15.55786],
			"rotation": {"angle": 0, "axis": "y", "origin": [7.78746, 0.56989, 7.78746]},
			"faces": {
				"south": {"uv": [0, 0, 5.75, 5.75], "texture": "#1"}
			}
		},
		{
			"from": [4.64302, 0.86989, 11.3449],
			"to": [4.64302, 4.84498, 15.55886],
			"rotation": {"angle": 0, "axis": "y", "origin": [4.64302, 2.85743, 13.45188]},
			"faces": {
				"west": {"uv": [5.75, 0, 0, 5.75], "texture": "#1"}
			}
		},
		{
			"from": [4.64302, 0.86989, 1.24214],
			"to": [8.85698, 4.84498, 1.24214],
			"rotation": {"angle": 0, "axis": "y", "origin": [7.78746, 0.56989, 8.21254]},
			"faces": {
				"north": {"uv": [0, 7.25, 7, 15.25], "texture": "#1"}
			}
		},
		{
			"from": [4.64302, 0.86989, 1.24114],
			"to": [4.64302, 4.84498, 5.4551],
			"rotation": {"angle": 0, "axis": "y", "origin": [4.64302, 2.85743, 2.54812]},
			"faces": {
				"west": {"uv": [7, 7.25, 0, 15.25], "texture": "#1"}
			}
		},
		{
			"from": [4.38675, 4.82077, 0.98605],
			"to": [11.61325, 5.4584, 15.86413],
			"rotation": {"angle": 0, "axis": "y", "origin": [7.78746, 5.4584, 7.78746]},
			"faces": {
				"north": {"uv": [16, 16, 15.8, 15.8], "texture": "#0"},
				"east": {"uv": [16, 16, 15.8, 15.8], "texture": "#0"},
				"south": {"uv": [16, 16, 15.8, 15.8], "texture": "#0"},
				"west": {"uv": [16, 16, 15.8, 15.8], "texture": "#0"},
				"up": {"uv": [16, 16, 15.8, 15.8], "texture": "#0"},
				"down": {"uv": [16, 16, 15.8, 15.8], "texture": "#0"}
			}
		},
		{
			"from": [4.5993, 5.4584, 1.19859],
			"to": [11.4007, 5.98976, 15.65158],
			"rotation": {"angle": 0, "axis": "y", "origin": [7.78746, 5.88349, 7.78746]},
			"faces": {
				"north": {"uv": [11.2, 11.6, 14, 11.8], "texture": "#0"},
				"east": {"uv": [8.4, 9.2, 14.2, 9.4], "texture": "#0"},
				"south": {"uv": [11.2, 11.6, 14, 11.8], "texture": "#0"},
				"west": {"uv": [8.4, 9.2, 14.2, 9.4], "texture": "#0"},
				"up": {"uv": [2.8, 5.8, 0, 0], "texture": "#0"}
			}
		},
		{
			"from": [4.70557, 0.99498, 1.30486],
			"to": [11.29443, 4.82077, 15.54531],
			"rotation": {"angle": 0, "axis": "y", "origin": [7.78746, 0.99498, 7.78746]},
			"faces": {
				"north": {"uv": [8.4, 0, 11, 1.6], "texture": "#0"},
				"east": {"uv": [2.8, 0, 8.4, 1.6], "texture": "#0"},
				"south": {"uv": [8.4, 0, 11, 1.6], "texture": "#0"},
				"west": {"uv": [8.4, 0, 2.8, 1.6], "texture": "#0"}
			}
		},
		{
			"from": [4.49302, 2.37651, 2.47386],
			"to": [4.70557, 3.65178, 4.81184],
			"rotation": {"angle": 0, "axis": "y", "origin": [7.57491, 0.8887, 8.95645]},
			"faces": {
				"north": {"uv": [12, 2.4, 12.2, 3], "texture": "#0"},
				"south": {"uv": [8.4, 12, 8.6, 12.6], "texture": "#0"},
				"west": {"uv": [8.4, 10.4, 9.4, 11], "texture": "#0"},
				"up": {"uv": [12.2, 1, 12, 0], "texture": "#0"},
				"down": {"uv": [12.2, 1.2, 12, 2.2], "texture": "#0"}
			}
		},
		{
			"from": [4.16768, 1.83478, 2.67386],
			"to": [4.16768, 3.18513, 4.61184],
			"rotation": {"angle": -22.5, "axis": "z", "origin": [4.16768, 2.33496, 2.79267]},
			"faces": {
				"north": {"uv": [0, 0, 0, 0.6], "texture": "#0"},
				"east": {"uv": [10.8, 10.4, 11.8, 11], "texture": "#0"},
				"south": {"uv": [0, 0, 0, 0.6], "texture": "#0"},
				"west": {"uv": [10.8, 10.4, 11.8, 11], "texture": "#0"},
				"up": {"uv": [0, 1, 0, 0], "texture": "#0"},
				"down": {"uv": [0, 0, 0, 1], "texture": "#0"}
			}
		},
		{
			"from": [11.83232, 1.83478, 2.67386],
			"to": [11.83232, 3.18513, 4.61184],
			"rotation": {"angle": 22.5, "axis": "z", "origin": [11.83232, 2.33496, 2.79267]},
			"faces": {
				"north": {"uv": [0, 0, 0, 0.6], "texture": "#0"},
				"east": {"uv": [11.8, 10.4, 10.8, 11], "texture": "#0"},
				"south": {"uv": [0, 0, 0, 0.6], "texture": "#0"},
				"west": {"uv": [11.8, 10.4, 10.8, 11], "texture": "#0"},
				"up": {"uv": [0, 1, 0, 0], "texture": "#0"},
				"down": {"uv": [0, 0, 0, 1], "texture": "#0"}
			}
		},
		{
			"from": [11.29443, 2.37651, 2.47386],
			"to": [11.50698, 3.65178, 4.81184],
			"rotation": {"angle": 0, "axis": "y", "origin": [8.42509, 0.8887, 8.95645]},
			"faces": {
				"north": {"uv": [12.2, 2.4, 12, 3], "texture": "#0"},
				"east": {"uv": [9.4, 10.4, 8.4, 11], "texture": "#0"},
				"south": {"uv": [8.6, 12, 8.4, 12.6], "texture": "#0"},
				"up": {"uv": [12, 1, 12.2, 0], "texture": "#0"},
				"down": {"uv": [12, 1.2, 12.2, 2.2], "texture": "#0"}
			}
		},
		{
			"from": [11.83232, 1.83478, 7.27386],
			"to": [11.83232, 3.18513, 9.21184],
			"rotation": {"angle": 22.5, "axis": "z", "origin": [11.83232, 2.33496, 7.39267]},
			"faces": {
				"north": {"uv": [0, 0, 0, 0.6], "texture": "#0"},
				"east": {"uv": [11.8, 10.4, 10.8, 11], "texture": "#0"},
				"south": {"uv": [0, 0, 0, 0.6], "texture": "#0"},
				"west": {"uv": [11.8, 10.4, 10.8, 11], "texture": "#0"},
				"up": {"uv": [0, 1, 0, 0], "texture": "#0"},
				"down": {"uv": [0, 0, 0, 1], "texture": "#0"}
			}
		},
		{
			"from": [11.29443, 2.37651, 7.07386],
			"to": [11.50698, 3.65178, 9.41184],
			"rotation": {"angle": 0, "axis": "y", "origin": [8.42509, 0.8887, 13.55645]},
			"faces": {
				"north": {"uv": [12.2, 2.4, 12, 3], "texture": "#0"},
				"east": {"uv": [9.4, 10.4, 8.4, 11], "texture": "#0"},
				"south": {"uv": [8.6, 12, 8.4, 12.6], "texture": "#0"},
				"up": {"uv": [12, 1, 12.2, 0], "texture": "#0"},
				"down": {"uv": [12, 1.2, 12.2, 2.2], "texture": "#0"}
			}
		},
		{
			"from": [4.49302, 2.37651, 7.07386],
			"to": [4.70557, 3.65178, 9.41184],
			"rotation": {"angle": 0, "axis": "y", "origin": [7.57491, 0.8887, 13.55645]},
			"faces": {
				"north": {"uv": [12, 2.4, 12.2, 3], "texture": "#0"},
				"south": {"uv": [8.4, 12, 8.6, 12.6], "texture": "#0"},
				"west": {"uv": [8.4, 10.4, 9.4, 11], "texture": "#0"},
				"up": {"uv": [12.2, 1, 12, 0], "texture": "#0"},
				"down": {"uv": [12.2, 1.2, 12, 2.2], "texture": "#0"}
			}
		},
		{
			"from": [4.16768, 1.83478, 7.27386],
			"to": [4.16768, 3.18513, 9.21184],
			"rotation": {"angle": -22.5, "axis": "z", "origin": [4.16768, 2.33496, 7.39267]},
			"faces": {
				"north": {"uv": [0, 0, 0, 0.6], "texture": "#0"},
				"east": {"uv": [10.8, 10.4, 11.8, 11], "texture": "#0"},
				"south": {"uv": [0, 0, 0, 0.6], "texture": "#0"},
				"west": {"uv": [10.8, 10.4, 11.8, 11], "texture": "#0"},
				"up": {"uv": [0, 1, 0, 0], "texture": "#0"},
				"down": {"uv": [0, 0, 0, 1], "texture": "#0"}
			}
		},
		{
			"from": [11.83232, 1.83478, 11.72386],
			"to": [11.83232, 3.18513, 13.66184],
			"rotation": {"angle": 22.5, "axis": "z", "origin": [11.83232, 2.33496, 11.84267]},
			"faces": {
				"north": {"uv": [0, 0, 0, 0.6], "texture": "#0"},
				"east": {"uv": [11.8, 10.4, 10.8, 11], "texture": "#0"},
				"south": {"uv": [0, 0, 0, 0.6], "texture": "#0"},
				"west": {"uv": [11.8, 10.4, 10.8, 11], "texture": "#0"},
				"up": {"uv": [0, 1, 0, 0], "texture": "#0"},
				"down": {"uv": [0, 0, 0, 1], "texture": "#0"}
			}
		},
		{
			"from": [11.29443, 2.37651, 11.52386],
			"to": [11.50698, 3.65178, 13.86184],
			"rotation": {"angle": 0, "axis": "y", "origin": [8.42509, 0.8887, 18.00645]},
			"faces": {
				"north": {"uv": [12.2, 2.4, 12, 3], "texture": "#0"},
				"east": {"uv": [9.4, 10.4, 8.4, 11], "texture": "#0"},
				"south": {"uv": [8.6, 12, 8.4, 12.6], "texture": "#0"},
				"up": {"uv": [12, 1, 12.2, 0], "texture": "#0"},
				"down": {"uv": [12, 1.2, 12.2, 2.2], "texture": "#0"}
			}
		},
		{
			"from": [4.49302, 2.37651, 11.52386],
			"to": [4.70557, 3.65178, 13.86184],
			"rotation": {"angle": 0, "axis": "y", "origin": [7.57491, 0.8887, 18.00645]},
			"faces": {
				"north": {"uv": [12, 2.4, 12.2, 3], "texture": "#0"},
				"south": {"uv": [8.4, 12, 8.6, 12.6], "texture": "#0"},
				"west": {"uv": [8.4, 10.4, 9.4, 11], "texture": "#0"},
				"up": {"uv": [12.2, 1, 12, 0], "texture": "#0"},
				"down": {"uv": [12.2, 1.2, 12, 2.2], "texture": "#0"}
			}
		},
		{
			"from": [4.16768, 1.83478, 11.72386],
			"to": [4.16768, 3.18513, 13.66184],
			"rotation": {"angle": -22.5, "axis": "z", "origin": [4.16768, 2.33496, 11.84267]},
			"faces": {
				"north": {"uv": [0, 0, 0, 0.6], "texture": "#0"},
				"east": {"uv": [10.8, 10.4, 11.8, 11], "texture": "#0"},
				"south": {"uv": [0, 0, 0, 0.6], "texture": "#0"},
				"west": {"uv": [10.8, 10.4, 11.8, 11], "texture": "#0"},
				"up": {"uv": [0, 1, 0, 0], "texture": "#0"},
				"down": {"uv": [0, 0, 0, 1], "texture": "#0"}
			}
		}
	],
	"gui_light": "front",
	"display": {
		"thirdperson_righthand": {
			"rotation": [66, 179, 0],
			"translation": [0, 2.75, 3.75],
			"scale": [0.73, 0.73, 0.73]
		},
		"thirdperson_lefthand": {
			"rotation": [66, 179, 0],
			"translation": [0, 2.75, 3.75],
			"scale": [0.73, 0.73, 0.73]
		},
		"firstperson_righthand": {
			"rotation": [0, 44, 0],
			"translation": [0, 4.5, 0],
			"scale": [0.74, 0.74, 0.74]
		},
		"firstperson_lefthand": {
			"rotation": [0, 44, 0],
			"translation": [0, 4.5, 0],
			"scale": [0.74, 0.74, 0.74]
		},
		"ground": {
			"translation": [0, 6.25, 0]
		},
		"gui": {
			"rotation": [20, 139, 0],
			"translation": [0, 2, 0],
			"scale": [0.69, 0.69, 0.69]
		},
		"head": {
			"rotation": [0, 90, 0],
			"translation": [11.5, -10.75, -0.25],
			"scale": [4, 4, 4]
		},
		"fixed": {
			"rotation": [-90, 90, 0],
			"translation": [0, 0, -31.75],
			"scale": [4, 4, 4]
		}
	},
	"groups": [
		{
			"name": "group",
			"origin": [8, 8, 8],
			"color": 0,
			"children": [0, 1, 2, 3, 4, 5, 6, 7, 8, 9, 10, 11, 12, 13, 14, 15, 16, 17, 18, 19, 20]
		}
	]
}