{
	"credit": "Made with Blockbench",
	"texture_size": [32, 32],
	"textures": {
		"0": "dungeon:halloween_cage",
		"1": "dungeon:halloween_spider_web",
		"particle": "dungeon:halloween_cage"
	},
	"elements": [
		{
			"from": [4.5, 5.249, 7.75],
			"to": [8.5, 5.249, 11.75],
			"rotation": {"angle": 0, "axis": "y", "origin": [7.5, 3.249, 2.75]},
			"faces": {
				"up": {"uv": [16, 6.25, 10.5, 0], "texture": "#1"},
				"down": {"uv": [16, 0, 10.5, 6.25], "texture": "#1"}
			}
		},
		{
			"from": [7.5, 4.249, 4.25],
			"to": [11.5, 4.249, 8.25],
			"rotation": {"angle": 0, "axis": "y", "origin": [8.5, 3.249, 13.25]},
			"faces": {
				"up": {"uv": [9.5, 16, 16, 11], "texture": "#1"},
				"down": {"uv": [9.5, 11, 16, 16], "texture": "#1"}
			}
		},
		{
			"from": [4, 0, 4],
			"to": [12, 1.25, 12],
			"rotation": {"angle": 0, "axis": "y", "origin": [7.5, 0, 7.5]},
			"faces": {
				"north": {"uv": [3.5, 8.5, 7.5, 9.25], "texture": "#0"},
				"east": {"uv": [3.5, 8.5, 7.5, 9.25], "texture": "#0"},
				"south": {"uv": [3.5, 8.5, 7.5, 9.25], "texture": "#0"},
				"west": {"uv": [3.5, 8.5, 7.5, 9.25], "texture": "#0"},
				"up": {"uv": [4, 8.5, 0, 4.5], "texture": "#0"},
				"down": {"uv": [8, 4.5, 4, 8.5], "texture": "#0"}
			}
		},
		{
			"from": [4.5, 1.25, 4.25],
			"to": [11.5, 8.25, 4.25],
			"rotation": {"angle": 0, "axis": "y", "origin": [7.5, 0.25, 7.5]},
			"faces": {
				"north": {"uv": [8, 0, 11.5, 3.5], "texture": "#0"},
				"east": {"uv": [0, 0, 0, 3.5], "texture": "#0"},
				"south": {"uv": [8, 0, 11.5, 3.5], "texture": "#0"},
				"west": {"uv": [0, 0, 0, 3.5], "texture": "#0"},
				"up": {"uv": [3.5, 0, 0, 0], "texture": "#0"},
				"down": {"uv": [3.5, 0, 0, 0], "texture": "#0"}
			}
		},
		{
			"from": [4.5, 7.98358, 5.58939],
			"to": [11.5, 9.48358, 5.58939],
			"rotation": {"angle": 22.5, "axis": "x", "origin": [8, 11.48358, 5.58939]},
			"faces": {
				"north": {"uv": [7.5, 10.5, 11, 11.25], "texture": "#0"},
				"east": {"uv": [0, 0, 0, 0.75], "texture": "#0"},
				"south": {"uv": [7.5, 10.5, 11, 11.25], "texture": "#0"},
				"west": {"uv": [0, 0, 0, 0.75], "texture": "#0"},
				"up": {"uv": [3.5, 0, 0, 0], "texture": "#0"},
				"down": {"uv": [3.5, 0, 0, 0], "texture": "#0"}
			}
		},
		{
			"from": [4.5, 9.2697, 5.70791],
			"to": [11.5, 10.2697, 5.70791],
			"rotation": {"angle": 45, "axis": "x", "origin": [8, 10.5197, 5.70791]},
			"faces": {
				"north": {"uv": [11, 10.5, 14.5, 11], "texture": "#0"},
				"east": {"uv": [0, 0, 0, 0.5], "texture": "#0"},
				"south": {"uv": [11, 10.5, 14.5, 11], "texture": "#0"},
				"west": {"uv": [0, 0, 0, 0.5], "texture": "#0"},
				"up": {"uv": [3.5, 0, 0, 0], "texture": "#0"},
				"down": {"uv": [3.5, 0, 0, 0], "texture": "#0"}
			}
		},
		{
			"from": [4.5, 7.98358, 10.41061],
			"to": [11.5, 9.48358, 10.41061],
			"rotation": {"angle": -22.5, "axis": "x", "origin": [8, 11.48358, 10.41061]},
			"faces": {
				"north": {"uv": [11, 10.5, 7.5, 11.25], "texture": "#0"},
				"east": {"uv": [0, 0, 0, 0.75], "texture": "#0"},
				"south": {"uv": [11, 10.5, 7.5, 11.25], "texture": "#0"},
				"west": {"uv": [0, 0, 0, 0.75], "texture": "#0"},
				"up": {"uv": [3.5, 0, 0, 0], "texture": "#0"},
				"down": {"uv": [3.5, 0, 0, 0], "texture": "#0"}
			}
		},
		{
			"from": [4.5, 9.2697, 10.29209],
			"to": [11.5, 10.2697, 10.29209],
			"rotation": {"angle": -45, "axis": "x", "origin": [8, 10.5197, 10.29209]},
			"faces": {
				"north": {"uv": [14.5, 10.5, 11, 11], "texture": "#0"},
				"east": {"uv": [0, 0, 0, 0.5], "texture": "#0"},
				"south": {"uv": [14.5, 10.5, 11, 11], "texture": "#0"},
				"west": {"uv": [0, 0, 0, 0.5], "texture": "#0"},
				"up": {"uv": [3.5, 0, 0, 0], "texture": "#0"},
				"down": {"uv": [3.5, 0, 0, 0], "texture": "#0"}
			}
		},
		{
			"from": [4.5, 1.25, 11.75],
			"to": [11.5, 8.25, 11.75],
			"rotation": {"angle": 0, "axis": "y", "origin": [7.5, 0.25, 8.5]},
			"faces": {
				"north": {"uv": [11.5, 0, 8, 3.5], "texture": "#0"},
				"east": {"uv": [0, 0, 0, 3.5], "texture": "#0"},
				"south": {"uv": [11.5, 0, 8, 3.5], "texture": "#0"},
				"west": {"uv": [0, 0, 0, 3.5], "texture": "#0"},
				"up": {"uv": [3.5, 0, 0, 0], "texture": "#0"},
				"down": {"uv": [3.5, 0, 0, 0], "texture": "#0"}
			}
		},
		{
			"from": [4.5, 1.25, 4.25],
			"to": [11.5, 8.25, 4.25],
			"rotation": {"angle": 0, "axis": "y", "origin": [7.5, 0.25, 7.5]},
			"faces": {
				"north": {"uv": [8, 0, 11.5, 3.5], "texture": "#0"},
				"east": {"uv": [0, 0, 0, 3.5], "texture": "#0"},
				"south": {"uv": [8, 3.5, 11.5, 7], "texture": "#0"},
				"west": {"uv": [0, 0, 0, 3.5], "texture": "#0"},
				"up": {"uv": [3.5, 0, 0, 0], "texture": "#0"},
				"down": {"uv": [3.5, 0, 0, 0], "texture": "#0"}
			}
		},
		{
			"from": [4.5, 7.98358, 5.58939],
			"to": [11.5, 9.48358, 5.58939],
			"rotation": {"angle": 22.5, "axis": "x", "origin": [8, 11.48358, 5.58939]},
			"faces": {
				"north": {"uv": [7.5, 10.5, 11, 11.25], "texture": "#0"},
				"east": {"uv": [0, 0, 0, 0.75], "texture": "#0"},
				"south": {"uv": [0, 11, 3.5, 11.75], "texture": "#0"},
				"west": {"uv": [0, 0, 0, 0.75], "texture": "#0"},
				"up": {"uv": [3.5, 0, 0, 0], "texture": "#0"},
				"down": {"uv": [3.5, 0, 0, 0], "texture": "#0"}
			}
		},
		{
			"from": [4.5, 9.2697, 5.70791],
			"to": [11.5, 10.2697, 5.70791],
			"rotation": {"angle": 45, "axis": "x", "origin": [8, 10.5197, 5.70791]},
			"faces": {
				"north": {"uv": [11, 10.5, 14.5, 11], "texture": "#0"},
				"east": {"uv": [0, 0, 0, 0.5], "texture": "#0"},
				"south": {"uv": [11, 11, 14.5, 11.5], "texture": "#0"},
				"west": {"uv": [0, 0, 0, 0.5], "texture": "#0"},
				"up": {"uv": [3.5, 0, 0, 0], "texture": "#0"},
				"down": {"uv": [3.5, 0, 0, 0], "texture": "#0"}
			}
		},
		{
			"from": [4.5, 10.34193, 5.53113],
			"to": [11.5, 10.34193, 10.48113],
			"rotation": {"angle": 0, "axis": "y", "origin": [8, 10.34193, 6.03113]},
			"faces": {
				"north": {"uv": [0, 0, 3.5, 0], "texture": "#0"},
				"east": {"uv": [0, 0, 2.5, 0], "texture": "#0"},
				"south": {"uv": [0, 0, 3.5, 0], "texture": "#0"},
				"west": {"uv": [0, 0, 2.5, 0], "texture": "#0"},
				"up": {"uv": [11.5, 9.5, 8, 7], "texture": "#0"},
				"down": {"uv": [11.5, 9.5, 8, 7], "texture": "#0"}
			}
		},
		{
			"from": [11.5, 1.2, 4.25],
			"to": [11.5, 10.35, 11.75],
			"rotation": {"angle": 0, "axis": "y", "origin": [8.5, 0.25, 8.5]},
			"faces": {
				"north": {"uv": [0, 0, 0, 4.5], "texture": "#0"},
				"east": {"uv": [0, 0, 4, 4.5], "texture": "#0"},
				"south": {"uv": [0, 0, 0, 4.5], "texture": "#0"},
				"west": {"uv": [0, 0, 4, 4.5], "texture": "#0"},
				"up": {"uv": [0, 3.75, 0, 0], "texture": "#0"},
				"down": {"uv": [0, 0, 0, 3.75], "texture": "#0"}
			}
		},
		{
			"from": [4.5, 1.2, 4.25],
			"to": [4.5, 10.35, 11.75],
			"rotation": {"angle": 0, "axis": "y", "origin": [4.5, 5.775, 8]},
			"faces": {
				"north": {"uv": [0, 0, 0, 4.5], "texture": "#0"},
				"east": {"uv": [4, 0, 0, 4.5], "texture": "#0"},
				"south": {"uv": [0, 0, 0, 4.5], "texture": "#0"},
				"west": {"uv": [4, 0, 0, 4.5], "texture": "#0"},
				"up": {"uv": [0, 3.75, 0, 0], "texture": "#0"},
				"down": {"uv": [0, 0, 0, 3.75], "texture": "#0"}
			}
		},
		{
			"from": [11.5, 1.125, 4.25],
			"to": [11.5, 10.35, 11.75],
			"rotation": {"angle": 0, "axis": "y", "origin": [8.5, 0.25, 8.5]},
			"faces": {
				"north": {"uv": [0, 0, 0, 4.5], "texture": "#0"},
				"east": {"uv": [0, 0, 4, 4.5], "texture": "#0"},
				"south": {"uv": [0, 0, 0, 4.5], "texture": "#0"},
				"west": {"uv": [0, 0, 4, 4.5], "texture": "#0"},
				"up": {"uv": [0, 3.75, 0, 0], "texture": "#0"},
				"down": {"uv": [0, 0, 0, 3.75], "texture": "#0"}
			}
		},
		{
			"from": [7, 10, 7],
			"to": [9, 11, 9],
			"rotation": {"angle": 0, "axis": "y", "origin": [7.5, 0.25, 7.5]},
			"faces": {
				"north": {"uv": [11.5, 2, 12.5, 2.5], "texture": "#0"},
				"east": {"uv": [11.5, 2, 12.5, 2.5], "texture": "#0"},
				"south": {"uv": [11.5, 2, 12.5, 2.5], "texture": "#0"},
				"west": {"uv": [11.5, 2, 12.5, 2.5], "texture": "#0"},
				"up": {"uv": [12.5, 1, 11.5, 0], "texture": "#0"},
				"down": {"uv": [12.5, 1, 11.5, 2], "texture": "#0"}
			}
		}
	],
	"gui_light": "front",
	"display": {
		"thirdperson_righthand": {
			"rotation": [62, 179, 0],
			"translation": [0, 1.5, 1.75],
			"scale": [0.73, 0.73, 0.73]
		},
		"thirdperson_lefthand": {
			"rotation": [62, 179, 0],
			"translation": [0, 1.5, 1.75],
			"scale": [0.73, 0.73, 0.73]
		},
		"firstperson_righthand": {
			"rotation": [-13, 130, 0],
			"translation": [0, 3.75, 0],
			"scale": [0.73, 0.73, 0.73]
		},
		"firstperson_lefthand": {
			"rotation": [-13, 130, 0],
			"translation": [0, 3.75, 0],
			"scale": [0.73, 0.73, 0.73]
		},
		"ground": {
			"translation": [0, 7.5, 0],
			"scale": [0.87, 0.87, 0.87]
		},
		"gui": {
			"rotation": [30, 225, 0],
			"translation": [0, 2.25, 0],
			"scale": [0.85, 0.85, 0.85]
		},
		"head": {
			"translation": [0, -27.25, 0],
			"scale": [2, 2, 2]
		},
		"fixed": {
			"rotation": [-90, 0, 0],
			"translation": [0, 0, -24],
			"scale": [3.21, 3.21, 3.21]
		}
	},
	"groups": [
		{
			"name": "group",
			"origin": [8, 8, 8],
			"color": 0,
			"children": [
				{
					"name": "spider_web",
					"origin": [8, 8, 8],
					"color": 0,
					"children": [0, 1]
				},
				2,
				3,
				4,
				5,
				6,
				7,
				8,
				9,
				10,
				11,
				12,
				13,
				14,
				15,
				16
			]
		}
	]
}