{
	"credit": "Made with Blockbench",
	"texture_size": [48, 48],
	"textures": {
		"0": "dungeon:halloween_coffin_vampire",
		"1": "dungeon:halloween_spider_web",
		"particle": "dungeon:halloween_coffin_vampire"
	},
	"elements": [
		{
			"from": [9.42421, 0.04462, 1.7735],
			"to": [11.32579, 0.93226, 3.57667],
			"rotation": {"angle": 0, "axis": "y", "origin": [7.78746, 0.94462, 7.78746]},
			"faces": {
				"north": {"uv": [16, 16, 15.83333, 15.83333], "texture": "#0"},
				"east": {"uv": [16, 16, 15.83333, 15.83333], "texture": "#0"},
				"south": {"uv": [16, 16, 15.83333, 15.83333], "texture": "#0"},
				"west": {"uv": [16, 16, 15.83333, 15.83333], "texture": "#0"},
				"up": {"uv": [16, 16, 15.83333, 15.83333], "texture": "#0"},
				"down": {"uv": [16, 16, 15.83333, 15.83333], "texture": "#0"}
			}
		},
		{
			"from": [4.67421, 0.04462, 1.7735],
			"to": [6.57579, 0.93226, 3.57667],
			"rotation": {"angle": 0, "axis": "y", "origin": [8.21254, 0.94462, 7.78746]},
			"faces": {
				"north": {"uv": [15.83333, 16, 16, 15.83333], "texture": "#0"},
				"east": {"uv": [15.83333, 16, 16, 15.83333], "texture": "#0"},
				"south": {"uv": [15.83333, 16, 16, 15.83333], "texture": "#0"},
				"west": {"uv": [15.83333, 16, 16, 15.83333], "texture": "#0"},
				"up": {"uv": [15.83333, 16, 16, 15.83333], "texture": "#0"},
				"down": {"uv": [15.83333, 16, 16, 15.83333], "texture": "#0"}
			}
		},
		{
			"from": [4.67421, 0.04462, 13.42333],
			"to": [6.57579, 0.93226, 15.2265],
			"rotation": {"angle": 0, "axis": "y", "origin": [8.21254, 0.94462, 8.21254]},
			"faces": {
				"north": {"uv": [16, 16, 15.83333, 15.83333], "texture": "#0"},
				"east": {"uv": [16, 16, 15.83333, 15.83333], "texture": "#0"},
				"south": {"uv": [16, 16, 15.83333, 15.83333], "texture": "#0"},
				"west": {"uv": [16, 16, 15.83333, 15.83333], "texture": "#0"},
				"up": {"uv": [15.83333, 15.83333, 16, 16], "texture": "#0"},
				"down": {"uv": [15.83333, 15.83333, 16, 16], "texture": "#0"}
			}
		},
		{
			"from": [9.42421, 0.04462, 13.42333],
			"to": [11.32579, 0.93226, 15.2265],
			"rotation": {"angle": 0, "axis": "y", "origin": [7.78746, 0.94462, 8.21254]},
			"faces": {
				"north": {"uv": [15.83333, 16, 16, 15.83333], "texture": "#0"},
				"east": {"uv": [15.83333, 16, 16, 15.83333], "texture": "#0"},
				"south": {"uv": [15.83333, 16, 16, 15.83333], "texture": "#0"},
				"west": {"uv": [15.83333, 16, 16, 15.83333], "texture": "#0"},
				"up": {"uv": [16, 15.83333, 15.83333, 16], "texture": "#0"},
				"down": {"uv": [16, 15.83333, 15.83333, 16], "texture": "#0"}
			}
		},
		{
			"from": [4.49302, 1.81989, 1.09232],
			"to": [11.50698, 2.24498, 15.75786],
			"rotation": {"angle": 0, "axis": "y", "origin": [7.78746, 1.81989, 7.78746]},
			"faces": {
				"north": {"uv": [16, 16, 15.83333, 15.83333], "texture": "#0"},
				"east": {"uv": [16, 16, 15.83333, 15.83333], "texture": "#0"},
				"south": {"uv": [16, 16, 15.83333, 15.83333], "texture": "#0"},
				"west": {"uv": [16, 16, 15.83333, 15.83333], "texture": "#0"},
				"up": {"uv": [16, 16, 15.83333, 15.83333], "texture": "#0"}
			}
		},
		{
			"from": [9.63894, 8.31858, 0.98605],
			"to": [10.27657, 15.54508, 15.86413],
			"rotation": {"angle": -45, "axis": "z", "origin": [8, 6.68183, 8.42509]},
			"faces": {
				"north": {"uv": [16, 16, 15.83333, 15.83333], "texture": "#0"},
				"east": {"uv": [16, 16, 15.83333, 15.83333], "texture": "#0"},
				"south": {"uv": [16, 16, 15.83333, 15.83333], "texture": "#0"},
				"west": {"uv": [16, 16, 15.83333, 15.83333], "texture": "#0"},
				"up": {"uv": [16, 16, 15.83333, 15.83333], "texture": "#0"},
				"down": {"uv": [16, 16, 15.83333, 15.83333], "texture": "#0"}
			}
		},
		{
			"from": [11.50523, 5.8477, 11.79531],
			"to": [11.79409, 6.6735, 14.06076],
			"rotation": {"angle": -45, "axis": "z", "origin": [11.64966, 6.2606, 8.475]},
			"faces": {
				"north": {"uv": [11.16667, 12, 11, 12.16667], "texture": "#0"},
				"east": {"uv": [12.5, 11.66667, 11.66667, 11.83333], "texture": "#0"},
				"south": {"uv": [12.16667, 10.66667, 12, 10.83333], "texture": "#0"},
				"west": {"uv": [12.83333, 2.33333, 12, 2.5], "texture": "#0"},
				"up": {"uv": [12.16667, 2.66667, 12, 3.5], "texture": "#0"},
				"down": {"uv": [12.16667, 4.5, 12, 3.66667], "texture": "#0"}
			}
		},
		{
			"from": [11.25557, 5.24498, 11.89531],
			"to": [11.54443, 6.07077, 13.96076],
			"rotation": {"angle": 0, "axis": "y", "origin": [8.46254, 5.24498, 8.2779]},
			"faces": {
				"north": {"uv": [12.16667, 6, 12, 6.33333], "texture": "#0"},
				"east": {"uv": [9.66667, 7, 9, 7.33333], "texture": "#0"},
				"south": {"uv": [9.83333, 7, 9.66667, 7.33333], "texture": "#0"},
				"west": {"uv": [6, 11.66667, 5.33333, 12], "texture": "#0"},
				"up": {"uv": [5.16667, 6.66667, 5, 7.33333], "texture": "#0"},
				"down": {"uv": [5.5, 12.66667, 5.33333, 12], "texture": "#0"}
			}
		},
		{
			"from": [9.9167, 2.24498, 2.28924],
			"to": [10.60557, 5.82077, 14.55469],
			"rotation": {"angle": 0, "axis": "y", "origin": [7.52368, 2.24498, 8.0721]},
			"faces": {
				"west": {"uv": [5.66667, 0, 1.33333, 1.16667], "texture": "#0"},
				"up": {"uv": [5.66667, 0, 1.33333, 0.16667], "rotation": 90, "texture": "#0"}
			}
		},
		{
			"from": [6.0833, 2.24498, 2.28924],
			"to": [9.92216, 5.82077, 3.00469],
			"rotation": {"angle": 0, "axis": "y", "origin": [9.16518, 2.24498, 6.0721]},
			"faces": {
				"south": {"uv": [0, 0, 1.33333, 1.16667], "texture": "#0"},
				"up": {"uv": [1.33333, 0.16667, 0, 0], "texture": "#0"}
			}
		},
		{
			"from": [5.39443, 2.24498, 2.28924],
			"to": [6.0833, 5.82077, 14.55469],
			"rotation": {"angle": 0, "axis": "y", "origin": [8.47632, 2.24498, 8.0721]},
			"faces": {
				"east": {"uv": [1.33333, 0, 5.66667, 1.16667], "texture": "#0"},
				"up": {"uv": [5.66667, 0.16667, 1.33333, 0], "rotation": 90, "texture": "#0"}
			}
		},
		{
			"from": [6.07784, 2.24498, 13.83924],
			"to": [9.9167, 5.82077, 14.55469],
			"rotation": {"angle": 0, "axis": "y", "origin": [9.15973, 2.24498, 8.77183]},
			"faces": {
				"north": {"uv": [1.33333, 0, 0, 1.16667], "texture": "#0"},
				"up": {"uv": [1.33333, 0, 0, 0.16667], "texture": "#0"}
			}
		},
		{
			"from": [10.60557, 2.24498, 2.28924],
			"to": [11.29443, 6.07077, 14.55469],
			"rotation": {"angle": 0, "axis": "y", "origin": [8.21254, 2.24498, 8.0721]},
			"faces": {
				"east": {"uv": [11.66667, 14.66667, 15.66667, 16], "texture": "#0"},
				"west": {"uv": [16, 15.5, 15.83333, 15.66667], "texture": "#0"},
				"up": {"uv": [15.83333, 14.66667, 16, 10.66667], "texture": "#0"}
			}
		},
		{
			"from": [4.70557, 2.24498, 2.28924],
			"to": [5.39443, 6.07077, 14.55469],
			"rotation": {"angle": 0, "axis": "y", "origin": [7.78746, 2.24498, 8.0721]},
			"faces": {
				"east": {"uv": [16, 15.5, 15.83333, 15.66667], "texture": "#0"},
				"west": {"uv": [15.66667, 14.66667, 11.66667, 16], "texture": "#0"},
				"up": {"uv": [16, 14.66667, 15.83333, 10.66667], "texture": "#0"}
			}
		},
		{
			"from": [4.70557, 2.24498, 14.55469],
			"to": [11.29443, 6.07077, 15.54514],
			"rotation": {"angle": 0, "axis": "y", "origin": [7.78746, 2.24498, 9.06254]},
			"faces": {
				"north": {"uv": [16, 15.5, 15.83333, 15.66667], "texture": "#0"},
				"east": {"uv": [11.33333, 14.66667, 11.66667, 16], "texture": "#0"},
				"south": {"uv": [11.33333, 14.66667, 9.16667, 16], "texture": "#0"},
				"west": {"uv": [11.66667, 14.66667, 11.33333, 16], "texture": "#0"},
				"up": {"uv": [9.83333, 6.33333, 7.66667, 6.66667], "texture": "#0"}
			}
		},
		{
			"from": [6.70557, 5.99498, 15.15469],
			"to": [11.54443, 8.07077, 15.15469],
			"rotation": {"angle": 0, "axis": "y", "origin": [8, 7.90787, 15.05469]},
			"faces": {
				"north": {"uv": [16, 11, 9.5, 16], "texture": "#1"},
				"south": {"uv": [9.5, 11, 16, 16], "texture": "#1"}
			}
		},
		{
			"from": [9.80273, 3.15034, 11.01345],
			"to": [9.80273, 5.4892, 13.83924],
			"rotation": {"angle": 0, "axis": "y", "origin": [8.75273, 3.56977, 12.80134]},
			"faces": {
				"east": {"uv": [16, 0, 10.5, 6.25], "rotation": 270, "texture": "#1"},
				"west": {"uv": [10.5, 0, 16, 6.25], "rotation": 90, "texture": "#1"}
			}
		},
		{
			"from": [9.80273, 3.15034, 2.91076],
			"to": [9.80273, 5.7392, 7.48655],
			"rotation": {"angle": 0, "axis": "y", "origin": [8.75273, 3.56977, 3.19866]},
			"faces": {
				"east": {"uv": [16, 6.25, 10.5, 0], "rotation": 270, "texture": "#1"},
				"west": {"uv": [10.5, 6.25, 16, 0], "rotation": 90, "texture": "#1"}
			}
		},
		{
			"from": [6.19727, 3.15034, 11.01345],
			"to": [6.19727, 5.4892, 13.83924],
			"rotation": {"angle": 0, "axis": "y", "origin": [7.24727, 3.56977, 12.80134]},
			"faces": {
				"east": {"uv": [10.5, 6.25, 16, 0], "rotation": 90, "texture": "#1"},
				"west": {"uv": [16, 6.25, 10.5, 0], "rotation": 270, "texture": "#1"}
			}
		},
		{
			"from": [6.19727, 3.15034, 2.91076],
			"to": [6.19727, 5.7392, 7.48655],
			"rotation": {"angle": 0, "axis": "y", "origin": [7.24727, 3.56977, 3.19866]},
			"faces": {
				"east": {"uv": [10.5, 0, 16, 6.25], "rotation": 90, "texture": "#1"},
				"west": {"uv": [16, 0, 10.5, 6.25], "rotation": 270, "texture": "#1"}
			}
		},
		{
			"from": [6.70557, 5.99498, 1.69531],
			"to": [11.54443, 8.07077, 1.69531],
			"rotation": {"angle": 0, "axis": "y", "origin": [8, 7.90787, 0.94531]},
			"faces": {
				"north": {"uv": [16, 11, 9.5, 16], "texture": "#1"},
				"south": {"uv": [9.5, 11, 16, 16], "texture": "#1"}
			}
		},
		{
			"from": [9.70818, 4.75125, 1.94531],
			"to": [14.54704, 6.82705, 1.94531],
			"rotation": {"angle": 45, "axis": "z", "origin": [12.12761, 5.78915, 1.69531]},
			"faces": {
				"north": {"uv": [16, 11, 9.5, 16], "rotation": 180, "texture": "#1"},
				"south": {"uv": [9.5, 11, 16, 16], "rotation": 180, "texture": "#1"}
			}
		},
		{
			"from": [9.95818, 4.75125, 6.94531],
			"to": [14.54704, 6.57705, 6.94531],
			"rotation": {"angle": 45, "axis": "z", "origin": [12.12761, 5.78915, 1.69531]},
			"faces": {
				"north": {"uv": [16, 6.25, 10.5, 0], "rotation": 180, "texture": "#1"},
				"south": {"uv": [10.5, 6.25, 16, 0], "rotation": 180, "texture": "#1"}
			}
		},
		{
			"from": [9.70818, 4.75125, 14.05469],
			"to": [14.54704, 6.82705, 14.05469],
			"rotation": {"angle": 45, "axis": "z", "origin": [12.12761, 5.78915, 14.30469]},
			"faces": {
				"north": {"uv": [16, 11, 9.5, 16], "rotation": 180, "texture": "#1"},
				"south": {"uv": [9.5, 11, 16, 16], "rotation": 180, "texture": "#1"}
			}
		},
		{
			"from": [10.27657, 8.53113, 1.19859],
			"to": [10.80793, 15.33254, 15.65158],
			"rotation": {"angle": -45, "axis": "z", "origin": [8, 6.68183, 8.42509]},
			"faces": {
				"north": {"uv": [13.66667, 4.66667, 16, 4.83333], "rotation": 90, "texture": "#0"},
				"east": {"uv": [13.66667, 0, 16, 4.83333], "rotation": 90, "texture": "#0"},
				"south": {"uv": [13.66667, 4.66667, 16, 4.83333], "rotation": 90, "texture": "#0"},
				"up": {"uv": [13.66667, 4.83333, 13.83333, 0], "texture": "#0"},
				"down": {"uv": [13.83333, 0, 13.66667, 4.83333], "texture": "#0"}
			}
		},
		{
			"from": [11.50523, 5.8477, 2.78924],
			"to": [11.79409, 6.6735, 5.05469],
			"rotation": {"angle": -45, "axis": "z", "origin": [11.64966, 6.2606, 8.375]},
			"faces": {
				"north": {"uv": [12, 10.66667, 12.16667, 10.83333], "texture": "#0"},
				"east": {"uv": [11.66667, 11.66667, 12.5, 11.83333], "texture": "#0"},
				"south": {"uv": [11, 12, 11.16667, 12.16667], "texture": "#0"},
				"west": {"uv": [12, 2.33333, 12.83333, 2.5], "texture": "#0"},
				"up": {"uv": [12.16667, 3.5, 12, 2.66667], "texture": "#0"},
				"down": {"uv": [12.16667, 3.66667, 12, 4.5], "texture": "#0"}
			}
		},
		{
			"from": [11.25557, 5.24498, 2.88924],
			"to": [11.54443, 6.07077, 4.95469],
			"rotation": {"angle": 0, "axis": "y", "origin": [8.46254, 5.24498, 8.5721]},
			"faces": {
				"north": {"uv": [9.66667, 7, 9.83333, 7.33333], "texture": "#0"},
				"east": {"uv": [9, 7, 9.66667, 7.33333], "texture": "#0"},
				"south": {"uv": [12, 6, 12.16667, 6.33333], "texture": "#0"},
				"west": {"uv": [5.33333, 11.66667, 6, 12], "texture": "#0"},
				"up": {"uv": [5.16667, 7.33333, 5, 6.66667], "texture": "#0"},
				"down": {"uv": [5.5, 12, 5.33333, 12.66667], "texture": "#0"}
			}
		},
		{
			"from": [6.07784, 2.24498, 2.87379],
			"to": [9.9167, 3.32077, 13.83924],
			"rotation": {"angle": 0, "axis": "y", "origin": [9.15973, 2.24498, 8.05638]},
			"faces": {
				"up": {"uv": [1.33333, 4.5, 0, 0.83333], "texture": "#0"}
			}
		},
		{
			"from": [4.70557, 2.24498, 1.30486],
			"to": [11.29443, 6.07077, 2.29531],
			"rotation": {"angle": 0, "axis": "y", "origin": [7.78746, 2.24498, 7.78746]},
			"faces": {
				"north": {"uv": [9.16667, 14.66667, 11.33333, 16], "texture": "#0"},
				"east": {"uv": [11.66667, 14.66667, 11.33333, 16], "texture": "#0"},
				"south": {"uv": [16, 15.5, 15.83333, 15.66667], "texture": "#0"},
				"west": {"uv": [11.33333, 14.66667, 11.66667, 16], "texture": "#0"},
				"up": {"uv": [9.83333, 6.66667, 7.66667, 6.33333], "texture": "#0"}
			}
		},
		{
			"from": [4.17421, 0.93226, 0.7735],
			"to": [11.82579, 1.81989, 16.07667],
			"rotation": {"angle": 0, "axis": "y", "origin": [7.78746, 1.18226, 7.78746]},
			"faces": {
				"north": {"uv": [16, 16, 15.83333, 15.83333], "texture": "#0"},
				"east": {"uv": [16, 16, 15.83333, 15.83333], "texture": "#0"},
				"south": {"uv": [16, 16, 15.83333, 15.83333], "texture": "#0"},
				"west": {"uv": [16, 16, 15.83333, 15.83333], "texture": "#0"},
				"up": {"uv": [16, 16, 15.83333, 15.83333], "texture": "#0"},
				"down": {"uv": [16, 16, 15.83333, 15.83333], "texture": "#0"}
			}
		}
	],
	"gui_light": "front",
	"display": {
		"thirdperson_righthand": {
			"rotation": [67, 83, 0],
			"translation": [0, 3.5, 1.75],
			"scale": [0.73, 0.73, 0.73]
		},
		"thirdperson_lefthand": {
			"rotation": [67, 83, 0],
			"translation": [0, 3.5, 1.75],
			"scale": [0.73, 0.73, 0.73]
		},
		"firstperson_righthand": {
			"rotation": [0, 47, 0],
			"translation": [0, 2.75, 0],
			"scale": [0.87, 0.87, 0.87]
		},
		"firstperson_lefthand": {
			"rotation": [0, -126, 0],
			"translation": [0, 2.75, 0],
			"scale": [0.87, 0.87, 0.87]
		},
		"ground": {
			"translation": [0, 8.25, 0]
		},
		"gui": {
			"rotation": [20, 131, 0],
			"translation": [0.5, 0.25, 0],
			"scale": [0.69, 0.69, 0.69]
		},
		"head": {
			"rotation": [0, 90, 0],
			"translation": [11.5, -10.75, -0.25],
			"scale": [4, 4, 4]
		},
		"fixed": {
			"rotation": [-90, -90, 0],
			"translation": [0, 0, -31.75],
			"scale": [4, 4, 4]
		}
	},
	"groups": [
		{
			"name": "group",
			"origin": [8.46254, 3.99498, 8.1779],
			"color": 0,
			"children": [
				{
					"name": "group",
					"origin": [8.46254, 3.99498, 8.1779],
					"color": 0,
					"children": [
						{
							"name": "group",
							"origin": [9.15973, 0.99498, 8.05638],
							"color": 0,
							"children": []
						},
						0,
						1,
						2,
						3,
						4,
						5,
						6,
						7,
						8,
						9,
						10,
						11,
						12,
						13,
						14,
						15,
						16,
						17,
						18,
						19,
						20,
						21,
						22,
						23,
						24,
						25,
						26,
						27,
						28,
						29
					]
				}
			]
		}
	]
}