{
	"credit": "Made with Blockbench",
	"texture_size": [32, 32],
	"textures": {
		"0": "dungeon:halloween_book_on_desk",
		"1": "dungeon:halloween_spider_web",
		"particle": "dungeon:halloween_book_on_desk"
	},
	"elements": [
		{
			"from": [4.78524, 13.60382, 6.86335],
			"to": [11.21476, 13.60382, 12.16255],
			"rotation": {"angle": -22.5, "axis": "x", "origin": [9.15532, 9.41024, 4.17695]},
			"faces": {
				"north": {"uv": [0, 0, 3.25, 0], "texture": "#0"},
				"east": {"uv": [0, 0, 2.75, 0], "texture": "#0"},
				"south": {"uv": [0, 0, 3.25, 0], "texture": "#0"},
				"west": {"uv": [0, 0, 2.75, 0], "texture": "#0"},
				"up": {"uv": [16, 16, 12.75, 13.25], "texture": "#0"},
				"down": {"uv": [16, 13.25, 12.75, 16], "texture": "#0"}
			}
		},
		{
			"from": [5.3504, 13.60682, 7.39327],
			"to": [8, 14.13674, 11.63263],
			"rotation": {"angle": -22.5, "axis": "x", "origin": [9.15, 9.41024, 4.17695]},
			"faces": {
				"north": {"uv": [10, 13.5, 11.25, 13.75], "texture": "#0"},
				"east": {"uv": [10, 13.5, 12, 13.75], "texture": "#0"},
				"south": {"uv": [10, 13.5, 12, 13.75], "texture": "#0"},
				"west": {"uv": [10, 13.5, 12, 13.75], "texture": "#0"},
				"up": {"uv": [10, 15.75, 11.5, 13.75], "texture": "#0"}
			}
		},
		{
			"from": [8, 13.60682, 7.39327],
			"to": [10.6496, 14.13674, 11.63263],
			"rotation": {"angle": -22.5, "axis": "x", "origin": [6.85, 9.41024, 4.17695]},
			"faces": {
				"north": {"uv": [10, 13.5, 12, 13.75], "texture": "#0"},
				"east": {"uv": [12, 13.5, 10, 13.75], "texture": "#0"},
				"south": {"uv": [10, 13.5, 12, 13.75], "texture": "#0"},
				"west": {"uv": [10, 13.5, 12, 13.75], "texture": "#0"},
				"up": {"uv": [11.25, 15.75, 12.75, 13.75], "texture": "#0"}
			}
		},
		{
			"from": [7.25, 3.5, 7.25],
			"to": [8.75, 12, 8.75],
			"rotation": {"angle": 0, "axis": "y", "origin": [7.5, 1, 7.5]},
			"faces": {
				"north": {"uv": [7.5, 0, 8.25, 4.25], "texture": "#0"},
				"east": {"uv": [3.5, 7.5, 4.25, 11.75], "texture": "#0"},
				"south": {"uv": [4.5, 7.5, 5.25, 11.75], "texture": "#0"},
				"west": {"uv": [7.5, 4.5, 8.25, 8.75], "texture": "#0"}
			}
		},
		{
			"from": [7.05, 6.75, 7.05],
			"to": [8.95, 7.5, 8.95],
			"rotation": {"angle": 0, "axis": "y", "origin": [7.5, 2, 7.5]},
			"faces": {
				"north": {"uv": [0, 11.5, 1, 12], "texture": "#0"},
				"east": {"uv": [1, 11.5, 2, 12], "texture": "#0"},
				"south": {"uv": [2, 11.5, 3, 12], "texture": "#0"},
				"west": {"uv": [11.5, 4, 12.5, 4.5], "texture": "#0"},
				"up": {"uv": [9.5, 6, 8.5, 5], "texture": "#0"},
				"down": {"uv": [9.5, 6, 8.5, 7], "texture": "#0"}
			}
		},
		{
			"from": [7.1, 5.35, 7.1],
			"to": [8.9, 6.1, 8.9],
			"rotation": {"angle": 0, "axis": "y", "origin": [7.5, 2, 7.5]},
			"faces": {
				"north": {"uv": [0, 11.5, 1, 12], "texture": "#0"},
				"east": {"uv": [1, 11.5, 2, 12], "texture": "#0"},
				"south": {"uv": [2, 11.5, 3, 12], "texture": "#0"},
				"west": {"uv": [11.5, 4, 12.5, 4.5], "texture": "#0"},
				"up": {"uv": [9.5, 6, 8.5, 5], "texture": "#0"},
				"down": {"uv": [9.5, 6, 8.5, 7], "texture": "#0"}
			}
		},
		{
			"from": [7.1, 1.75, 7.1],
			"to": [8.9, 3.5, 8.9],
			"rotation": {"angle": 0, "axis": "y", "origin": [7.5, 2, 7.5]},
			"faces": {
				"north": {"uv": [9, 9, 10, 10], "texture": "#0"},
				"east": {"uv": [9, 9, 10, 10], "texture": "#0"},
				"south": {"uv": [9, 9, 10, 10], "texture": "#0"},
				"west": {"uv": [9, 9, 10, 10], "texture": "#0"},
				"up": {"uv": [6.5, 10.5, 5.5, 9.5], "texture": "#0"},
				"down": {"uv": [10.5, 6, 9.5, 7], "texture": "#0"}
			}
		},
		{
			"from": [5.27887, 0.60602, 7.3],
			"to": [6.60387, 1.65602, 8.7],
			"rotation": {"angle": -22.5, "axis": "z", "origin": [6.23358, 1.8602, 8]},
			"faces": {
				"north": {"uv": [11.5, 8, 12.25, 8.5], "texture": "#0"},
				"east": {"uv": [8.5, 11.5, 9.25, 12], "texture": "#0"},
				"south": {"uv": [12.25, 8, 11.5, 8.5], "texture": "#0"},
				"west": {"uv": [9.5, 11.5, 10.25, 12], "texture": "#0"},
				"down": {"uv": [10.75, 1, 10, 1.75], "texture": "#0"}
			}
		},
		{
			"from": [4.41007, -0.25057, 7.35],
			"to": [5.76007, 1.29943, 8.65],
			"rotation": {"angle": -45, "axis": "z", "origin": [5.03507, 0.52443, 8]},
			"faces": {
				"north": {"uv": [6.5, 10, 7.25, 10.75], "texture": "#0"},
				"east": {"uv": [7.5, 10, 8.25, 10.75], "texture": "#0"},
				"south": {"uv": [7.25, 10, 6.5, 10.75], "texture": "#0"},
				"west": {"uv": [10, 9, 10.75, 9.75], "texture": "#0"},
				"down": {"uv": [10.25, 10, 9.5, 10.75], "texture": "#0"}
			}
		},
		{
			"from": [3.44972, -0.53623, 7.4],
			"to": [4.99972, 0.73877, 8.6],
			"rotation": {"angle": 0, "axis": "y", "origin": [4.22472, 0.16377, 8]},
			"faces": {
				"north": {"uv": [0, 10.5, 0.75, 11.25], "texture": "#0"},
				"south": {"uv": [0, 10.5, 0.75, 11.25], "texture": "#0"},
				"west": {"uv": [7, 7.5, 7.5, 8.25], "texture": "#0"},
				"up": {"uv": [12.25, 10.5, 11.5, 10], "texture": "#0"},
				"down": {"uv": [11.25, 11.5, 10.5, 12], "texture": "#0"}
			}
		},
		{
			"from": [5.70498, 1.1528, 7.25],
			"to": [6.75498, 2.5278, 8.75],
			"rotation": {"angle": 45, "axis": "z", "origin": [6.0568, 1.68343, 8]},
			"faces": {
				"north": {"uv": [3, 8.5, 3.5, 9.25], "texture": "#0"},
				"south": {"uv": [3.5, 8.5, 3, 9.25], "texture": "#0"},
				"west": {"uv": [2, 10.5, 2.75, 11.25], "texture": "#0"},
				"up": {"uv": [3.5, 11.25, 3, 10.5], "texture": "#0"},
				"down": {"uv": [3.5, 11.5, 3, 12.25], "texture": "#0"}
			}
		},
		{
			"from": [6.35, 1.45, 7.2],
			"to": [7.65, 2.8, 8.8],
			"rotation": {"angle": 22.5, "axis": "z", "origin": [6.0568, 1.68343, 8]},
			"faces": {
				"north": {"uv": [10.5, 5, 11.25, 5.75], "texture": "#0"},
				"south": {"uv": [10.5, 5, 11.25, 5.75], "texture": "#0"},
				"west": {"uv": [10.5, 6, 11.25, 6.75], "texture": "#0"},
				"up": {"uv": [11.25, 7.75, 10.5, 7], "texture": "#0"},
				"down": {"uv": [11.25, 8, 10.5, 8.75], "texture": "#0"}
			}
		},
		{
			"from": [8.35, 1.45, 7.2],
			"to": [9.65, 2.8, 8.8],
			"rotation": {"angle": -22.5, "axis": "z", "origin": [9.9432, 1.68343, 8]},
			"faces": {
				"north": {"uv": [11.25, 5, 10.5, 5.75], "texture": "#0"},
				"east": {"uv": [11.25, 6, 10.5, 6.75], "texture": "#0"},
				"south": {"uv": [11.25, 5, 10.5, 5.75], "texture": "#0"},
				"up": {"uv": [10.5, 7.75, 11.25, 7], "texture": "#0"},
				"down": {"uv": [10.5, 8, 11.25, 8.75], "texture": "#0"}
			}
		},
		{
			"from": [9.24502, 1.1528, 7.25],
			"to": [10.29502, 2.5278, 8.75],
			"rotation": {"angle": -45, "axis": "z", "origin": [9.9432, 1.68343, 8]},
			"faces": {
				"north": {"uv": [3.5, 8.5, 3, 9.25], "texture": "#0"},
				"east": {"uv": [2.75, 10.5, 2, 11.25], "texture": "#0"},
				"south": {"uv": [3, 8.5, 3.5, 9.25], "texture": "#0"},
				"up": {"uv": [3, 11.25, 3.5, 10.5], "texture": "#0"},
				"down": {"uv": [3, 11.5, 3.5, 12.25], "texture": "#0"}
			}
		},
		{
			"from": [9.39613, 0.60602, 7.3],
			"to": [10.72113, 1.65602, 8.7],
			"rotation": {"angle": 22.5, "axis": "z", "origin": [9.76642, 1.8602, 8]},
			"faces": {
				"north": {"uv": [12.25, 8, 11.5, 8.5], "texture": "#0"},
				"east": {"uv": [10.25, 11.5, 9.5, 12], "texture": "#0"},
				"south": {"uv": [11.5, 8, 12.25, 8.5], "texture": "#0"},
				"west": {"uv": [9.25, 11.5, 8.5, 12], "texture": "#0"},
				"down": {"uv": [10, 1, 10.75, 1.75], "texture": "#0"}
			}
		},
		{
			"from": [10.23993, -0.25057, 7.35],
			"to": [11.58993, 1.29943, 8.65],
			"rotation": {"angle": 45, "axis": "z", "origin": [10.96493, 0.52443, 8]},
			"faces": {
				"north": {"uv": [7.25, 10, 6.5, 10.75], "texture": "#0"},
				"east": {"uv": [10.75, 9, 10, 9.75], "texture": "#0"},
				"south": {"uv": [6.5, 10, 7.25, 10.75], "texture": "#0"},
				"west": {"uv": [8.25, 10, 7.5, 10.75], "texture": "#0"},
				"down": {"uv": [9.5, 10, 10.25, 10.75], "texture": "#0"}
			}
		},
		{
			"from": [11.00028, -0.53623, 7.4],
			"to": [12.55028, 0.73877, 8.6],
			"rotation": {"angle": 0, "axis": "y", "origin": [11.77528, 0.16377, 8]},
			"faces": {
				"north": {"uv": [0.75, 10.5, 0, 11.25], "texture": "#0"},
				"east": {"uv": [7.5, 7.5, 7, 8.25], "texture": "#0"},
				"south": {"uv": [0.75, 10.5, 0, 11.25], "texture": "#0"},
				"up": {"uv": [11.5, 10.5, 12.25, 10], "texture": "#0"},
				"down": {"uv": [10.5, 11.5, 11.25, 12], "texture": "#0"}
			}
		},
		{
			"from": [7.2, 1.45, 8.35],
			"to": [8.8, 2.8, 9.65],
			"rotation": {"angle": 22.5, "axis": "x", "origin": [8, 1.68343, 9.9432]},
			"faces": {
				"east": {"uv": [11.25, 5, 10.5, 5.75], "texture": "#0"},
				"south": {"uv": [11.25, 6, 10.5, 6.75], "texture": "#0"},
				"west": {"uv": [11.25, 5, 10.5, 5.75], "texture": "#0"},
				"up": {"uv": [10.5, 7.75, 11.25, 7], "rotation": 90, "texture": "#0"},
				"down": {"uv": [10.5, 8, 11.25, 8.75], "rotation": 270, "texture": "#0"}
			}
		},
		{
			"from": [7.25, 1.1528, 9.24502],
			"to": [8.75, 2.5278, 10.29502],
			"rotation": {"angle": 45, "axis": "x", "origin": [8, 1.68343, 9.9432]},
			"faces": {
				"east": {"uv": [3.5, 8.5, 3, 9.25], "texture": "#0"},
				"south": {"uv": [2.75, 10.5, 2, 11.25], "texture": "#0"},
				"west": {"uv": [3, 8.5, 3.5, 9.25], "texture": "#0"},
				"up": {"uv": [3, 11.25, 3.5, 10.5], "rotation": 90, "texture": "#0"},
				"down": {"uv": [3, 11.5, 3.5, 12.25], "rotation": 270, "texture": "#0"}
			}
		},
		{
			"from": [7.3, 0.60602, 9.39613],
			"to": [8.7, 1.65602, 10.72113],
			"rotation": {"angle": -22.5, "axis": "x", "origin": [8, 1.8602, 9.76642]},
			"faces": {
				"north": {"uv": [9.25, 11.5, 8.5, 12], "texture": "#0"},
				"east": {"uv": [12.25, 8, 11.5, 8.5], "texture": "#0"},
				"south": {"uv": [10.25, 11.5, 9.5, 12], "texture": "#0"},
				"west": {"uv": [11.5, 8, 12.25, 8.5], "texture": "#0"},
				"down": {"uv": [10, 1, 10.75, 1.75], "rotation": 270, "texture": "#0"}
			}
		},
		{
			"from": [7.35, -0.25057, 10.23993],
			"to": [8.65, 1.29943, 11.58993],
			"rotation": {"angle": -45, "axis": "x", "origin": [8, 0.52443, 10.96493]},
			"faces": {
				"north": {"uv": [8.25, 10, 7.5, 10.75], "texture": "#0"},
				"east": {"uv": [7.25, 10, 6.5, 10.75], "texture": "#0"},
				"south": {"uv": [10.75, 9, 10, 9.75], "texture": "#0"},
				"west": {"uv": [6.5, 10, 7.25, 10.75], "texture": "#0"},
				"down": {"uv": [9.5, 10, 10.25, 10.75], "rotation": 270, "texture": "#0"}
			}
		},
		{
			"from": [7.4, -0.53623, 11.00028],
			"to": [8.6, 0.73877, 12.55028],
			"rotation": {"angle": 0, "axis": "y", "origin": [8, 0.16377, 11.77528]},
			"faces": {
				"east": {"uv": [0.75, 10.5, 0, 11.25], "texture": "#0"},
				"south": {"uv": [7.5, 7.5, 7, 8.25], "texture": "#0"},
				"west": {"uv": [0.75, 10.5, 0, 11.25], "texture": "#0"},
				"up": {"uv": [11.5, 10.5, 12.25, 10], "rotation": 90, "texture": "#0"},
				"down": {"uv": [10.5, 11.5, 11.25, 12], "rotation": 270, "texture": "#0"}
			}
		},
		{
			"from": [7.2, 1.45, 6.35],
			"to": [8.8, 2.8, 7.65],
			"rotation": {"angle": -22.5, "axis": "x", "origin": [8, 1.68343, 6.0568]},
			"faces": {
				"north": {"uv": [10.5, 6, 11.25, 6.75], "texture": "#0"},
				"east": {"uv": [10.5, 5, 11.25, 5.75], "texture": "#0"},
				"west": {"uv": [10.5, 5, 11.25, 5.75], "texture": "#0"},
				"up": {"uv": [11.25, 7.75, 10.5, 7], "rotation": 90, "texture": "#0"},
				"down": {"uv": [11.25, 8, 10.5, 8.75], "rotation": 270, "texture": "#0"}
			}
		},
		{
			"from": [7.25, 1.1528, 5.70498],
			"to": [8.75, 2.5278, 6.75498],
			"rotation": {"angle": -45, "axis": "x", "origin": [8, 1.68343, 6.0568]},
			"faces": {
				"north": {"uv": [2, 10.5, 2.75, 11.25], "texture": "#0"},
				"east": {"uv": [3, 8.5, 3.5, 9.25], "texture": "#0"},
				"west": {"uv": [3.5, 8.5, 3, 9.25], "texture": "#0"},
				"up": {"uv": [3.5, 11.25, 3, 10.5], "rotation": 90, "texture": "#0"},
				"down": {"uv": [3.5, 11.5, 3, 12.25], "rotation": 270, "texture": "#0"}
			}
		},
		{
			"from": [7.25, 1.1528, 9.24502],
			"to": [8.75, 2.5278, 10.29502],
			"rotation": {"angle": 45, "axis": "x", "origin": [8, 1.68343, 9.9432]},
			"faces": {
				"east": {"uv": [3.5, 8.5, 3, 9.25], "texture": "#0"},
				"south": {"uv": [2.75, 10.5, 2, 11.25], "texture": "#0"},
				"west": {"uv": [3, 8.5, 3.5, 9.25], "texture": "#0"},
				"up": {"uv": [3, 11.25, 3.5, 10.5], "rotation": 90, "texture": "#0"},
				"down": {"uv": [3, 11.5, 3.5, 12.25], "rotation": 270, "texture": "#0"}
			}
		},
		{
			"from": [7.3, 0.60602, 5.27887],
			"to": [8.7, 1.65602, 6.60387],
			"rotation": {"angle": 22.5, "axis": "x", "origin": [8, 1.8602, 6.23358]},
			"faces": {
				"north": {"uv": [9.5, 11.5, 10.25, 12], "texture": "#0"},
				"east": {"uv": [11.5, 8, 12.25, 8.5], "texture": "#0"},
				"south": {"uv": [8.5, 11.5, 9.25, 12], "texture": "#0"},
				"west": {"uv": [12.25, 8, 11.5, 8.5], "texture": "#0"},
				"down": {"uv": [10.75, 1, 10, 1.75], "rotation": 270, "texture": "#0"}
			}
		},
		{
			"from": [7.3, 0.60602, 9.39613],
			"to": [8.7, 1.65602, 10.72113],
			"rotation": {"angle": -22.5, "axis": "x", "origin": [8, 1.8602, 9.76642]},
			"faces": {
				"north": {"uv": [9.25, 11.5, 8.5, 12], "texture": "#0"},
				"east": {"uv": [12.25, 8, 11.5, 8.5], "texture": "#0"},
				"south": {"uv": [10.25, 11.5, 9.5, 12], "texture": "#0"},
				"west": {"uv": [11.5, 8, 12.25, 8.5], "texture": "#0"},
				"down": {"uv": [10, 1, 10.75, 1.75], "rotation": 270, "texture": "#0"}
			}
		},
		{
			"from": [7.35, -0.25057, 4.41007],
			"to": [8.65, 1.29943, 5.76007],
			"rotation": {"angle": 45, "axis": "x", "origin": [8, 0.52443, 5.03507]},
			"faces": {
				"north": {"uv": [10, 9, 10.75, 9.75], "texture": "#0"},
				"east": {"uv": [6.5, 10, 7.25, 10.75], "texture": "#0"},
				"south": {"uv": [7.5, 10, 8.25, 10.75], "texture": "#0"},
				"west": {"uv": [7.25, 10, 6.5, 10.75], "texture": "#0"},
				"down": {"uv": [10.25, 10, 9.5, 10.75], "rotation": 270, "texture": "#0"}
			}
		},
		{
			"from": [7.4, -0.53623, 3.44972],
			"to": [8.6, 0.73877, 4.99972],
			"rotation": {"angle": 0, "axis": "y", "origin": [8, 0.16377, 4.22472]},
			"faces": {
				"north": {"uv": [7, 7.5, 7.5, 8.25], "texture": "#0"},
				"east": {"uv": [0, 10.5, 0.75, 11.25], "texture": "#0"},
				"west": {"uv": [0, 10.5, 0.75, 11.25], "texture": "#0"},
				"up": {"uv": [12.25, 10.5, 11.5, 10], "rotation": 90, "texture": "#0"},
				"down": {"uv": [11.25, 11.5, 10.5, 12], "rotation": 270, "texture": "#0"}
			}
		},
		{
			"from": [7.05, 12, 7.05],
			"to": [8.95, 13, 8.95],
			"rotation": {"angle": 0, "axis": "y", "origin": [7.5, 0, 7.5]},
			"faces": {
				"north": {"uv": [11.5, 6, 12.5, 6.5], "texture": "#0"},
				"east": {"uv": [11.5, 6.5, 12.5, 7], "texture": "#0"},
				"south": {"uv": [11.5, 7, 12.5, 7.5], "texture": "#0"},
				"west": {"uv": [11.5, 7.5, 12.5, 8], "texture": "#0"},
				"up": {"uv": [10.5, 8, 9.5, 7], "texture": "#0"},
				"down": {"uv": [10.5, 8, 9.5, 9], "texture": "#0"}
			}
		},
		{
			"from": [7.15, 13, 7.15],
			"to": [8.85, 14.7, 8.85],
			"rotation": {"angle": 0, "axis": "y", "origin": [7.5, 1, 7.5]},
			"faces": {
				"north": {"uv": [10.5, 10, 11.25, 10.75], "texture": "#0"},
				"east": {"uv": [11, 1, 11.75, 1.75], "texture": "#0"},
				"south": {"uv": [6.5, 11, 7.25, 11.75], "texture": "#0"},
				"west": {"uv": [7.5, 11, 8.25, 11.75], "texture": "#0"}
			}
		},
		{
			"from": [4.05, 10.7, 8.1],
			"to": [7.25, 14.4, 8.1],
			"rotation": {"angle": 0, "axis": "y", "origin": [3.4, 0.7, 6.75]},
			"faces": {
				"north": {"uv": [16, 16, 9.25, 11], "texture": "#1"},
				"east": {"uv": [9.25, 11, 16, 16], "texture": "#1"},
				"south": {"uv": [9.25, 16, 16, 11], "texture": "#1"},
				"west": {"uv": [9.25, 11, 16, 16], "texture": "#1"},
				"up": {"uv": [9.25, 11, 16, 16], "texture": "#1"},
				"down": {"uv": [9.25, 11, 16, 16], "texture": "#1"}
			}
		},
		{
			"from": [5.05, 2.85, 8.1],
			"to": [8.25, 6.55, 8.1],
			"rotation": {"angle": 22.5, "axis": "z", "origin": [6.65, 4.7, 8.1]},
			"faces": {
				"north": {"uv": [16, 11, 9.25, 16], "texture": "#1"},
				"east": {"uv": [9.25, 16, 16, 11], "texture": "#1"},
				"south": {"uv": [9.25, 11, 16, 16], "texture": "#1"},
				"west": {"uv": [9.25, 16, 16, 11], "texture": "#1"},
				"up": {"uv": [9.25, 16, 16, 11], "texture": "#1"},
				"down": {"uv": [9.25, 16, 16, 11], "texture": "#1"}
			}
		},
		{
			"from": [8, 9.95, 4.4],
			"to": [8, 13.4, 7.35],
			"rotation": {"angle": 0, "axis": "y", "origin": [9.35, 0.7, 3.5]},
			"faces": {
				"north": {"uv": [9.25, 11, 16, 16], "texture": "#1"},
				"east": {"uv": [16, 16, 9.25, 11], "texture": "#1"},
				"south": {"uv": [9.25, 11, 16, 16], "texture": "#1"},
				"west": {"uv": [9.25, 16, 16, 11], "texture": "#1"},
				"up": {"uv": [9.25, 11, 16, 16], "rotation": 90, "texture": "#1"},
				"down": {"uv": [9.25, 11, 16, 16], "rotation": 270, "texture": "#1"}
			}
		},
		{
			"from": [8, 2.85, 5.15],
			"to": [8, 6.8, 8.1],
			"rotation": {"angle": -22.5, "axis": "x", "origin": [8, 4.7, 6.75]},
			"faces": {
				"north": {"uv": [9.25, 16, 16, 11], "texture": "#1"},
				"east": {"uv": [16, 11, 9.25, 16], "texture": "#1"},
				"south": {"uv": [9.25, 16, 16, 11], "texture": "#1"},
				"west": {"uv": [9.25, 11, 16, 16], "texture": "#1"},
				"up": {"uv": [9.25, 16, 16, 11], "rotation": 90, "texture": "#1"},
				"down": {"uv": [9.25, 16, 16, 11], "rotation": 270, "texture": "#1"}
			}
		},
		{
			"from": [8, 2.85, 8.5],
			"to": [8, 5.3, 10.85],
			"rotation": {"angle": 22.5, "axis": "x", "origin": [8, 4.7, 9.25]},
			"faces": {
				"north": {"uv": [9.25, 16, 16, 11], "texture": "#1"},
				"east": {"uv": [9.25, 11, 16, 16], "texture": "#1"},
				"south": {"uv": [9.25, 16, 16, 11], "texture": "#1"},
				"west": {"uv": [16, 11, 9.25, 16], "texture": "#1"},
				"up": {"uv": [16, 11, 9.25, 16], "rotation": 90, "texture": "#1"},
				"down": {"uv": [16, 11, 9.25, 16], "rotation": 270, "texture": "#1"}
			}
		},
		{
			"from": [8.75, 9.6, 8.1],
			"to": [11.7, 14.55, 8.1],
			"rotation": {"angle": 0, "axis": "y", "origin": [10.35, 12.7, 8.1]},
			"faces": {
				"north": {"uv": [10.5, 0, 16, 6.25], "texture": "#1"},
				"east": {"uv": [16, 6.25, 10.5, 0], "texture": "#1"},
				"south": {"uv": [16, 0, 10.5, 6.25], "texture": "#1"},
				"west": {"uv": [16, 6.25, 10.5, 0], "texture": "#1"},
				"up": {"uv": [16, 6.25, 10.5, 0], "texture": "#1"},
				"down": {"uv": [16, 6.25, 10.5, 0], "texture": "#1"}
			}
		},
		{
			"from": [5.05, 15.3769, 4.30957],
			"to": [10.95, 16.3519, 4.85957],
			"rotation": {"angle": -22.5, "axis": "x", "origin": [8, 14.9769, 8.00957]},
			"faces": {
				"north": {"uv": [8.5, 4, 11.5, 4.5], "texture": "#0"},
				"east": {"uv": [3.5, 15.5, 3.75, 16], "texture": "#0"},
				"south": {"uv": [8.5, 4.5, 11.5, 5], "texture": "#0"},
				"west": {"uv": [3.5, 15.5, 3.75, 16], "texture": "#0"},
				"up": {"uv": [13, 0.25, 10, 0], "texture": "#0"},
				"down": {"uv": [13, 0.5, 10, 0.75], "texture": "#0"}
			}
		},
		{
			"from": [4.05, 14.4, 4.05],
			"to": [11.95, 15.375, 11.2],
			"rotation": {"angle": -22.5, "axis": "x", "origin": [8, 15, 8]},
			"faces": {
				"north": {"uv": [12, 3, 8.5, 3.5], "texture": "#0"},
				"east": {"uv": [8.5, 3, 12, 3.5], "texture": "#0"},
				"south": {"uv": [8.5, 3, 12, 3.5], "texture": "#0"},
				"west": {"uv": [8.5, 3, 12, 3.5], "texture": "#0"},
				"up": {"uv": [3.5, 3.5, 0, 0], "texture": "#0"},
				"down": {"uv": [3.5, 3.5, 0, 7], "texture": "#0"}
			}
		},
		{
			"from": [4.55, 15.59509, 10.83312],
			"to": [11.45, 18.57009, 10.83312],
			"rotation": {"angle": -22.5, "axis": "x", "origin": [8, 16.58259, 10.80812]},
			"faces": {
				"north": {"uv": [3.5, 14.5, 0, 16], "texture": "#0"},
				"east": {"uv": [0, 0, 0, 1.5], "texture": "#0"},
				"south": {"uv": [0, 14.5, 3.5, 16], "texture": "#0"},
				"west": {"uv": [0, 0, 0, 1.5], "texture": "#0"},
				"up": {"uv": [3.5, 0, 0, 0], "texture": "#0"},
				"down": {"uv": [3.5, 0, 0, 0], "texture": "#0"}
			}
		}
	],
	"gui_light": "front",
	"display": {
		"thirdperson_righthand": {
			"rotation": [62, 179, 0],
			"translation": [0, 1.5, 1.75],
			"scale": [0.73, 0.73, 0.73]
		},
		"thirdperson_lefthand": {
			"rotation": [62, 179, 0],
			"translation": [0, 1.5, 1.75],
			"scale": [0.73, 0.73, 0.73]
		},
		"firstperson_righthand": {
			"rotation": [-13, 130, 0],
			"translation": [0, 0.5, 0],
			"scale": [0.73, 0.73, 0.73]
		},
		"firstperson_lefthand": {
			"rotation": [-13, 130, 0],
			"translation": [0, 0.5, 0],
			"scale": [0.73, 0.73, 0.73]
		},
		"ground": {
			"translation": [0, 2, 0],
			"scale": [0.5, 0.5, 0.5]
		},
		"gui": {
			"rotation": [30, 225, 0],
			"scale": [0.625, 0.625, 0.625]
		},
		"head": {
			"rotation": [0, 180, 0],
			"translation": [0, -29.75, 0],
			"scale": [1.6, 1.6, 1.6]
		},
		"fixed": {
			"rotation": [-90, 0, 0],
			"translation": [0, 0, -17.5],
			"scale": [2, 2, 2]
		}
	},
	"groups": [
		{
			"name": "group",
			"origin": [8, 8, 8],
			"color": 0,
			"children": [
				{
					"name": "book",
					"origin": [13.38936, 8, 8.97272],
					"color": 0,
					"children": [0, 1, 2]
				},
				3,
				4,
				5,
				6,
				7,
				8,
				9,
				10,
				11,
				12,
				13,
				14,
				15,
				16,
				17,
				18,
				19,
				20,
				21,
				22,
				23,
				24,
				25,
				26,
				27,
				28,
				29,
				30,
				31,
				32,
				33,
				34,
				35,
				36,
				37,
				38,
				39
			]
		}
	]
}