{
	"credit": "Made with Blockbench",
	"texture_size": [64, 64],
	"textures": {
		"0": "dungeon:halloween_furniture",
		"1": "dungeon:halloween_spider_web",
		"2": "dungeon:fire_animation",
		"particle": "dungeon:halloween_furniture"
	},
	"elements": [
		{
			"from": [-3.25, 8, 1.25],
			"to": [1.25, 11.75, 1.25],
			"rotation": {"angle": 0, "axis": "y", "origin": [7.5, 0, 7.5]},
			"faces": {
				"north": {"uv": [10.5, 0, 16, 6.25], "texture": "#1"},
				"south": {"uv": [16, 0, 10.5, 6.25], "texture": "#1"}
			}
		},
		{
			"from": [15.25, 9, 1.25],
			"to": [19.25, 11.75, 1.25],
			"rotation": {"angle": 0, "axis": "y", "origin": [8.5, 0, 7.5]},
			"faces": {
				"north": {"uv": [16, 16, 9.5, 11], "texture": "#1"},
				"south": {"uv": [9.5, 16, 16, 11], "texture": "#1"}
			}
		},
		{
			"from": [19.75, 9.5, 2],
			"to": [19.75, 11.75, 5],
			"rotation": {"angle": 0, "axis": "y", "origin": [17.25, 10.375, 1.25]},
			"faces": {
				"east": {"uv": [9.5, 16, 16, 11], "texture": "#1"},
				"west": {"uv": [16, 16, 9.5, 11], "texture": "#1"}
			}
		},
		{
			"from": [-3.25, 9, 14.75],
			"to": [0.75, 11.75, 14.75],
			"rotation": {"angle": 0, "axis": "y", "origin": [7.5, 0, 8.5]},
			"faces": {
				"north": {"uv": [9.5, 16, 16, 11], "texture": "#1"},
				"south": {"uv": [16, 16, 9.5, 11], "texture": "#1"}
			}
		},
		{
			"from": [14.75, 8, 14.75],
			"to": [19.25, 11.75, 14.75],
			"rotation": {"angle": 0, "axis": "y", "origin": [8.5, 0, 8.5]},
			"faces": {
				"north": {"uv": [16, 0, 10.5, 6.25], "texture": "#1"},
				"south": {"uv": [10.5, 0, 16, 6.25], "texture": "#1"}
			}
		},
		{
			"from": [-4.75, 0, 0.75],
			"to": [-3.25, 11.75, 2.25],
			"rotation": {"angle": 0, "axis": "y", "origin": [7.5, 0, 7.5]},
			"faces": {
				"north": {"uv": [7.75, 8, 8.125, 11], "texture": "#0"},
				"east": {"uv": [8.125, 8, 7.75, 11], "texture": "#0"},
				"south": {"uv": [7.75, 8, 8.125, 11], "texture": "#0"},
				"west": {"uv": [8.125, 8, 7.75, 11], "texture": "#0"},
				"down": {"uv": [10.125, 8, 9.75, 8.375], "texture": "#0"}
			}
		},
		{
			"from": [19.25, 0, 0.75],
			"to": [20.75, 11.75, 2.25],
			"rotation": {"angle": 0, "axis": "y", "origin": [8.5, 0, 7.5]},
			"faces": {
				"north": {"uv": [8.125, 8, 7.75, 11], "texture": "#0"},
				"east": {"uv": [7.75, 8, 8.125, 11], "texture": "#0"},
				"south": {"uv": [8.125, 8, 7.75, 11], "texture": "#0"},
				"west": {"uv": [7.75, 8, 8.125, 11], "texture": "#0"},
				"down": {"uv": [9.75, 8, 10.125, 8.375], "texture": "#0"}
			}
		},
		{
			"from": [19.25, 0, 13.75],
			"to": [20.75, 11.75, 15.25],
			"rotation": {"angle": 0, "axis": "y", "origin": [8.5, 0, 8.5]},
			"faces": {
				"north": {"uv": [7.75, 8, 8.125, 11], "texture": "#0"},
				"east": {"uv": [8.125, 8, 7.75, 11], "texture": "#0"},
				"south": {"uv": [7.75, 8, 8.125, 11], "texture": "#0"},
				"west": {"uv": [8.125, 8, 7.75, 11], "texture": "#0"},
				"down": {"uv": [9.75, 8.375, 10.125, 8], "texture": "#0"}
			}
		},
		{
			"from": [-4.75, 0, 13.75],
			"to": [-3.25, 11.75, 15.25],
			"rotation": {"angle": 0, "axis": "y", "origin": [7.5, 0, 8.5]},
			"faces": {
				"north": {"uv": [8.125, 8, 7.75, 11], "texture": "#0"},
				"east": {"uv": [7.75, 8, 8.125, 11], "texture": "#0"},
				"south": {"uv": [8.125, 8, 7.75, 11], "texture": "#0"},
				"west": {"uv": [7.75, 8, 8.125, 11], "texture": "#0"},
				"down": {"uv": [10.125, 8.375, 9.75, 8], "texture": "#0"}
			}
		},
		{
			"from": [-5.25, 11.75, 0.25],
			"to": [21.25, 13.25, 15.75],
			"rotation": {"angle": 0, "axis": "y", "origin": [7.5, -2, 7.5]},
			"faces": {
				"north": {"uv": [7.75, 5, 14.375, 5.375], "texture": "#0"},
				"east": {"uv": [7.75, 7, 11.625, 7.375], "texture": "#0"},
				"south": {"uv": [7.75, 5, 14.375, 5.375], "texture": "#0"},
				"west": {"uv": [7.75, 7, 11.625, 7.375], "texture": "#0"},
				"down": {"uv": [14.375, 0, 7.75, 3.875], "texture": "#0"}
			}
		},
		{
			"from": [-7.25, 13.25, -1.75],
			"to": [23.25, 14.5, 17.75],
			"rotation": {"angle": 0, "axis": "y", "origin": [7.5, -2.75, 7.5]},
			"faces": {
				"north": {"uv": [7.75, 4.5, 15.375, 4.875], "texture": "#0"},
				"east": {"uv": [7.75, 6.5, 12.625, 6.875], "texture": "#0"},
				"south": {"uv": [7.75, 4.5, 15.375, 4.875], "texture": "#0"},
				"west": {"uv": [7.75, 6.5, 12.625, 6.875], "texture": "#0"},
				"up": {"uv": [7.625, 4.875, 0, 0], "texture": "#0"},
				"down": {"uv": [7.625, 5, 0, 9.875], "texture": "#0"}
			}
		},
		{
			"from": [-3.25, 14.5, 9.75],
			"to": [1.25, 19, 14.25],
			"rotation": {"angle": -22.5, "axis": "y", "origin": [-1, 17.125, 12]},
			"faces": {
				"north": {"uv": [2, 15, 1, 16], "texture": "#0"},
				"east": {"uv": [3, 15, 2, 16], "texture": "#0"},
				"south": {"uv": [4, 15, 3, 16], "texture": "#0"},
				"west": {"uv": [1, 15, 0, 16], "texture": "#0"},
				"up": {"uv": [1, 14, 2, 15], "texture": "#0"},
				"down": {"uv": [3, 14, 2, 15], "texture": "#0"}
			}
		},
		{
			"from": [-4, 14.6, 10.75],
			"to": [3, 14.6, 17.75],
			"rotation": {"angle": -22.5, "axis": "y", "origin": [5, 17.6, 12]},
			"faces": {
				"north": {"uv": [0, 0, 0, 0], "texture": "#0"},
				"east": {"uv": [0, 0, 0, 0], "texture": "#0"},
				"south": {"uv": [0, 0, 0, 0], "texture": "#0"},
				"west": {"uv": [0, 0, 0, 0], "texture": "#0"},
				"up": {"uv": [16, 16, 14.25, 14.25], "texture": "#0"}
			}
		},
		{
			"from": [-1.65, 19, 11.35],
			"to": [-0.35, 21.5, 12.65],
			"rotation": {"angle": -22.5, "axis": "y", "origin": [-1, 15.625, 12]},
			"faces": {
				"north": {"uv": [12.75, 15.25, 12.375, 16], "texture": "#0"},
				"east": {"uv": [12, 15.25, 12.375, 16], "texture": "#0"},
				"south": {"uv": [13.125, 15.25, 12.75, 16], "texture": "#0"},
				"west": {"uv": [12.375, 15.25, 12, 16], "texture": "#0"},
				"up": {"uv": [12, 14.875, 12.375, 15.25], "texture": "#0"},
				"down": {"uv": [12.75, 14.875, 12.375, 15.25], "texture": "#0"}
			}
		},
		{
			"from": [-1.2, 21.5, 12],
			"to": [-0.8, 22.4, 12],
			"rotation": {"angle": -22.5, "axis": "y", "origin": [-1, 15.375, 12]},
			"faces": {
				"north": {"uv": [13.25, 15.625, 13.125, 16], "texture": "#0"},
				"east": {"uv": [13.125, 15.625, 13.25, 16], "texture": "#0"},
				"south": {"uv": [13.25, 15.625, 13.125, 16], "texture": "#0"},
				"west": {"uv": [13.25, 15.625, 13.125, 16], "texture": "#0"},
				"up": {"uv": [13.125, 15.875, 13.25, 16], "texture": "#0"},
				"down": {"uv": [13.25, 15.875, 13.125, 16], "texture": "#0"}
			}
		},
		{
			"from": [-1, 21.75, 11.3],
			"to": [-1, 23.7, 12.7],
			"rotation": {"angle": -22.5, "axis": "y", "origin": [-1, 21.95, 12]},
			"faces": {
				"north": {"uv": [3, 1, 12, 10], "texture": "#2"},
				"east": {"uv": [3, 1, 12, 10], "texture": "#2"},
				"south": {"uv": [3, 1, 12, 10], "texture": "#2"},
				"west": {"uv": [3, 1, 12, 10], "texture": "#2"},
				"up": {"uv": [3, 1, 12, 10], "rotation": 270, "texture": "#2"},
				"down": {"uv": [3, 1, 12, 10], "rotation": 90, "texture": "#2"}
			}
		}
	],
	"gui_light": "front",
	"display": {
		"thirdperson_righthand": {
			"rotation": [62, 179, 0],
			"translation": [0, 1.5, 1.75],
			"scale": [0.73, 0.73, 0.73]
		},
		"thirdperson_lefthand": {
			"rotation": [62, 179, 0],
			"translation": [0, 1.5, 1.75],
			"scale": [0.73, 0.73, 0.73]
		},
		"firstperson_righthand": {
			"rotation": [-13, 130, 0],
			"translation": [0, 0.5, 0],
			"scale": [0.44, 0.44, 0.44]
		},
		"firstperson_lefthand": {
			"rotation": [-13, 130, 0],
			"translation": [0, 0.5, 0],
			"scale": [0.44, 0.44, 0.44]
		},
		"ground": {
			"translation": [0, 3, 0],
			"scale": [0.53, 0.53, 0.53]
		},
		"gui": {
			"rotation": [20, 139, 0],
			"translation": [0, -0.5, 0],
			"scale": [0.38, 0.38, 0.38]
		},
		"head": {
			"translation": [0, -30.5, 0],
			"scale": [1.6, 1.6, 1.6]
		},
		"fixed": {
			"rotation": [-90, 0, 0],
			"translation": [0, 0, -16.5],
			"scale": [2.56, 2.27, 2.56]
		}
	},
	"groups": [
		{
			"name": "group",
			"origin": [8, 8, 8],
			"color": 0,
			"children": [
				{
					"name": "spider_web",
					"origin": [8, 8, 8],
					"color": 0,
					"children": [0, 1, 2, 3, 4]
				},
				5,
				6,
				7,
				8,
				9,
				10,
				11,
				12,
				13,
				14,
				15
			]
		}
	]
}