{
	"credit": "Made with Blockbench",
	"texture_size": [72, 72],
	"textures": {
		"0": "dungeon:halloween_fireplace",
		"1": "dungeon:halloween_spider_web",
		"particle": "dungeon:halloween_fireplace"
	},
	"elements": [
		{
			"from": [12.5, 0, 6.75],
			"to": [14.5, 10, 7.5],
			"rotation": {"angle": 0, "axis": "y", "origin": [7.5, 0, 7.5]},
			"faces": {
				"north": {"uv": [7.55556, 10, 8, 12.22222], "texture": "#0"},
				"east": {"uv": [2.22222, 10.44444, 2.44444, 12.66667], "texture": "#0"},
				"south": {"uv": [8, 10, 8.44444, 12.22222], "texture": "#0"},
				"west": {"uv": [10.66667, 0.66667, 10.88889, 2.88889], "texture": "#0"},
				"up": {"uv": [4.44444, 9.55556, 4, 9.33333], "texture": "#0"},
				"down": {"uv": [11.33333, 2.66667, 10.88889, 2.88889], "texture": "#0"}
			}
		},
		{
			"from": [1.5, 0, 6.75],
			"to": [3.5, 10, 7.5],
			"rotation": {"angle": 0, "axis": "y", "origin": [8.5, 0, 7.5]},
			"faces": {
				"north": {"uv": [8.44444, 10, 8.88889, 12.22222], "texture": "#0"},
				"east": {"uv": [0, 10.88889, 0.22222, 13.11111], "texture": "#0"},
				"south": {"uv": [10.22222, 0.66667, 10.66667, 2.88889], "texture": "#0"},
				"west": {"uv": [0.22222, 10.88889, 0.44444, 13.11111], "texture": "#0"},
				"up": {"uv": [9.77778, 11.33333, 9.33333, 11.11111], "texture": "#0"},
				"down": {"uv": [10.22222, 11.11111, 9.77778, 11.33333], "texture": "#0"}
			}
		},
		{
			"from": [19.25, 3, 8],
			"to": [19.25, 10.5, 14.25],
			"rotation": {"angle": 0, "axis": "y", "origin": [7.75, 0, 8]},
			"faces": {
				"east": {"uv": [8.88889, 9.33333, 10.33333, 11], "texture": "#0"}
			}
		},
		{
			"from": [19, 9.1, 10.7],
			"to": [19.5, 9.9, 11.55],
			"rotation": {"angle": 0, "axis": "y", "origin": [7.75, 2.75, 8]},
			"faces": {
				"north": {"uv": [4.44444, 9.33333, 4.55556, 9.55556], "texture": "#0"},
				"east": {"uv": [4.66667, 6.22222, 4.88889, 6.44444], "texture": "#0"},
				"south": {"uv": [11.33333, 0.88889, 11.44444, 1.11111], "texture": "#0"},
				"up": {"uv": [11.44444, 1.33333, 11.33333, 1.11111], "texture": "#0"},
				"down": {"uv": [11.44444, 1.33333, 11.33333, 1.55556], "texture": "#0"}
			}
		},
		{
			"from": [-3, 0, 7.5],
			"to": [2.75, 13.5, 13.75],
			"rotation": {"angle": 0, "axis": "y", "origin": [8.5, 0, 7.5]},
			"faces": {
				"north": {"uv": [7.55556, 6.44444, 8.88889, 9.44444], "texture": "#0"},
				"east": {"uv": [4.66667, 6.44444, 6.11111, 9.44444], "texture": "#0"},
				"west": {"uv": [4.66667, 6.44444, 6.11111, 9.44444], "texture": "#0"},
				"down": {"uv": [6.66667, 10, 5.33333, 11.44444], "texture": "#0"}
			}
		},
		{
			"from": [13.25, 0, 7.5],
			"to": [19, 13.5, 13.75],
			"rotation": {"angle": 0, "axis": "y", "origin": [7.5, 0, 7.5]},
			"faces": {
				"north": {"uv": [8.88889, 6.44444, 7.55556, 9.44444], "texture": "#0"},
				"east": {"uv": [6.11111, 6.44444, 4.66667, 9.44444], "texture": "#0"},
				"west": {"uv": [6.11111, 6.44444, 4.66667, 9.44444], "texture": "#0"},
				"down": {"uv": [5.33333, 10, 6.66667, 11.44444], "texture": "#0"}
			}
		},
		{
			"from": [14.5, 0, 7.3],
			"to": [19.25, 3.5, 7.3],
			"rotation": {"angle": 0, "axis": "y", "origin": [7.5, -9, 7.3]},
			"faces": {
				"north": {"uv": [16, 11, 9.5, 16], "texture": "#1"}
			}
		},
		{
			"from": [6.56607, 17.4, 12.40417],
			"to": [10.81607, 20.65, 12.40417],
			"rotation": {"angle": -22.5, "axis": "y", "origin": [8.94107, 19.15, 12.40417]},
			"faces": {
				"north": {"uv": [9.5, 11, 16, 16], "texture": "#1"},
				"south": {"uv": [16, 11, 9.5, 16], "texture": "#1"}
			}
		},
		{
			"from": [12.5, 17, 13.5],
			"to": [16.75, 20.25, 13.5],
			"rotation": {"angle": 22.5, "axis": "z", "origin": [14.625, 18.625, 13.5]},
			"faces": {
				"north": {"uv": [16, 11, 9.5, 16], "texture": "#1"},
				"south": {"uv": [9.5, 11, 16, 16], "texture": "#1"}
			}
		},
		{
			"from": [-0.75, 17, 13.5],
			"to": [3.5, 20.25, 13.5],
			"rotation": {"angle": -22.5, "axis": "z", "origin": [1.375, 18.625, 13.5]},
			"faces": {
				"north": {"uv": [9.5, 11, 16, 16], "texture": "#1"},
				"south": {"uv": [16, 11, 9.5, 16], "texture": "#1"}
			}
		},
		{
			"from": [-5.25, 11.5, 13.5],
			"to": [-2, 15.75, 13.5],
			"rotation": {"angle": -22.5, "axis": "z", "origin": [-3.625, 13.625, 13.5]},
			"faces": {
				"north": {"uv": [16, 11, 9.5, 16], "rotation": 90, "texture": "#1"},
				"south": {"uv": [9.5, 11, 16, 16], "rotation": 270, "texture": "#1"}
			}
		},
		{
			"from": [18, 11.5, 10.5],
			"to": [21.25, 15.75, 10.5],
			"rotation": {"angle": 22.5, "axis": "z", "origin": [19.625, 13.625, 10.5]},
			"faces": {
				"north": {"uv": [16, 16, 9.5, 11], "rotation": 90, "texture": "#1"},
				"south": {"uv": [9.5, 16, 16, 11], "rotation": 270, "texture": "#1"}
			}
		},
		{
			"from": [9.875, 3.625, 11.3],
			"to": [13.375, 8.375, 11.3],
			"rotation": {"angle": 0, "axis": "y", "origin": [11.625, 6, 11.3]},
			"faces": {
				"north": {"uv": [16, 6.25, 10.5, 0], "rotation": 90, "texture": "#1"}
			}
		},
		{
			"from": [3.025, 3.725, 11.3],
			"to": [7.025, 8.475, 11.3],
			"rotation": {"angle": 0, "axis": "y", "origin": [4.775, 6.1, 11.3]},
			"faces": {
				"north": {"uv": [0, 7.25, 6.75, 14.25], "texture": "#1"}
			}
		},
		{
			"from": [19.249, 0, 7.3],
			"to": [19.249, 3.5, 12.05],
			"rotation": {"angle": 0, "axis": "y", "origin": [19.249, 1.75, 9.675]},
			"faces": {
				"east": {"uv": [9.5, 11, 16, 16], "texture": "#1"}
			}
		},
		{
			"from": [-3.25, 9.5, 7.3],
			"to": [0.75, 13.5, 7.3],
			"rotation": {"angle": 0, "axis": "y", "origin": [8.5, 1, 7.3]},
			"faces": {
				"north": {"uv": [10.5, 0, 16, 6.25], "texture": "#1"}
			}
		},
		{
			"from": [-3.249, 9.5, 7.3],
			"to": [-3.249, 13.5, 11.3],
			"rotation": {"angle": 0, "axis": "y", "origin": [-3.249, 11.75, 9.675]},
			"faces": {
				"west": {"uv": [16, 0, 10.5, 6.25], "texture": "#1"}
			}
		},
		{
			"from": [15.25, 9.5, 15.7],
			"to": [19.25, 13.5, 15.7],
			"rotation": {"angle": 0, "axis": "y", "origin": [7.5, 1, 15.7]},
			"faces": {
				"south": {"uv": [0, 7.25, 7.25, 14.25], "texture": "#1"}
			}
		},
		{
			"from": [19.249, 9.5, 11.7],
			"to": [19.249, 13.5, 15.7],
			"rotation": {"angle": 0, "axis": "y", "origin": [19.249, 11.75, 13.325]},
			"faces": {
				"east": {"uv": [7.25, 7.25, 0, 14.25], "texture": "#1"}
			}
		},
		{
			"from": [-3, 0, 13.75],
			"to": [19, 13.5, 15.5],
			"rotation": {"angle": 0, "axis": "y", "origin": [7.5, 0, 7.5]},
			"faces": {
				"north": {"uv": [0, 0, 4.88889, 3], "texture": "#0"},
				"east": {"uv": [7.55556, 10, 7.11111, 13], "texture": "#0"},
				"south": {"uv": [0, 0, 4.88889, 3], "texture": "#0"},
				"west": {"uv": [7.11111, 10, 7.55556, 13], "texture": "#0"},
				"down": {"uv": [8.88889, 9.55556, 4, 10], "texture": "#0"}
			}
		},
		{
			"from": [6.85, 0.35, 4.5],
			"to": [8.65, 2.15, 12.25],
			"rotation": {"angle": -45, "axis": "y", "origin": [7.75, 1.75, 8.75]},
			"faces": {
				"north": {"uv": [14.77778, 15.33333, 15.44444, 16], "texture": "#0"},
				"east": {"uv": [15.44444, 14.22222, 16, 16], "rotation": 90, "texture": "#0"},
				"south": {"uv": [14.77778, 15.33333, 15.44444, 16], "texture": "#0"},
				"west": {"uv": [16, 14.22222, 15.44444, 16], "rotation": 90, "texture": "#0"},
				"up": {"uv": [16, 16, 15.44444, 14.22222], "texture": "#0"},
				"down": {"uv": [16, 14.22222, 15.44444, 16], "texture": "#0"}
			}
		},
		{
			"from": [4.14017, 0.35, 7.58483],
			"to": [11.89017, 2.05, 9.38483],
			"rotation": {"angle": 0, "axis": "y", "origin": [8.01517, 1.25, 8.48483]},
			"faces": {
				"north": {"uv": [16, 14.22222, 15.44444, 16], "rotation": 90, "texture": "#0"},
				"east": {"uv": [14.77778, 15.33333, 15.44444, 16], "texture": "#0"},
				"south": {"uv": [15.44444, 14.22222, 16, 16], "rotation": 90, "texture": "#0"},
				"west": {"uv": [14.77778, 15.33333, 15.44444, 16], "texture": "#0"},
				"up": {"uv": [16, 16, 15.44444, 14.22222], "rotation": 90, "texture": "#0"},
				"down": {"uv": [16, 14.22222, 15.44444, 16], "rotation": 270, "texture": "#0"}
			}
		},
		{
			"from": [4.14017, 0.35, 7.58483],
			"to": [11.89017, 1.95, 9.38483],
			"rotation": {"angle": -45, "axis": "y", "origin": [8.01517, 1.2, 8.48483]},
			"faces": {
				"north": {"uv": [16, 14.22222, 15.44444, 16], "rotation": 90, "texture": "#0"},
				"east": {"uv": [14.77778, 15.33333, 15.44444, 16], "texture": "#0"},
				"south": {"uv": [15.44444, 14.22222, 16, 16], "rotation": 90, "texture": "#0"},
				"west": {"uv": [14.77778, 15.33333, 15.44444, 16], "texture": "#0"},
				"up": {"uv": [16, 16, 15.44444, 14.22222], "rotation": 90, "texture": "#0"},
				"down": {"uv": [16, 14.22222, 15.44444, 16], "rotation": 270, "texture": "#0"}
			}
		},
		{
			"from": [7.11517, 0.35, 4.60983],
			"to": [8.91517, 2.25, 12.35983],
			"rotation": {"angle": 0, "axis": "y", "origin": [8.01517, 1.15, 8.48483]},
			"faces": {
				"north": {"uv": [14.77778, 15.33333, 15.44444, 16], "texture": "#0"},
				"east": {"uv": [16, 14.22222, 15.44444, 16], "rotation": 90, "texture": "#0"},
				"south": {"uv": [14.77778, 15.33333, 15.44444, 16], "texture": "#0"},
				"west": {"uv": [15.44444, 14.22222, 16, 16], "rotation": 90, "texture": "#0"},
				"up": {"uv": [16, 16, 15.44444, 14.22222], "rotation": 180, "texture": "#0"},
				"down": {"uv": [16, 14.22222, 15.44444, 16], "rotation": 180, "texture": "#0"}
			}
		},
		{
			"from": [3.61517, 0.25, 3.85983],
			"to": [12.41517, 0.25, 13.35983],
			"rotation": {"angle": 0, "axis": "y", "origin": [8.01517, 1.05, 8.48483]},
			"faces": {
				"up": {"uv": [14.77778, 16, 13.22222, 14.55556], "rotation": 180, "texture": "#0"},
				"down": {"uv": [14.77778, 14.55556, 13.22222, 16], "rotation": 180, "texture": "#0"}
			}
		},
		{
			"from": [-3.7, 13.5, 7],
			"to": [19.7, 15.75, 16],
			"rotation": {"angle": 0, "axis": "y", "origin": [7.5, 0, 7.5]},
			"faces": {
				"north": {"uv": [8.88889, 8, 14, 8.55556], "texture": "#0"},
				"east": {"uv": [10, 5.33333, 12, 5.88889], "texture": "#0"},
				"south": {"uv": [8.88889, 8, 14, 8.55556], "texture": "#0"},
				"west": {"uv": [10.22222, 0, 12.22222, 0.55556], "texture": "#0"},
				"down": {"uv": [10, 4.44444, 4.88889, 6.44444], "texture": "#0"}
			}
		},
		{
			"from": [-4.4, 15.75, 6.5],
			"to": [20.4, 17.5, 16.5],
			"rotation": {"angle": 0, "axis": "y", "origin": [7.5, -0.25, 7.5]},
			"faces": {
				"north": {"uv": [10, 4.44444, 15.33333, 4.88889], "texture": "#0"},
				"east": {"uv": [10, 6, 12.22222, 6.44444], "texture": "#0"},
				"south": {"uv": [10, 4.44444, 15.33333, 4.88889], "texture": "#0"},
				"west": {"uv": [10.22222, 2.88889, 12.44444, 3.33333], "texture": "#0"},
				"up": {"uv": [10.22222, 2.22222, 4.88889, 0], "texture": "#0"},
				"down": {"uv": [10.22222, 2.22222, 4.88889, 4.44444], "texture": "#0"}
			}
		},
		{
			"from": [1, 17.6, 8],
			"to": [8, 17.6, 15],
			"rotation": {"angle": -22.5, "axis": "y", "origin": [5, 17.6, 12]},
			"faces": {
				"up": {"uv": [4, 10.88889, 2.44444, 9.33333], "texture": "#0"}
			}
		},
		{
			"from": [2.5, 17.6, 9.75],
			"to": [6.5, 21.6, 13.75],
			"rotation": {"angle": -22.5, "axis": "y", "origin": [5, 17.6, 12]},
			"faces": {
				"north": {"uv": [1.77778, 15.11111, 0.88889, 16], "texture": "#0"},
				"east": {"uv": [0, 15.11111, 0.88889, 16], "texture": "#0"},
				"south": {"uv": [3.55556, 15.11111, 2.66667, 16], "texture": "#0"},
				"west": {"uv": [1.77778, 15.11111, 2.66667, 16], "texture": "#0"},
				"up": {"uv": [1.77778, 15.11111, 0.88889, 14.22222], "texture": "#0"},
				"down": {"uv": [2.66667, 15.11111, 1.77778, 14.22222], "texture": "#0"}
			}
		},
		{
			"from": [16, 17.5, 12.5],
			"to": [18, 21.25, 14.5],
			"rotation": {"angle": 0, "axis": "y", "origin": [6.5, 1.5, 9.5]},
			"faces": {
				"north": {"uv": [0.44444, 10.88889, 0.88889, 11.77778], "texture": "#0"},
				"east": {"uv": [0.88889, 10.88889, 1.33333, 11.77778], "texture": "#0"},
				"south": {"uv": [10.88889, 0.88889, 11.33333, 1.77778], "texture": "#0"},
				"west": {"uv": [1.33333, 10.88889, 1.77778, 11.77778], "texture": "#0"},
				"up": {"uv": [11.33333, 11.11111, 10.88889, 10.66667], "texture": "#0"}
			}
		},
		{
			"from": [-2, 17.5, 12.5],
			"to": [0, 21.25, 14.5],
			"rotation": {"angle": 0, "axis": "y", "origin": [9.5, 1.5, 9.5]},
			"faces": {
				"north": {"uv": [0.88889, 10.88889, 0.44444, 11.77778], "texture": "#0"},
				"east": {"uv": [1.77778, 10.88889, 1.33333, 11.77778], "texture": "#0"},
				"south": {"uv": [11.33333, 0.88889, 10.88889, 1.77778], "texture": "#0"},
				"west": {"uv": [1.33333, 10.88889, 0.88889, 11.77778], "texture": "#0"},
				"up": {"uv": [10.88889, 11.11111, 11.33333, 10.66667], "texture": "#0"}
			}
		},
		{
			"from": [16.6, 21.25, 13.5],
			"to": [17.4, 22.5, 13.5],
			"rotation": {"angle": 0, "axis": "y", "origin": [6.5, 4.5, 8.5]},
			"faces": {
				"north": {"uv": [3.77778, 10.88889, 4, 11.22222], "texture": "#0"},
				"east": {"uv": [0, 0, 0, 0.33333], "texture": "#0"},
				"south": {"uv": [10.22222, 11.11111, 10.44444, 11.44444], "texture": "#0"},
				"west": {"uv": [0, 0, 0, 0.33333], "texture": "#0"},
				"up": {"uv": [0.22222, 0, 0, 0], "texture": "#0"}
			}
		},
		{
			"from": [-1.4, 21.25, 13.5],
			"to": [-0.6, 22.5, 13.5],
			"rotation": {"angle": 0, "axis": "y", "origin": [9.5, 4.5, 8.5]},
			"faces": {
				"north": {"uv": [10.88889, 11.11111, 11.11111, 11.44444], "texture": "#0"},
				"east": {"uv": [0, 0, 0, 0.33333], "texture": "#0"},
				"south": {"uv": [11.11111, 11.11111, 11.33333, 11.44444], "texture": "#0"},
				"west": {"uv": [0, 0, 0, 0.33333], "texture": "#0"},
				"up": {"uv": [0.22222, 0, 0, 0], "texture": "#0"}
			}
		},
		{
			"from": [2.75, 8.5, 7.5],
			"to": [13.25, 13.5, 13.75],
			"rotation": {"angle": 0, "axis": "y", "origin": [7.5, 0, 7.5]},
			"faces": {
				"north": {"uv": [0, 9.33333, 2.33333, 10.44444], "texture": "#0"},
				"down": {"uv": [11.22222, 6.44444, 8.88889, 7.88889], "texture": "#0"}
			}
		},
		{
			"from": [3.5, 8, 6.75],
			"to": [12.5, 10, 7.5],
			"rotation": {"angle": 0, "axis": "y", "origin": [7.5, 0, 7.5]},
			"faces": {
				"north": {"uv": [10.22222, 3.33333, 12.22222, 3.77778], "texture": "#0"},
				"south": {"uv": [10.22222, 3.77778, 12.22222, 4.22222], "texture": "#0"},
				"up": {"uv": [12.22222, 4.44444, 10.22222, 4.22222], "texture": "#0"},
				"down": {"uv": [12.88889, 0.66667, 10.88889, 0.88889], "texture": "#0"}
			}
		}
	],
	"gui_light": "front",
	"display": {
		"thirdperson_righthand": {
			"rotation": [62, 179, 0],
			"translation": [0, 1.5, 1.75],
			"scale": [0.73, 0.73, 0.73]
		},
		"thirdperson_lefthand": {
			"rotation": [62, 179, 0],
			"translation": [0, 1.5, 1.75],
			"scale": [0.73, 0.73, 0.73]
		},
		"firstperson_righthand": {
			"rotation": [0, 132, 0],
			"translation": [0, 3.25, 0],
			"scale": [0.42, 0.42, 0.42]
		},
		"firstperson_lefthand": {
			"rotation": [-1, 132, 0],
			"translation": [0, 3.25, 0],
			"scale": [0.42, 0.42, 0.42]
		},
		"ground": {
			"translation": [0, 2, 0],
			"scale": [0.5, 0.5, 0.5]
		},
		"gui": {
			"rotation": [20, 139, 0],
			"translation": [-1, -1.75, 0],
			"scale": [0.52, 0.52, 0.52]
		},
		"head": {
			"translation": [0, -25.75, -9.5],
			"scale": [2.48, 2.48, 2.21]
		},
		"fixed": {
			"rotation": [-90, 0, 0],
			"translation": [0, -2, -21.25],
			"scale": [2.72, 2.72, 2.37]
		}
	},
	"groups": [
		{
			"name": "group",
			"origin": [8, 8, 8],
			"color": 0,
			"children": [0, 1, 2, 3, 4, 5, 6, 7, 8, 9, 10, 11, 12, 13, 14, 15, 16, 17, 18, 19, 20, 21, 22, 23, 24, 25, 26, 27, 28, 29, 30, 31, 32, 33, 34]
		}
	]
}