{"textures​":{"layer0":"minecraft:item/white_stained_glass"},"credit":"momirealms","\u0074\u0065\u0078\u0074\u0075\u0072\u0065\u0073":{"0":"\u0063\u0075\u0073\u0074\u006f\u006d\u0063\u0072\u006f\u0070\u0073:\u0069\u0074\u0065\u006d/\u0063\u0072\u006f\u0070\u0073/\u0063\u0061\u0062\u0062\u0061\u0067\u0065/\u0073\u0074\u0061\u0067\u0065_2","1":"\u0063\u0075\u0073\u0074\u006f\u006d\u0063\u0072\u006f\u0070\u0073:\u0069\u0074\u0065\u006d/\u0063\u0072\u006f\u0070\u0073/\u0063\u0061\u0062\u0062\u0061\u0067\u0065/\u0073\u0074\u0061\u0067\u0065_3","\u0070\u0061\u0072\u0074\u0069\u0063\u006c\u0065":"\u0063\u0075\u0073\u0074\u006f\u006d\u0063\u0072\u006f\u0070\u0073:\u0069\u0074\u0065\u006d/\u0063\u0072\u006f\u0070\u0073/\u0063\u0061\u0062\u0062\u0061\u0067\u0065/\u0073\u0074\u0061\u0067\u0065_2"},"elements":[{"from":[7,5,2],"to":[7,17,14],"rotation":{"angle":-45,"axis":"z","origin":[0,0,0]},"faces":{"north":{"uv":[0,0,0,16],"texture":"#0"},"east":{"uv":[0,0,16,16],"texture":"#0"},"south":{"uv":[0,0,0,16],"texture":"#0"},"west":{"uv":[0,0,16,16],"texture":"#0"},"up":{"uv":[0,0,0,16],"rotation":180,"texture":"#0"},"down":{"uv":[0,0,0,16],"rotation":180,"texture":"#0"}}},{"from":[2,-6,4.25],"to":[14,6,4.25],"rotation":{"angle":-45,"axis":"x","origin":[0,0,0]},"faces":{"north":{"uv":[0,0,16,16],"texture":"#0"},"east":{"uv":[0,0,0,16],"texture":"#0"},"south":{"uv":[0,0,16,16],"texture":"#0"},"west":{"uv":[0,0,0,16],"texture":"#0"},"up":{"uv":[0,0,0,16],"rotation":90,"texture":"#0"},"down":{"uv":[0,0,0,16],"rotation":270,"texture":"#0"}}},{"from":[2,5,7],"to":[14,17,7],"rotation":{"angle":45,"axis":"x","origin":[0,0,0]},"faces":{"north":{"uv":[0,0,16,16],"texture":"#0"},"east":{"uv":[0,0,0,16],"texture":"#0"},"south":{"uv":[0,0,16,16],"texture":"#0"},"west":{"uv":[0,0,0,16],"texture":"#0"},"up":{"uv":[0,0,0,16],"rotation":90,"texture":"#0"},"down":{"uv":[0,0,0,16],"rotation":270,"texture":"#0"}}},{"from":[4.25,-6,2],"to":[4.25,6,14],"rotation":{"angle":45,"axis":"z","origin":[0,0,0]},"faces":{"north":{"uv":[0,0,0,16],"texture":"#0"},"east":{"uv":[0,0,16,16],"texture":"#0"},"south":{"uv":[0,0,0,16],"texture":"#0"},"west":{"uv":[0,0,16,16],"texture":"#0"},"up":{"uv":[0,0,0,16],"rotation":180,"texture":"#0"},"down":{"uv":[0,0,0,16],"rotation":180,"texture":"#0"}}},{"from":[5,1.25,5],"to":[11,4.25,11],"faces":{"north":{"uv":[6,10,12,13],"texture":"#1"},"east":{"uv":[6,0,12,3],"texture":"#1"},"south":{"uv":[5,4,11,7],"texture":"#1"},"west":{"uv":[5,5,11,8],"texture":"#1"},"up":{"uv":[5,5,11,11],"texture":"#1"},"down":{"uv":[5,5,11,11],"texture":"#1"}}}],"gui_light":"front","display":{"fixed":{"rotation":[-90,0,0],"translation":[0,0,-16],"scale":[2,2,2]}}}