{"textures":{"0":"modelengine:block/medievalcrate"},"elements":[{"from":[7.5,7.5,8.0],"to":[8.5,8.5,8.0],"faces":{"south":{"uv":[9.125,4.375,9.25,4.5],"tintindex":0,"rotation":0,"texture":"#0"},"north":{"uv":[9.0,4.375,9.125,4.5],"tintindex":0,"rotation":0,"texture":"#0"}}}],"display":{"head":{"rotation":[0.0,0.0,0.0]},"firstperson_righthand":{"rotation":[0.0,0.0,0.0]},"thirdperson_lefthand":{"rotation":[0.0,-0.0,-0.0]},"firstperson_lefthand":{"rotation":[0.0,-0.0,-0.0]},"fixed":{"rotation":[0.0,0.0,0.0]},"ground":{"rotation":[0.0,0.0,0.0]},"thirdperson_righthand":{"rotation":[0.0,0.0,0.0]},"gui":{"rotation":[-150.0,-75.0,-180.0]}}}