{"textures":{"0":"modelengine:block/medievalcrate"},"elements":[{"from":[18.0,8.0,13.5],"to":[20.0,15.0,15.5],"faces":{"east":{"uv":[2.0,9.375,2.25,10.25],"tintindex":0,"rotation":0,"texture":"#0"},"south":{"uv":[2.25,9.375,2.5,10.25],"tintindex":0,"rotation":0,"texture":"#0"},"north":{"uv":[1.75,9.375,2.0,10.25],"tintindex":0,"rotation":0,"texture":"#0"},"west":{"uv":[2.5,9.375,2.75,10.25],"tintindex":0,"rotation":0,"texture":"#0"},"up":{"uv":[6.0,4.0,5.75,3.75],"tintindex":0,"rotation":0,"texture":"#0"},"down":{"uv":[8.625,3.5,8.375,3.75],"tintindex":0,"rotation":0,"texture":"#0"}}},{"from":[-2.0,15.25,-1.5],"to":[18.0,17.75,-0.75],"faces":{"east":{"uv":[9.375,2.25,9.5,2.625],"tintindex":0,"rotation":0,"texture":"#0"},"south":{"uv":[5.0,7.0,7.5,7.375],"tintindex":0,"rotation":0,"texture":"#0"},"north":{"uv":[2.5,7.0,5.0,7.375],"tintindex":0,"rotation":0,"texture":"#0"},"west":{"uv":[9.375,2.625,9.5,3.0],"tintindex":0,"rotation":0,"texture":"#0"},"up":{"uv":[11.375,8.0,8.875,7.875],"tintindex":0,"rotation":0,"texture":"#0"},"down":{"uv":[11.375,8.0,8.875,8.125],"tintindex":0,"rotation":0,"texture":"#0"}}},{"from":[6.5,8.0,-1.5],"to":[9.5,15.5,0.5],"faces":{"east":{"uv":[3.375,9.0,3.625,10.0],"tintindex":0,"rotation":0,"texture":"#0"},"south":{"uv":[3.625,9.0,3.875,10.0],"tintindex":0,"rotation":0,"texture":"#0"},"north":{"uv":[9.0,3.0,9.25,4.0],"tintindex":0,"rotation":0,"texture":"#0"},"west":{"uv":[3.875,9.0,4.125,10.0],"tintindex":0,"rotation":0,"texture":"#0"},"up":{"uv":[7.5,10.5,7.25,10.25],"tintindex":0,"rotation":0,"texture":"#0"},"down":{"uv":[8.375,10.25,8.125,10.5],"tintindex":0,"rotation":0,"texture":"#0"}}},{"from":[-4.0,8.0,13.5],"to":[-2.0,15.0,15.5],"faces":{"east":{"uv":[8.625,9.625,8.875,10.5],"tintindex":0,"rotation":0,"texture":"#0"},"south":{"uv":[9.625,8.75,9.875,9.625],"tintindex":0,"rotation":0,"texture":"#0"},"north":{"uv":[8.375,9.625,8.625,10.5],"tintindex":0,"rotation":0,"texture":"#0"},"west":{"uv":[8.875,9.625,9.125,10.5],"tintindex":0,"rotation":0,"texture":"#0"},"up":{"uv":[11.25,9.625,11.0,9.375],"tintindex":0,"rotation":0,"texture":"#0"},"down":{"uv":[11.25,9.625,11.0,9.875],"tintindex":0,"rotation":0,"texture":"#0"}}},{"from":[17.75,15.0,13.0],"to":[20.5,18.0,15.75],"faces":{"east":{"uv":[2.5,10.625,2.875,11.0],"tintindex":0,"rotation":0,"texture":"#0"},"south":{"uv":[2.875,10.625,3.25,11.0],"tintindex":0,"rotation":0,"texture":"#0"},"north":{"uv":[2.125,10.625,2.5,11.0],"tintindex":0,"rotation":0,"texture":"#0"},"west":{"uv":[4.25,10.625,4.625,11.0],"tintindex":0,"rotation":0,"texture":"#0"},"up":{"uv":[5.0,11.0,4.625,10.625],"tintindex":0,"rotation":0,"texture":"#0"},"down":{"uv":[5.375,10.625,5.0,11.0],"tintindex":0,"rotation":0,"texture":"#0"}}},{"from":[-2.0,15.25,14.5],"to":[18.0,17.75,15.25],"faces":{"east":{"uv":[7.75,8.0,7.875,8.375],"tintindex":0,"rotation":0,"texture":"#0"},"south":{"uv":[0.0,7.0,2.5,7.375],"tintindex":0,"rotation":0,"texture":"#0"},"north":{"uv":[6.625,5.625,9.125,6.0],"tintindex":0,"rotation":0,"texture":"#0"},"west":{"uv":[9.125,5.625,9.25,6.0],"tintindex":0,"rotation":0,"texture":"#0"},"up":{"uv":[11.125,4.875,8.625,4.75],"tintindex":0,"rotation":0,"texture":"#0"},"down":{"uv":[11.375,7.75,8.875,7.875],"tintindex":0,"rotation":0,"texture":"#0"}}},{"from":[19.5,15.25,-1.25],"to":[20.25,17.75,13.75],"faces":{"east":{"uv":[0.0,7.375,1.875,7.75],"tintindex":0,"rotation":0,"texture":"#0"},"south":{"uv":[8.0,9.375,8.125,9.75],"tintindex":0,"rotation":0,"texture":"#0"},"north":{"uv":[7.25,9.375,7.375,9.75],"tintindex":0,"rotation":0,"texture":"#0"},"west":{"uv":[1.875,7.375,3.75,7.75],"tintindex":0,"rotation":0,"texture":"#0"},"up":{"uv":[7.5,10.25,7.375,8.375],"tintindex":0,"rotation":0,"texture":"#0"},"down":{"uv":[4.25,9.0,4.125,10.875],"tintindex":0,"rotation":0,"texture":"#0"}}},{"from":[-4.5,8.0,13.0],"to":[-2.5,15.0,15.0],"faces":{"east":{"uv":[9.5,4.875,9.75,5.75],"tintindex":0,"rotation":0,"texture":"#0"},"south":{"uv":[6.625,9.5,6.875,10.375],"tintindex":0,"rotation":0,"texture":"#0"},"north":{"uv":[9.5,3.125,9.75,4.0],"tintindex":0,"rotation":0,"texture":"#0"},"west":{"uv":[7.5,9.625,7.75,10.5],"tintindex":0,"rotation":0,"texture":"#0"},"up":{"uv":[7.75,11.25,7.5,11.0],"tintindex":0,"rotation":0,"texture":"#0"},"down":{"uv":[8.0,11.0,7.75,11.25],"tintindex":0,"rotation":0,"texture":"#0"}}},{"from":[-4.5,8.0,-2.0],"to":[-2.5,15.5,0.0],"faces":{"east":{"uv":[9.25,4.875,9.5,5.875],"tintindex":0,"rotation":0,"texture":"#0"},"south":{"uv":[5.375,9.25,5.625,10.25],"tintindex":0,"rotation":0,"texture":"#0"},"north":{"uv":[9.25,3.0,9.5,4.0],"tintindex":0,"rotation":0,"texture":"#0"},"west":{"uv":[5.625,9.25,5.875,10.25],"tintindex":0,"rotation":0,"texture":"#0"},"up":{"uv":[11.25,8.625,11.0,8.375],"tintindex":0,"rotation":0,"texture":"#0"},"down":{"uv":[11.25,8.625,11.0,8.875],"tintindex":0,"rotation":0,"texture":"#0"}}},{"from":[-4.75,15.0,13.0],"to":[-2.0,18.0,15.75],"faces":{"east":{"uv":[0.0,10.625,0.375,11.0],"tintindex":0,"rotation":0,"texture":"#0"},"south":{"uv":[0.375,10.625,0.75,11.0],"tintindex":0,"rotation":0,"texture":"#0"},"north":{"uv":[9.25,10.5,9.625,10.875],"tintindex":0,"rotation":0,"texture":"#0"},"west":{"uv":[0.75,10.625,1.125,11.0],"tintindex":0,"rotation":0,"texture":"#0"},"up":{"uv":[1.5,11.0,1.125,10.625],"tintindex":0,"rotation":0,"texture":"#0"},"down":{"uv":[2.125,10.625,1.75,11.0],"tintindex":0,"rotation":0,"texture":"#0"}}},{"from":[6.5,15.0,-1.9499998],"to":[9.5,18.0,0.8000002],"faces":{"east":{"uv":[6.5,10.75,6.875,11.125],"tintindex":0,"rotation":0,"texture":"#0"},"south":{"uv":[9.625,10.75,10.0,11.125],"tintindex":0,"rotation":0,"texture":"#0"},"north":{"uv":[10.75,4.875,11.125,5.25],"tintindex":0,"rotation":0,"texture":"#0"},"west":{"uv":[10.0,10.75,10.375,11.125],"tintindex":0,"rotation":0,"texture":"#0"},"up":{"uv":[11.25,1.125,10.875,0.75],"tintindex":0,"rotation":0,"texture":"#0"},"down":{"uv":[11.25,1.125,10.875,1.5],"tintindex":0,"rotation":0,"texture":"#0"}},"rotation":{"origin":[8.0,16.5,1.625],"angle":-45.0,"axis":"z"}},{"from":[18.5,8.0,-2.0],"to":[20.5,15.5,0.0],"faces":{"east":{"uv":[6.125,9.25,6.375,10.25],"tintindex":0,"rotation":0,"texture":"#0"},"south":{"uv":[6.375,9.25,6.625,10.25],"tintindex":0,"rotation":0,"texture":"#0"},"north":{"uv":[5.875,9.25,6.125,10.25],"tintindex":0,"rotation":0,"texture":"#0"},"west":{"uv":[8.125,9.25,8.375,10.25],"tintindex":0,"rotation":0,"texture":"#0"},"up":{"uv":[11.25,9.125,11.0,8.875],"tintindex":0,"rotation":0,"texture":"#0"},"down":{"uv":[11.25,9.125,11.0,9.375],"tintindex":0,"rotation":0,"texture":"#0"}}},{"from":[-4.75,15.0,-2.75],"to":[-2.0,18.0,0.0],"faces":{"east":{"uv":[5.75,10.625,6.125,11.0],"tintindex":0,"rotation":0,"texture":"#0"},"south":{"uv":[10.625,5.75,11.0,6.125],"tintindex":0,"rotation":0,"texture":"#0"},"north":{"uv":[5.375,10.625,5.75,11.0],"tintindex":0,"rotation":0,"texture":"#0"},"west":{"uv":[6.125,10.625,6.5,11.0],"tintindex":0,"rotation":0,"texture":"#0"},"up":{"uv":[7.25,11.0,6.875,10.625],"tintindex":0,"rotation":0,"texture":"#0"},"down":{"uv":[8.0,10.625,7.625,11.0],"tintindex":0,"rotation":0,"texture":"#0"}}},{"from":[18.0,15.0,-2.75],"to":[20.75,18.0,0.0],"faces":{"east":{"uv":[10.625,8.75,11.0,9.125],"tintindex":0,"rotation":0,"texture":"#0"},"south":{"uv":[10.625,9.125,11.0,9.5],"tintindex":0,"rotation":0,"texture":"#0"},"north":{"uv":[10.625,8.375,11.0,8.75],"tintindex":0,"rotation":0,"texture":"#0"},"west":{"uv":[10.625,9.5,11.0,9.875],"tintindex":0,"rotation":0,"texture":"#0"},"up":{"uv":[11.0,10.25,10.625,9.875],"tintindex":0,"rotation":0,"texture":"#0"},"down":{"uv":[11.0,10.25,10.625,10.625],"tintindex":0,"rotation":0,"texture":"#0"}}},{"from":[-4.0,8.0,-1.0],"to":[20.0,17.0,15.0],"faces":{"east":{"uv":[0.0,5.125,2.0,6.25],"tintindex":0,"rotation":0,"texture":"#0"},"south":{"uv":[3.0,4.0,6.0,5.125],"tintindex":0,"rotation":0,"texture":"#0"},"north":{"uv":[0.0,4.0,3.0,5.125],"tintindex":0,"rotation":0,"texture":"#0"},"west":{"uv":[2.0,5.125,4.0,6.25],"tintindex":0,"rotation":0,"texture":"#0"},"up":{"uv":[3.0,2.0,0.0,0.0],"tintindex":0,"rotation":0,"texture":"#0"},"down":{"uv":[3.0,2.0,0.0,4.0],"tintindex":0,"rotation":0,"texture":"#0"}}},{"from":[18.5,8.0,13.0],"to":[20.5,15.0,15.0],"faces":{"east":{"uv":[7.0,9.375,7.25,10.25],"tintindex":0,"rotation":0,"texture":"#0"},"south":{"uv":[7.75,9.375,8.0,10.25],"tintindex":0,"rotation":0,"texture":"#0"},"north":{"uv":[2.75,9.375,3.0,10.25],"tintindex":0,"rotation":0,"texture":"#0"},"west":{"uv":[9.5,2.25,9.75,3.125],"tintindex":0,"rotation":0,"texture":"#0"},"up":{"uv":[10.75,2.75,10.5,2.5],"tintindex":0,"rotation":0,"texture":"#0"},"down":{"uv":[9.875,10.5,9.625,10.75],"tintindex":0,"rotation":0,"texture":"#0"}}},{"from":[6.5,15.0,-1.9499998],"to":[9.5,18.0,0.8000002],"faces":{"east":{"uv":[10.75,0.0,11.125,0.375],"tintindex":0,"rotation":0,"texture":"#0"},"south":{"uv":[10.75,0.375,11.125,0.75],"tintindex":0,"rotation":0,"texture":"#0"},"north":{"uv":[10.625,10.625,11.0,11.0],"tintindex":0,"rotation":0,"texture":"#0"},"west":{"uv":[10.75,2.5,11.125,2.875],"tintindex":0,"rotation":0,"texture":"#0"},"up":{"uv":[11.125,3.25,10.75,2.875],"tintindex":0,"rotation":0,"texture":"#0"},"down":{"uv":[11.125,3.875,10.75,4.25],"tintindex":0,"rotation":0,"texture":"#0"}}},{"from":[-4.5,15.25,-1.25],"to":[-3.75,17.75,13.75],"faces":{"east":{"uv":[3.75,7.375,5.625,7.75],"tintindex":0,"rotation":0,"texture":"#0"},"south":{"uv":[7.25,9.75,7.375,10.125],"tintindex":0,"rotation":0,"texture":"#0"},"north":{"uv":[6.875,9.5,7.0,9.875],"tintindex":0,"rotation":0,"texture":"#0"},"west":{"uv":[5.625,7.375,7.5,7.75],"tintindex":0,"rotation":0,"texture":"#0"},"up":{"uv":[1.625,11.25,1.5,9.375],"tintindex":0,"rotation":0,"texture":"#0"},"down":{"uv":[1.75,9.375,1.625,11.25],"tintindex":0,"rotation":0,"texture":"#0"}}}],"display":{"head":{"rotation":[0.0,0.0,0.0]},"firstperson_righthand":{"rotation":[0.0,0.0,0.0]},"thirdperson_lefthand":{"rotation":[0.0,-0.0,-0.0]},"firstperson_lefthand":{"rotation":[0.0,-0.0,-0.0]},"fixed":{"rotation":[0.0,0.0,0.0]},"ground":{"rotation":[0.0,0.0,0.0]},"thirdperson_righthand":{"rotation":[0.0,0.0,0.0]},"gui":{"rotation":[-150.0,-75.0,-180.0]}}}