{"textures":{"0":"modelengine:block/medieval_box_iron"},"elements":[{"from":[-5.5,4.25,7.25],"to":[-4.0,10.25,7.25],"faces":{"south":{"uv":[1.5,0.625,1.75,1.625],"tintindex":0,"rotation":0,"texture":"#0"},"north":{"uv":[1.25,0.625,1.5,1.625],"tintindex":0,"rotation":0,"texture":"#0"}}}],"display":{"head":{"rotation":[0.0,0.0,0.0]},"firstperson_righthand":{"rotation":[0.0,0.0,0.0]},"thirdperson_lefthand":{"rotation":[0.0,-0.0,-0.0]},"firstperson_lefthand":{"rotation":[0.0,-0.0,-0.0]},"fixed":{"rotation":[0.0,0.0,0.0]},"ground":{"rotation":[0.0,0.0,0.0]},"thirdperson_righthand":{"rotation":[0.0,0.0,0.0]},"gui":{"rotation":[-150.0,-75.0,-180.0]}}}