{"textures":{"0":"modelengine:entity/eyeshading_corlurker","2":"modelengine:block/em_darklurker"},"elements":[{"from":[7.0,15.744526,2.1368694],"to":[5.0,13.744526,1.1368694],"faces":{"east":{"uv":[5.125,8.125,5.25,8.375],"tintindex":0,"rotation":0,"texture":"#2"},"south":{"uv":[1.125,7.625,1.375,7.875],"tintindex":0,"rotation":0,"texture":"#2"},"north":{"uv":[7.625,0.75,7.875,1.0],"tintindex":0,"rotation":0,"texture":"#2"},"west":{"uv":[8.125,5.375,8.25,5.625],"tintindex":0,"rotation":0,"texture":"#2"},"up":{"uv":[8.375,5.0,8.125,4.875],"tintindex":0,"rotation":0,"texture":"#2"},"down":{"uv":[8.375,5.75,8.125,5.875],"tintindex":0,"rotation":0,"texture":"#2"}}},{"from":[6.0,10.744526,1.1368694],"to":[10.0,11.744526,1.1368694],"faces":{"south":{"uv":[7.5,5.75,8.0,5.875],"tintindex":0,"rotation":0,"texture":"#2"},"north":{"uv":[7.125,3.75,7.625,3.875],"tintindex":0,"rotation":0,"texture":"#2"}}},{"from":[9.0,13.75,1.7375002],"to":[11.0,15.75,1.7375002],"faces":{"east":{"uv":[0.0,0.0,0.03125,0.25],"tintindex":0,"rotation":0,"texture":"#0"},"south":{"uv":[1.0,3.0,3.0,5.0],"tintindex":0,"rotation":0,"texture":"#0"},"north":{"uv":[1.0,3.0,3.0,5.0],"tintindex":0,"rotation":0,"texture":"#0"},"west":{"uv":[0.0,0.0,0.03125,0.25],"tintindex":0,"rotation":0,"texture":"#0"},"up":{"uv":[0.0,0.0,0.25,0.03125],"tintindex":0,"rotation":0,"texture":"#0"},"down":{"uv":[0.0,0.0,0.25,0.03125],"tintindex":0,"rotation":0,"texture":"#0"}}},{"from":[7.0,6.744526,4.1368694],"to":[9.0,12.744526,6.1368694],"faces":{"east":{"uv":[5.875,0.0,6.125,0.75],"tintindex":0,"rotation":0,"texture":"#2"},"south":{"uv":[3.375,5.875,3.625,6.625],"tintindex":0,"rotation":0,"texture":"#2"},"north":{"uv":[5.75,5.75,6.0,6.5],"tintindex":0,"rotation":0,"texture":"#2"},"west":{"uv":[3.75,5.875,4.0,6.625],"tintindex":0,"rotation":0,"texture":"#2"},"up":{"uv":[4.625,7.375,4.375,7.125],"tintindex":0,"rotation":0,"texture":"#2"},"down":{"uv":[5.0,7.125,4.75,7.375],"tintindex":0,"rotation":0,"texture":"#2"}},"rotation":{"origin":[8.0,13.744526,5.1368694],"angle":-22.5,"axis":"x"}},{"from":[4.0,10.744526,2.1368694],"to":[12.0,18.744526,9.136869],"faces":{"east":{"uv":[1.125,0.0,2.0,1.0],"tintindex":0,"rotation":0,"texture":"#2"},"south":{"uv":[0.0,1.125,1.0,2.125],"tintindex":0,"rotation":0,"texture":"#2"},"north":{"uv":[0.0,0.0,1.0,1.0],"tintindex":0,"rotation":0,"texture":"#2"},"west":{"uv":[1.125,1.125,2.0,2.125],"tintindex":0,"rotation":0,"texture":"#2"},"up":{"uv":[3.125,0.875,2.125,0.0],"tintindex":0,"rotation":0,"texture":"#2"},"down":{"uv":[3.125,1.0,2.125,1.875],"tintindex":0,"rotation":0,"texture":"#2"}}},{"from":[5.0,13.75,1.7375002],"to":[7.0,15.75,1.7375002],"faces":{"east":{"uv":[0.03125,0.0,0.0,0.25],"tintindex":0,"rotation":0,"texture":"#0"},"south":{"uv":[3.0,3.0,1.0,5.0],"tintindex":0,"rotation":0,"texture":"#0"},"north":{"uv":[3.0,3.0,1.0,5.0],"tintindex":0,"rotation":0,"texture":"#0"},"west":{"uv":[0.03125,0.0,0.0,0.25],"tintindex":0,"rotation":0,"texture":"#0"},"up":{"uv":[0.25,0.0,0.0,0.03125],"tintindex":0,"rotation":0,"texture":"#0"},"down":{"uv":[0.25,0.0,0.0,0.03125],"tintindex":0,"rotation":0,"texture":"#0"}}},{"from":[4.0,11.744526,1.1368694],"to":[12.0,18.744526,2.1368694],"faces":{"east":{"uv":[4.125,6.625,4.25,7.5],"tintindex":0,"rotation":0,"texture":"#2"},"south":{"uv":[2.25,3.0,3.25,3.875],"tintindex":0,"rotation":0,"texture":"#2"},"north":{"uv":[1.125,3.0,2.125,3.875],"tintindex":0,"rotation":0,"texture":"#2"},"west":{"uv":[5.625,6.625,5.75,7.5],"tintindex":0,"rotation":0,"texture":"#2"},"up":{"uv":[7.5,4.125,6.5,4.0],"tintindex":0,"rotation":0,"texture":"#2"},"down":{"uv":[1.75,6.625,0.75,6.75],"tintindex":0,"rotation":0,"texture":"#2"}}},{"from":[11.0,15.744526,2.1368694],"to":[9.0,13.744526,1.1368694],"faces":{"east":{"uv":[8.125,3.625,8.25,3.875],"tintindex":0,"rotation":0,"texture":"#2"},"south":{"uv":[7.625,0.375,7.875,0.625],"tintindex":0,"rotation":0,"texture":"#2"},"north":{"uv":[0.0,7.625,0.25,7.875],"tintindex":0,"rotation":0,"texture":"#2"},"west":{"uv":[8.125,4.0,8.25,4.25],"tintindex":0,"rotation":0,"texture":"#2"},"up":{"uv":[8.375,4.5,8.125,4.375],"tintindex":0,"rotation":0,"texture":"#2"},"down":{"uv":[8.375,4.625,8.125,4.75],"tintindex":0,"rotation":0,"texture":"#2"}}},{"from":[12.0,18.744526,9.136869],"to":[4.0,10.744526,2.1368694],"faces":{"east":{"uv":[1.125,2.125,2.0,1.125],"tintindex":0,"rotation":0,"texture":"#2"},"south":{"uv":[0.0,1.0,1.0,0.0],"tintindex":0,"rotation":0,"texture":"#2"},"north":{"uv":[0.0,2.125,1.0,1.125],"tintindex":0,"rotation":0,"texture":"#2"},"west":{"uv":[1.125,1.0,2.0,0.0],"tintindex":0,"rotation":0,"texture":"#2"},"up":{"uv":[2.125,1.0,3.125,1.875],"tintindex":0,"rotation":0,"texture":"#2"},"down":{"uv":[2.125,0.875,3.125,0.0],"tintindex":0,"rotation":0,"texture":"#2"}}}],"display":{"head":{"rotation":[0.0,0.0,0.0]},"firstperson_righthand":{"rotation":[0.0,0.0,0.0]},"thirdperson_lefthand":{"rotation":[0.0,-0.0,-0.0]},"firstperson_lefthand":{"rotation":[0.0,-0.0,-0.0]},"fixed":{"rotation":[0.0,0.0,0.0]},"ground":{"rotation":[0.0,0.0,0.0]},"thirdperson_righthand":{"rotation":[0.0,0.0,0.0]},"gui":{"rotation":[-150.0,-75.0,-180.0]}}}