{"textures":{"0":"modelengine:entity/eyeshading_corlurker","2":"modelengine:block/em_darklurker"},"elements":[{"from":[6.9333334,9.75,8.5],"to":[8.933333,13.75,9.5],"faces":{"east":{"uv":[3.875,6.75,4.0,7.25],"tintindex":0,"rotation":0,"texture":"#2"},"south":{"uv":[2.25,6.625,2.5,7.125],"tintindex":0,"rotation":0,"texture":"#2"},"north":{"uv":[1.875,6.625,2.125,7.125],"tintindex":0,"rotation":0,"texture":"#2"},"west":{"uv":[3.0,7.0,3.125,7.5],"tintindex":0,"rotation":0,"texture":"#2"},"up":{"uv":[4.25,8.125,4.0,8.0],"tintindex":0,"rotation":0,"texture":"#2"},"down":{"uv":[8.25,5.125,8.0,5.25],"tintindex":0,"rotation":0,"texture":"#2"}}},{"from":[6.0,14.0,5.75],"to":[10.0,16.0,8.75],"faces":{"east":{"uv":[7.625,1.125,7.875,1.375],"tintindex":0,"rotation":0,"texture":"#0"},"south":{"uv":[12.0,13.0,16.0,15.0],"tintindex":0,"rotation":0,"texture":"#0"},"north":{"uv":[12.0,13.0,16.0,15.0],"tintindex":0,"rotation":0,"texture":"#0"},"west":{"uv":[1.5,7.625,1.75,7.875],"tintindex":0,"rotation":0,"texture":"#0"},"up":{"uv":[7.125,4.875,6.625,4.625],"tintindex":0,"rotation":0,"texture":"#0"},"down":{"uv":[12.0,14.0,16.0,16.0],"tintindex":0,"rotation":0,"texture":"#0"}}},{"from":[6.9333334,13.75,9.0],"to":[8.933333,19.75,10.0],"faces":{"east":{"uv":[5.875,6.625,6.0,7.375],"tintindex":0,"rotation":0,"texture":"#2"},"south":{"uv":[0.0,6.375,0.25,7.125],"tintindex":0,"rotation":0,"texture":"#2"},"north":{"uv":[6.125,6.25,6.375,7.0],"tintindex":0,"rotation":0,"texture":"#2"},"west":{"uv":[3.25,6.75,3.375,7.5],"tintindex":0,"rotation":0,"texture":"#2"},"up":{"uv":[5.625,8.125,5.375,8.0],"tintindex":0,"rotation":0,"texture":"#2"},"down":{"uv":[6.75,8.0,6.5,8.125],"tintindex":0,"rotation":0,"texture":"#2"}}},{"from":[3.9333334,13.75,5.5],"to":[11.933333,20.75,9.5],"faces":{"east":{"uv":[3.375,3.5,3.875,4.375],"tintindex":0,"rotation":0,"texture":"#2"},"south":{"uv":[0.0,2.25,1.0,3.125],"tintindex":0,"rotation":0,"texture":"#2"},"north":{"uv":[2.125,2.0,3.125,2.875],"tintindex":0,"rotation":0,"texture":"#2"},"west":{"uv":[1.125,4.0,1.625,4.875],"tintindex":0,"rotation":0,"texture":"#2"},"up":{"uv":[4.25,1.5,3.25,1.0],"tintindex":0,"rotation":0,"texture":"#2"},"down":{"uv":[4.25,1.625,3.25,2.125],"tintindex":0,"rotation":0,"texture":"#2"}}},{"from":[9.383333,8.7,6.45],"to":[11.483334,9.8,9.55],"faces":{"east":{"uv":[1.875,7.625,2.25,7.75],"tintindex":0,"rotation":0,"texture":"#2"},"south":{"uv":[7.25,8.0,7.5,8.125],"tintindex":0,"rotation":0,"texture":"#2"},"north":{"uv":[6.875,8.0,7.125,8.125],"tintindex":0,"rotation":0,"texture":"#2"},"west":{"uv":[7.625,2.0,8.0,2.125],"tintindex":0,"rotation":0,"texture":"#2"},"up":{"uv":[3.75,7.125,3.5,6.75],"tintindex":0,"rotation":0,"texture":"#2"},"down":{"uv":[7.125,0.5,6.875,0.875],"tintindex":0,"rotation":0,"texture":"#2"}},"rotation":{"origin":[10.433333,9.25,8.0],"angle":22.5,"axis":"z"}},{"from":[4.383333,8.7,6.45],"to":[6.4833336,9.8,9.55],"faces":{"east":{"uv":[7.625,2.25,8.0,2.375],"tintindex":0,"rotation":0,"texture":"#2"},"south":{"uv":[8.0,7.75,8.25,7.875],"tintindex":0,"rotation":0,"texture":"#2"},"north":{"uv":[8.0,7.5,8.25,7.625],"tintindex":0,"rotation":0,"texture":"#2"},"west":{"uv":[3.0,7.625,3.375,7.75],"tintindex":0,"rotation":0,"texture":"#2"},"up":{"uv":[1.0,7.25,0.75,6.875],"tintindex":0,"rotation":0,"texture":"#2"},"down":{"uv":[7.125,1.0,6.875,1.375],"tintindex":0,"rotation":0,"texture":"#2"}},"rotation":{"origin":[5.4333334,9.25,8.0],"angle":-22.5,"axis":"z"}},{"from":[11.933333,20.75,9.5],"to":[3.9333334,13.75,5.5],"faces":{"east":{"uv":[1.125,4.875,1.625,4.0],"tintindex":0,"rotation":0,"texture":"#2"},"south":{"uv":[2.125,2.875,3.125,2.0],"tintindex":0,"rotation":0,"texture":"#2"},"north":{"uv":[0.0,3.125,1.0,2.25],"tintindex":0,"rotation":0,"texture":"#2"},"west":{"uv":[3.375,4.375,3.875,3.5],"tintindex":0,"rotation":0,"texture":"#2"},"up":{"uv":[3.25,1.625,4.25,2.125],"tintindex":0,"rotation":0,"texture":"#2"},"down":{"uv":[3.25,1.5,4.25,1.0],"tintindex":0,"rotation":0,"texture":"#2"}}},{"from":[4.9333334,8.75,6.5],"to":[10.933333,9.75,9.5],"faces":{"east":{"uv":[7.625,1.5,8.0,1.625],"tintindex":0,"rotation":0,"texture":"#2"},"south":{"uv":[6.625,5.875,7.375,6.0],"tintindex":0,"rotation":0,"texture":"#2"},"north":{"uv":[1.125,2.75,1.875,2.875],"tintindex":0,"rotation":0,"texture":"#2"},"west":{"uv":[7.625,1.75,8.0,1.875],"tintindex":0,"rotation":0,"texture":"#2"},"up":{"uv":[1.875,2.625,1.125,2.25],"tintindex":0,"rotation":0,"texture":"#2"},"down":{"uv":[5.25,4.5,4.5,4.875],"tintindex":0,"rotation":0,"texture":"#2"}}},{"from":[5.9333334,9.75,6.5],"to":[9.933333,13.75,8.5],"faces":{"east":{"uv":[0.375,6.375,0.625,6.875],"tintindex":0,"rotation":0,"texture":"#2"},"south":{"uv":[2.25,5.0,2.75,5.5],"tintindex":0,"rotation":0,"texture":"#2"},"north":{"uv":[5.0,1.875,5.5,2.375],"tintindex":0,"rotation":0,"texture":"#2"},"west":{"uv":[6.375,2.625,6.625,3.125],"tintindex":0,"rotation":0,"texture":"#2"},"up":{"uv":[7.0,3.5,6.5,3.25],"tintindex":0,"rotation":0,"texture":"#2"},"down":{"uv":[7.0,3.625,6.5,3.875],"tintindex":0,"rotation":0,"texture":"#2"}}}],"display":{"head":{"rotation":[0.0,0.0,0.0]},"firstperson_righthand":{"rotation":[0.0,0.0,0.0]},"thirdperson_lefthand":{"rotation":[0.0,-0.0,-0.0]},"firstperson_lefthand":{"rotation":[0.0,-0.0,-0.0]},"fixed":{"rotation":[0.0,0.0,0.0]},"ground":{"rotation":[0.0,0.0,0.0]},"thirdperson_righthand":{"rotation":[0.0,0.0,0.0]},"gui":{"rotation":[-150.0,-75.0,-180.0]}}}