{"textures":{"2":"modelengine:block/em_darklurker"},"elements":[{"from":[5.282029,-10.033884,8.33],"to":[6.1220293,-8.193884,9.17],"faces":{"east":{"uv":[2.125,7.875,2.25,8.125],"tintindex":0,"rotation":0,"texture":"#2"},"south":{"uv":[7.875,2.5,8.0,2.75],"tintindex":0,"rotation":0,"texture":"#2"},"north":{"uv":[1.875,7.875,2.0,8.125],"tintindex":0,"rotation":0,"texture":"#2"},"west":{"uv":[2.875,7.875,3.0,8.125],"tintindex":0,"rotation":0,"texture":"#2"},"up":{"uv":[2.125,8.375,2.0,8.25],"tintindex":0,"rotation":0,"texture":"#2"},"down":{"uv":[3.0,8.25,2.875,8.375],"tintindex":0,"rotation":0,"texture":"#2"}},"rotation":{"origin":[6.9655294,2.8912601,8.125],"angle":22.5,"axis":"z"}},{"from":[6.020532,-3.9358292,7.0],"to":[8.020533,3.0641708,9.0],"faces":{"east":{"uv":[0.375,5.375,0.625,6.25],"tintindex":0,"rotation":0,"texture":"#2"},"south":{"uv":[5.375,4.375,5.625,5.25],"tintindex":0,"rotation":0,"texture":"#2"},"north":{"uv":[0.0,5.375,0.25,6.25],"tintindex":0,"rotation":0,"texture":"#2"},"west":{"uv":[5.375,5.375,5.625,6.25],"tintindex":0,"rotation":0,"texture":"#2"},"up":{"uv":[1.75,7.125,1.5,6.875],"tintindex":0,"rotation":0,"texture":"#2"},"down":{"uv":[7.125,1.5,6.875,1.75],"tintindex":0,"rotation":0,"texture":"#2"}},"rotation":{"origin":[6.9655294,2.8912601,8.125],"angle":22.5,"axis":"z"}},{"from":[15.867605,-7.2072954,7.5],"to":[17.867605,-6.7072954,7.5],"faces":{"south":{"uv":[7.5,7.625,7.625,7.875],"tintindex":0,"rotation":270,"texture":"#2"},"north":{"uv":[7.25,7.625,7.375,7.875],"tintindex":0,"rotation":90,"texture":"#2"}},"rotation":{"origin":[6.9655294,2.8912601,8.125],"angle":-22.5,"axis":"z"}},{"from":[2.6517963,-8.881895,7.1],"to":[3.4517965,-7.0818944,7.9],"faces":{"east":{"uv":[4.125,7.625,4.25,7.875],"tintindex":0,"rotation":0,"texture":"#2"},"south":{"uv":[7.625,4.375,7.75,4.625],"tintindex":0,"rotation":0,"texture":"#2"},"north":{"uv":[7.625,4.0,7.75,4.25],"tintindex":0,"rotation":0,"texture":"#2"},"west":{"uv":[7.625,4.75,7.75,5.0],"tintindex":0,"rotation":0,"texture":"#2"},"up":{"uv":[0.875,5.5,0.75,5.375],"tintindex":0,"rotation":0,"texture":"#2"},"down":{"uv":[8.25,6.0,8.125,6.125],"tintindex":0,"rotation":0,"texture":"#2"}},"rotation":{"origin":[6.9655294,2.8912601,8.125],"angle":45.0,"axis":"z"}},{"from":[7.533705,-11.958429,7.5],"to":[7.8872585,-11.604876,7.5],"faces":{"south":{"uv":[8.25,0.375,8.375,0.5],"tintindex":0,"rotation":0,"texture":"#2"},"north":{"uv":[8.125,7.25,8.25,7.375],"tintindex":0,"rotation":0,"texture":"#2"}},"rotation":{"origin":[6.9655294,2.8912601,8.125],"angle":22.5,"axis":"z"}},{"from":[2.6962943,-10.063992,7.5],"to":[3.0980077,-8.544441,7.5],"faces":{"south":{"uv":[5.125,7.75,5.25,8.0],"tintindex":0,"rotation":0,"texture":"#2"},"north":{"uv":[3.75,7.75,3.875,8.0],"tintindex":0,"rotation":0,"texture":"#2"}},"rotation":{"origin":[6.9655294,2.8912601,8.125],"angle":45.0,"axis":"z"}},{"from":[17.300854,-6.0107594,7.5],"to":[17.654408,-5.6572056,7.5],"faces":{"south":{"uv":[1.75,8.25,1.875,8.375],"tintindex":0,"rotation":270,"texture":"#2"},"north":{"uv":[8.25,1.125,8.375,1.25],"tintindex":0,"rotation":90,"texture":"#2"}},"rotation":{"origin":[6.9655294,2.8912601,8.125],"angle":-22.5,"axis":"z"}},{"from":[1.2518001,-7.4846134,7.0],"to":[3.2518,-5.4846134,9.0],"faces":{"east":{"uv":[7.0,5.375,7.25,5.625],"tintindex":0,"rotation":0,"texture":"#2"},"south":{"uv":[7.125,0.0,7.375,0.25],"tintindex":0,"rotation":0,"texture":"#2"},"north":{"uv":[5.25,7.0,5.5,7.25],"tintindex":0,"rotation":0,"texture":"#2"},"west":{"uv":[7.125,2.625,7.375,2.875],"tintindex":0,"rotation":0,"texture":"#2"},"up":{"uv":[7.375,3.25,7.125,3.0],"tintindex":0,"rotation":0,"texture":"#2"},"down":{"uv":[7.375,3.375,7.125,3.625],"tintindex":0,"rotation":0,"texture":"#2"}},"rotation":{"origin":[6.9655294,2.8912601,8.125],"angle":45.0,"axis":"z"}},{"from":[14.914573,-7.4103284,7.1],"to":[16.714571,-6.610328,7.9],"faces":{"east":{"uv":[8.25,7.0,8.125,7.125],"tintindex":0,"rotation":270,"texture":"#2"},"south":{"uv":[7.0,7.625,7.125,7.875],"tintindex":0,"rotation":270,"texture":"#2"},"north":{"uv":[6.75,7.625,6.875,7.875],"tintindex":0,"rotation":90,"texture":"#2"},"west":{"uv":[8.25,6.875,8.125,6.75],"tintindex":0,"rotation":270,"texture":"#2"},"up":{"uv":[7.625,6.75,7.75,7.0],"tintindex":0,"rotation":270,"texture":"#2"},"down":{"uv":[7.625,7.125,7.75,7.375],"tintindex":0,"rotation":270,"texture":"#2"}},"rotation":{"origin":[6.9655294,2.8912601,8.125],"angle":-22.5,"axis":"z"}},{"from":[7.97903,-10.711597,7.5],"to":[8.47903,-8.711597,7.5],"faces":{"south":{"uv":[2.625,7.75,2.75,8.0],"tintindex":0,"rotation":0,"texture":"#2"},"north":{"uv":[0.75,7.75,0.875,8.0],"tintindex":0,"rotation":0,"texture":"#2"}},"rotation":{"origin":[6.9655294,2.8912601,8.125],"angle":22.5,"axis":"z"}},{"from":[11.653635,-10.610632,8.75],"to":[13.173185,-10.20892,8.75],"faces":{"south":{"uv":[7.75,5.375,8.0,5.5],"tintindex":0,"rotation":0,"texture":"#2"},"north":{"uv":[7.75,3.75,8.0,3.875],"tintindex":0,"rotation":0,"texture":"#2"}}},{"from":[11.653635,-10.610632,7.5],"to":[13.173185,-10.20892,7.5],"faces":{"south":{"uv":[0.375,7.75,0.625,7.875],"tintindex":0,"rotation":0,"texture":"#2"},"north":{"uv":[7.625,5.125,7.875,5.25],"tintindex":0,"rotation":0,"texture":"#2"}}},{"from":[7.533705,-11.958429,8.75],"to":[7.8872585,-11.604876,8.75],"faces":{"south":{"uv":[8.25,0.875,8.375,1.0],"tintindex":0,"rotation":0,"texture":"#2"},"north":{"uv":[8.25,0.625,8.375,0.75],"tintindex":0,"rotation":0,"texture":"#2"}},"rotation":{"origin":[6.9655294,2.8912601,8.125],"angle":22.5,"axis":"z"}},{"from":[5.920532,2.964171,6.9],"to":[8.120533,9.164171,9.1],"faces":{"east":{"uv":[4.875,5.625,5.125,6.375],"tintindex":0,"rotation":0,"texture":"#2"},"south":{"uv":[5.75,4.0,6.0,4.75],"tintindex":0,"rotation":0,"texture":"#2"},"north":{"uv":[4.5,5.625,4.75,6.375],"tintindex":0,"rotation":0,"texture":"#2"},"west":{"uv":[5.75,4.875,6.0,5.625],"tintindex":0,"rotation":0,"texture":"#2"},"up":{"uv":[4.375,4.875,4.125,4.625],"tintindex":0,"rotation":0,"texture":"#2"},"down":{"uv":[1.375,6.875,1.125,7.125],"tintindex":0,"rotation":0,"texture":"#2"}}},{"from":[15.867605,-7.2072954,8.75],"to":[17.867605,-6.7072954,8.75],"faces":{"south":{"uv":[7.875,0.0,8.0,0.25],"tintindex":0,"rotation":270,"texture":"#2"},"north":{"uv":[7.75,7.5,7.875,7.75],"tintindex":0,"rotation":90,"texture":"#2"}},"rotation":{"origin":[6.9655294,2.8912601,8.125],"angle":-22.5,"axis":"z"}},{"from":[5.25675,-7.292341,6.88],"to":[6.49675,-5.0523415,9.12],"faces":{"east":{"uv":[0.375,7.0,0.625,7.25],"tintindex":0,"rotation":0,"texture":"#2"},"south":{"uv":[6.25,7.5,6.375,7.75],"tintindex":0,"rotation":0,"texture":"#2"},"north":{"uv":[3.875,7.375,4.0,7.625],"tintindex":0,"rotation":0,"texture":"#2"},"west":{"uv":[2.625,7.0,2.875,7.25],"tintindex":0,"rotation":0,"texture":"#2"},"up":{"uv":[2.5,7.875,2.375,7.625],"tintindex":0,"rotation":0,"texture":"#2"},"down":{"uv":[3.625,7.625,3.5,7.875],"tintindex":0,"rotation":0,"texture":"#2"}},"rotation":{"origin":[6.9655294,2.8912601,8.125],"angle":22.5,"axis":"z"}},{"from":[5.282029,-10.033884,7.08],"to":[6.1220293,-8.193884,7.92],"faces":{"east":{"uv":[7.625,6.0,7.75,6.25],"tintindex":0,"rotation":0,"texture":"#2"},"south":{"uv":[7.625,6.375,7.75,6.625],"tintindex":0,"rotation":0,"texture":"#2"},"north":{"uv":[5.5,7.625,5.625,7.875],"tintindex":0,"rotation":0,"texture":"#2"},"west":{"uv":[6.5,7.625,6.625,7.875],"tintindex":0,"rotation":0,"texture":"#2"},"up":{"uv":[8.25,6.375,8.125,6.25],"tintindex":0,"rotation":0,"texture":"#2"},"down":{"uv":[8.25,6.5,8.125,6.625],"tintindex":0,"rotation":0,"texture":"#2"}},"rotation":{"origin":[6.9655294,2.8912601,8.125],"angle":22.5,"axis":"z"}},{"from":[8.452838,-5.112416,6.9],"to":[10.652839,-2.912416,9.1],"faces":{"east":{"uv":[6.875,2.25,7.125,2.5],"tintindex":0,"rotation":0,"texture":"#2"},"south":{"uv":[6.875,6.125,7.125,6.375],"tintindex":0,"rotation":0,"texture":"#2"},"north":{"uv":[6.875,1.875,7.125,2.125],"tintindex":0,"rotation":0,"texture":"#2"},"west":{"uv":[6.5,6.875,6.75,7.125],"tintindex":0,"rotation":0,"texture":"#2"},"up":{"uv":[7.125,6.75,6.875,6.5],"tintindex":0,"rotation":0,"texture":"#2"},"down":{"uv":[7.125,6.875,6.875,7.125],"tintindex":0,"rotation":0,"texture":"#2"}}},{"from":[14.914573,-7.4103284,8.35],"to":[16.714571,-6.610328,9.15],"faces":{"east":{"uv":[4.0,8.25,3.875,8.375],"tintindex":0,"rotation":270,"texture":"#2"},"south":{"uv":[7.875,3.25,8.0,3.5],"tintindex":0,"rotation":270,"texture":"#2"},"north":{"uv":[7.875,2.875,8.0,3.125],"tintindex":0,"rotation":90,"texture":"#2"},"west":{"uv":[3.25,8.375,3.125,8.25],"tintindex":0,"rotation":270,"texture":"#2"},"up":{"uv":[3.125,7.875,3.25,8.125],"tintindex":0,"rotation":270,"texture":"#2"},"down":{"uv":[7.875,4.0,8.0,4.25],"tintindex":0,"rotation":270,"texture":"#2"}},"rotation":{"origin":[6.9655294,2.8912601,8.125],"angle":-22.5,"axis":"z"}}],"display":{"head":{"rotation":[0.0,0.0,0.0]},"firstperson_righthand":{"rotation":[0.0,0.0,0.0]},"thirdperson_lefthand":{"rotation":[0.0,-0.0,-0.0]},"firstperson_lefthand":{"rotation":[0.0,-0.0,-0.0]},"fixed":{"rotation":[0.0,0.0,0.0]},"ground":{"rotation":[0.0,0.0,0.0]},"thirdperson_righthand":{"rotation":[0.0,0.0,0.0]},"gui":{"rotation":[-150.0,-75.0,-180.0]}}}