{"textures":{"0":"modelengine:block/em_dskeleton_base_variations"},"elements":[{"from":[4.0,8.0,2.0],"to":[12.0,17.0,10.0],"faces":{"east":{"uv":[6.0075,1.1325,6.9925,2.2425],"tintindex":0,"rotation":0,"texture":"#0"},"south":{"uv":[6.0075,2.2575,6.9925,3.3675],"tintindex":0,"rotation":0,"texture":"#0"},"north":{"uv":[6.0075,0.0075,6.9925,1.1175],"tintindex":0,"rotation":0,"texture":"#0"},"west":{"uv":[6.0075,3.3825,6.9925,4.4925],"tintindex":0,"rotation":0,"texture":"#0"},"up":{"uv":[8.9925,4.9925,8.0075,4.0075],"tintindex":0,"rotation":0,"texture":"#0"},"down":{"uv":[8.9925,5.0075,8.0075,5.9925],"tintindex":0,"rotation":0,"texture":"#0"}}},{"from":[7.0,7.8086586,7.13806],"to":[9.0,10.808659,9.138061],"faces":{"east":{"uv":[7.6325,9.7575,7.8675,10.1175],"tintindex":0,"rotation":0,"texture":"#0"},"south":{"uv":[6.7575,10.0075,6.9925,10.3675],"tintindex":0,"rotation":0,"texture":"#0"},"north":{"uv":[5.7575,9.6325,5.9925,9.9925],"tintindex":0,"rotation":0,"texture":"#0"},"west":{"uv":[10.0075,8.2575,10.2425,8.6175],"tintindex":0,"rotation":0,"texture":"#0"},"up":{"uv":[1.4925,10.4925,1.2575,10.2575],"tintindex":0,"rotation":0,"texture":"#0"},"down":{"uv":[1.7425,10.2575,1.5075,10.4925],"tintindex":0,"rotation":0,"texture":"#0"}},"rotation":{"origin":[8.0,7.8086586,8.638061],"angle":-22.5,"axis":"x"}},{"from":[3.9,9.9625,1.9],"to":[12.1,17.1625,10.1],"faces":{"east":{"uv":[9.0075,3.5075,9.9925,4.3675],"tintindex":0,"rotation":0,"texture":"#0"},"south":{"uv":[9.0075,4.3825,9.9925,5.2425],"tintindex":0,"rotation":0,"texture":"#0"},"north":{"uv":[9.0075,2.6325,9.9925,3.4925],"tintindex":0,"rotation":0,"texture":"#0"},"west":{"uv":[9.0075,5.2575,9.9925,6.1175],"tintindex":0,"rotation":0,"texture":"#0"},"up":{"uv":[8.9925,2.9925,8.0075,2.0075],"tintindex":0,"rotation":0,"texture":"#0"},"down":{"uv":[8.9925,3.0075,8.0075,3.9925],"tintindex":0,"rotation":0,"texture":"#0"}}},{"from":[12.0,17.0,10.0],"to":[4.0,8.0,2.0],"faces":{"east":{"uv":[3.0075,5.6325,3.9925,6.7425],"tintindex":0,"rotation":0,"texture":"#0"},"south":{"uv":[4.0075,5.6325,4.9925,6.7425],"tintindex":0,"rotation":0,"texture":"#0"},"north":{"uv":[2.0075,5.6325,2.9925,6.7425],"tintindex":0,"rotation":0,"texture":"#0"},"west":{"uv":[5.0075,5.6325,5.9925,6.7425],"tintindex":0,"rotation":0,"texture":"#0"},"up":{"uv":[8.9925,0.9925,8.0075,0.0075],"tintindex":0,"rotation":0,"texture":"#0"},"down":{"uv":[8.9925,1.0075,8.0075,1.9925],"tintindex":0,"rotation":0,"texture":"#0"}}}],"display":{"head":{"rotation":[0.0,0.0,0.0]},"firstperson_righthand":{"rotation":[0.0,0.0,0.0]},"thirdperson_lefthand":{"rotation":[0.0,-0.0,-0.0]},"firstperson_lefthand":{"rotation":[0.0,-0.0,-0.0]},"fixed":{"rotation":[0.0,0.0,0.0]},"ground":{"rotation":[0.0,0.0,0.0]},"thirdperson_righthand":{"rotation":[0.0,0.0,0.0]},"gui":{"rotation":[-150.0,-75.0,-180.0]}}}