{"textures":{"1":"modelengine:block/em_peppermint_knight"},"elements":[{"from":[8.613126,11.213123,3.2071066],"to":[9.613126,12.213123,4.2071066],"faces":{"east":{"uv":[10.1875,2.4375,10.25,2.5],"tintindex":0,"rotation":0,"texture":"#1"},"south":{"uv":[10.1875,2.6875,10.25,2.75],"tintindex":0,"rotation":0,"texture":"#1"},"north":{"uv":[10.1875,2.3125,10.25,2.375],"tintindex":0,"rotation":0,"texture":"#1"},"west":{"uv":[10.1875,3.125,10.25,3.1875],"tintindex":0,"rotation":0,"texture":"#1"},"up":{"uv":[10.25,3.625,10.1875,3.5625],"tintindex":0,"rotation":0,"texture":"#1"},"down":{"uv":[10.25,3.8125,10.1875,3.875],"tintindex":0,"rotation":0,"texture":"#1"}},"rotation":{"origin":[9.113126,11.713123,3.7071066],"angle":45.0,"axis":"x"}},{"from":[8.609126,4.709123,2.996],"to":[9.6171255,11.717123,4.004],"faces":{"east":{"uv":[5.875,9.1875,5.9375,9.625],"tintindex":0,"rotation":0,"texture":"#1"},"south":{"uv":[6.0,9.1875,6.0625,9.625],"tintindex":0,"rotation":0,"texture":"#1"},"north":{"uv":[5.75,9.1875,5.8125,9.625],"tintindex":0,"rotation":0,"texture":"#1"},"west":{"uv":[7.5,9.1875,7.5625,9.625],"tintindex":0,"rotation":0,"texture":"#1"},"up":{"uv":[4.3125,10.25,4.25,10.1875],"tintindex":0,"rotation":0,"texture":"#1"},"down":{"uv":[10.25,4.25,10.1875,4.3125],"tintindex":0,"rotation":0,"texture":"#1"}}},{"from":[2.6131258,6.170231,3.7071066],"to":[3.6131258,9.170231,12.707107],"faces":{"east":{"uv":[7.125,0.25,7.6875,0.4375],"tintindex":0,"rotation":0,"texture":"#1"},"south":{"uv":[6.75,10.0,6.8125,10.1875],"tintindex":0,"rotation":0,"texture":"#1"},"north":{"uv":[6.625,10.0,6.6875,10.1875],"tintindex":0,"rotation":0,"texture":"#1"},"west":{"uv":[7.125,0.5,7.6875,0.6875],"tintindex":0,"rotation":0,"texture":"#1"},"up":{"uv":[3.4375,9.5625,3.375,9.0],"tintindex":0,"rotation":0,"texture":"#1"},"down":{"uv":[3.9375,9.0,3.875,9.5625],"tintindex":0,"rotation":0,"texture":"#1"}}},{"from":[8.607125,4.7111254,12.406556],"to":[9.603126,11.707126,13.402556],"faces":{"east":{"uv":[5.0,9.1875,5.0625,9.625],"tintindex":0,"rotation":0,"texture":"#1"},"south":{"uv":[5.125,9.1875,5.1875,9.625],"tintindex":0,"rotation":0,"texture":"#1"},"north":{"uv":[4.875,9.1875,4.9375,9.625],"tintindex":0,"rotation":0,"texture":"#1"},"west":{"uv":[5.25,9.1875,5.3125,9.625],"tintindex":0,"rotation":0,"texture":"#1"},"up":{"uv":[3.9375,10.25,3.875,10.1875],"tintindex":0,"rotation":0,"texture":"#1"},"down":{"uv":[4.1875,10.1875,4.125,10.25],"tintindex":0,"rotation":0,"texture":"#1"}}},{"from":[2.3,3.8,4.8],"to":[8.7,10.2,11.2],"faces":{"east":{"uv":[5.25,5.8125,5.625,6.1875],"tintindex":0,"rotation":0,"texture":"#1"},"south":{"uv":[5.6875,5.8125,6.0625,6.1875],"tintindex":0,"rotation":0,"texture":"#1"},"north":{"uv":[3.5625,5.8125,3.9375,6.1875],"tintindex":0,"rotation":0,"texture":"#1"},"west":{"uv":[5.875,0.4375,6.25,0.8125],"tintindex":0,"rotation":0,"texture":"#1"},"up":{"uv":[6.25,5.625,5.875,5.25],"tintindex":0,"rotation":0,"texture":"#1"},"down":{"uv":[6.3125,1.3125,5.9375,1.6875],"tintindex":0,"rotation":0,"texture":"#1"}}},{"from":[2.493126,5.050231,3.5871067],"to":[8.733126,12.290231,12.827106],"faces":{"east":{"uv":[3.5625,1.625,4.125,2.0625],"tintindex":0,"rotation":0,"texture":"#1"},"south":{"uv":[3.125,5.1875,3.5,5.625],"tintindex":0,"rotation":0,"texture":"#1"},"north":{"uv":[5.1875,2.3125,5.5625,2.75],"tintindex":0,"rotation":0,"texture":"#1"},"west":{"uv":[1.6875,3.6875,2.25,4.125],"tintindex":0,"rotation":0,"texture":"#1"},"up":{"uv":[4.5625,4.4375,4.1875,3.875],"tintindex":0,"rotation":0,"texture":"#1"},"down":{"uv":[4.75,2.75,4.375,3.3125],"tintindex":0,"rotation":0,"texture":"#1"}}},{"from":[8.613126,11.420231,3.7071066],"to":[9.613126,12.420231,12.707107],"faces":{"east":{"uv":[9.0,2.0625,9.5625,2.125],"tintindex":0,"rotation":0,"texture":"#1"},"south":{"uv":[1.8125,10.1875,1.875,10.25],"tintindex":0,"rotation":0,"texture":"#1"},"north":{"uv":[1.0,10.1875,1.0625,10.25],"tintindex":0,"rotation":0,"texture":"#1"},"west":{"uv":[9.0,2.1875,9.5625,2.25],"tintindex":0,"rotation":0,"texture":"#1"},"up":{"uv":[2.375,9.5625,2.3125,9.0],"tintindex":0,"rotation":0,"texture":"#1"},"down":{"uv":[2.5,9.0,2.4375,9.5625],"tintindex":0,"rotation":0,"texture":"#1"}}},{"from":[-1.5864887,4.51408,2.9571066],"to":[1.9135103,7.01408,13.457107],"faces":{"east":{"uv":[7.8125,7.4375,8.4375,7.5625],"tintindex":0,"rotation":0,"texture":"#1"},"south":{"uv":[4.5,9.5625,4.6875,9.6875],"tintindex":0,"rotation":0,"texture":"#1"},"north":{"uv":[9.5625,4.1875,9.75,4.3125],"tintindex":0,"rotation":0,"texture":"#1"},"west":{"uv":[7.875,0.625,8.5,0.75],"tintindex":0,"rotation":0,"texture":"#1"},"up":{"uv":[4.5,7.6875,4.3125,7.0625],"tintindex":0,"rotation":0,"texture":"#1"},"down":{"uv":[7.25,6.625,7.0625,7.25],"tintindex":0,"rotation":0,"texture":"#1"}},"rotation":{"origin":[0.16351128,5.76408,8.207107],"angle":-45.0,"axis":"z"}},{"from":[2.65,-1.85,5.15],"to":[8.35,2.85,10.85],"faces":{"east":{"uv":[1.25,6.6875,1.625,7.0],"tintindex":0,"rotation":0,"texture":"#1"},"south":{"uv":[6.6875,2.75,7.0625,3.0625],"tintindex":0,"rotation":0,"texture":"#1"},"north":{"uv":[6.625,2.375,7.0,2.6875],"tintindex":0,"rotation":0,"texture":"#1"},"west":{"uv":[6.6875,3.125,7.0625,3.4375],"tintindex":0,"rotation":0,"texture":"#1"},"up":{"uv":[1.4375,6.0625,1.0625,5.6875],"tintindex":0,"rotation":0,"texture":"#1"},"down":{"uv":[3.5,5.6875,3.125,6.0625],"tintindex":0,"rotation":0,"texture":"#1"}}},{"from":[2.2,2.7,4.7],"to":[8.8,4.3,11.3],"faces":{"east":{"uv":[9.25,1.5625,9.625,1.625],"tintindex":0,"rotation":0,"texture":"#1"},"south":{"uv":[9.25,1.6875,9.625,1.75],"tintindex":0,"rotation":0,"texture":"#1"},"north":{"uv":[9.1875,8.9375,9.5625,9.0],"tintindex":0,"rotation":0,"texture":"#1"},"west":{"uv":[9.25,1.8125,9.625,1.875],"tintindex":0,"rotation":0,"texture":"#1"},"up":{"uv":[6.0625,5.1875,5.6875,4.8125],"tintindex":0,"rotation":0,"texture":"#1"},"down":{"uv":[6.125,2.6875,5.75,3.0625],"tintindex":0,"rotation":0,"texture":"#1"}}},{"from":[8.6171255,11.217123,12.211106],"to":[9.609126,12.209124,13.203107],"faces":{"east":{"uv":[0.375,10.1875,0.4375,10.25],"tintindex":0,"rotation":0,"texture":"#1"},"south":{"uv":[0.5,10.1875,0.5625,10.25],"tintindex":0,"rotation":0,"texture":"#1"},"north":{"uv":[10.125,10.0625,10.1875,10.125],"tintindex":0,"rotation":0,"texture":"#1"},"west":{"uv":[0.625,10.1875,0.6875,10.25],"tintindex":0,"rotation":0,"texture":"#1"},"up":{"uv":[0.8125,10.25,0.75,10.1875],"tintindex":0,"rotation":0,"texture":"#1"},"down":{"uv":[0.9375,10.1875,0.875,10.25],"tintindex":0,"rotation":0,"texture":"#1"}},"rotation":{"origin":[9.113126,11.713123,12.707107],"angle":-45.0,"axis":"x"}},{"from":[1.6091261,4.7091255,2.9959998],"to":[8.609126,5.7091255,12.996],"faces":{"east":{"uv":[8.75,4.4375,9.375,4.5],"tintindex":0,"rotation":0,"texture":"#1"},"south":{"uv":[9.125,6.3125,9.5625,6.375],"tintindex":0,"rotation":0,"texture":"#1"},"north":{"uv":[9.0625,5.25,9.5,5.3125],"tintindex":0,"rotation":0,"texture":"#1"},"west":{"uv":[8.8125,7.8125,9.4375,7.875],"tintindex":0,"rotation":0,"texture":"#1"},"up":{"uv":[1.0,3.75,0.5625,3.125],"tintindex":0,"rotation":0,"texture":"#1"},"down":{"uv":[3.8125,2.4375,3.375,3.0625],"tintindex":0,"rotation":0,"texture":"#1"}}},{"from":[0.04281845,5.379946,4.1071067],"to":[5.2428193,10.5799465,12.307107],"faces":{"east":{"uv":[1.6875,5.4375,2.1875,5.75],"tintindex":0,"rotation":0,"texture":"#1"},"south":{"uv":[7.5,3.0,7.8125,3.3125],"tintindex":0,"rotation":0,"texture":"#1"},"north":{"uv":[7.5,2.625,7.8125,2.9375],"tintindex":0,"rotation":0,"texture":"#1"},"west":{"uv":[5.3125,5.4375,5.8125,5.75],"tintindex":0,"rotation":0,"texture":"#1"},"up":{"uv":[0.3125,6.0,0.0,5.5],"tintindex":0,"rotation":0,"texture":"#1"},"down":{"uv":[1.0,5.5,0.6875,6.0],"tintindex":0,"rotation":0,"texture":"#1"}},"rotation":{"origin":[1.6428194,4.979946,8.207107],"angle":22.5,"axis":"z"}}],"display":{"head":{"rotation":[0.0,0.0,0.0]},"firstperson_righthand":{"rotation":[0.0,0.0,0.0]},"thirdperson_lefthand":{"rotation":[0.0,-0.0,-0.0]},"firstperson_lefthand":{"rotation":[0.0,-0.0,-0.0]},"fixed":{"rotation":[0.0,0.0,0.0]},"ground":{"rotation":[0.0,0.0,0.0]},"thirdperson_righthand":{"rotation":[0.0,0.0,0.0]},"gui":{"rotation":[-150.0,-75.0,-180.0]}}}