{"textures":{"1":"modelengine:block/em_peppermint_knight"},"elements":[{"from":[11.886567,-1.6720467,10.0],"to":[12.886567,4.3279533,11.0],"faces":{"east":{"uv":[0.125,9.25,0.1875,9.625],"tintindex":0,"rotation":0,"texture":"#1"},"south":{"uv":[0.25,9.25,0.3125,9.625],"tintindex":0,"rotation":0,"texture":"#1"},"north":{"uv":[8.25,9.1875,8.3125,9.5625],"tintindex":0,"rotation":0,"texture":"#1"},"west":{"uv":[9.25,0.5625,9.3125,0.9375],"tintindex":0,"rotation":0,"texture":"#1"},"up":{"uv":[7.75,7.3125,7.6875,7.25],"tintindex":0,"rotation":0,"texture":"#1"},"down":{"uv":[7.8125,0.625,7.75,0.6875],"tintindex":0,"rotation":0,"texture":"#1"}}},{"from":[4.461567,-0.022045135,4.5],"to":[11.461567,1.9779549,11.5],"faces":{"east":{"uv":[7.25,8.1875,7.6875,8.3125],"tintindex":0,"rotation":0,"texture":"#1"},"south":{"uv":[7.75,8.1875,8.1875,8.3125],"tintindex":0,"rotation":0,"texture":"#1"},"north":{"uv":[8.1875,6.375,8.625,6.5],"tintindex":0,"rotation":0,"texture":"#1"},"west":{"uv":[8.1875,7.9375,8.625,8.0625],"tintindex":0,"rotation":0,"texture":"#1"},"up":{"uv":[5.0,4.9375,4.5625,4.5],"tintindex":0,"rotation":0,"texture":"#1"},"down":{"uv":[5.0625,3.875,4.625,4.3125],"tintindex":0,"rotation":0,"texture":"#1"}}},{"from":[11.886567,-2.6720467,6.0],"to":[12.886567,5.3279533,10.0],"faces":{"east":{"uv":[3.6875,6.25,3.9375,6.75],"tintindex":0,"rotation":0,"texture":"#1"},"south":{"uv":[4.625,9.0,4.6875,9.5],"tintindex":0,"rotation":0,"texture":"#1"},"north":{"uv":[3.9375,5.25,4.0,5.75],"tintindex":0,"rotation":0,"texture":"#1"},"west":{"uv":[6.5,1.8125,6.75,2.3125],"tintindex":0,"rotation":0,"texture":"#1"},"up":{"uv":[3.9375,9.875,3.875,9.625],"tintindex":0,"rotation":0,"texture":"#1"},"down":{"uv":[5.4375,9.625,5.375,9.875],"tintindex":0,"rotation":0,"texture":"#1"}}},{"from":[11.886567,-0.67204666,11.0],"to":[12.886567,3.3279533,12.0],"faces":{"east":{"uv":[3.0625,9.625,3.125,9.875],"tintindex":0,"rotation":0,"texture":"#1"},"south":{"uv":[3.1875,9.625,3.25,9.875],"tintindex":0,"rotation":0,"texture":"#1"},"north":{"uv":[2.9375,9.625,3.0,9.875],"tintindex":0,"rotation":0,"texture":"#1"},"west":{"uv":[3.3125,9.625,3.375,9.875],"tintindex":0,"rotation":0,"texture":"#1"},"up":{"uv":[3.625,6.75,3.5625,6.6875],"tintindex":0,"rotation":0,"texture":"#1"},"down":{"uv":[7.625,1.75,7.5625,1.8125],"tintindex":0,"rotation":0,"texture":"#1"}}},{"from":[5.261567,5.527955,5.3],"to":[10.661567,8.927955,10.7],"faces":{"east":{"uv":[7.5,3.875,7.875,4.125],"tintindex":0,"rotation":0,"texture":"#1"},"south":{"uv":[6.5,7.5,6.875,7.75],"tintindex":0,"rotation":0,"texture":"#1"},"north":{"uv":[5.125,1.8125,5.5,2.0625],"tintindex":0,"rotation":0,"texture":"#1"},"west":{"uv":[7.5625,1.125,7.9375,1.375],"tintindex":0,"rotation":0,"texture":"#1"},"up":{"uv":[5.875,4.75,5.5,4.375],"tintindex":0,"rotation":0,"texture":"#1"},"down":{"uv":[5.9375,1.8125,5.5625,2.1875],"tintindex":0,"rotation":0,"texture":"#1"}}},{"from":[11.886567,-1.6720467,5.0],"to":[12.886567,4.3279533,6.0],"faces":{"east":{"uv":[0.8125,7.625,0.875,8.0],"tintindex":0,"rotation":0,"texture":"#1"},"south":{"uv":[7.625,9.1875,7.6875,9.5625],"tintindex":0,"rotation":0,"texture":"#1"},"north":{"uv":[3.4375,1.125,3.5,1.5],"tintindex":0,"rotation":0,"texture":"#1"},"west":{"uv":[8.125,9.1875,8.1875,9.5625],"tintindex":0,"rotation":0,"texture":"#1"},"up":{"uv":[1.5625,2.1875,1.5,2.125],"tintindex":0,"rotation":0,"texture":"#1"},"down":{"uv":[1.75,3.5625,1.6875,3.625],"tintindex":0,"rotation":0,"texture":"#1"}}},{"from":[11.886567,-0.67204666,4.0],"to":[12.886567,3.3279533,5.0],"faces":{"east":{"uv":[1.25,9.625,1.3125,9.875],"tintindex":0,"rotation":0,"texture":"#1"},"south":{"uv":[2.5625,9.625,2.625,9.875],"tintindex":0,"rotation":0,"texture":"#1"},"north":{"uv":[0.0,9.625,0.0625,9.875],"tintindex":0,"rotation":0,"texture":"#1"},"west":{"uv":[2.6875,9.625,2.75,9.875],"tintindex":0,"rotation":0,"texture":"#1"},"up":{"uv":[1.75,5.375,1.6875,5.3125],"tintindex":0,"rotation":0,"texture":"#1"},"down":{"uv":[5.6875,2.6875,5.625,2.75],"tintindex":0,"rotation":0,"texture":"#1"}}},{"from":[4.961567,3.9779549,5.0],"to":[10.961567,5.977955,11.0],"faces":{"east":{"uv":[7.25,8.375,7.625,8.5],"tintindex":0,"rotation":0,"texture":"#1"},"south":{"uv":[7.6875,8.375,8.0625,8.5],"tintindex":0,"rotation":0,"texture":"#1"},"north":{"uv":[8.375,3.875,8.75,4.0],"tintindex":0,"rotation":0,"texture":"#1"},"west":{"uv":[8.4375,1.0,8.8125,1.125],"tintindex":0,"rotation":0,"texture":"#1"},"up":{"uv":[4.75,6.0,4.375,5.625],"tintindex":0,"rotation":0,"texture":"#1"},"down":{"uv":[5.1875,5.625,4.8125,6.0],"tintindex":0,"rotation":0,"texture":"#1"}}},{"from":[5.261567,-1.3720448,5.3],"to":[10.661567,4.027955,10.7],"faces":{"east":{"uv":[5.625,0.0,6.0,0.375],"tintindex":0,"rotation":0,"texture":"#1"},"south":{"uv":[5.625,0.875,6.0,1.25],"tintindex":0,"rotation":0,"texture":"#1"},"north":{"uv":[5.5625,3.625,5.9375,4.0],"tintindex":0,"rotation":0,"texture":"#1"},"west":{"uv":[2.25,5.625,2.625,6.0],"tintindex":0,"rotation":0,"texture":"#1"},"up":{"uv":[6.0,2.625,5.625,2.25],"tintindex":0,"rotation":0,"texture":"#1"},"down":{"uv":[3.0625,5.625,2.6875,6.0],"tintindex":0,"rotation":0,"texture":"#1"}}},{"from":[10.923507,-1.1307049,6.5],"to":[11.923507,2.8692951,9.5],"faces":{"east":{"uv":[1.125,4.875,1.3125,5.125],"tintindex":0,"rotation":0,"texture":"#1"},"south":{"uv":[9.25,9.5625,9.3125,9.8125],"tintindex":0,"rotation":0,"texture":"#1"},"north":{"uv":[9.125,9.5625,9.1875,9.8125],"tintindex":0,"rotation":0,"texture":"#1"},"west":{"uv":[6.8125,2.0625,7.0,2.3125],"tintindex":0,"rotation":0,"texture":"#1"},"up":{"uv":[2.125,2.4375,2.0625,2.25],"tintindex":0,"rotation":0,"texture":"#1"},"down":{"uv":[6.5625,2.375,6.5,2.5625],"tintindex":0,"rotation":0,"texture":"#1"}}}],"display":{"head":{"rotation":[0.0,0.0,0.0]},"firstperson_righthand":{"rotation":[0.0,0.0,0.0]},"thirdperson_lefthand":{"rotation":[0.0,-0.0,-0.0]},"firstperson_lefthand":{"rotation":[0.0,-0.0,-0.0]},"fixed":{"rotation":[0.0,0.0,0.0]},"ground":{"rotation":[0.0,0.0,0.0]},"thirdperson_righthand":{"rotation":[0.0,0.0,0.0]},"gui":{"rotation":[-150.0,-75.0,-180.0]}}}