{"textures":{"0":"modelengine:block/am_goblin_boss"},"elements":[{"from":[4.7,5.45,4.95],"to":[11.3,11.05,9.55],"faces":{"east":{"uv":[7.125,13.0,7.5,13.5],"tintindex":0,"rotation":0,"texture":"#0"},"south":{"uv":[10.0,13.125,10.625,13.625],"tintindex":0,"rotation":0,"texture":"#0"},"north":{"uv":[13.0,7.25,13.625,7.75],"tintindex":0,"rotation":0,"texture":"#0"},"west":{"uv":[10.625,13.25,11.0,13.75],"tintindex":0,"rotation":0,"texture":"#0"},"up":{"uv":[13.875,5.75,13.25,5.375],"tintindex":0,"rotation":0,"texture":"#0"},"down":{"uv":[13.875,8.125,13.25,8.5],"tintindex":0,"rotation":0,"texture":"#0"}}},{"from":[5.0,-2.25,5.25],"to":[11.0,17.75,12.25],"faces":{"east":{"uv":[11.375,13.0,12.125,15.375],"tintindex":0,"rotation":0,"texture":"#0"},"south":{"uv":[6.5,13.125,7.125,15.5],"tintindex":0,"rotation":0,"texture":"#0"},"north":{"uv":[0.0,13.125,0.625,15.5],"tintindex":0,"rotation":0,"texture":"#0"},"west":{"uv":[12.125,13.0,12.875,15.375],"tintindex":0,"rotation":0,"texture":"#0"},"up":{"uv":[13.625,6.5,13.0,5.75],"tintindex":0,"rotation":0,"texture":"#0"},"down":{"uv":[13.625,6.5,13.0,7.25],"tintindex":0,"rotation":0,"texture":"#0"}}}],"display":{"head":{"rotation":[0.0,0.0,0.0]},"firstperson_righthand":{"rotation":[0.0,0.0,0.0]},"thirdperson_lefthand":{"rotation":[0.0,-0.0,-0.0]},"firstperson_lefthand":{"rotation":[0.0,-0.0,-0.0]},"fixed":{"rotation":[0.0,0.0,0.0]},"ground":{"rotation":[0.0,0.0,0.0]},"thirdperson_righthand":{"rotation":[0.0,0.0,0.0]},"gui":{"rotation":[-150.0,-75.0,-180.0]}}}