{"textures":{"0":"modelengine:block/am_goblin_boss"},"elements":[{"from":[4.7926855,6.153805,5.0],"to":[10.7926855,12.153805,11.0],"faces":{"east":{"uv":[12.0,1.875,12.625,2.5],"tintindex":0,"rotation":0,"texture":"#0"},"south":{"uv":[12.0,2.5,12.625,3.125],"tintindex":0,"rotation":0,"texture":"#0"},"north":{"uv":[12.0,1.25,12.625,1.875],"tintindex":0,"rotation":0,"texture":"#0"},"west":{"uv":[12.0,3.125,12.625,3.75],"tintindex":0,"rotation":0,"texture":"#0"},"up":{"uv":[12.625,5.875,12.0,5.25],"tintindex":0,"rotation":0,"texture":"#0"},"down":{"uv":[6.5,12.0,5.875,12.625],"tintindex":0,"rotation":0,"texture":"#0"}}},{"from":[4.3926854,5.7538047,4.6],"to":[11.192685,12.553804,11.4],"faces":{"east":{"uv":[12.0,8.75,12.625,9.375],"tintindex":0,"rotation":0,"texture":"#0"},"south":{"uv":[9.5,12.0,10.125,12.625],"tintindex":0,"rotation":0,"texture":"#0"},"north":{"uv":[12.0,8.125,12.625,8.75],"tintindex":0,"rotation":0,"texture":"#0"},"west":{"uv":[10.125,12.0,10.75,12.625],"tintindex":0,"rotation":0,"texture":"#0"},"up":{"uv":[11.375,12.625,10.75,12.0],"tintindex":0,"rotation":0,"texture":"#0"},"down":{"uv":[7.125,12.125,6.5,12.75],"tintindex":0,"rotation":0,"texture":"#0"}}},{"from":[5.2426853,9.853805,4.7],"to":[12.842686,14.453805,11.3],"faces":{"east":{"uv":[12.625,5.375,13.25,5.75],"tintindex":0,"rotation":0,"texture":"#0"},"south":{"uv":[12.625,2.625,13.375,3.0],"tintindex":0,"rotation":0,"texture":"#0"},"north":{"uv":[12.625,2.25,13.375,2.625],"tintindex":0,"rotation":0,"texture":"#0"},"west":{"uv":[5.625,12.625,6.25,13.0],"tintindex":0,"rotation":0,"texture":"#0"},"up":{"uv":[7.75,12.125,7.0,11.5],"tintindex":0,"rotation":0,"texture":"#0"},"down":{"uv":[8.5,11.5,7.75,12.125],"tintindex":0,"rotation":0,"texture":"#0"}},"rotation":{"origin":[8.5426855,13.153805,8.0],"angle":-22.5,"axis":"z"}},{"from":[4.9926853,-8.646195,5.2],"to":[10.592686,11.953805,10.8],"faces":{"east":{"uv":[0.0,6.875,0.625,9.375],"tintindex":0,"rotation":0,"texture":"#0"},"south":{"uv":[0.625,6.875,1.25,9.375],"tintindex":0,"rotation":0,"texture":"#0"},"north":{"uv":[6.5,0.0,7.125,2.5],"tintindex":0,"rotation":0,"texture":"#0"},"west":{"uv":[1.25,6.875,1.875,9.375],"tintindex":0,"rotation":0,"texture":"#0"},"up":{"uv":[12.5,11.75,11.875,11.125],"tintindex":0,"rotation":0,"texture":"#0"},"down":{"uv":[12.5,11.75,11.875,12.375],"tintindex":0,"rotation":0,"texture":"#0"}}}],"display":{"head":{"rotation":[0.0,0.0,0.0]},"firstperson_righthand":{"rotation":[0.0,0.0,0.0]},"thirdperson_lefthand":{"rotation":[0.0,-0.0,-0.0]},"firstperson_lefthand":{"rotation":[0.0,-0.0,-0.0]},"fixed":{"rotation":[0.0,0.0,0.0]},"ground":{"rotation":[0.0,0.0,0.0]},"thirdperson_righthand":{"rotation":[0.0,0.0,0.0]},"gui":{"rotation":[-150.0,-75.0,-180.0]}}}