{"textures":{"0":"modelengine:block/am_goblin_boss"},"elements":[{"from":[3.7,7.2,7.2],"to":[12.3,8.8,8.8],"faces":{"east":{"uv":[5.625,7.25,5.75,7.375],"tintindex":0,"rotation":0,"texture":"#0"},"south":{"uv":[12.875,10.375,13.875,10.5],"tintindex":0,"rotation":0,"texture":"#0"},"north":{"uv":[1.875,12.875,2.875,13.0],"tintindex":0,"rotation":0,"texture":"#0"},"west":{"uv":[5.625,7.375,5.75,7.5],"tintindex":0,"rotation":0,"texture":"#0"},"up":{"uv":[13.875,10.625,12.875,10.5],"tintindex":0,"rotation":0,"texture":"#0"},"down":{"uv":[14.25,8.5,13.25,8.625],"tintindex":0,"rotation":0,"texture":"#0"}}}],"display":{"head":{"rotation":[0.0,0.0,0.0]},"firstperson_righthand":{"rotation":[0.0,0.0,0.0]},"thirdperson_lefthand":{"rotation":[0.0,-0.0,-0.0]},"firstperson_lefthand":{"rotation":[0.0,-0.0,-0.0]},"fixed":{"rotation":[0.0,0.0,0.0]},"ground":{"rotation":[0.0,0.0,0.0]},"thirdperson_righthand":{"rotation":[0.0,0.0,0.0]},"gui":{"rotation":[-150.0,-75.0,-180.0]}}}