{"textures":{"0":"modelengine:block/am_goblin_boss"},"elements":[{"from":[4.0,6.5,5.75],"to":[12.0,9.5,9.75],"faces":{"east":{"uv":[11.375,12.0,11.875,12.375],"tintindex":0,"rotation":0,"texture":"#0"},"south":{"uv":[12.375,7.75,13.375,8.125],"tintindex":0,"rotation":0,"texture":"#0"},"north":{"uv":[12.0,3.75,13.0,4.125],"tintindex":0,"rotation":0,"texture":"#0"},"west":{"uv":[10.0,12.625,10.5,13.0],"tintindex":0,"rotation":0,"texture":"#0"},"up":{"uv":[12.375,11.125,11.375,10.625],"tintindex":0,"rotation":0,"texture":"#0"},"down":{"uv":[7.0,11.5,6.0,12.0],"tintindex":0,"rotation":0,"texture":"#0"}}},{"from":[4.0,7.5,-0.25],"to":[12.0,9.5,5.75],"faces":{"east":{"uv":[12.625,8.875,13.375,9.125],"tintindex":0,"rotation":0,"texture":"#0"},"south":{"uv":[12.625,5.125,13.625,5.375],"tintindex":0,"rotation":0,"texture":"#0"},"north":{"uv":[12.5,12.125,13.5,12.375],"tintindex":0,"rotation":0,"texture":"#0"},"west":{"uv":[12.625,9.125,13.375,9.375],"tintindex":0,"rotation":0,"texture":"#0"},"up":{"uv":[11.75,6.75,10.75,6.0],"tintindex":0,"rotation":0,"texture":"#0"},"down":{"uv":[6.0,10.875,5.0,11.625],"tintindex":0,"rotation":0,"texture":"#0"}}},{"from":[7.0,9.5,-4.25],"to":[9.0,12.5,-0.25],"faces":{"east":{"uv":[4.0,1.25,4.5,1.625],"tintindex":0,"rotation":0,"texture":"#0"},"south":{"uv":[11.75,8.125,12.0,8.5],"tintindex":0,"rotation":0,"texture":"#0"},"north":{"uv":[9.75,6.75,10.0,7.125],"tintindex":0,"rotation":0,"texture":"#0"},"west":{"uv":[9.5,11.5,10.0,11.875],"tintindex":0,"rotation":0,"texture":"#0"},"up":{"uv":[12.0,1.75,11.75,1.25],"tintindex":0,"rotation":0,"texture":"#0"},"down":{"uv":[12.875,12.375,12.625,12.875],"tintindex":0,"rotation":0,"texture":"#0"}}},{"from":[7.0,8.5,-4.25],"to":[9.0,9.5,-1.25],"faces":{"east":{"uv":[4.0,1.625,4.375,1.75],"tintindex":0,"rotation":0,"texture":"#0"},"south":{"uv":[10.75,2.375,11.0,2.5],"tintindex":0,"rotation":0,"texture":"#0"},"north":{"uv":[8.875,2.375,9.125,2.5],"tintindex":0,"rotation":0,"texture":"#0"},"west":{"uv":[7.75,2.375,8.125,2.5],"tintindex":0,"rotation":0,"texture":"#0"},"up":{"uv":[6.75,13.125,6.5,12.75],"tintindex":0,"rotation":0,"texture":"#0"},"down":{"uv":[7.0,12.75,6.75,13.125],"tintindex":0,"rotation":0,"texture":"#0"}}},{"from":[4.0,9.5,-0.25],"to":[12.0,14.5,9.75],"faces":{"east":{"uv":[10.75,1.75,12.0,2.375],"tintindex":0,"rotation":0,"texture":"#0"},"south":{"uv":[4.0,11.0,5.0,11.625],"tintindex":0,"rotation":0,"texture":"#0"},"north":{"uv":[11.0,3.625,12.0,4.25],"tintindex":0,"rotation":0,"texture":"#0"},"west":{"uv":[10.75,5.375,12.0,6.0],"tintindex":0,"rotation":0,"texture":"#0"},"up":{"uv":[10.625,1.25,9.625,0.0],"tintindex":0,"rotation":0,"texture":"#0"},"down":{"uv":[10.75,1.25,9.75,2.5],"tintindex":0,"rotation":0,"texture":"#0"}}},{"from":[3.9,6.4,-0.35],"to":[12.1,14.6,9.85],"faces":{"east":{"uv":[9.75,2.5,11.0,3.5],"tintindex":0,"rotation":0,"texture":"#0"},"south":{"uv":[9.375,9.875,10.375,10.875],"tintindex":0,"rotation":0,"texture":"#0"},"north":{"uv":[9.75,5.75,10.75,6.75],"tintindex":0,"rotation":0,"texture":"#0"},"west":{"uv":[9.75,3.5,11.0,4.5],"tintindex":0,"rotation":0,"texture":"#0"},"up":{"uv":[5.0,11.0,4.0,9.75],"tintindex":0,"rotation":0,"texture":"#0"},"down":{"uv":[10.75,4.5,9.75,5.75],"tintindex":0,"rotation":0,"texture":"#0"}}}],"display":{"head":{"rotation":[0.0,0.0,0.0]},"firstperson_righthand":{"rotation":[0.0,0.0,0.0]},"thirdperson_lefthand":{"rotation":[0.0,-0.0,-0.0]},"firstperson_lefthand":{"rotation":[0.0,-0.0,-0.0]},"fixed":{"rotation":[0.0,0.0,0.0]},"ground":{"rotation":[0.0,0.0,0.0]},"thirdperson_righthand":{"rotation":[0.0,0.0,0.0]},"gui":{"rotation":[-150.0,-75.0,-180.0]}}}