{"textures":{"0":"modelengine:block/am_goblin_boss"},"elements":[{"from":[3.7,6.2,5.2],"to":[12.3,13.8,10.8],"faces":{"east":{"uv":[10.0,11.125,10.625,12.0],"tintindex":0,"rotation":0,"texture":"#0"},"south":{"uv":[10.125,7.625,11.125,8.5],"tintindex":0,"rotation":0,"texture":"#0"},"north":{"uv":[10.125,6.75,11.125,7.625],"tintindex":0,"rotation":0,"texture":"#0"},"west":{"uv":[10.625,11.125,11.25,12.0],"tintindex":0,"rotation":0,"texture":"#0"},"up":{"uv":[9.0,11.5,8.0,10.875],"tintindex":0,"rotation":0,"texture":"#0"},"down":{"uv":[10.0,10.875,9.0,11.5],"tintindex":0,"rotation":0,"texture":"#0"}}},{"from":[4.0,6.5,5.5],"to":[12.0,13.5,10.5],"faces":{"east":{"uv":[11.125,6.75,11.75,7.625],"tintindex":0,"rotation":0,"texture":"#0"},"south":{"uv":[6.0,10.0,7.0,10.875],"tintindex":0,"rotation":0,"texture":"#0"},"north":{"uv":[5.0,10.0,6.0,10.875],"tintindex":0,"rotation":0,"texture":"#0"},"west":{"uv":[11.125,7.625,11.75,8.5],"tintindex":0,"rotation":0,"texture":"#0"},"up":{"uv":[7.0,11.5,6.0,10.875],"tintindex":0,"rotation":0,"texture":"#0"},"down":{"uv":[8.0,10.875,7.0,11.5],"tintindex":0,"rotation":0,"texture":"#0"}}}],"display":{"head":{"rotation":[0.0,0.0,0.0]},"firstperson_righthand":{"rotation":[0.0,0.0,0.0]},"thirdperson_lefthand":{"rotation":[0.0,-0.0,-0.0]},"firstperson_lefthand":{"rotation":[0.0,-0.0,-0.0]},"fixed":{"rotation":[0.0,0.0,0.0]},"ground":{"rotation":[0.0,0.0,0.0]},"thirdperson_righthand":{"rotation":[0.0,0.0,0.0]},"gui":{"rotation":[-150.0,-75.0,-180.0]}}}