{"textures":{"0":"modelengine:block/am_goblin_boss"},"elements":[{"from":[5.5,-9.5,5.0],"to":[10.5,9.5,11.0],"faces":{"east":{"uv":[2.25,4.5,3.0,6.875],"tintindex":0,"rotation":0,"texture":"#0"},"south":{"uv":[9.0,0.0,9.625,2.375],"tintindex":0,"rotation":0,"texture":"#0"},"north":{"uv":[8.75,8.5,9.375,10.875],"tintindex":0,"rotation":0,"texture":"#0"},"west":{"uv":[4.5,2.375,5.25,4.75],"tintindex":0,"rotation":0,"texture":"#0"},"up":{"uv":[12.375,1.25,11.75,0.5],"tintindex":0,"rotation":0,"texture":"#0"},"down":{"uv":[12.375,4.5,11.75,5.25],"tintindex":0,"rotation":0,"texture":"#0"}}},{"from":[5.2,-9.8,4.7],"to":[10.8,9.8,11.3],"faces":{"east":{"uv":[3.0,4.5,3.75,6.875],"tintindex":0,"rotation":0,"texture":"#0"},"south":{"uv":[9.125,4.75,9.75,7.125],"tintindex":0,"rotation":0,"texture":"#0"},"north":{"uv":[9.125,2.375,9.75,4.75],"tintindex":0,"rotation":0,"texture":"#0"},"west":{"uv":[3.75,4.5,4.5,6.875],"tintindex":0,"rotation":0,"texture":"#0"},"up":{"uv":[12.375,6.75,11.75,6.0],"tintindex":0,"rotation":0,"texture":"#0"},"down":{"uv":[12.375,6.75,11.75,7.5],"tintindex":0,"rotation":0,"texture":"#0"}}}],"display":{"head":{"rotation":[0.0,0.0,0.0]},"firstperson_righthand":{"rotation":[0.0,0.0,0.0]},"thirdperson_lefthand":{"rotation":[0.0,-0.0,-0.0]},"firstperson_lefthand":{"rotation":[0.0,-0.0,-0.0]},"fixed":{"rotation":[0.0,0.0,0.0]},"ground":{"rotation":[0.0,0.0,0.0]},"thirdperson_righthand":{"rotation":[0.0,0.0,0.0]},"gui":{"rotation":[-150.0,-75.0,-180.0]}}}