{"textures":{"0":"modelengine:block/am_goblin_boss"},"elements":[{"from":[2.9,-9.1,5.4],"to":[8.1,11.1,10.6],"faces":{"east":{"uv":[7.0,5.0,7.625,7.5],"tintindex":0,"rotation":0,"texture":"#0"},"south":{"uv":[7.125,0.0,7.75,2.5],"tintindex":0,"rotation":0,"texture":"#0"},"north":{"uv":[7.0,2.5,7.625,5.0],"tintindex":0,"rotation":0,"texture":"#0"},"west":{"uv":[4.375,7.25,5.0,9.75],"tintindex":0,"rotation":0,"texture":"#0"},"up":{"uv":[2.5,12.875,1.875,12.25],"tintindex":0,"rotation":0,"texture":"#0"},"down":{"uv":[3.125,12.25,2.5,12.875],"tintindex":0,"rotation":0,"texture":"#0"}}},{"from":[3.0,-9.0,5.5],"to":[8.0,11.0,10.5],"faces":{"east":{"uv":[2.5,6.875,3.125,9.375],"tintindex":0,"rotation":0,"texture":"#0"},"south":{"uv":[3.125,6.875,3.75,9.375],"tintindex":0,"rotation":0,"texture":"#0"},"north":{"uv":[1.875,6.875,2.5,9.375],"tintindex":0,"rotation":0,"texture":"#0"},"west":{"uv":[3.75,6.875,4.375,9.375],"tintindex":0,"rotation":0,"texture":"#0"},"up":{"uv":[7.75,12.75,7.125,12.125],"tintindex":0,"rotation":0,"texture":"#0"},"down":{"uv":[8.375,12.125,7.75,12.75],"tintindex":0,"rotation":0,"texture":"#0"}}}],"display":{"head":{"rotation":[0.0,0.0,0.0]},"firstperson_righthand":{"rotation":[0.0,0.0,0.0]},"thirdperson_lefthand":{"rotation":[0.0,-0.0,-0.0]},"firstperson_lefthand":{"rotation":[0.0,-0.0,-0.0]},"fixed":{"rotation":[0.0,0.0,0.0]},"ground":{"rotation":[0.0,0.0,0.0]},"thirdperson_righthand":{"rotation":[0.0,0.0,0.0]},"gui":{"rotation":[-150.0,-75.0,-180.0]}}}