{"textures":{"0":"modelengine:block/am_goblin_boss"},"elements":[{"from":[0.0,6.0,8.0],"to":[8.0,13.0,8.0],"faces":{"south":{"uv":[10.75,0.875,11.75,1.75],"tintindex":0,"rotation":0,"texture":"#0"},"north":{"uv":[0.0,10.75,1.0,11.625],"tintindex":0,"rotation":0,"texture":"#0"}}},{"from":[4.5,5.5,6.5],"to":[4.5,9.5,9.5],"faces":{"east":{"uv":[10.5,12.625,10.875,13.125],"tintindex":0,"rotation":0,"texture":"#0"},"west":{"uv":[10.5,12.625,10.875,13.125],"tintindex":0,"rotation":0,"texture":"#0"}},"rotation":{"origin":[4.5,7.5,8.0],"angle":22.5,"axis":"z"}},{"from":[3.0,8.0,6.5],"to":[3.0,11.0,9.5],"faces":{"east":{"uv":[4.0,9.375,4.375,9.75],"tintindex":0,"rotation":0,"texture":"#0"},"west":{"uv":[4.0,9.375,4.375,9.75],"tintindex":0,"rotation":0,"texture":"#0"}}}],"display":{"head":{"rotation":[0.0,0.0,0.0]},"firstperson_righthand":{"rotation":[0.0,0.0,0.0]},"thirdperson_lefthand":{"rotation":[0.0,-0.0,-0.0]},"firstperson_lefthand":{"rotation":[0.0,-0.0,-0.0]},"fixed":{"rotation":[0.0,0.0,0.0]},"ground":{"rotation":[0.0,0.0,0.0]},"thirdperson_righthand":{"rotation":[0.0,0.0,0.0]},"gui":{"rotation":[-150.0,-75.0,-180.0]}}}