{"textures":{"0":"modelengine:block/am_goblin_boss"},"elements":[{"from":[8.0,6.0,8.0],"to":[16.0,13.0,8.0],"faces":{"south":{"uv":[10.625,0.0,11.625,0.875],"tintindex":0,"rotation":0,"texture":"#0"},"north":{"uv":[10.375,10.25,11.375,11.125],"tintindex":0,"rotation":0,"texture":"#0"}}}],"display":{"head":{"rotation":[0.0,0.0,0.0]},"firstperson_righthand":{"rotation":[0.0,0.0,0.0]},"thirdperson_lefthand":{"rotation":[0.0,-0.0,-0.0]},"firstperson_lefthand":{"rotation":[0.0,-0.0,-0.0]},"fixed":{"rotation":[0.0,0.0,0.0]},"ground":{"rotation":[0.0,0.0,0.0]},"thirdperson_righthand":{"rotation":[0.0,0.0,0.0]},"gui":{"rotation":[-150.0,-75.0,-180.0]}}}