{"textures":{"0":"modelengine:block/am_goblin_boss"},"elements":[{"from":[5.2,-9.8,4.7],"to":[10.8,9.8,11.3],"faces":{"east":{"uv":[0.75,4.5,1.5,6.875],"tintindex":0,"rotation":0,"texture":"#0"},"south":{"uv":[8.125,8.5,8.75,10.875],"tintindex":0,"rotation":0,"texture":"#0"},"north":{"uv":[7.5,8.5,8.125,10.875],"tintindex":0,"rotation":0,"texture":"#0"},"west":{"uv":[1.5,4.5,2.25,6.875],"tintindex":0,"rotation":0,"texture":"#0"},"up":{"uv":[5.25,12.375,4.625,11.625],"tintindex":0,"rotation":0,"texture":"#0"},"down":{"uv":[5.875,11.625,5.25,12.375],"tintindex":0,"rotation":0,"texture":"#0"}}},{"from":[5.5,-9.5,5.0],"to":[10.5,9.5,11.0],"faces":{"east":{"uv":[0.0,4.5,0.75,6.875],"tintindex":0,"rotation":0,"texture":"#0"},"south":{"uv":[8.375,0.0,9.0,2.375],"tintindex":0,"rotation":0,"texture":"#0"},"north":{"uv":[7.75,0.0,8.375,2.375],"tintindex":0,"rotation":0,"texture":"#0"},"west":{"uv":[4.5,0.0,5.25,2.375],"tintindex":0,"rotation":0,"texture":"#0"},"up":{"uv":[4.0,12.375,3.375,11.625],"tintindex":0,"rotation":0,"texture":"#0"},"down":{"uv":[4.625,11.625,4.0,12.375],"tintindex":0,"rotation":0,"texture":"#0"}}}],"display":{"head":{"rotation":[0.0,0.0,0.0]},"firstperson_righthand":{"rotation":[0.0,0.0,0.0]},"thirdperson_lefthand":{"rotation":[0.0,-0.0,-0.0]},"firstperson_lefthand":{"rotation":[0.0,-0.0,-0.0]},"fixed":{"rotation":[0.0,0.0,0.0]},"ground":{"rotation":[0.0,0.0,0.0]},"thirdperson_righthand":{"rotation":[0.0,0.0,0.0]},"gui":{"rotation":[-150.0,-75.0,-180.0]}}}