{"textures":{"0":"modelengine:block/am_goblin_boss"},"elements":[{"from":[8.0,-9.0,5.5],"to":[13.0,11.0,10.5],"faces":{"east":{"uv":[5.125,4.75,5.75,7.25],"tintindex":0,"rotation":0,"texture":"#0"},"south":{"uv":[5.25,0.0,5.875,2.5],"tintindex":0,"rotation":0,"texture":"#0"},"north":{"uv":[4.5,4.75,5.125,7.25],"tintindex":0,"rotation":0,"texture":"#0"},"west":{"uv":[5.75,2.5,6.375,5.0],"tintindex":0,"rotation":0,"texture":"#0"},"up":{"uv":[12.375,8.125,11.75,7.5],"tintindex":0,"rotation":0,"texture":"#0"},"down":{"uv":[0.625,11.875,0.0,12.5],"tintindex":0,"rotation":0,"texture":"#0"}}},{"from":[7.9,-9.1,5.4],"to":[13.1,11.1,10.6],"faces":{"east":{"uv":[5.875,0.0,6.5,2.5],"tintindex":0,"rotation":0,"texture":"#0"},"south":{"uv":[6.375,2.5,7.0,5.0],"tintindex":0,"rotation":0,"texture":"#0"},"north":{"uv":[5.75,5.0,6.375,7.5],"tintindex":0,"rotation":0,"texture":"#0"},"west":{"uv":[6.375,5.0,7.0,7.5],"tintindex":0,"rotation":0,"texture":"#0"},"up":{"uv":[1.25,12.5,0.625,11.875],"tintindex":0,"rotation":0,"texture":"#0"},"down":{"uv":[1.875,11.875,1.25,12.5],"tintindex":0,"rotation":0,"texture":"#0"}}}],"display":{"head":{"rotation":[0.0,0.0,0.0]},"firstperson_righthand":{"rotation":[0.0,0.0,0.0]},"thirdperson_lefthand":{"rotation":[0.0,-0.0,-0.0]},"firstperson_lefthand":{"rotation":[0.0,-0.0,-0.0]},"fixed":{"rotation":[0.0,0.0,0.0]},"ground":{"rotation":[0.0,0.0,0.0]},"thirdperson_righthand":{"rotation":[0.0,0.0,0.0]},"gui":{"rotation":[-150.0,-75.0,-180.0]}}}