{"textures":{"0":"modelengine:block/am_goblin_boss"},"elements":[{"from":[2.0,8.0,4.0],"to":[14.0,19.0,12.0],"faces":{"east":{"uv":[9.125,7.125,10.125,8.5],"tintindex":0,"rotation":0,"texture":"#0"},"south":{"uv":[1.5,1.75,3.0,3.125],"tintindex":0,"rotation":0,"texture":"#0"},"north":{"uv":[0.0,1.75,1.5,3.125],"tintindex":0,"rotation":0,"texture":"#0"},"west":{"uv":[0.0,9.375,1.0,10.75],"tintindex":0,"rotation":0,"texture":"#0"},"up":{"uv":[9.0,8.5,7.5,7.5],"tintindex":0,"rotation":0,"texture":"#0"},"down":{"uv":[9.125,2.5,7.625,3.5],"tintindex":0,"rotation":0,"texture":"#0"}}}],"display":{"head":{"rotation":[0.0,0.0,0.0]},"firstperson_righthand":{"rotation":[0.0,0.0,0.0]},"thirdperson_lefthand":{"rotation":[0.0,-0.0,-0.0]},"firstperson_lefthand":{"rotation":[0.0,-0.0,-0.0]},"fixed":{"rotation":[0.0,0.0,0.0]},"ground":{"rotation":[0.0,0.0,0.0]},"thirdperson_righthand":{"rotation":[0.0,0.0,0.0]},"gui":{"rotation":[-150.0,-75.0,-180.0]}}}