{"textures":{"0":"modelengine:block/nm_labrador_black_texture"},"elements":[{"from":[7.9043293,3.2309704,6.5125],"to":[8.904329,8.23097,9.487499],"faces":{"east":{"uv":[6.5,9.0,5.75,10.25],"tintindex":0,"rotation":0,"texture":"#0"},"south":{"uv":[6.5,10.5,6.25,11.75],"tintindex":0,"rotation":0,"texture":"#0"},"north":{"uv":[4.0,7.0,3.75,8.25],"tintindex":0,"rotation":0,"texture":"#0"},"west":{"uv":[5.5,9.0,4.75,10.25],"tintindex":0,"rotation":0,"texture":"#0"},"up":{"uv":[11.25,2.25,11.5,1.5],"tintindex":0,"rotation":0,"texture":"#0"},"down":{"uv":[1.75,11.25,2.0,12.0],"tintindex":0,"rotation":0,"texture":"#0"}}}],"display":{"head":{"rotation":[0.0,0.0,0.0]},"firstperson_righthand":{"rotation":[0.0,0.0,0.0]},"thirdperson_lefthand":{"rotation":[0.0,-0.0,-0.0]},"firstperson_lefthand":{"rotation":[0.0,-0.0,-0.0]},"fixed":{"rotation":[0.0,0.0,0.0]},"ground":{"rotation":[0.0,0.0,0.0]},"thirdperson_righthand":{"rotation":[0.0,0.0,0.0]},"gui":{"rotation":[-150.0,-75.0,-180.0]}}}