{"textures":{"10":"modelengine:entity/fdefender_firesourcesprit"},"elements":[{"from":[-8.0,-8.0,8.0],"to":[24.0,24.0,8.0],"faces":{"east":{"uv":[0.001,-0.016125,7.999,-0.03225],"tintindex":0,"rotation":270,"texture":"#10"},"south":{"uv":[10.9995,3.0005,10.0005,3.9995],"tintindex":0,"rotation":270,"texture":"#10"},"north":{"uv":[10.0005,3.0005,10.9995,3.9995],"tintindex":0,"rotation":90,"texture":"#10"},"west":{"uv":[0.001,-0.016125,7.999,-0.03225],"tintindex":0,"rotation":270,"texture":"#10"},"up":{"uv":[-0.016125,0.001,-0.03225,7.999],"tintindex":0,"rotation":270,"texture":"#10"},"down":{"uv":[-0.016125,0.001,-0.03225,7.999],"tintindex":0,"rotation":270,"texture":"#10"}}}],"display":{"head":{"rotation":[0.0,0.0,0.0]},"firstperson_righthand":{"rotation":[0.0,0.0,0.0]},"thirdperson_lefthand":{"rotation":[0.0,-0.0,-0.0]},"firstperson_lefthand":{"rotation":[0.0,-0.0,-0.0]},"fixed":{"rotation":[0.0,0.0,0.0]},"ground":{"rotation":[0.0,0.0,0.0]},"thirdperson_righthand":{"rotation":[0.0,0.0,0.0]},"gui":{"rotation":[-150.0,-75.0,-180.0]}}}