{"textures":{"4":"modelengine:entity/fdefender_soulblade_effects"},"elements":[{"from":[-6.0,0.0,8.0],"to":[22.0,28.0,8.0],"faces":{"south":{"uv":[10.0,4.0,8.0,6.0],"tintindex":0,"rotation":0,"texture":"#4"},"north":{"uv":[10.0,4.0,8.0,6.0],"tintindex":0,"rotation":0,"texture":"#4"}}},{"from":[8.0,0.0,-6.0],"to":[8.0,28.0,22.0],"faces":{"east":{"uv":[10.0,4.0,8.0,6.0],"tintindex":0,"rotation":0,"texture":"#4"},"west":{"uv":[10.0,4.0,8.0,6.0],"tintindex":0,"rotation":0,"texture":"#4"}}}],"display":{"head":{"rotation":[0.0,0.0,0.0]},"firstperson_righthand":{"rotation":[0.0,0.0,0.0]},"thirdperson_lefthand":{"rotation":[0.0,-0.0,-0.0]},"firstperson_lefthand":{"rotation":[0.0,-0.0,-0.0]},"fixed":{"rotation":[0.0,0.0,0.0]},"ground":{"rotation":[0.0,0.0,0.0]},"thirdperson_righthand":{"rotation":[0.0,0.0,0.0]},"gui":{"rotation":[-150.0,-75.0,-180.0]}}}