{"textures":{"8":"modelengine:entity/fdefender_rsw"},"elements":[{"from":[-8.0,8.0,-8.0],"to":[24.0,8.0,24.0],"faces":{"east":{"uv":[0.001,0.001,7.999,-0.001],"tintindex":0,"rotation":180,"texture":"#8"},"south":{"uv":[0.001,0.001,-0.001,7.999],"tintindex":0,"rotation":270,"texture":"#8"},"north":{"uv":[0.001,0.001,-0.001,7.999],"tintindex":0,"rotation":90,"texture":"#8"},"west":{"uv":[0.001,0.001,7.999,-0.001],"tintindex":0,"rotation":0,"texture":"#8"},"up":{"uv":[12.001,4.001,15.999,7.999],"tintindex":0,"rotation":270,"texture":"#8"},"down":{"uv":[15.999,4.001,12.001,7.999],"tintindex":0,"rotation":270,"texture":"#8"}}}],"display":{"head":{"rotation":[0.0,0.0,0.0]},"firstperson_righthand":{"rotation":[0.0,0.0,0.0]},"thirdperson_lefthand":{"rotation":[0.0,-0.0,-0.0]},"firstperson_lefthand":{"rotation":[0.0,-0.0,-0.0]},"fixed":{"rotation":[0.0,0.0,0.0]},"ground":{"rotation":[0.0,0.0,0.0]},"thirdperson_righthand":{"rotation":[0.0,0.0,0.0]},"gui":{"rotation":[-150.0,-75.0,-180.0]}}}