{"textures":{"0":"modelengine:entity/snowplosion_rsc"},"elements":[{"from":[-2.666667,8.0,8.0],"to":[18.666668,29.333334,8.0],"faces":{"east":{"uv":[-0.016125,0.001,-0.03225,7.999],"tintindex":0,"rotation":0,"texture":"#0"},"south":{"uv":[6.999,15.001,6.0,16.0],"tintindex":0,"rotation":0,"texture":"#0"},"north":{"uv":[6.0,15.001,6.999,16.0],"tintindex":0,"rotation":0,"texture":"#0"},"west":{"uv":[-0.016125,0.001,-0.03225,7.999],"tintindex":0,"rotation":0,"texture":"#0"},"up":{"uv":[0.001,-0.016125,7.999,-0.03225],"tintindex":0,"rotation":0,"texture":"#0"},"down":{"uv":[0.001,-0.016125,7.999,-0.03225],"tintindex":0,"rotation":0,"texture":"#0"}}}],"display":{"head":{"rotation":[0.0,0.0,0.0]},"firstperson_righthand":{"rotation":[0.0,0.0,0.0]},"thirdperson_lefthand":{"rotation":[0.0,-0.0,-0.0]},"firstperson_lefthand":{"rotation":[0.0,-0.0,-0.0]},"fixed":{"rotation":[0.0,0.0,0.0]},"ground":{"rotation":[0.0,0.0,0.0]},"thirdperson_righthand":{"rotation":[0.0,0.0,0.0]},"gui":{"rotation":[-150.0,-75.0,-180.0]}}}