{"textures":{"0":"modelengine:entity/snowplosion_rsc"},"elements":[{"from":[-10.666668,-10.666668,8.0],"to":[26.666668,26.666668,8.0],"faces":{"south":{"uv":[10.0,2.0,8.0,4.0],"tintindex":0,"rotation":0,"texture":"#0"},"north":{"uv":[10.0,2.0,8.0,4.0],"tintindex":0,"rotation":0,"texture":"#0"}}}],"display":{"head":{"rotation":[0.0,0.0,0.0]},"firstperson_righthand":{"rotation":[0.0,0.0,0.0]},"thirdperson_lefthand":{"rotation":[0.0,-0.0,-0.0]},"firstperson_lefthand":{"rotation":[0.0,-0.0,-0.0]},"fixed":{"rotation":[0.0,0.0,0.0]},"ground":{"rotation":[0.0,0.0,0.0]},"thirdperson_righthand":{"rotation":[0.0,0.0,0.0]},"gui":{"rotation":[-150.0,-75.0,-180.0]}}}