{"textures":{"2":"modelengine:entity/fallenv4_slashresources_1"},"elements":[{"from":[-13.333334,-13.333334,8.0],"to":[29.333334,29.333334,8.0],"faces":{"east":{"uv":[0.001,0.001,-0.001,7.999],"tintindex":0,"rotation":0,"texture":"#2"},"south":{"uv":[3.998,8.001,0.0,11.999],"tintindex":0,"rotation":0,"texture":"#2"},"north":{"uv":[0.0,8.001,3.998,11.999],"tintindex":0,"rotation":0,"texture":"#2"},"west":{"uv":[0.001,0.001,-0.001,7.999],"tintindex":0,"rotation":0,"texture":"#2"},"up":{"uv":[0.001,0.001,7.999,-0.001],"tintindex":0,"rotation":0,"texture":"#2"},"down":{"uv":[0.001,0.001,7.999,-0.001],"tintindex":0,"rotation":0,"texture":"#2"}}}],"display":{"head":{"rotation":[0.0,0.0,0.0]},"firstperson_righthand":{"rotation":[0.0,0.0,0.0]},"thirdperson_lefthand":{"rotation":[0.0,-0.0,-0.0]},"firstperson_lefthand":{"rotation":[0.0,-0.0,-0.0]},"fixed":{"rotation":[0.0,0.0,0.0]},"ground":{"rotation":[0.0,0.0,0.0]},"thirdperson_righthand":{"rotation":[0.0,0.0,0.0]},"gui":{"rotation":[-150.0,-75.0,-180.0]}}}