{"textures":{"0":"modelengine:block/soul_bearer"},"elements":[{"from":[8.0,4.0,8.0],"to":[12.0,12.0,8.0],"faces":{"south":{"uv":[11.25,9.0,12.25,11.0],"tintindex":0,"rotation":0,"texture":"#0"},"north":{"uv":[12.25,9.0,11.25,11.0],"tintindex":0,"rotation":0,"texture":"#0"}}}],"display":{"head":{"rotation":[0.0,0.0,0.0]},"firstperson_righthand":{"rotation":[0.0,0.0,0.0]},"thirdperson_lefthand":{"rotation":[0.0,-0.0,-0.0]},"firstperson_lefthand":{"rotation":[0.0,-0.0,-0.0]},"fixed":{"rotation":[0.0,0.0,0.0]},"ground":{"rotation":[0.0,0.0,0.0]},"thirdperson_righthand":{"rotation":[0.0,0.0,0.0]},"gui":{"rotation":[-150.0,-75.0,-180.0]}}}