{"textures":{"0":"modelengine:block/nm_german_shepherd_texture"},"elements":[{"from":[7.166667,-0.16666698,8.5],"to":[9.166667,4.833333,10.5],"faces":{"east":{"uv":[4.25,10.75,4.75,12.0],"tintindex":0,"rotation":0,"texture":"#0"},"south":{"uv":[5.0,10.75,5.5,12.0],"tintindex":0,"rotation":0,"texture":"#0"},"north":{"uv":[3.5,10.75,4.0,12.0],"tintindex":0,"rotation":0,"texture":"#0"},"west":{"uv":[8.75,11.25,9.25,12.5],"tintindex":0,"rotation":0,"texture":"#0"},"up":{"uv":[12.0,7.0,11.5,6.5],"tintindex":0,"rotation":0,"texture":"#0"},"down":{"uv":[12.0,7.25,11.5,7.75],"tintindex":0,"rotation":0,"texture":"#0"}}},{"from":[6.166667,4.833333,6.5],"to":[9.166667,9.833333,10.5],"faces":{"east":{"uv":[9.25,1.75,10.25,3.0],"tintindex":0,"rotation":0,"texture":"#0"},"south":{"uv":[10.5,7.25,11.25,8.5],"tintindex":0,"rotation":0,"texture":"#0"},"north":{"uv":[7.0,10.5,7.75,11.75],"tintindex":0,"rotation":0,"texture":"#0"},"west":{"uv":[10.5,1.75,11.5,3.0],"tintindex":0,"rotation":0,"texture":"#0"},"up":{"uv":[1.5,11.75,0.75,10.75],"tintindex":0,"rotation":0,"texture":"#0"},"down":{"uv":[2.5,10.75,1.75,11.75],"tintindex":0,"rotation":0,"texture":"#0"}}}],"display":{"head":{"rotation":[0.0,0.0,0.0]},"firstperson_righthand":{"rotation":[0.0,0.0,0.0]},"thirdperson_lefthand":{"rotation":[0.0,-0.0,-0.0]},"firstperson_lefthand":{"rotation":[0.0,-0.0,-0.0]},"fixed":{"rotation":[0.0,0.0,0.0]},"ground":{"rotation":[0.0,0.0,0.0]},"thirdperson_righthand":{"rotation":[0.0,0.0,0.0]},"gui":{"rotation":[-150.0,-75.0,-180.0]}}}