{"textures":{"0":"modelengine:block/medieval_box2"},"elements":[{"from":[-7.0,8.0,0.5],"to":[14.0,17.0,15.5],"faces":{"east":{"uv":[4.75,6.25,6.0,7.0],"tintindex":0,"rotation":0,"texture":"#0"},"south":{"uv":[9.0,6.25,10.75,7.0],"tintindex":0,"rotation":0,"texture":"#0"},"north":{"uv":[6.0,6.25,7.75,7.0],"tintindex":0,"rotation":0,"texture":"#0"},"west":{"uv":[7.75,6.25,9.0,7.0],"tintindex":0,"rotation":0,"texture":"#0"},"up":{"uv":[7.75,6.25,6.0,5.0],"tintindex":0,"rotation":0,"texture":"#0"},"down":{"uv":[9.5,5.0,7.75,6.25],"tintindex":0,"rotation":0,"texture":"#0"}}}],"display":{"head":{"rotation":[0.0,0.0,0.0]},"firstperson_righthand":{"rotation":[0.0,0.0,0.0]},"thirdperson_lefthand":{"rotation":[0.0,-0.0,-0.0]},"firstperson_lefthand":{"rotation":[0.0,-0.0,-0.0]},"fixed":{"rotation":[0.0,0.0,0.0]},"ground":{"rotation":[0.0,0.0,0.0]},"thirdperson_righthand":{"rotation":[0.0,0.0,0.0]},"gui":{"rotation":[-150.0,-75.0,-180.0]}}}