{"credit":"Made with Blockbench","ambientocclusion":false,"texture_size":[64,64],"textures":{"0":"advent_calendar:advent_calendar/light_menu_animation_2","particle":"advent_calendar:advent_calendar/light_menu_animation_2"},"elements":[{"from":[2,20,-16],"to":[2,32,16],"faces":{"north":{"uv":[0,0,0,8],"texture":"#missing"},"south":{"uv":[0,0,0,8],"texture":"#missing"},"west":{"uv":[0,0,8,3],"texture":"#0"},"up":{"uv":[0,0,0,12],"texture":"#missing"},"down":{"uv":[0,0,0,12],"texture":"#missing"}}}],"gui_light":"front","display":{"gui":{"rotation":[0,90,0],"translation":[52,0.5,0]}}}