{"textures":{"0":"modelengine:entity/cpblood_supershockwave"},"elements":[{"from":[-10.666668,8.0,-10.666668],"to":[26.666668,8.0,26.666668],"faces":{"south":{"uv":[2.0,0.0,0.0,2.0],"tintindex":0,"rotation":0,"texture":"#0"},"north":{"uv":[0.0,0.0,2.0,2.0],"tintindex":0,"rotation":0,"texture":"#0"},"up":{"uv":[4.0,4.0,8.0,8.0],"tintindex":0,"rotation":90,"texture":"#0"},"down":{"uv":[4.0,8.0,8.0,4.0],"tintindex":0,"rotation":270,"texture":"#0"}}}],"display":{"head":{"rotation":[0.0,0.0,0.0]},"firstperson_righthand":{"rotation":[0.0,0.0,0.0]},"thirdperson_lefthand":{"rotation":[0.0,-0.0,-0.0]},"firstperson_lefthand":{"rotation":[0.0,-0.0,-0.0]},"fixed":{"rotation":[0.0,0.0,0.0]},"ground":{"rotation":[0.0,0.0,0.0]},"thirdperson_righthand":{"rotation":[0.0,0.0,0.0]},"gui":{"rotation":[-150.0,-75.0,-180.0]}}}