{"textures":{"0":"modelengine:entity/cpblood_supershockwave"},"elements":[{"from":[-10.666668,8.0,-10.666668],"to":[26.666668,8.0,26.666668],"faces":{"east":{"uv":[0.0,0.0,2.0,2.0],"tintindex":0,"rotation":0,"texture":"#0"},"west":{"uv":[2.0,0.0,0.0,2.0],"tintindex":0,"rotation":0,"texture":"#0"},"up":{"uv":[8.0,4.0,12.0,8.0],"tintindex":0,"rotation":180,"texture":"#0"},"down":{"uv":[8.0,8.0,12.0,4.0],"tintindex":0,"rotation":180,"texture":"#0"}}}],"display":{"head":{"rotation":[0.0,0.0,0.0]},"firstperson_righthand":{"rotation":[0.0,0.0,0.0]},"thirdperson_lefthand":{"rotation":[0.0,-0.0,-0.0]},"firstperson_lefthand":{"rotation":[0.0,-0.0,-0.0]},"fixed":{"rotation":[0.0,0.0,0.0]},"ground":{"rotation":[0.0,0.0,0.0]},"thirdperson_righthand":{"rotation":[0.0,0.0,0.0]},"gui":{"rotation":[-150.0,-75.0,-180.0]}}}