{"credit":"Made with Blockbench","textures":{"1":"leviathanset:texture","2":"leviathanset:lighting","4":"leviathanset:bluefire_x1","particle":"leviathanset:lighting"},"elements":[{"from":[7.568,1.36715,3.95196],"to":[8.432,1.84715,6.35196],"rotation":{"angle":45,"axis":"x","origin":[8,1,11.09231]},"faces":{"north":{"uv":[6.9375,3.25,6.75,3.375],"texture":"#1"},"east":{"uv":[6.625,0.5,6,0.625],"texture":"#1"},"south":{"uv":[6.9375,3.5,6.75,3.625],"texture":"#1"},"west":{"uv":[6,0.5,6.625,0.625],"texture":"#1"},"up":{"uv":[5.5,4.6875,6.125,4.5],"rotation":90,"texture":"#1"},"down":{"uv":[5.75,3,6.375,3.1875],"rotation":270,"texture":"#1"}}},{"from":[7.728,5.33732,8.69903],"to":[8.272,7.73732,9.49903],"rotation":{"angle":-22.5,"axis":"x","origin":[8,1,11.09231]},"faces":{"north":{"uv":[6.125,1,6,1.625],"texture":"#1"},"east":{"uv":[3.4375,5.75,3.25,6.375],"texture":"#1"},"south":{"uv":[6.125,1.75,6,2.375],"texture":"#1"},"west":{"uv":[3.25,5.75,3.4375,6.375],"texture":"#1"},"up":{"uv":[6.75,3.875,6.9375,3.75],"rotation":90,"texture":"#1"},"down":{"uv":[4,6.75,4.1875,6.875],"rotation":270,"texture":"#1"}}},{"from":[7.728,2.97057,6.97175],"to":[8.272,5.37057,7.77175],"rotation":{"angle":22.5,"axis":"x","origin":[8,1,11.09231]},"faces":{"north":{"uv":[6,1.75,6.125,2.375],"texture":"#1"},"east":{"uv":[3.25,5.75,3.4375,6.375],"texture":"#1"},"south":{"uv":[6,1,6.125,1.625],"texture":"#1"},"west":{"uv":[3.4375,5.75,3.25,6.375],"texture":"#1"},"up":{"uv":[6.9375,3.875,6.75,3.75],"rotation":90,"texture":"#1"},"down":{"uv":[4.1875,6.75,4,6.875],"rotation":270,"texture":"#1"}}},{"from":[7.568,5.74033,11.45947],"to":[8.432,6.22033,13.85947],"rotation":{"angle":-45,"axis":"x","origin":[8,1,11.09231]},"faces":{"north":{"uv":[6.75,3.5,6.9375,3.625],"texture":"#1"},"east":{"uv":[6,0.5,6.625,0.625],"texture":"#1"},"south":{"uv":[6.75,3.25,6.9375,3.375],"texture":"#1"},"west":{"uv":[6.625,0.5,6,0.625],"texture":"#1"},"up":{"uv":[6.125,4.6875,5.5,4.5],"rotation":90,"texture":"#1"},"down":{"uv":[6.375,3,5.75,3.1875],"rotation":270,"texture":"#1"}}},{"from":[7.5456,6.30944,8.4876],"to":[8.4544,6.85344,9.0316],"rotation":{"angle":-22.5,"axis":"x","origin":[8,1,11.09231]},"faces":{"north":{"uv":[6.75,1,7,1.125],"texture":"#1"},"east":{"uv":[6.75,5,6.875,5.125],"texture":"#1"},"south":{"uv":[6.75,0.75,7,0.875],"texture":"#1"},"west":{"uv":[5.25,6.75,5.375,6.875],"texture":"#1"},"up":{"uv":[1.375,7,1.25,6.75],"rotation":90,"texture":"#1"},"down":{"uv":[6.875,1.25,6.75,1.5],"rotation":270,"texture":"#1"}}},{"from":[7.552,0.8972,5.1115],"to":[8.448,3.2972,5.8795],"rotation":{"angle":22.5,"axis":"x","origin":[8,1,11.09231]},"faces":{"north":{"uv":[5.5,5.25,5.75,5.875],"texture":"#1"},"east":{"uv":[4,5.75,4.1875,6.375],"texture":"#1"},"south":{"uv":[5.5,3.75,5.75,4.375],"texture":"#1"},"west":{"uv":[4.1875,5.75,4,6.375],"texture":"#1"},"up":{"uv":[2.4375,6.75,2.25,6.5],"rotation":90,"texture":"#1"},"down":{"uv":[6.6875,2.25,6.5,2.5],"rotation":270,"texture":"#1"}}},{"from":[7.52,1.24677,5.593],"to":[8.48,2.14277,6.713],"rotation":{"angle":22.5,"axis":"x","origin":[8,1,11.09231]},"faces":{"north":{"uv":[6.25,5.25,6,5.5],"texture":"#1"},"east":{"uv":[6.25,5,6,5.25],"texture":"#1"},"south":{"uv":[6.25,5.5,6,5.75],"texture":"#1"},"west":{"uv":[6,5,6.25,5.25],"texture":"#1"},"up":{"uv":[6,6,6.25,5.75],"rotation":90,"texture":"#1"},"down":{"uv":[6,6,6.25,6.25],"rotation":270,"texture":"#1"}}},{"from":[7.584,3.87638,6.79055],"to":[8.416,5.15638,7.43055],"rotation":{"angle":-22.5,"axis":"x","origin":[8,1,11.09231]},"faces":{"north":{"uv":[4.75,6.25,4.9375,6.5625],"texture":"#1"},"east":{"uv":[6.25,3.75,6.4375,4.0625],"texture":"#1"},"south":{"uv":[6.25,4.25,6.4375,4.5625],"texture":"#1"},"west":{"uv":[6.4375,3.75,6.25,4.0625],"texture":"#1"},"up":{"uv":[6.6875,4.4375,6.5,4.25],"rotation":90,"texture":"#1"},"down":{"uv":[6.6875,4.5,6.5,4.6875],"rotation":270,"texture":"#1"}}},{"from":[7.616,-2.56228,6.39358],"to":[8.384,-1.28228,7.03358],"rotation":{"angle":45,"axis":"x","origin":[8,1,11.09231]},"faces":{"north":{"uv":[6.25,3.25,6.4375,3.5625],"texture":"#1"},"east":{"uv":[6.25,1.5,6.4375,1.8125],"texture":"#1"},"south":{"uv":[6.25,2,6.4375,2.3125],"texture":"#1"},"west":{"uv":[6.4375,1.5,6.25,1.8125],"texture":"#1"},"up":{"uv":[6.6875,4.1875,6.5,4],"rotation":90,"texture":"#1"},"down":{"uv":[4.4375,6.5,4.25,6.6875],"rotation":270,"texture":"#1"}}},{"from":[7.6096,1.34279,5.25089],"to":[8.3904,1.80359,5.71169],"rotation":{"angle":0,"axis":"y","origin":[8,1,11.09231]},"faces":{"north":{"uv":[4.25,6.75,4.4375,6.875],"texture":"#1"},"east":{"uv":[6.75,5.25,6.875,5.375],"texture":"#1"},"south":{"uv":[6.75,4,6.9375,4.125],"texture":"#1"},"west":{"uv":[5.5,6.75,5.625,6.875],"texture":"#1"},"up":{"uv":[6.875,4.4375,6.75,4.25],"rotation":90,"texture":"#1"},"down":{"uv":[4.625,6.75,4.5,6.9375],"rotation":270,"texture":"#1"}}},{"from":[7.7956,10.8055,10.98524],"to":[8.2044,11.3495,11.52924],"rotation":{"angle":0,"axis":"y","origin":[8,1,11.09231]},"faces":{"north":{"uv":[6.75,1.25,6.875,1.5],"rotation":90,"texture":"#1"},"east":{"uv":[6.875,5,6.75,5.125],"rotation":270,"texture":"#1"},"south":{"uv":[1.25,7,1.375,6.75],"rotation":90,"texture":"#1"},"west":{"uv":[5.375,6.75,5.25,6.875],"rotation":90,"texture":"#1"},"up":{"uv":[7,0.75,6.75,0.875],"rotation":180,"texture":"#1"},"down":{"uv":[7,1,6.75,1.125],"texture":"#1"}}},{"from":[7.802,5.8425,3.69973],"to":[8.198,8.2425,4.46773],"rotation":{"angle":45,"axis":"x","origin":[8,1,11.09231]},"faces":{"north":{"uv":[5.75,3.75,5.5,4.375],"texture":"#1"},"east":{"uv":[4.1875,5.75,4,6.375],"texture":"#1"},"south":{"uv":[5.75,5.25,5.5,5.875],"texture":"#1"},"west":{"uv":[4,5.75,4.1875,6.375],"texture":"#1"},"up":{"uv":[2.25,6.75,2.4375,6.5],"rotation":90,"texture":"#1"},"down":{"uv":[6.5,2.25,6.6875,2.5],"rotation":270,"texture":"#1"}}},{"from":[7.834,9.10845,8.55218],"to":[8.166,9.74845,9.83218],"rotation":{"angle":0,"axis":"y","origin":[8,1,11.09231]},"faces":{"north":{"uv":[6.5,4.5,6.6875,4.6875],"rotation":90,"texture":"#1"},"east":{"uv":[6.4375,3.75,6.25,4.0625],"rotation":270,"texture":"#1"},"south":{"uv":[6.5,4.4375,6.6875,4.25],"rotation":90,"texture":"#1"},"west":{"uv":[6.25,3.75,6.4375,4.0625],"rotation":90,"texture":"#1"},"up":{"uv":[6.4375,4.25,6.25,4.5625],"rotation":180,"texture":"#1"},"down":{"uv":[4.9375,6.25,4.75,6.5625],"texture":"#1"}}},{"from":[7.866,6.83045,5.39766],"to":[8.134,8.11045,6.03766],"rotation":{"angle":22.5,"axis":"x","origin":[8,1,11.09231]},"faces":{"north":{"uv":[6.4375,2,6.25,2.3125],"texture":"#1"},"east":{"uv":[6.4375,1.5,6.25,1.8125],"texture":"#1"},"south":{"uv":[6.4375,3.25,6.25,3.5625],"texture":"#1"},"west":{"uv":[6.25,1.5,6.4375,1.8125],"texture":"#1"},"up":{"uv":[6.5,4.1875,6.6875,4],"rotation":90,"texture":"#1"},"down":{"uv":[4.25,6.5,4.4375,6.6875],"rotation":270,"texture":"#1"}}},{"from":[8,2.08172,6.10929],"to":[8,7.70397,10.26929],"rotation":{"angle":22.5,"axis":"x","origin":[8,1,11.09231]},"faces":{"north":{"uv":[0,1.375,0,0],"texture":"#1"},"east":{"uv":[4.5625,1.375,3.5,0],"texture":"#1"},"south":{"uv":[0,1.375,0,0],"texture":"#1"},"west":{"uv":[3.5,1.375,4.5625,0],"texture":"#1"},"up":{"uv":[1.0625,0,0,0],"rotation":270,"texture":"#1"},"down":{"uv":[1.0625,0,0,0],"rotation":90,"texture":"#1"}}},{"from":[7.18,3.916,9.63513],"to":[8.82,6.316,12.03513],"rotation":{"angle":-45,"axis":"x","origin":[8,1,11.09231]},"faces":{"north":{"uv":[4.75,3,5.125,3.625],"texture":"#1"},"east":{"uv":[4.75,0.75,5.375,1.375],"texture":"#1"},"south":{"uv":[2.75,4.75,3.125,5.375],"texture":"#1"},"west":{"uv":[5.375,0.75,4.75,1.375],"texture":"#1"},"up":{"uv":[5.375,4.125,4.75,3.75],"rotation":90,"texture":"#1"},"down":{"uv":[5.375,4.25,4.75,4.625],"rotation":270,"texture":"#1"}}},{"from":[9.62659,2.0366,8.34572],"to":[10.74659,2.6766,9.46572],"rotation":{"angle":45,"axis":"y","origin":[8,1,11.09231]},"faces":{"north":{"uv":[6.5,2,6.75,2.1875],"texture":"#1"},"east":{"uv":[1.75,6.5,2,6.6875],"texture":"#1"},"south":{"uv":[6.5,1.75,6.75,1.9375],"texture":"#1"},"west":{"uv":[2,6.5,2.25,6.6875],"texture":"#1"},"up":{"uv":[6.25,3.75,6,3.5],"rotation":90,"texture":"#1"},"down":{"uv":[6.25,3.75,6,4],"rotation":270,"texture":"#1"}}},{"from":[7.18,2.82253,3.37191],"to":[8.82,4.58253,5.13191],"rotation":{"angle":45,"axis":"x","origin":[8,1,11.09231]},"faces":{"north":{"uv":[5.875,1.1875,5.5,0.75],"texture":"#1"},"east":{"uv":[4.4375,5.6875,4,5.25],"texture":"#1"},"south":{"uv":[5.875,1.6875,5.5,1.25],"texture":"#1"},"west":{"uv":[4,5.6875,4.4375,5.25],"texture":"#1"},"up":{"uv":[2.4375,5.5,2,5.875],"rotation":270,"texture":"#1"},"down":{"uv":[5.9375,2.125,5.5,1.75],"rotation":90,"texture":"#1"}}},{"from":[7.44,6.96786,7.3864],"to":[8.56,8.52786,8.9464],"rotation":{"angle":0,"axis":"y","origin":[8,1,11.09231]},"faces":{"north":{"uv":[6.1875,3.5,5.75,3.25],"rotation":270,"texture":"#1"},"east":{"uv":[5.1875,5.1875,4.75,4.75],"rotation":270,"texture":"#1"},"south":{"uv":[6.1875,4.75,5.75,5],"rotation":270,"texture":"#1"},"west":{"uv":[4.75,5.1875,5.1875,4.75],"rotation":90,"texture":"#1"},"up":{"uv":[4.75,6.1875,4.5,5.75],"rotation":180,"texture":"#1"},"down":{"uv":[5,6.1875,4.75,5.75],"texture":"#1"}}},{"from":[7.34,2.5286,6.8],"to":[8.66,4.9286,9.2],"rotation":{"angle":0,"axis":"y","origin":[8,1,11.09231]},"faces":{"north":{"uv":[2.5,5.5,2.75,6.125],"texture":"#1"},"east":{"uv":[4,4.5,4.625,5.125],"texture":"#1"},"south":{"uv":[5.5,2.25,5.75,2.875],"texture":"#1"},"west":{"uv":[4.625,4.5,4,5.125],"texture":"#1"},"up":{"uv":[5.875,3.75,5.25,3.5],"rotation":90,"texture":"#1"},"down":{"uv":[3.375,5.5,2.75,5.75],"rotation":270,"texture":"#1"}}},{"from":[7.95,0.08654,0.3959],"to":[8.05,17.10879,7.7559],"rotation":{"angle":45,"axis":"x","origin":[8,1,11.09231]},"faces":{"east":{"uv":[15.00001,2.51563,13.18751,6.51563],"texture":"#1"},"west":{"uv":[13.18751,2.51563,15.00001,6.51563],"texture":"#1"}}},{"from":[7.568,0.15285,3.95196],"to":[8.432,0.63285,6.35196],"rotation":{"angle":-45,"axis":"x","origin":[8,1,11.09231]},"faces":{"north":{"uv":[6.9375,3.375,6.75,3.25],"texture":"#1"},"east":{"uv":[6.625,0.625,6,0.5],"texture":"#1"},"south":{"uv":[6.9375,3.625,6.75,3.5],"texture":"#1"},"west":{"uv":[6,0.625,6.625,0.5],"texture":"#1"},"up":{"uv":[6.375,3,5.75,3.1875],"rotation":270,"texture":"#1"},"down":{"uv":[6.125,4.6875,5.5,4.5],"rotation":90,"texture":"#1"}}},{"from":[7.728,-5.73732,8.69903],"to":[8.272,-3.33732,9.49903],"rotation":{"angle":22.5,"axis":"x","origin":[8,1,11.09231]},"faces":{"north":{"uv":[6.125,1.625,6,1],"texture":"#1"},"east":{"uv":[3.4375,6.375,3.25,5.75],"texture":"#1"},"south":{"uv":[6.125,2.375,6,1.75],"texture":"#1"},"west":{"uv":[3.25,6.375,3.4375,5.75],"texture":"#1"},"up":{"uv":[4.1875,6.75,4,6.875],"rotation":270,"texture":"#1"},"down":{"uv":[6.9375,3.875,6.75,3.75],"rotation":90,"texture":"#1"}}},{"from":[7.728,-3.37057,6.97175],"to":[8.272,-0.97057,7.77175],"rotation":{"angle":-22.5,"axis":"x","origin":[8,1,11.09231]},"faces":{"north":{"uv":[6,2.375,6.125,1.75],"texture":"#1"},"east":{"uv":[3.25,6.375,3.4375,5.75],"texture":"#1"},"south":{"uv":[6,1.625,6.125,1],"texture":"#1"},"west":{"uv":[3.4375,6.375,3.25,5.75],"texture":"#1"},"up":{"uv":[4,6.75,4.1875,6.875],"rotation":270,"texture":"#1"},"down":{"uv":[6.75,3.875,6.9375,3.75],"rotation":90,"texture":"#1"}}},{"from":[7.568,-4.22033,11.45947],"to":[8.432,-3.74033,13.85947],"rotation":{"angle":45,"axis":"x","origin":[8,1,11.09231]},"faces":{"north":{"uv":[6.75,3.625,6.9375,3.5],"texture":"#1"},"east":{"uv":[6,0.625,6.625,0.5],"texture":"#1"},"south":{"uv":[6.75,3.375,6.9375,3.25],"texture":"#1"},"west":{"uv":[6.625,0.625,6,0.5],"texture":"#1"},"up":{"uv":[5.75,3,6.375,3.1875],"rotation":270,"texture":"#1"},"down":{"uv":[5.5,4.6875,6.125,4.5],"rotation":90,"texture":"#1"}}},{"from":[7.5456,-4.85344,8.4876],"to":[8.4544,-4.30944,9.0316],"rotation":{"angle":22.5,"axis":"x","origin":[8,1,11.09231]},"faces":{"north":{"uv":[6.75,1.125,7,1],"texture":"#1"},"east":{"uv":[6.75,5.125,6.875,5],"texture":"#1"},"south":{"uv":[6.75,0.875,7,0.75],"texture":"#1"},"west":{"uv":[5.25,6.875,5.375,6.75],"texture":"#1"},"up":{"uv":[6.75,1.25,6.875,1.5],"rotation":270,"texture":"#1"},"down":{"uv":[1.25,7,1.375,6.75],"rotation":90,"texture":"#1"}}},{"from":[7.552,-1.2972,5.1115],"to":[8.448,1.1028,5.8795],"rotation":{"angle":-22.5,"axis":"x","origin":[8,1,11.09231]},"faces":{"north":{"uv":[5.5,5.875,5.75,5.25],"texture":"#1"},"east":{"uv":[4,6.375,4.1875,5.75],"texture":"#1"},"south":{"uv":[5.5,4.375,5.75,3.75],"texture":"#1"},"west":{"uv":[4.1875,6.375,4,5.75],"texture":"#1"},"up":{"uv":[6.5,2.25,6.6875,2.5],"rotation":270,"texture":"#1"},"down":{"uv":[2.25,6.75,2.4375,6.5],"rotation":90,"texture":"#1"}}},{"from":[7.52,-0.14277,5.593],"to":[8.48,0.75323,6.713],"rotation":{"angle":-22.5,"axis":"x","origin":[8,1,11.09231]},"faces":{"north":{"uv":[6.25,5.5,6,5.25],"texture":"#1"},"east":{"uv":[6.25,5.25,6,5],"texture":"#1"},"south":{"uv":[6.25,5.75,6,5.5],"texture":"#1"},"west":{"uv":[6,5.25,6.25,5],"texture":"#1"},"up":{"uv":[6.25,6,6,6.25],"rotation":270,"texture":"#1"},"down":{"uv":[6.25,6,6,5.75],"rotation":90,"texture":"#1"}}},{"from":[7.584,-3.15638,6.79055],"to":[8.416,-1.87638,7.43055],"rotation":{"angle":22.5,"axis":"x","origin":[8,1,11.09231]},"faces":{"north":{"uv":[4.75,6.5625,4.9375,6.25],"texture":"#1"},"east":{"uv":[6.25,4.0625,6.4375,3.75],"texture":"#1"},"south":{"uv":[6.25,4.5625,6.4375,4.25],"texture":"#1"},"west":{"uv":[6.4375,4.0625,6.25,3.75],"texture":"#1"},"up":{"uv":[6.5,4.5,6.6875,4.6875],"rotation":270,"texture":"#1"},"down":{"uv":[6.5,4.4375,6.6875,4.25],"rotation":90,"texture":"#1"}}},{"from":[7.616,3.28228,6.39358],"to":[8.384,4.56228,7.03358],"rotation":{"angle":-45,"axis":"x","origin":[8,1,11.09231]},"faces":{"north":{"uv":[6.25,3.5625,6.4375,3.25],"texture":"#1"},"east":{"uv":[6.25,1.8125,6.4375,1.5],"texture":"#1"},"south":{"uv":[6.25,2.3125,6.4375,2],"texture":"#1"},"west":{"uv":[6.4375,1.8125,6.25,1.5],"texture":"#1"},"up":{"uv":[4.25,6.5,4.4375,6.6875],"rotation":270,"texture":"#1"},"down":{"uv":[6.5,4.1875,6.6875,4],"rotation":90,"texture":"#1"}}},{"from":[7.6096,0.19641,5.25089],"to":[8.3904,0.65721,5.71169],"rotation":{"angle":0,"axis":"y","origin":[8,1,11.09231]},"faces":{"north":{"uv":[4.25,6.875,4.4375,6.75],"texture":"#1"},"east":{"uv":[6.75,5.375,6.875,5.25],"texture":"#1"},"south":{"uv":[6.75,4.125,6.9375,4],"texture":"#1"},"west":{"uv":[5.5,6.875,5.625,6.75],"texture":"#1"},"up":{"uv":[4.5,6.75,4.625,6.9375],"rotation":270,"texture":"#1"},"down":{"uv":[6.75,4.4375,6.875,4.25],"rotation":90,"texture":"#1"}}},{"from":[7.7956,-9.3495,10.98524],"to":[8.2044,-8.8055,11.52924],"rotation":{"angle":0,"axis":"y","origin":[8,1,11.09231]},"faces":{"north":{"uv":[6.875,1.25,6.75,1.5],"rotation":90,"texture":"#1"},"east":{"uv":[6.75,5,6.875,5.125],"rotation":270,"texture":"#1"},"south":{"uv":[1.375,7,1.25,6.75],"rotation":90,"texture":"#1"},"west":{"uv":[5.25,6.75,5.375,6.875],"rotation":90,"texture":"#1"},"up":{"uv":[7,1.125,6.75,1],"texture":"#1"},"down":{"uv":[7,0.875,6.75,0.75],"rotation":180,"texture":"#1"}}},{"from":[7.802,-6.2425,3.69973],"to":[8.198,-3.8425,4.46773],"rotation":{"angle":-45,"axis":"x","origin":[8,1,11.09231]},"faces":{"north":{"uv":[5.75,4.375,5.5,3.75],"texture":"#1"},"east":{"uv":[4.1875,6.375,4,5.75],"texture":"#1"},"south":{"uv":[5.75,5.875,5.5,5.25],"texture":"#1"},"west":{"uv":[4,6.375,4.1875,5.75],"texture":"#1"},"up":{"uv":[6.6875,2.25,6.5,2.5],"rotation":270,"texture":"#1"},"down":{"uv":[2.4375,6.75,2.25,6.5],"rotation":90,"texture":"#1"}}},{"from":[7.834,-7.74845,8.55218],"to":[8.166,-7.10845,9.83218],"rotation":{"angle":0,"axis":"y","origin":[8,1,11.09231]},"faces":{"north":{"uv":[6.6875,4.5,6.5,4.6875],"rotation":90,"texture":"#1"},"east":{"uv":[6.25,3.75,6.4375,4.0625],"rotation":270,"texture":"#1"},"south":{"uv":[6.6875,4.4375,6.5,4.25],"rotation":90,"texture":"#1"},"west":{"uv":[6.4375,3.75,6.25,4.0625],"rotation":90,"texture":"#1"},"up":{"uv":[4.9375,6.5625,4.75,6.25],"texture":"#1"},"down":{"uv":[6.4375,4.5625,6.25,4.25],"rotation":180,"texture":"#1"}}},{"from":[7.866,-6.11045,5.39766],"to":[8.134,-4.83045,6.03766],"rotation":{"angle":-22.5,"axis":"x","origin":[8,1,11.09231]},"faces":{"north":{"uv":[6.4375,2.3125,6.25,2],"texture":"#1"},"east":{"uv":[6.4375,1.8125,6.25,1.5],"texture":"#1"},"south":{"uv":[6.4375,3.5625,6.25,3.25],"texture":"#1"},"west":{"uv":[6.25,1.8125,6.4375,1.5],"texture":"#1"},"up":{"uv":[4.4375,6.5,4.25,6.6875],"rotation":270,"texture":"#1"},"down":{"uv":[6.6875,4.1875,6.5,4],"rotation":90,"texture":"#1"}}},{"from":[8,-5.70397,6.10929],"to":[8,-0.08172,10.26929],"rotation":{"angle":-22.5,"axis":"x","origin":[8,1,11.09231]},"faces":{"north":{"uv":[0,0,0,1.375],"texture":"#1"},"east":{"uv":[4.5625,0,3.5,1.375],"texture":"#1"},"south":{"uv":[0,0,0,1.375],"texture":"#1"},"west":{"uv":[3.5,0,4.5625,1.375],"texture":"#1"},"up":{"uv":[0,0,1.0625,0],"rotation":90,"texture":"#1"},"down":{"uv":[0,0,1.0625,0],"rotation":270,"texture":"#1"}}},{"from":[7.18,-4.316,9.63513],"to":[8.82,-1.916,12.03513],"rotation":{"angle":45,"axis":"x","origin":[8,1,11.09231]},"faces":{"north":{"uv":[4.75,3.625,5.125,3],"texture":"#1"},"east":{"uv":[4.75,1.375,5.375,0.75],"texture":"#1"},"south":{"uv":[2.75,5.375,3.125,4.75],"texture":"#1"},"west":{"uv":[5.375,1.375,4.75,0.75],"texture":"#1"},"up":{"uv":[4.75,4.25,5.375,4.625],"rotation":270,"texture":"#1"},"down":{"uv":[4.75,4.125,5.375,3.75],"rotation":90,"texture":"#1"}}},{"from":[9.62659,-0.6766,8.34572],"to":[10.74659,-0.0366,9.46572],"rotation":{"angle":45,"axis":"y","origin":[8,1,11.09231]},"faces":{"north":{"uv":[6.5,2.1875,6.75,2],"texture":"#1"},"east":{"uv":[1.75,6.6875,2,6.5],"texture":"#1"},"south":{"uv":[6.5,1.9375,6.75,1.75],"texture":"#1"},"west":{"uv":[2,6.6875,2.25,6.5],"texture":"#1"},"up":{"uv":[6,3.75,6.25,4],"rotation":270,"texture":"#1"},"down":{"uv":[6,3.75,6.25,3.5],"rotation":90,"texture":"#1"}}},{"from":[7.18,-2.58253,3.37191],"to":[8.82,-0.82253,5.13191],"rotation":{"angle":-45,"axis":"x","origin":[8,1,11.09231]},"faces":{"north":{"uv":[5.875,0.75,5.5,1.1875],"texture":"#1"},"east":{"uv":[4.4375,5.25,4,5.6875],"texture":"#1"},"south":{"uv":[5.875,1.25,5.5,1.6875],"texture":"#1"},"west":{"uv":[4,5.25,4.4375,5.6875],"texture":"#1"},"up":{"uv":[5.5,2.125,5.9375,1.75],"rotation":90,"texture":"#1"},"down":{"uv":[2,5.5,2.4375,5.875],"rotation":270,"texture":"#1"}}},{"from":[7.44,-6.52786,7.3864],"to":[8.56,-4.96786,8.9464],"rotation":{"angle":0,"axis":"y","origin":[8,1,11.09231]},"faces":{"north":{"uv":[5.75,3.5,6.1875,3.25],"rotation":270,"texture":"#1"},"east":{"uv":[4.75,5.1875,5.1875,4.75],"rotation":270,"texture":"#1"},"south":{"uv":[5.75,4.75,6.1875,5],"rotation":270,"texture":"#1"},"west":{"uv":[5.1875,5.1875,4.75,4.75],"rotation":90,"texture":"#1"},"up":{"uv":[5,5.75,4.75,6.1875],"texture":"#1"},"down":{"uv":[4.75,5.75,4.5,6.1875],"rotation":180,"texture":"#1"}}},{"from":[7.34,-2.9286,6.8],"to":[8.66,-0.5286,9.2],"rotation":{"angle":0,"axis":"y","origin":[8,1,11.09231]},"faces":{"north":{"uv":[2.5,6.125,2.75,5.5],"texture":"#1"},"east":{"uv":[4,5.125,4.625,4.5],"texture":"#1"},"south":{"uv":[5.5,2.875,5.75,2.25],"texture":"#1"},"west":{"uv":[4.625,5.125,4,4.5],"texture":"#1"},"up":{"uv":[2.75,5.5,3.375,5.75],"rotation":270,"texture":"#1"},"down":{"uv":[5.25,3.75,5.875,3.5],"rotation":90,"texture":"#1"}}},{"from":[7.95,-15.10879,0.3959],"to":[8.05,1.91346,7.7559],"rotation":{"angle":-45,"axis":"x","origin":[8,1,11.09231]},"faces":{"east":{"uv":[15.00001,6.51563,13.18751,2.51563],"texture":"#1"},"west":{"uv":[13.18751,6.51563,15.00001,2.51563],"texture":"#1"}}},{"from":[9.78659,-0.28,8.50572],"to":[10.58659,2.28,9.30572],"rotation":{"angle":45,"axis":"y","origin":[8,1,11.09231]},"faces":{"north":{"uv":[3.25,7.125,3.4375,7.75],"texture":"#1"},"east":{"uv":[3.25,7.125,3.4375,7.75],"texture":"#1"},"south":{"uv":[3.25,7.125,3.4375,7.75],"texture":"#1"},"west":{"uv":[3.25,7.125,3.4375,7.75],"texture":"#1"},"up":{"uv":[6.6875,3.9375,6.5,3.75],"rotation":90,"texture":"#1"},"down":{"uv":[4.1875,6.5,4,6.6875],"rotation":270,"texture":"#1"}}},{"from":[8,-13.51112,16.57332],"to":[8,15.51113,18.08332],"rotation":{"angle":0,"axis":"y","origin":[8,1,11.09231]},"faces":{"north":{"uv":[0,0,0,6.5],"rotation":180,"texture":"#1"},"east":{"uv":[15.5,0,15.1875,5.5],"rotation":180,"texture":"#1"},"south":{"uv":[0,0,0,6.5],"rotation":180,"texture":"#1"},"west":{"uv":[15.1875,0,15.5,5.5],"rotation":180,"texture":"#1"},"up":{"uv":[0,0,1.8125,0],"rotation":270,"texture":"#1"},"down":{"uv":[0,0,1.8125,0],"rotation":90,"texture":"#1"}}},{"from":[8,0.345,1.94219],"to":[8,1.655,18.96444],"rotation":{"angle":-22.5,"axis":"z","origin":[8,1,10.45332]},"faces":{"north":{"uv":[0,0,1.8125,0],"rotation":90,"texture":"#1"},"east":{"uv":[7.25,5.375,6.9375,9.25],"rotation":270,"texture":"#1"},"south":{"uv":[0,0,1.8125,0],"rotation":90,"texture":"#1"},"west":{"uv":[7.25,5.375,6.9375,9.25],"rotation":90,"texture":"#1"},"up":{"uv":[0,0,0,6.5],"rotation":180,"texture":"#1"},"down":{"uv":[0,0,0,6.5],"texture":"#1"}}},{"from":[8,0.345,1.94219],"to":[8,1.655,18.96444],"rotation":{"angle":22.5,"axis":"z","origin":[8,1,10.45332]},"faces":{"north":{"uv":[0,0,1.8125,0],"rotation":90,"texture":"#1"},"east":{"uv":[7.25,5.375,6.9375,9.25],"rotation":270,"texture":"#1"},"south":{"uv":[0,0,1.8125,0],"rotation":90,"texture":"#1"},"west":{"uv":[7.25,5.375,6.9375,9.25],"rotation":90,"texture":"#1"},"up":{"uv":[0,0,0,6.5],"rotation":180,"texture":"#1"},"down":{"uv":[0,0,0,6.5],"texture":"#1"}}},{"from":[7.9,0.06952,-0.143],"to":[8.1,17.06952,15.857],"rotation":{"angle":22.5,"axis":"x","origin":[8,1,11.09231]},"faces":{"east":{"uv":[0,0,16,16],"texture":"#2"},"west":{"uv":[16,0,0,16],"texture":"#2"}}},{"from":[7.9,-2.63395,1.80277],"to":[8.1,4.86605,9.35277],"rotation":{"angle":45,"axis":"x","origin":[8,1,11.09231]},"faces":{"east":{"uv":[16,0,0,16],"texture":"#4"},"west":{"uv":[0,0,16,16],"texture":"#4"}}},{"from":[7.9,-2.86605,1.80277],"to":[8.1,4.63395,9.35277],"rotation":{"angle":-45,"axis":"x","origin":[8,1,11.09231]},"faces":{"east":{"uv":[16,16,0,0],"texture":"#4"},"west":{"uv":[0,16,16,0],"texture":"#4"}}},{"from":[7.9,-15.06952,-0.143],"to":[8.1,1.93048,15.857],"rotation":{"angle":-22.5,"axis":"x","origin":[8,1,11.09231]},"faces":{"east":{"uv":[0,16,16,0],"texture":"#2"},"west":{"uv":[16,16,0,0],"texture":"#2"}}}],"gui_light":"front","display":{"thirdperson_righthand":{"translation":[0,4,1.5],"scale":[0.85,0.85,0.85]},"thirdperson_lefthand":{"translation":[0,4,1.5],"scale":[0.85,0.85,0.85]},"firstperson_righthand":{"rotation":[18.8,8.3,1.96],"translation":[7.75,11.5,-9.5],"scale":[1.2,1.2,1.2]},"firstperson_lefthand":{"rotation":[9.25,0.81,5.34],"translation":[7.75,11.5,-9.5],"scale":[1.2,1.2,1.2]},"ground":{"rotation":[0,0,-79],"translation":[4,0,0],"scale":[0.53,0.53,0.53]},"gui":{"rotation":[90,45,-90],"translation":[0.75,4.75,0],"scale":[0.55,0.55,0.55]},"head":{"scale":[0.01,0.01,0.01]},"fixed":{"rotation":[0,-90,0],"translation":[1.25,7,-0.5]}},"groups":[{"name":"bow","origin":[3,10.675,8],"color":0,"nbt":"{}","children":[{"name":"group","origin":[8,19.01767,10.78644],"color":0,"nbt":"{}","children":[0,1,2,3,4,5,6,7,8,9,10,11,12,13,14,15,16,17,18,19,20]},{"name":"group","origin":[8,19.01767,10.78644],"color":0,"nbt":"{}","children":[21,22,23,24,25,26,27,28,29,30,31,32,33,34,35,36,37,38,39,40,41]},42,43,44,45,{"name":"group","origin":[8,11.29677,8],"color":0,"nbt":"{}","children":[46,47,48,49]}]}],"mcmodels":"b2433d24f9edb4641057fce39a92de90"}