{"credit":"Made with Blockbench","texture_size":[72,72],"textures":{"1":"leviathanset:chest","2":"leviathanset:bluefire","3":"leviathanset:lighting","particle":"leviathanset:bluefire"},"elements":[{"from":[10.37847,-2.25794,11.7],"to":[13.57847,0.14206,14.9],"rotation":{"angle":22.5,"axis":"z","origin":[8,7.62908,8.5]},"faces":{"north":{"uv":[11.33333,0,12.22222,0.88889],"texture":"#1"},"east":{"uv":[12.22222,0.88889,11.33333,1.77778],"texture":"#1"},"south":{"uv":[12.22222,0,11.33333,0.88889],"texture":"#1"},"west":{"uv":[13.11111,1.33333,14,2],"texture":"#1"},"up":{"uv":[11.55556,12.22222,10.66667,11.33333],"texture":"#1"},"down":{"uv":[12.44444,11.33333,11.55556,12.22222],"texture":"#1"}}},{"from":[10.37847,-2.25794,2.1],"to":[13.57847,0.94206,5.3],"rotation":{"angle":22.5,"axis":"z","origin":[8,7.62908,8.5]},"faces":{"north":{"uv":[11.33333,0,12.22222,0.88889],"texture":"#1"},"east":{"uv":[11.33333,0.88889,12.22222,1.77778],"texture":"#1"},"south":{"uv":[12.22222,0,11.33333,0.88889],"texture":"#1"},"west":{"uv":[11.33333,2.66667,12.22222,3.55556],"texture":"#1"},"up":{"uv":[12.22222,4.44444,11.33333,3.55556],"texture":"#1"},"down":{"uv":[12.22222,4.44444,11.33333,5.33333],"texture":"#1"}}},{"from":[13.6,1.52582,2.5],"to":[16,11.12582,4.9],"rotation":{"angle":0,"axis":"y","origin":[8,7.62908,8.5]},"faces":{"north":{"uv":[2.66667,10.22222,3.33333,12.88889],"texture":"#1"},"east":{"uv":[2.66667,10.22222,3.33333,12.88889],"texture":"#1"},"south":{"uv":[2.66667,10.22222,3.33333,12.88889],"texture":"#1"},"west":{"uv":[2.66667,10.22222,3.33333,12.88889],"texture":"#1"},"up":{"uv":[14.66667,3.55556,14,2.88889],"texture":"#1"},"down":{"uv":[14.66667,3.55556,14,4.22222],"texture":"#1"}}},{"from":[13.2,6.32582,2.1],"to":[16.4,8.72582,5.3],"rotation":{"angle":0,"axis":"y","origin":[8,7.62908,8.5]},"faces":{"north":{"uv":[13.11111,2,14,2.66667],"texture":"#1"},"east":{"uv":[14,2,13.11111,2.66667],"texture":"#1"},"south":{"uv":[13.11111,2,14,2.66667],"texture":"#1"},"west":{"uv":[14,2,13.11111,2.66667],"texture":"#1"},"up":{"uv":[12.66667,6.22222,11.77778,5.33333],"texture":"#1"},"down":{"uv":[12.66667,6.22222,11.77778,7.11111],"texture":"#1"}}},{"from":[13.52,9.52582,2.1],"to":[16.72,11.92582,5.3],"rotation":{"angle":-22.5,"axis":"z","origin":[15.12,10.72582,3.7]},"faces":{"north":{"uv":[13.11111,2,14,2.66667],"texture":"#1"},"east":{"uv":[14,2,13.11111,2.66667],"texture":"#1"},"south":{"uv":[13.11111,2,14,2.66667],"texture":"#1"},"west":{"uv":[14,2,13.11111,2.66667],"texture":"#1"},"up":{"uv":[12.66667,6.22222,11.77778,5.33333],"texture":"#1"},"down":{"uv":[12.66667,6.22222,11.77778,7.11111],"texture":"#1"}}},{"from":[-0.72,9.52582,2.1],"to":[2.48,11.92582,5.3],"rotation":{"angle":22.5,"axis":"z","origin":[0.88,10.72582,3.7]},"faces":{"north":{"uv":[14,2,13.11111,2.66667],"texture":"#1"},"east":{"uv":[13.11111,2,14,2.66667],"texture":"#1"},"south":{"uv":[14,2,13.11111,2.66667],"texture":"#1"},"west":{"uv":[13.11111,2,14,2.66667],"texture":"#1"},"up":{"uv":[11.77778,6.22222,12.66667,5.33333],"texture":"#1"},"down":{"uv":[11.77778,6.22222,12.66667,7.11111],"texture":"#1"}}},{"from":[-0.72,9.52582,11.7],"to":[2.48,11.92582,14.9],"rotation":{"angle":22.5,"axis":"z","origin":[0.88,10.72582,13.3]},"faces":{"north":{"uv":[13.11111,2,14,2.66667],"texture":"#1"},"east":{"uv":[14,2,13.11111,2.66667],"texture":"#1"},"south":{"uv":[13.11111,2,14,2.66667],"texture":"#1"},"west":{"uv":[14,2,13.11111,2.66667],"texture":"#1"},"up":{"uv":[11.77778,5.33333,12.66667,6.22222],"texture":"#1"},"down":{"uv":[11.77778,7.11111,12.66667,6.22222],"texture":"#1"}}},{"from":[13.52,9.52582,11.7],"to":[16.72,11.92582,14.9],"rotation":{"angle":-22.5,"axis":"z","origin":[15.12,10.72582,13.3]},"faces":{"north":{"uv":[14,2,13.11111,2.66667],"texture":"#1"},"east":{"uv":[13.11111,2,14,2.66667],"texture":"#1"},"south":{"uv":[14,2,13.11111,2.66667],"texture":"#1"},"west":{"uv":[13.11111,2,14,2.66667],"texture":"#1"},"up":{"uv":[12.66667,5.33333,11.77778,6.22222],"texture":"#1"},"down":{"uv":[12.66667,7.11111,11.77778,6.22222],"texture":"#1"}}},{"from":[13.2,6.32582,11.7],"to":[16.4,8.72582,14.9],"rotation":{"angle":0,"axis":"y","origin":[8,7.62908,18.1]},"faces":{"north":{"uv":[13.11111,2,14,2.66667],"texture":"#1"},"east":{"uv":[14,2,13.11111,2.66667],"texture":"#1"},"south":{"uv":[13.11111,2,14,2.66667],"texture":"#1"},"west":{"uv":[14,2,13.11111,2.66667],"texture":"#1"},"up":{"uv":[12.66667,6.22222,11.77778,5.33333],"texture":"#1"},"down":{"uv":[12.66667,6.22222,11.77778,7.11111],"texture":"#1"}}},{"from":[13.6,1.52582,12.1],"to":[16,11.12582,14.5],"rotation":{"angle":0,"axis":"y","origin":[8,7.62908,8.5]},"faces":{"north":{"uv":[2.66667,10.22222,3.33333,12.88889],"texture":"#1"},"east":{"uv":[2.66667,10.22222,3.33333,12.88889],"texture":"#1"},"south":{"uv":[2.66667,10.22222,3.33333,12.88889],"texture":"#1"},"west":{"uv":[2.66667,10.22222,3.33333,12.88889],"texture":"#1"},"up":{"uv":[14.66667,2.22222,14,1.55556],"texture":"#1"},"down":{"uv":[14.66667,2.22222,14,2.88889],"texture":"#1"}}},{"from":[12.19295,12.4148,2.9],"to":[14.59295,14.0148,14.1],"rotation":{"angle":-22.5,"axis":"z","origin":[8,7.62908,8.5]},"faces":{"north":{"uv":[11.77778,8,12.44444,8.44444],"texture":"#1"},"east":{"uv":[10.66667,8.88889,13.77778,9.33333],"texture":"#1"},"south":{"uv":[7.11111,12.66667,7.77778,13.11111],"texture":"#1"},"west":{"uv":[13.77778,8.88889,10.66667,9.33333],"texture":"#1"},"up":{"uv":[7.11111,12.66667,6.44444,9.55556],"texture":"#1"},"down":{"uv":[7.77778,9.55556,7.11111,12.66667],"texture":"#1"}}},{"from":[15.45527,6.42879,2.3],"to":[17.85527,9.22879,5.1],"rotation":{"angle":22.5,"axis":"z","origin":[8,7.62908,8.5]},"faces":{"north":{"uv":[13.55556,6.66667,14.22222,7.44444],"texture":"#1"},"east":{"uv":[12.66667,6.44444,13.44444,7.22222],"texture":"#1"},"south":{"uv":[14.22222,6.66667,13.55556,7.44444],"texture":"#1"},"west":{"uv":[12.66667,7.33333,13.44444,8.11111],"texture":"#1"},"up":{"uv":[0.66667,14.55556,0,13.77778],"texture":"#1"},"down":{"uv":[1.33333,13.77778,0.66667,14.55556],"texture":"#1"}}},{"from":[16.52,10.24582,2.5],"to":[18.72,12.64582,4.9],"rotation":{"angle":0,"axis":"z","origin":[8,7.62908,8.5]},"faces":{"north":{"uv":[14,4.22222,14.66667,4.88889],"texture":"#1"},"east":{"uv":[14,8.44444,14.66667,9.11111],"texture":"#1"},"south":{"uv":[14,9.11111,14.66667,9.77778],"texture":"#1"},"west":{"uv":[14,9.77778,14.66667,10.44444],"texture":"#1"},"up":{"uv":[14,14.66667,13.33333,14],"texture":"#1"},"down":{"uv":[14.66667,14,14,14.66667],"texture":"#1"}}},{"from":[17.55684,2.10129,2.7],"to":[20.15684,4.10129,4.7],"rotation":{"angle":45,"axis":"z","origin":[8,7.62908,8.5]},"faces":{"north":{"uv":[14.66667,1.55556,15.44444,2.11111],"texture":"#1"},"east":{"uv":[14.66667,4.22222,15.22222,4.77778],"texture":"#1"},"south":{"uv":[14.66667,2.22222,15.44444,2.77778],"texture":"#1"},"west":{"uv":[6,14.66667,6.55556,15.22222],"texture":"#1"},"up":{"uv":[15.44444,3.44444,14.66667,2.88889],"texture":"#1"},"down":{"uv":[15.44444,3.55556,14.66667,4.11111],"texture":"#1"}}},{"from":[15.42226,0.80298,2.55],"to":[17.62226,3.20298,4.85],"rotation":{"angle":-22.5,"axis":"z","origin":[17.15154,2.33227,3.75]},"faces":{"north":{"uv":[14,4.22222,14.66667,4.88889],"texture":"#1"},"east":{"uv":[14,8.44444,14.66667,9.11111],"texture":"#1"},"south":{"uv":[14,9.11111,14.66667,9.77778],"texture":"#1"},"west":{"uv":[14,9.77778,14.66667,10.44444],"texture":"#1"},"up":{"uv":[14,14.66667,13.33333,14],"texture":"#1"},"down":{"uv":[14.66667,14,14,14.66667],"texture":"#1"}}},{"from":[16.52936,1.12013,2.75],"to":[19.12936,3.12013,4.65],"rotation":{"angle":22.5,"axis":"z","origin":[17.15154,2.33227,3.75]},"faces":{"north":{"uv":[14.66667,1.55556,15.44444,2.11111],"texture":"#1"},"east":{"uv":[14.66667,4.22222,15.22222,4.77778],"texture":"#1"},"south":{"uv":[14.66667,2.22222,15.44444,2.77778],"texture":"#1"},"west":{"uv":[6,14.66667,6.55556,15.22222],"texture":"#1"},"up":{"uv":[15.44444,3.44444,14.66667,2.88889],"texture":"#1"},"down":{"uv":[15.44444,3.55556,14.66667,4.11111],"texture":"#1"}}},{"from":[15.29492,1.61487,12.15],"to":[17.49492,4.01487,14.45],"rotation":{"angle":45,"axis":"z","origin":[17.0242,3.14416,13.35]},"faces":{"north":{"uv":[14,4.22222,14.66667,4.88889],"texture":"#1"},"east":{"uv":[14,8.44444,14.66667,9.11111],"texture":"#1"},"south":{"uv":[14,9.11111,14.66667,9.77778],"texture":"#1"},"west":{"uv":[14,9.77778,14.66667,10.44444],"texture":"#1"},"up":{"uv":[14,14.66667,13.33333,14],"texture":"#1"},"down":{"uv":[14.66667,14,14,14.66667],"texture":"#1"}}},{"from":[16.23634,2.52197,12.35],"to":[18.23634,5.12197,14.25],"rotation":{"angle":0,"axis":"z","origin":[17.0242,3.14416,13.35]},"faces":{"north":{"uv":[14.66667,1.55556,15.44444,2.11111],"rotation":90,"texture":"#1"},"east":{"uv":[15.44444,3.55556,14.66667,4.11111],"rotation":270,"texture":"#1"},"south":{"uv":[14.66667,2.22222,15.44444,2.77778],"rotation":270,"texture":"#1"},"west":{"uv":[15.44444,3.44444,14.66667,2.88889],"rotation":270,"texture":"#1"},"up":{"uv":[14.66667,4.22222,15.22222,4.77778],"rotation":270,"texture":"#1"},"down":{"uv":[6,14.66667,6.55556,15.22222],"rotation":270,"texture":"#1"}}},{"from":[-1.62226,0.80298,2.55],"to":[0.57774,3.20298,4.85],"rotation":{"angle":22.5,"axis":"z","origin":[-1.15154,2.33227,3.75]},"faces":{"north":{"uv":[14.66667,4.22222,14,4.88889],"texture":"#1"},"east":{"uv":[14.66667,9.77778,14,10.44444],"texture":"#1"},"south":{"uv":[14.66667,9.11111,14,9.77778],"texture":"#1"},"west":{"uv":[14.66667,8.44444,14,9.11111],"texture":"#1"},"up":{"uv":[13.33333,14.66667,14,14],"texture":"#1"},"down":{"uv":[14,14,14.66667,14.66667],"texture":"#1"}}},{"from":[-3.12936,1.12013,2.75],"to":[-0.52936,3.12013,4.65],"rotation":{"angle":-22.5,"axis":"z","origin":[-1.15154,2.33227,3.75]},"faces":{"north":{"uv":[15.44444,1.55556,14.66667,2.11111],"texture":"#1"},"east":{"uv":[6.55556,14.66667,6,15.22222],"texture":"#1"},"south":{"uv":[15.44444,2.22222,14.66667,2.77778],"texture":"#1"},"west":{"uv":[15.22222,4.22222,14.66667,4.77778],"texture":"#1"},"up":{"uv":[14.66667,3.44444,15.44444,2.88889],"texture":"#1"},"down":{"uv":[14.66667,3.55556,15.44444,4.11111],"texture":"#1"}}},{"from":[-1.49492,1.61487,12.15],"to":[0.70508,4.01487,14.45],"rotation":{"angle":-45,"axis":"z","origin":[-1.0242,3.14416,13.35]},"faces":{"north":{"uv":[14.66667,4.22222,14,4.88889],"texture":"#1"},"east":{"uv":[14.66667,9.77778,14,10.44444],"texture":"#1"},"south":{"uv":[14.66667,9.11111,14,9.77778],"texture":"#1"},"west":{"uv":[14.66667,8.44444,14,9.11111],"texture":"#1"},"up":{"uv":[13.33333,14.66667,14,14],"texture":"#1"},"down":{"uv":[14,14,14.66667,14.66667],"texture":"#1"}}},{"from":[-2.23634,2.52197,12.35],"to":[-0.23634,5.12197,14.25],"rotation":{"angle":0,"axis":"z","origin":[-1.0242,3.14416,13.35]},"faces":{"north":{"uv":[14.66667,2.11111,15.44444,1.55556],"rotation":90,"texture":"#1"},"east":{"uv":[15.44444,2.88889,14.66667,3.44444],"rotation":270,"texture":"#1"},"south":{"uv":[14.66667,2.77778,15.44444,2.22222],"rotation":270,"texture":"#1"},"west":{"uv":[15.44444,4.11111,14.66667,3.55556],"rotation":270,"texture":"#1"},"up":{"uv":[14.66667,4.77778,15.22222,4.22222],"rotation":270,"texture":"#1"},"down":{"uv":[6,15.22222,6.55556,14.66667],"rotation":270,"texture":"#1"}}},{"from":[19.65304,7.44366,2.9],"to":[21.25304,10.04366,4.5],"rotation":{"angle":22.5,"axis":"z","origin":[8,7.62908,8.5]},"faces":{"north":{"uv":[4,7.77778,4.44444,8.44444],"texture":"#1"},"east":{"uv":[10.22222,14.22222,10.66667,14.88889],"texture":"#1"},"south":{"uv":[6.66667,14.66667,7.11111,15.33333],"texture":"#1"},"west":{"uv":[7.11111,14.66667,7.55556,15.33333],"texture":"#1"},"up":{"uv":[14.66667,8.44444,14.22222,8],"texture":"#1"},"down":{"uv":[14.88889,6.22222,14.44444,6.66667],"texture":"#1"}}},{"from":[14.45684,2.10129,12.35],"to":[17.05684,4.10129,14.35],"rotation":{"angle":45,"axis":"z","origin":[4.9,7.62908,18.15]},"faces":{"north":{"uv":[14.66667,1.55556,15.44444,2.11111],"texture":"#1"},"east":{"uv":[14.66667,4.22222,15.22222,4.77778],"texture":"#1"},"south":{"uv":[14.66667,2.22222,15.44444,2.77778],"texture":"#1"},"west":{"uv":[6,14.66667,6.55556,15.22222],"texture":"#1"},"up":{"uv":[15.44444,3.44444,14.66667,2.88889],"texture":"#1"},"down":{"uv":[15.44444,3.55556,14.66667,4.11111],"texture":"#1"}}},{"from":[16.55304,7.44366,12.55],"to":[18.15304,10.04366,14.15],"rotation":{"angle":22.5,"axis":"z","origin":[4.9,7.62908,18.15]},"faces":{"north":{"uv":[4,7.77778,4.44444,8.44444],"texture":"#1"},"east":{"uv":[10.22222,14.22222,10.66667,14.88889],"texture":"#1"},"south":{"uv":[6.66667,14.66667,7.11111,15.33333],"texture":"#1"},"west":{"uv":[7.11111,14.66667,7.55556,15.33333],"texture":"#1"},"up":{"uv":[14.66667,8.44444,14.22222,8],"texture":"#1"},"down":{"uv":[14.88889,6.22222,14.44444,6.66667],"texture":"#1"}}},{"from":[-1.05684,2.10129,12.35],"to":[1.54316,4.10129,14.35],"rotation":{"angle":-45,"axis":"z","origin":[11.1,7.62908,18.15]},"faces":{"north":{"uv":[15.44444,1.55556,14.66667,2.11111],"texture":"#1"},"east":{"uv":[6.55556,14.66667,6,15.22222],"texture":"#1"},"south":{"uv":[15.44444,2.22222,14.66667,2.77778],"texture":"#1"},"west":{"uv":[15.22222,4.22222,14.66667,4.77778],"texture":"#1"},"up":{"uv":[14.66667,3.44444,15.44444,2.88889],"texture":"#1"},"down":{"uv":[14.66667,3.55556,15.44444,4.11111],"texture":"#1"}}},{"from":[-2.15304,7.44366,12.55],"to":[-0.55304,10.04366,14.15],"rotation":{"angle":-22.5,"axis":"z","origin":[11.1,7.62908,18.15]},"faces":{"north":{"uv":[4.44444,7.77778,4,8.44444],"texture":"#1"},"east":{"uv":[7.55556,14.66667,7.11111,15.33333],"texture":"#1"},"south":{"uv":[7.11111,14.66667,6.66667,15.33333],"texture":"#1"},"west":{"uv":[10.66667,14.22222,10.22222,14.88889],"texture":"#1"},"up":{"uv":[14.22222,8.44444,14.66667,8],"texture":"#1"},"down":{"uv":[14.44444,6.22222,14.88889,6.66667],"texture":"#1"}}},{"from":[13.98881,4.15032,2.7],"to":[15.58881,7.95032,14.3],"rotation":{"angle":-22.5,"axis":"z","origin":[8,7.62908,8.5]},"faces":{"north":{"uv":[4,6.66667,4.44444,7.77778],"texture":"#1"},"east":{"uv":[8.44444,6.44444,11.66667,7.55556],"texture":"#1"},"south":{"uv":[4.88889,13.77778,5.33333,14.88889],"texture":"#1"},"west":{"uv":[7.33333,8.44444,10.55556,9.55556],"texture":"#1"},"up":{"uv":[10.22222,14.11111,9.77778,10.88889],"texture":"#1"},"down":{"uv":[10.66667,10.88889,10.22222,14.11111],"texture":"#1"}}},{"from":[2.42153,-2.25794,11.7],"to":[5.62153,0.14206,14.9],"rotation":{"angle":-22.5,"axis":"z","origin":[8,7.62908,8.5]},"faces":{"north":{"uv":[12.22222,0,11.33333,0.88889],"texture":"#1"},"east":{"uv":[14,1.33333,13.11111,2],"texture":"#1"},"south":{"uv":[11.33333,0,12.22222,0.88889],"texture":"#1"},"west":{"uv":[12.22222,0.88889,11.33333,1.77778],"texture":"#1"},"up":{"uv":[10.66667,12.22222,11.55556,11.33333],"texture":"#1"},"down":{"uv":[11.55556,11.33333,12.44444,12.22222],"texture":"#1"}}},{"from":[2.42153,-2.25794,2.1],"to":[5.62153,0.94206,5.3],"rotation":{"angle":-22.5,"axis":"z","origin":[8,7.62908,8.5]},"faces":{"north":{"uv":[12.22222,0,11.33333,0.88889],"texture":"#1"},"east":{"uv":[12.22222,2.66667,11.33333,3.55556],"texture":"#1"},"south":{"uv":[11.33333,0,12.22222,0.88889],"texture":"#1"},"west":{"uv":[12.22222,0.88889,11.33333,1.77778],"texture":"#1"},"up":{"uv":[11.33333,4.44444,12.22222,3.55556],"texture":"#1"},"down":{"uv":[11.33333,4.44444,12.22222,5.33333],"texture":"#1"}}},{"from":[0,1.52582,2.5],"to":[2.4,11.12582,4.9],"rotation":{"angle":0,"axis":"y","origin":[8,7.62908,8.5]},"faces":{"north":{"uv":[3.33333,10.22222,2.66667,12.88889],"texture":"#1"},"east":{"uv":[2.66667,10.22222,3.33333,12.88889],"texture":"#1"},"south":{"uv":[2.66667,10.22222,3.33333,12.88889],"texture":"#1"},"west":{"uv":[2.66667,10.22222,3.33333,12.88889],"texture":"#1"},"up":{"uv":[14,3.55556,14.66667,2.88889],"texture":"#1"},"down":{"uv":[14,3.55556,14.66667,4.22222],"texture":"#1"}}},{"from":[-0.4,6.32582,2.1],"to":[2.8,8.72582,5.3],"rotation":{"angle":0,"axis":"y","origin":[8,7.62908,8.5]},"faces":{"north":{"uv":[14,2,13.11111,2.66667],"texture":"#1"},"east":{"uv":[13.11111,2,14,2.66667],"texture":"#1"},"south":{"uv":[14,2,13.11111,2.66667],"texture":"#1"},"west":{"uv":[13.11111,2,14,2.66667],"texture":"#1"},"up":{"uv":[11.77778,6.22222,12.66667,5.33333],"texture":"#1"},"down":{"uv":[11.77778,6.22222,12.66667,7.11111],"texture":"#1"}}},{"from":[-0.4,6.32582,11.7],"to":[2.8,8.72582,14.9],"rotation":{"angle":0,"axis":"y","origin":[8,7.62908,18.1]},"faces":{"north":{"uv":[14,2,13.11111,2.66667],"texture":"#1"},"east":{"uv":[13.11111,2,14,2.66667],"texture":"#1"},"south":{"uv":[14,2,13.11111,2.66667],"texture":"#1"},"west":{"uv":[13.11111,2,14,2.66667],"texture":"#1"},"up":{"uv":[11.77778,6.22222,12.66667,5.33333],"texture":"#1"},"down":{"uv":[11.77778,6.22222,12.66667,7.11111],"texture":"#1"}}},{"from":[0,1.52582,12.1],"to":[2.4,11.12582,14.5],"rotation":{"angle":0,"axis":"y","origin":[8,7.62908,8.5]},"faces":{"north":{"uv":[2.66667,10.22222,3.33333,12.88889],"texture":"#1"},"east":{"uv":[2.66667,10.22222,3.33333,12.88889],"texture":"#1"},"south":{"uv":[2.66667,10.22222,3.33333,12.88889],"texture":"#1"},"west":{"uv":[2.66667,10.22222,3.33333,12.88889],"texture":"#1"},"up":{"uv":[14,2.22222,14.66667,1.55556],"texture":"#1"},"down":{"uv":[14,2.22222,14.66667,2.88889],"texture":"#1"}}},{"from":[1.40705,12.4148,2.9],"to":[3.80705,14.0148,14.1],"rotation":{"angle":22.5,"axis":"z","origin":[8,7.62908,8.5]},"faces":{"north":{"uv":[12.44444,8,11.77778,8.44444],"texture":"#1"},"east":{"uv":[13.77778,8.88889,10.66667,9.33333],"texture":"#1"},"south":{"uv":[7.77778,12.66667,7.11111,13.11111],"texture":"#1"},"west":{"uv":[13.77778,8.88889,10.66667,9.33333],"texture":"#1"},"up":{"uv":[6.44444,12.66667,7.11111,9.55556],"texture":"#1"},"down":{"uv":[7.11111,9.55556,7.77778,12.66667],"texture":"#1"}}},{"from":[-1.85527,6.42879,2.3],"to":[0.54473,9.22879,5.1],"rotation":{"angle":-22.5,"axis":"z","origin":[8,7.62908,8.5]},"faces":{"north":{"uv":[14.22222,6.66667,13.55556,7.44444],"texture":"#1"},"east":{"uv":[13.44444,7.33333,12.66667,8.11111],"texture":"#1"},"south":{"uv":[13.55556,6.66667,14.22222,7.44444],"texture":"#1"},"west":{"uv":[13.44444,6.44444,12.66667,7.22222],"texture":"#1"},"up":{"uv":[0,14.55556,0.66667,13.77778],"texture":"#1"},"down":{"uv":[0.66667,13.77778,1.33333,14.55556],"texture":"#1"}}},{"from":[-2.72,10.24582,2.5],"to":[-0.52,12.64582,4.9],"rotation":{"angle":0,"axis":"y","origin":[8,7.62908,8.5]},"faces":{"north":{"uv":[14.66667,4.22222,14,4.88889],"texture":"#1"},"east":{"uv":[14.66667,9.77778,14,10.44444],"texture":"#1"},"south":{"uv":[14.66667,9.11111,14,9.77778],"texture":"#1"},"west":{"uv":[14.66667,8.44444,14,9.11111],"texture":"#1"},"up":{"uv":[13.33333,14.66667,14,14],"texture":"#1"},"down":{"uv":[14,14,14.66667,14.66667],"texture":"#1"}}},{"from":[-4.15684,2.10129,2.7],"to":[-1.55684,4.10129,4.7],"rotation":{"angle":-45,"axis":"z","origin":[8,7.62908,8.5]},"faces":{"north":{"uv":[15.44444,1.55556,14.66667,2.11111],"texture":"#1"},"east":{"uv":[6.55556,14.66667,6,15.22222],"texture":"#1"},"south":{"uv":[15.44444,2.22222,14.66667,2.77778],"texture":"#1"},"west":{"uv":[15.22222,4.22222,14.66667,4.77778],"texture":"#1"},"up":{"uv":[14.66667,3.44444,15.44444,2.88889],"texture":"#1"},"down":{"uv":[14.66667,3.55556,15.44444,4.11111],"texture":"#1"}}},{"from":[-5.25304,7.44366,2.9],"to":[-3.65304,10.04366,4.5],"rotation":{"angle":-22.5,"axis":"z","origin":[8,7.62908,8.5]},"faces":{"north":{"uv":[4.44444,7.77778,4,8.44444],"texture":"#1"},"east":{"uv":[7.55556,14.66667,7.11111,15.33333],"texture":"#1"},"south":{"uv":[7.11111,14.66667,6.66667,15.33333],"texture":"#1"},"west":{"uv":[10.66667,14.22222,10.22222,14.88889],"texture":"#1"},"up":{"uv":[14.22222,8.44444,14.66667,8],"texture":"#1"},"down":{"uv":[14.44444,6.22222,14.88889,6.66667],"texture":"#1"}}},{"from":[0.41119,4.15032,2.7],"to":[2.01119,7.95032,14.3],"rotation":{"angle":22.5,"axis":"z","origin":[8,7.62908,8.5]},"faces":{"north":{"uv":[4.44444,6.66667,4,7.77778],"texture":"#1"},"east":{"uv":[10.55556,8.44444,7.33333,9.55556],"texture":"#1"},"south":{"uv":[5.33333,13.77778,4.88889,14.88889],"texture":"#1"},"west":{"uv":[11.66667,6.44444,8.44444,7.55556],"texture":"#1"},"up":{"uv":[9.77778,14.11111,10.22222,10.88889],"texture":"#1"},"down":{"uv":[10.22222,10.88889,10.66667,14.11111],"texture":"#1"}}},{"from":[0.8,1.52582,3.3],"to":[15.2,11.12582,13.7],"rotation":{"angle":0,"axis":"y","origin":[8,7.62908,8.5]},"faces":{"north":{"uv":[4.44444,5.77778,8.44444,8.44444],"texture":"#1"},"east":{"uv":[8.44444,2.66667,11.33333,5.33333],"texture":"#1"},"south":{"uv":[4.44444,5.77778,8.44444,8.44444],"texture":"#1"},"west":{"uv":[8.44444,2.66667,11.33333,5.33333],"texture":"#1"},"up":{"uv":[8.44444,2.88889,4.44444,0],"texture":"#1"},"down":{"uv":[8.44444,2.88889,4.44444,5.77778],"texture":"#1"}}},{"from":[0,0.72582,2.5],"to":[16,2.32582,14.5],"rotation":{"angle":0,"axis":"y","origin":[8,7.62908,8.5]},"faces":{"north":{"uv":[7.77778,9.55556,12.22222,10],"texture":"#1"},"east":{"uv":[9.77778,10.44444,13.11111,10.88889],"texture":"#1"},"south":{"uv":[7.77778,10,12.22222,10.44444],"texture":"#1"},"west":{"uv":[9.77778,10.44444,13.11111,10.88889],"texture":"#1"},"up":{"uv":[4.44444,3.33333,0,0],"texture":"#1"},"down":{"uv":[4.44444,3.33333,0,6.66667],"texture":"#1"}}},{"from":[0,6.72582,2.5],"to":[16,8.32582,14.5],"rotation":{"angle":0,"axis":"y","origin":[8,7.62908,8.5]},"faces":{"north":{"uv":[7.77778,9.55556,12.22222,10],"texture":"#1"},"east":{"uv":[9.77778,10.44444,13.11111,10.88889],"texture":"#1"},"south":{"uv":[7.77778,10,12.22222,10.44444],"texture":"#1"},"west":{"uv":[9.77778,10.44444,13.11111,10.88889],"texture":"#1"},"up":{"uv":[4.44444,3.33333,0,0],"texture":"#1"},"down":{"uv":[4.44444,3.33333,0,6.66667],"texture":"#1"}}},{"from":[6.4,6.32582,2.1],"to":[9.6,8.72582,5.3],"rotation":{"angle":0,"axis":"y","origin":[8,7.62908,8.5]},"faces":{"north":{"uv":[13.11111,9.33333,14,10],"texture":"#1"},"east":{"uv":[13.11111,10,14,10.66667],"texture":"#1"},"south":{"uv":[10.66667,13.11111,11.55556,13.77778],"texture":"#1"},"west":{"uv":[11.55556,13.11111,12.44444,13.77778],"texture":"#1"},"up":{"uv":[13.11111,1.77778,12.22222,0.88889],"texture":"#1"},"down":{"uv":[13.11111,1.77778,12.22222,2.66667],"texture":"#1"}}},{"from":[6.8,7.92582,2.5],"to":[9.2,11.92582,14.5],"rotation":{"angle":0,"axis":"y","origin":[8,7.62908,8.5]},"faces":{"north":{"uv":[12.66667,5.33333,13.33333,6.44444],"texture":"#1"},"east":{"uv":[4,8.44444,7.33333,9.55556],"texture":"#1"},"south":{"uv":[6.44444,12.66667,7.11111,13.77778],"texture":"#1"},"west":{"uv":[8.44444,5.33333,11.77778,6.44444],"texture":"#1"},"up":{"uv":[5.77778,12.88889,5.11111,9.55556],"texture":"#1"},"down":{"uv":[6.44444,9.55556,5.77778,12.88889],"texture":"#1"}}},{"from":[10.1715,2.25758,2.7],"to":[13.3715,5.45758,4.7],"rotation":{"angle":-45,"axis":"z","origin":[8,7.62908,8.5]},"faces":{"north":{"uv":[10.66667,12.22222,11.55556,13.11111],"texture":"#1"},"east":{"uv":[12.66667,13.77778,13.22222,14.66667],"texture":"#1"},"south":{"uv":[11.55556,12.22222,12.44444,13.11111],"texture":"#1"},"west":{"uv":[14,0,14.55556,0.88889],"texture":"#1"},"up":{"uv":[14.66667,11.22222,13.77778,10.66667],"texture":"#1"},"down":{"uv":[14.88889,0.88889,14,1.44444],"texture":"#1"}}},{"from":[5.08033,7.34874,2.7],"to":[8.28033,10.54874,14.3],"rotation":{"angle":-45,"axis":"z","origin":[8,7.62908,8.5]},"faces":{"north":{"uv":[12.44444,11.33333,13.33333,12.22222],"texture":"#1"},"east":{"uv":[8.44444,7.55556,11.66667,8.44444],"texture":"#1"},"south":{"uv":[12.44444,12.22222,13.33333,13.11111],"texture":"#1"},"west":{"uv":[0,9.33333,3.22222,10.22222],"texture":"#1"},"up":{"uv":[4.22222,12.77778,3.33333,9.55556],"texture":"#1"},"down":{"uv":[5.11111,9.55556,4.22222,12.77778],"texture":"#1"}}},{"from":[-9.75,2.23142,7.9],"to":[6.25,19.23142,8.1],"rotation":{"angle":0,"axis":"z","origin":[19,7.73142,8]},"faces":{"north":{"uv":[14.22222,0,0,14.22222],"texture":"#2"},"south":{"uv":[0,0,14.22222,14.22222],"texture":"#2"}}},{"from":[-9.25,0.23142,7.95],"to":[6.75,17.23142,8.05],"rotation":{"angle":22.5,"axis":"z","origin":[-1.25,8.73142,8]},"faces":{"north":{"uv":[0,0,14.22222,14.22222],"texture":"#3"},"south":{"uv":[14.22222,0,0,14.22222],"texture":"#3"}}},{"from":[9.75,2.23142,7.9],"to":[25.75,19.23142,8.1],"rotation":{"angle":0,"axis":"z","origin":[-3,7.73142,8]},"faces":{"north":{"uv":[0,0,14.22222,14.22222],"texture":"#2"},"south":{"uv":[14.22222,0,0,14.22222],"texture":"#2"}}},{"from":[9.25,0.23142,7.95],"to":[25.25,17.23142,8.05],"rotation":{"angle":-22.5,"axis":"z","origin":[17.25,8.73142,8]},"faces":{"north":{"uv":[14.22222,0,0,14.22222],"texture":"#3"},"south":{"uv":[0,0,14.22222,14.22222],"texture":"#3"}}}],"gui_light":"front","display":{"thirdperson_righthand":{"rotation":[52.5,0,0],"translation":[0,1.25,0.5],"scale":[0.29,0.29,0.29]},"thirdperson_lefthand":{"rotation":[52.5,0,0],"translation":[0,1.25,0.5],"scale":[0.29,0.29,0.29]},"firstperson_righthand":{"translation":[1,1.25,0],"scale":[0.26,0.26,0.26]},"firstperson_lefthand":{"translation":[1,1.25,0],"scale":[0.26,0.26,0.26]},"ground":{"rotation":[17,0,0],"translation":[0,1,0],"scale":[0.43,0.43,0.43]},"gui":{"rotation":[-165.5,13.25,-180],"translation":[0.5,0,0],"scale":[0.61,0.61,0.61]},"head":{"translation":[0,-25.75,0],"scale":[1.99,1.99,1.99]},"fixed":{"rotation":[-90,0,0],"translation":[0,0,-30.25],"scale":[4,4,4]}},"mcmodels":"b2433d24f9edb4641057fce39a92de90"}