{"credit":"Made with Blockbench","textures":{"1":"leviathanset:texture","2":"leviathanset:lighting","4":"leviathanset:bluefire_x1","particle":"leviathanset:lighting"},"elements":[{"from":[7.568,6.92315,9.97361],"to":[8.432,7.40315,12.37361],"rotation":{"angle":45,"axis":"x","origin":[8,11.29677,8]},"faces":{"north":{"uv":[6.9375,3.25,6.75,3.375],"texture":"#1"},"east":{"uv":[6.625,0.5,6,0.625],"texture":"#1"},"south":{"uv":[6.9375,3.5,6.75,3.625],"texture":"#1"},"west":{"uv":[6,0.5,6.625,0.625],"texture":"#1"},"up":{"uv":[5.5,4.6875,6.125,4.5],"rotation":90,"texture":"#1"},"down":{"uv":[5.75,3,6.375,3.1875],"rotation":270,"texture":"#1"}}},{"from":[7.728,5.39968,4.71458],"to":[8.272,7.79968,5.51458],"rotation":{"angle":-22.5,"axis":"x","origin":[8,11.29677,8]},"faces":{"north":{"uv":[6.125,1,6,1.625],"texture":"#1"},"east":{"uv":[3.4375,5.75,3.25,6.375],"texture":"#1"},"south":{"uv":[6.125,1.75,6,2.375],"texture":"#1"},"west":{"uv":[3.25,5.75,3.4375,6.375],"texture":"#1"},"up":{"uv":[6.75,3.875,6.9375,3.75],"rotation":90,"texture":"#1"},"down":{"uv":[4,6.75,4.1875,6.875],"rotation":270,"texture":"#1"}}},{"from":[7.728,5.39968,10.48542],"to":[8.272,7.79968,11.28542],"rotation":{"angle":22.5,"axis":"x","origin":[8,11.29677,8]},"faces":{"north":{"uv":[6,1.75,6.125,2.375],"texture":"#1"},"east":{"uv":[3.25,5.75,3.4375,6.375],"texture":"#1"},"south":{"uv":[6,1,6.125,1.625],"texture":"#1"},"west":{"uv":[3.4375,5.75,3.25,6.375],"texture":"#1"},"up":{"uv":[6.9375,3.875,6.75,3.75],"rotation":90,"texture":"#1"},"down":{"uv":[4.1875,6.75,4,6.875],"rotation":270,"texture":"#1"}}},{"from":[7.568,6.92315,3.62639],"to":[8.432,7.40315,6.02639],"rotation":{"angle":-45,"axis":"x","origin":[8,11.29677,8]},"faces":{"north":{"uv":[6.75,3.5,6.9375,3.625],"texture":"#1"},"east":{"uv":[6,0.5,6.625,0.625],"texture":"#1"},"south":{"uv":[6.75,3.25,6.9375,3.375],"texture":"#1"},"west":{"uv":[6.625,0.5,6,0.625],"texture":"#1"},"up":{"uv":[6.125,4.6875,5.5,4.5],"rotation":90,"texture":"#1"},"down":{"uv":[6.375,3,5.75,3.1875],"rotation":270,"texture":"#1"}}},{"from":[7.5456,5.75525,10.25998],"to":[8.4544,6.29925,10.80398],"rotation":{"angle":45,"axis":"x","origin":[8,11.29677,8]},"faces":{"north":{"uv":[7,0.75,6.75,0.875],"texture":"#1"},"east":{"uv":[6.875,5,6.75,5.125],"texture":"#1"},"south":{"uv":[7,1,6.75,1.125],"texture":"#1"},"west":{"uv":[5.375,6.75,5.25,6.875],"texture":"#1"},"up":{"uv":[1.25,7,1.375,6.75],"rotation":90,"texture":"#1"},"down":{"uv":[6.75,1.25,6.875,1.5],"rotation":270,"texture":"#1"}}},{"from":[7.552,3.38028,5.68093],"to":[8.448,5.78028,6.44893],"rotation":{"angle":0,"axis":"y","origin":[8,11.29677,8]},"faces":{"north":{"uv":[5.75,3.75,5.5,4.375],"texture":"#1"},"east":{"uv":[4.1875,5.75,4,6.375],"texture":"#1"},"south":{"uv":[5.75,5.25,5.5,5.875],"texture":"#1"},"west":{"uv":[4,5.75,4.1875,6.375],"texture":"#1"},"up":{"uv":[2.25,6.75,2.4375,6.5],"rotation":90,"texture":"#1"},"down":{"uv":[6.5,2.25,6.6875,2.5],"rotation":270,"texture":"#1"}}},{"from":[7.52,3.67588,9.10667],"to":[8.48,4.57188,10.22667],"rotation":{"angle":22.5,"axis":"x","origin":[8,11.29677,8]},"faces":{"north":{"uv":[6.25,5.25,6,5.5],"texture":"#1"},"east":{"uv":[6.25,5,6,5.25],"texture":"#1"},"south":{"uv":[6.25,5.5,6,5.75],"texture":"#1"},"west":{"uv":[6,5,6.25,5.25],"texture":"#1"},"up":{"uv":[6,6,6.25,5.75],"rotation":90,"texture":"#1"},"down":{"uv":[6,6,6.25,6.25],"rotation":270,"texture":"#1"}}},{"from":[7.584,3.32219,11.86103],"to":[8.416,4.60219,12.50103],"rotation":{"angle":45,"axis":"x","origin":[8,11.29677,8]},"faces":{"north":{"uv":[6.4375,4.25,6.25,4.5625],"texture":"#1"},"east":{"uv":[6.4375,3.75,6.25,4.0625],"texture":"#1"},"south":{"uv":[4.9375,6.25,4.75,6.5625],"texture":"#1"},"west":{"uv":[6.25,3.75,6.4375,4.0625],"texture":"#1"},"up":{"uv":[6.5,4.4375,6.6875,4.25],"rotation":90,"texture":"#1"},"down":{"uv":[6.5,4.5,6.6875,4.6875],"rotation":270,"texture":"#1"}}},{"from":[7.616,3.3979,2.11001],"to":[8.384,4.6779,2.75001],"rotation":{"angle":-22.5,"axis":"x","origin":[8,11.29677,8]},"faces":{"north":{"uv":[6.4375,2,6.25,2.3125],"texture":"#1"},"east":{"uv":[6.4375,1.5,6.25,1.8125],"texture":"#1"},"south":{"uv":[6.4375,3.25,6.25,3.5625],"texture":"#1"},"west":{"uv":[6.25,1.5,6.4375,1.8125],"texture":"#1"},"up":{"uv":[6.5,4.1875,6.6875,4],"rotation":90,"texture":"#1"},"down":{"uv":[4.25,6.5,4.4375,6.6875],"rotation":270,"texture":"#1"}}},{"from":[7.6096,1.53832,9.41224],"to":[8.3904,1.99912,9.87304],"rotation":{"angle":22.5,"axis":"x","origin":[8,11.29677,8]},"faces":{"north":{"uv":[6.9375,4,6.75,4.125],"texture":"#1"},"east":{"uv":[6.875,5.25,6.75,5.375],"texture":"#1"},"south":{"uv":[4.4375,6.75,4.25,6.875],"texture":"#1"},"west":{"uv":[5.625,6.75,5.5,6.875],"texture":"#1"},"up":{"uv":[6.75,4.4375,6.875,4.25],"rotation":90,"texture":"#1"},"down":{"uv":[4.5,6.75,4.625,6.9375],"rotation":270,"texture":"#1"}}},{"from":[7.7956,12.75525,12.65998],"to":[8.2044,13.29925,13.20398],"rotation":{"angle":45,"axis":"x","origin":[8,18.29677,10.4]},"faces":{"north":{"uv":[7,0.75,6.75,0.875],"texture":"#1"},"east":{"uv":[6.875,5,6.75,5.125],"texture":"#1"},"south":{"uv":[7,1,6.75,1.125],"texture":"#1"},"west":{"uv":[5.375,6.75,5.25,6.875],"texture":"#1"},"up":{"uv":[1.25,7,1.375,6.75],"rotation":90,"texture":"#1"},"down":{"uv":[6.75,1.25,6.875,1.5],"rotation":270,"texture":"#1"}}},{"from":[7.802,10.38028,8.08093],"to":[8.198,12.78028,8.84893],"rotation":{"angle":0,"axis":"y","origin":[8,18.29677,10.4]},"faces":{"north":{"uv":[5.75,3.75,5.5,4.375],"texture":"#1"},"east":{"uv":[4.1875,5.75,4,6.375],"texture":"#1"},"south":{"uv":[5.75,5.25,5.5,5.875],"texture":"#1"},"west":{"uv":[4,5.75,4.1875,6.375],"texture":"#1"},"up":{"uv":[2.25,6.75,2.4375,6.5],"rotation":90,"texture":"#1"},"down":{"uv":[6.5,2.25,6.6875,2.5],"rotation":270,"texture":"#1"}}},{"from":[7.834,10.32219,14.26103],"to":[8.166,11.60219,14.90103],"rotation":{"angle":45,"axis":"x","origin":[8,18.29677,10.4]},"faces":{"north":{"uv":[6.4375,4.25,6.25,4.5625],"texture":"#1"},"east":{"uv":[6.4375,3.75,6.25,4.0625],"texture":"#1"},"south":{"uv":[4.9375,6.25,4.75,6.5625],"texture":"#1"},"west":{"uv":[6.25,3.75,6.4375,4.0625],"texture":"#1"},"up":{"uv":[6.5,4.4375,6.6875,4.25],"rotation":90,"texture":"#1"},"down":{"uv":[6.5,4.5,6.6875,4.6875],"rotation":270,"texture":"#1"}}},{"from":[7.866,10.3979,4.51001],"to":[8.134,11.6779,5.15001],"rotation":{"angle":-22.5,"axis":"x","origin":[8,18.29677,10.4]},"faces":{"north":{"uv":[6.4375,2,6.25,2.3125],"texture":"#1"},"east":{"uv":[6.4375,1.5,6.25,1.8125],"texture":"#1"},"south":{"uv":[6.4375,3.25,6.25,3.5625],"texture":"#1"},"west":{"uv":[6.25,1.5,6.4375,1.8125],"texture":"#1"},"up":{"uv":[6.5,4.1875,6.6875,4],"rotation":90,"texture":"#1"},"down":{"uv":[4.25,6.5,4.4375,6.6875],"rotation":270,"texture":"#1"}}},{"from":[7.52,3.67588,5.77333],"to":[8.48,4.57188,6.89333],"rotation":{"angle":-22.5,"axis":"x","origin":[8,11.29677,8]},"faces":{"north":{"uv":[6,5.5,6.25,5.75],"texture":"#1"},"east":{"uv":[6,5,6.25,5.25],"texture":"#1"},"south":{"uv":[6,5.25,6.25,5.5],"texture":"#1"},"west":{"uv":[6.25,5,6,5.25],"texture":"#1"},"up":{"uv":[6.25,6,6,5.75],"rotation":90,"texture":"#1"},"down":{"uv":[6.25,6,6,6.25],"rotation":270,"texture":"#1"}}},{"from":[7.552,3.38028,9.55107],"to":[8.448,5.78028,10.31907],"rotation":{"angle":0,"axis":"y","origin":[8,11.29677,8]},"faces":{"north":{"uv":[5.5,5.25,5.75,5.875],"texture":"#1"},"east":{"uv":[4,5.75,4.1875,6.375],"texture":"#1"},"south":{"uv":[5.5,3.75,5.75,4.375],"texture":"#1"},"west":{"uv":[4.1875,5.75,4,6.375],"texture":"#1"},"up":{"uv":[2.4375,6.75,2.25,6.5],"rotation":90,"texture":"#1"},"down":{"uv":[6.6875,2.25,6.5,2.5],"rotation":270,"texture":"#1"}}},{"from":[7.5456,5.75525,5.19602],"to":[8.4544,6.29925,5.74002],"rotation":{"angle":-45,"axis":"x","origin":[8,11.29677,8]},"faces":{"north":{"uv":[6.75,1,7,1.125],"texture":"#1"},"east":{"uv":[6.75,5,6.875,5.125],"texture":"#1"},"south":{"uv":[6.75,0.75,7,0.875],"texture":"#1"},"west":{"uv":[5.25,6.75,5.375,6.875],"texture":"#1"},"up":{"uv":[1.375,7,1.25,6.75],"rotation":90,"texture":"#1"},"down":{"uv":[6.875,1.25,6.75,1.5],"rotation":270,"texture":"#1"}}},{"from":[7.584,3.32219,3.49897],"to":[8.416,4.60219,4.13897],"rotation":{"angle":-45,"axis":"x","origin":[8,11.29677,8]},"faces":{"north":{"uv":[4.75,6.25,4.9375,6.5625],"texture":"#1"},"east":{"uv":[6.25,3.75,6.4375,4.0625],"texture":"#1"},"south":{"uv":[6.25,4.25,6.4375,4.5625],"texture":"#1"},"west":{"uv":[6.4375,3.75,6.25,4.0625],"texture":"#1"},"up":{"uv":[6.6875,4.4375,6.5,4.25],"rotation":90,"texture":"#1"},"down":{"uv":[6.6875,4.5,6.5,4.6875],"rotation":270,"texture":"#1"}}},{"from":[7.616,3.3979,13.24999],"to":[8.384,4.6779,13.88999],"rotation":{"angle":22.5,"axis":"x","origin":[8,11.29677,8]},"faces":{"north":{"uv":[6.25,3.25,6.4375,3.5625],"texture":"#1"},"east":{"uv":[6.25,1.5,6.4375,1.8125],"texture":"#1"},"south":{"uv":[6.25,2,6.4375,2.3125],"texture":"#1"},"west":{"uv":[6.4375,1.5,6.25,1.8125],"texture":"#1"},"up":{"uv":[6.6875,4.1875,6.5,4],"rotation":90,"texture":"#1"},"down":{"uv":[4.4375,6.5,4.25,6.6875],"rotation":270,"texture":"#1"}}},{"from":[7.6096,1.53832,6.12696],"to":[8.3904,1.99912,6.58776],"rotation":{"angle":-22.5,"axis":"x","origin":[8,11.29677,8]},"faces":{"north":{"uv":[4.25,6.75,4.4375,6.875],"texture":"#1"},"east":{"uv":[6.75,5.25,6.875,5.375],"texture":"#1"},"south":{"uv":[6.75,4,6.9375,4.125],"texture":"#1"},"west":{"uv":[5.5,6.75,5.625,6.875],"texture":"#1"},"up":{"uv":[6.875,4.4375,6.75,4.25],"rotation":90,"texture":"#1"},"down":{"uv":[4.625,6.75,4.5,6.9375],"rotation":270,"texture":"#1"}}},{"from":[7.5456,3.60658,4.40312],"to":[8.4544,4.15058,4.94712],"rotation":{"angle":-45,"axis":"x","origin":[8,11.29677,8]},"faces":{"north":{"uv":[2.75,6.75,3,6.875],"texture":"#1"},"east":{"uv":[6.75,6.25,6.875,6.375],"texture":"#1"},"south":{"uv":[6.75,2.5,7,2.625],"texture":"#1"},"west":{"uv":[6.5,6.75,6.625,6.875],"texture":"#1"},"up":{"uv":[6.875,3,6.75,2.75],"rotation":90,"texture":"#1"},"down":{"uv":[3.125,6.75,3,7],"rotation":270,"texture":"#1"}}},{"from":[7.552,3.70028,10.51107],"to":[8.448,4.98028,11.27907],"rotation":{"angle":0,"axis":"y","origin":[8,11.29677,8]},"faces":{"north":{"uv":[2.25,6,2.5,6.3125],"texture":"#1"},"east":{"uv":[0.5,6.5,0.6875,6.8125],"texture":"#1"},"south":{"uv":[2,6,2.25,6.3125],"texture":"#1"},"west":{"uv":[0.6875,6.5,0.5,6.8125],"texture":"#1"},"up":{"uv":[6.6875,3.5,6.5,3.25],"rotation":90,"texture":"#1"},"down":{"uv":[6.6875,3.5,6.5,3.75],"rotation":270,"texture":"#1"}}},{"from":[7.5456,4.51074,5.30916],"to":[8.4544,5.05474,5.85316],"rotation":{"angle":-45,"axis":"x","origin":[8,11.29677,8]},"faces":{"north":{"uv":[1.75,6.75,2,6.875],"texture":"#1"},"east":{"uv":[6.75,5.75,6.875,5.875],"texture":"#1"},"south":{"uv":[1.5,6.75,1.75,6.875],"texture":"#1"},"west":{"uv":[6,6.75,6.125,6.875],"texture":"#1"},"up":{"uv":[6.875,2,6.75,1.75],"rotation":90,"texture":"#1"},"down":{"uv":[2.125,6.75,2,7],"rotation":270,"texture":"#1"}}},{"from":[8,-0.01858,2.82],"to":[8,5.60367,6.98],"rotation":{"angle":0,"axis":"y","origin":[8,11.29677,8]},"faces":{"north":{"uv":[0,0,0,1.375],"texture":"#1"},"east":{"uv":[4.5625,0,3.5,1.375],"texture":"#1"},"south":{"uv":[0,0,0,1.375],"texture":"#1"},"west":{"uv":[3.5,0,4.5625,1.375],"texture":"#1"},"up":{"uv":[0,0,1.0625,0],"rotation":90,"texture":"#1"},"down":{"uv":[0,0,1.0625,0],"rotation":270,"texture":"#1"}}},{"from":[7.18,5.09882,1.80205],"to":[8.82,7.49882,4.20205],"rotation":{"angle":-45,"axis":"x","origin":[8,11.29677,8]},"faces":{"north":{"uv":[4.75,3,5.125,3.625],"texture":"#1"},"east":{"uv":[4.75,0.75,5.375,1.375],"texture":"#1"},"south":{"uv":[2.75,4.75,3.125,5.375],"texture":"#1"},"west":{"uv":[5.375,0.75,4.75,1.375],"texture":"#1"},"up":{"uv":[5.375,4.125,4.75,3.75],"rotation":90,"texture":"#1"},"down":{"uv":[5.375,4.25,4.75,4.625],"rotation":270,"texture":"#1"}}},{"from":[7.44,2.5366,7.44],"to":[8.56,3.1766,8.56],"rotation":{"angle":45,"axis":"y","origin":[8,11.29677,8]},"faces":{"north":{"uv":[6.5,2,6.75,2.1875],"texture":"#1"},"east":{"uv":[1.75,6.5,2,6.6875],"texture":"#1"},"south":{"uv":[6.5,1.75,6.75,1.9375],"texture":"#1"},"west":{"uv":[2,6.5,2.25,6.6875],"texture":"#1"},"up":{"uv":[6.25,3.75,6,3.5],"rotation":90,"texture":"#1"},"down":{"uv":[6.25,3.75,6,4],"rotation":270,"texture":"#1"}}},{"from":[7.44,1.8966,7.44],"to":[8.56,2.3766,8.56],"rotation":{"angle":45,"axis":"y","origin":[8,11.29677,8]},"faces":{"north":{"uv":[6.75,0.5,7,0.625],"texture":"#1"},"east":{"uv":[6.5,6.5,6.75,6.625],"texture":"#1"},"south":{"uv":[6.75,0,7,0.125],"texture":"#1"},"west":{"uv":[6.75,0.25,7,0.375],"texture":"#1"},"up":{"uv":[6.25,4.25,6,4],"rotation":90,"texture":"#1"},"down":{"uv":[6.25,4.25,6,4.5],"rotation":270,"texture":"#1"}}},{"from":[7.44,0.1234,7.44],"to":[8.56,0.6034,8.56],"rotation":{"angle":45,"axis":"y","origin":[8,11.29677,8]},"faces":{"north":{"uv":[6.75,0.625,7,0.5],"texture":"#1"},"east":{"uv":[6.5,6.625,6.75,6.5],"texture":"#1"},"south":{"uv":[6.75,0.125,7,0],"texture":"#1"},"west":{"uv":[6.75,0.375,7,0.25],"texture":"#1"},"up":{"uv":[6.25,4.5,6,4.25],"rotation":90,"texture":"#1"},"down":{"uv":[6.25,4,6,4.25],"rotation":270,"texture":"#1"}}},{"from":[7.44,-0.6766,7.44],"to":[8.56,-0.0366,8.56],"rotation":{"angle":45,"axis":"y","origin":[8,11.29677,8]},"faces":{"north":{"uv":[6.5,2.1875,6.75,2],"texture":"#1"},"east":{"uv":[1.75,6.6875,2,6.5],"texture":"#1"},"south":{"uv":[6.5,1.9375,6.75,1.75],"texture":"#1"},"west":{"uv":[2,6.6875,2.25,6.5],"texture":"#1"},"up":{"uv":[6.25,4,6,3.75],"rotation":90,"texture":"#1"},"down":{"uv":[6.25,3.5,6,3.75],"rotation":270,"texture":"#1"}}},{"from":[7.18,1.36003,-1.93674],"to":[8.82,3.12003,-0.17674],"rotation":{"angle":-45,"axis":"x","origin":[8,11.29677,8]},"faces":{"north":{"uv":[5.5,1.25,5.875,1.6875],"texture":"#1"},"east":{"uv":[4,5.25,4.4375,5.6875],"texture":"#1"},"south":{"uv":[5.5,0.75,5.875,1.1875],"texture":"#1"},"west":{"uv":[4.4375,5.25,4,5.6875],"texture":"#1"},"up":{"uv":[5.9375,2.125,5.5,1.75],"rotation":90,"texture":"#1"},"down":{"uv":[2.4375,5.5,2,5.875],"rotation":270,"texture":"#1"}}},{"from":[7.584,-2.29031,11.74629],"to":[8.416,-1.01031,12.38629],"rotation":{"angle":22.5,"axis":"x","origin":[8,11.29677,8]},"faces":{"north":{"uv":[6.4375,5.25,6.25,5.5625],"texture":"#1"},"east":{"uv":[6.4375,4.75,6.25,5.0625],"texture":"#1"},"south":{"uv":[6.4375,5.75,6.25,6.0625],"texture":"#1"},"west":{"uv":[6.25,4.75,6.4375,5.0625],"texture":"#1"},"up":{"uv":[6.5,4.9375,6.6875,4.75],"rotation":90,"texture":"#1"},"down":{"uv":[5,6.5,5.1875,6.6875],"rotation":270,"texture":"#1"}}},{"from":[7.616,-2.23978,1.04152],"to":[8.384,-0.95978,1.68152],"rotation":{"angle":-22.5,"axis":"x","origin":[8,11.29677,8]},"faces":{"north":{"uv":[6.4375,6.25,6.25,6.5625],"texture":"#1"},"east":{"uv":[6.1875,6.25,6,6.5625],"texture":"#1"},"south":{"uv":[0.4375,6.5,0.25,6.8125],"texture":"#1"},"west":{"uv":[6,6.25,6.1875,6.5625],"texture":"#1"},"up":{"uv":[6.5,5.1875,6.6875,5],"rotation":90,"texture":"#1"},"down":{"uv":[5.25,6.5,5.4375,6.6875],"rotation":270,"texture":"#1"}}},{"from":[7.6096,-3.20366,12.64314],"to":[8.3904,-2.74286,13.10394],"rotation":{"angle":22.5,"axis":"x","origin":[8,11.29677,8]},"faces":{"north":{"uv":[6.9375,4.5,6.75,4.625],"texture":"#1"},"east":{"uv":[6.875,5.5,6.75,5.625],"texture":"#1"},"south":{"uv":[4.9375,6.75,4.75,6.875],"texture":"#1"},"west":{"uv":[5.875,6.75,5.75,6.875],"texture":"#1"},"up":{"uv":[6.75,4.9375,6.875,4.75],"rotation":90,"texture":"#1"},"down":{"uv":[5,6.75,5.125,6.9375],"rotation":270,"texture":"#1"}}},{"from":[7.664,0.16238,-3.13439],"to":[8.336,0.96238,-2.33439],"rotation":{"angle":-45,"axis":"x","origin":[8,11.29677,8]},"faces":{"north":{"uv":[6.5,5.75,6.6875,5.9375],"texture":"#1"},"east":{"uv":[6.5,5.25,6.6875,5.4375],"texture":"#1"},"south":{"uv":[6.5,5.5,6.6875,5.6875],"texture":"#1"},"west":{"uv":[5.75,6.5,5.9375,6.6875],"texture":"#1"},"up":{"uv":[6.6875,6.1875,6.5,6],"rotation":90,"texture":"#1"},"down":{"uv":[6.6875,6.25,6.5,6.4375],"rotation":270,"texture":"#1"}}},{"from":[7.6,-0.45017,-3.74693],"to":[8.4,0.66983,-2.62693],"rotation":{"angle":-45,"axis":"x","origin":[8,11.29677,8]},"faces":{"north":{"uv":[3,6.5,3.1875,6.75],"texture":"#1"},"east":{"uv":[6.25,1,6.5,1.25],"texture":"#1"},"south":{"uv":[2.75,6.5,2.9375,6.75],"texture":"#1"},"west":{"uv":[6.25,1.25,6.5,1.5],"texture":"#1"},"up":{"uv":[6.75,3.1875,6.5,3],"rotation":90,"texture":"#1"},"down":{"uv":[3.5,6.5,3.25,6.6875],"rotation":270,"texture":"#1"}}},{"from":[8,-6.16858,8.17],"to":[8,-0.54633,10.08],"rotation":{"angle":0,"axis":"y","origin":[8,11.29677,8]},"faces":{"north":{"uv":[0,0,0,1.375],"texture":"#1"},"east":{"uv":[3.5,1.5,4,2.875],"texture":"#1"},"south":{"uv":[0,0,0,1.375],"texture":"#1"},"west":{"uv":[4,1.5,3.5,2.875],"texture":"#1"},"up":{"uv":[0,0,1.0625,0],"rotation":90,"texture":"#1"},"down":{"uv":[0,0,1.0625,0],"rotation":270,"texture":"#1"}}},{"from":[7.6,-0.0234,7.6],"to":[8.4,2.5366,8.4],"rotation":{"angle":45,"axis":"y","origin":[8,11.29677,8]},"faces":{"north":{"uv":[3,5.75,3.1875,6.375],"texture":"#1"},"east":{"uv":[5.75,0,5.9375,0.625],"texture":"#1"},"south":{"uv":[5.75,2.25,5.9375,2.875],"texture":"#1"},"west":{"uv":[2.75,5.75,2.9375,6.375],"texture":"#1"},"up":{"uv":[6.6875,3.9375,6.5,3.75],"rotation":90,"texture":"#1"},"down":{"uv":[4.1875,6.5,4,6.6875],"rotation":270,"texture":"#1"}}},{"from":[7.728,7.82825,4.53148],"to":[8.272,10.22825,6.93148],"rotation":{"angle":-45,"axis":"x","origin":[8,11.29677,8]},"faces":{"north":{"uv":[5.75,5.75,5.875,6.375],"texture":"#1"},"east":{"uv":[2,4.75,2.625,5.375],"texture":"#1"},"south":{"uv":[5.25,5.75,5.375,6.375],"texture":"#1"},"west":{"uv":[2.625,4.75,2,5.375],"texture":"#1"},"up":{"uv":[6.625,0.125,6,0],"rotation":90,"texture":"#1"},"down":{"uv":[6.625,0.25,6,0.375],"rotation":270,"texture":"#1"}}},{"from":[7.44,-2.2914,7.22],"to":[8.56,-0.7314,8.78],"rotation":{"angle":0,"axis":"y","origin":[8,11.29677,8]},"faces":{"north":{"uv":[4.75,5.75,5,6.1875],"texture":"#1"},"east":{"uv":[4.75,4.75,5.1875,5.1875],"texture":"#1"},"south":{"uv":[4.5,5.75,4.75,6.1875],"texture":"#1"},"west":{"uv":[5.1875,4.75,4.75,5.1875],"texture":"#1"},"up":{"uv":[6.1875,3.5,5.75,3.25],"rotation":90,"texture":"#1"},"down":{"uv":[6.1875,4.75,5.75,5],"rotation":270,"texture":"#1"}}},{"from":[7.34,3.0286,6.8],"to":[8.66,5.4286,9.2],"rotation":{"angle":0,"axis":"y","origin":[8,11.29677,8]},"faces":{"north":{"uv":[2.5,5.5,2.75,6.125],"texture":"#1"},"east":{"uv":[4,4.5,4.625,5.125],"texture":"#1"},"south":{"uv":[5.5,2.25,5.75,2.875],"texture":"#1"},"west":{"uv":[4.625,4.5,4,5.125],"texture":"#1"},"up":{"uv":[5.875,3.75,5.25,3.5],"rotation":90,"texture":"#1"},"down":{"uv":[3.375,5.5,2.75,5.75],"rotation":270,"texture":"#1"}}},{"from":[8,5.33142,4.07],"to":[8,22.35367,11.43],"rotation":{"angle":0,"axis":"y","origin":[8,11.29677,8]},"faces":{"north":{"uv":[0,0,0,6.5],"texture":"#1"},"east":{"uv":[13.06251,2.5,11.25001,6.5],"texture":"#1"},"south":{"uv":[0,0,0,6.5],"texture":"#1"},"west":{"uv":[11.25001,2.5,13.06251,6.5],"texture":"#1"},"up":{"uv":[0,0,1.8125,0],"rotation":90,"texture":"#1"},"down":{"uv":[0,0,1.8125,0],"rotation":270,"texture":"#1"}}},{"from":[7.95,2.73142,-1],"to":[8.05,19.73142,15],"rotation":{"angle":0,"axis":"x","origin":[8,16.29677,6.5]},"faces":{"east":{"uv":[0,0,16,16],"rotation":180,"texture":"#2"},"west":{"uv":[16,0,0,16],"rotation":180,"texture":"#2"}}},{"from":[7.9,4.23142,6.75],"to":[8.1,11.73142,14.3],"rotation":{"angle":0,"axis":"y","origin":[8,14.29677,7]},"faces":{"east":{"uv":[16,0,0,16],"rotation":180,"texture":"#4"},"west":{"uv":[0,0,16,16],"rotation":180,"texture":"#4"}}}],"gui_light":"front","display":{"thirdperson_righthand":{"translation":[0,3.75,1.5],"scale":[0.85,0.85,0.85]},"thirdperson_lefthand":{"translation":[0,3.75,1.5],"scale":[0.85,0.85,0.85]},"firstperson_righthand":{"rotation":[-15.25,0,0],"translation":[9.5,0.5,-5.75],"scale":[0.8,0.8,0.8]},"firstperson_lefthand":{"rotation":[-15.25,0,0],"translation":[9.5,0.5,-5.75],"scale":[0.8,0.8,0.8]},"ground":{"rotation":[0,0,-79],"scale":[0.53,0.53,0.53]},"gui":{"rotation":[-90,45,90],"translation":[0.75,-0.75,0],"scale":[0.5,0.5,0.5]},"head":{"scale":[0.01,0.01,0.01]},"fixed":{"rotation":[0,-90,0],"translation":[0,-0.75,-0.25]}},"mcmodels":"b2433d24f9edb4641057fce39a92de90"}