{"credit":"Made with Blockbench","textures":{"1":"leviathanset:texture","particle":"leviathanset:lighting"},"elements":[{"from":[7.5456,9.50525,10.25998],"to":[8.4544,10.04925,10.80398],"rotation":{"angle":45,"axis":"x","origin":[8,15.04677,8]},"faces":{"north":{"uv":[7,0.75,6.75,0.875],"texture":"#1"},"east":{"uv":[6.875,5,6.75,5.125],"texture":"#1"},"south":{"uv":[7,1,6.75,1.125],"texture":"#1"},"west":{"uv":[5.375,6.75,5.25,6.875],"texture":"#1"},"up":{"uv":[1.25,7,1.375,6.75],"rotation":90,"texture":"#1"},"down":{"uv":[6.75,1.25,6.875,1.5],"rotation":270,"texture":"#1"}}},{"from":[7.552,7.13028,5.68093],"to":[8.448,9.53028,6.44893],"rotation":{"angle":0,"axis":"y","origin":[8,15.04677,8]},"faces":{"north":{"uv":[5.75,3.75,5.5,4.375],"texture":"#1"},"east":{"uv":[4.1875,5.75,4,6.375],"texture":"#1"},"south":{"uv":[5.75,5.25,5.5,5.875],"texture":"#1"},"west":{"uv":[4,5.75,4.1875,6.375],"texture":"#1"},"up":{"uv":[2.25,6.75,2.4375,6.5],"rotation":90,"texture":"#1"},"down":{"uv":[6.5,2.25,6.6875,2.5],"rotation":270,"texture":"#1"}}},{"from":[7.52,7.42588,9.10667],"to":[8.48,8.32188,10.22667],"rotation":{"angle":22.5,"axis":"x","origin":[8,15.04677,8]},"faces":{"north":{"uv":[6.25,5.25,6,5.5],"texture":"#1"},"east":{"uv":[6.25,5,6,5.25],"texture":"#1"},"south":{"uv":[6.25,5.5,6,5.75],"texture":"#1"},"west":{"uv":[6,5,6.25,5.25],"texture":"#1"},"up":{"uv":[6,6,6.25,5.75],"rotation":90,"texture":"#1"},"down":{"uv":[6,6,6.25,6.25],"rotation":270,"texture":"#1"}}},{"from":[7.584,7.07219,11.86103],"to":[8.416,8.35219,12.50103],"rotation":{"angle":45,"axis":"x","origin":[8,15.04677,8]},"faces":{"north":{"uv":[6.4375,4.25,6.25,4.5625],"texture":"#1"},"east":{"uv":[6.4375,3.75,6.25,4.0625],"texture":"#1"},"south":{"uv":[4.9375,6.25,4.75,6.5625],"texture":"#1"},"west":{"uv":[6.25,3.75,6.4375,4.0625],"texture":"#1"},"up":{"uv":[6.5,4.4375,6.6875,4.25],"rotation":90,"texture":"#1"},"down":{"uv":[6.5,4.5,6.6875,4.6875],"rotation":270,"texture":"#1"}}},{"from":[7.616,7.1479,2.11001],"to":[8.384,8.4279,2.75001],"rotation":{"angle":-22.5,"axis":"x","origin":[8,15.04677,8]},"faces":{"north":{"uv":[6.4375,2,6.25,2.3125],"texture":"#1"},"east":{"uv":[6.4375,1.5,6.25,1.8125],"texture":"#1"},"south":{"uv":[6.4375,3.25,6.25,3.5625],"texture":"#1"},"west":{"uv":[6.25,1.5,6.4375,1.8125],"texture":"#1"},"up":{"uv":[6.5,4.1875,6.6875,4],"rotation":90,"texture":"#1"},"down":{"uv":[4.25,6.5,4.4375,6.6875],"rotation":270,"texture":"#1"}}},{"from":[7.6096,5.28832,9.41224],"to":[8.3904,5.74912,9.87304],"rotation":{"angle":22.5,"axis":"x","origin":[8,15.04677,8]},"faces":{"north":{"uv":[6.9375,4,6.75,4.125],"texture":"#1"},"east":{"uv":[6.875,5.25,6.75,5.375],"texture":"#1"},"south":{"uv":[4.4375,6.75,4.25,6.875],"texture":"#1"},"west":{"uv":[5.625,6.75,5.5,6.875],"texture":"#1"},"up":{"uv":[6.75,4.4375,6.875,4.25],"rotation":90,"texture":"#1"},"down":{"uv":[4.5,6.75,4.625,6.9375],"rotation":270,"texture":"#1"}}},{"from":[7.741,2.33923,6.53161],"to":[8.259,2.97923,7.81161],"rotation":{"angle":0,"axis":"x","origin":[7.875,2.66215,6.85161]},"faces":{"north":{"uv":[4.25,6.5,4.4375,6.6875],"rotation":90,"texture":"#1"},"east":{"uv":[6.4375,1.5,6.25,1.8125],"rotation":270,"texture":"#1"},"south":{"uv":[6.5,4.1875,6.6875,4],"rotation":90,"texture":"#1"},"west":{"uv":[6.25,1.5,6.4375,1.8125],"rotation":90,"texture":"#1"},"up":{"uv":[6.4375,2,6.25,2.3125],"rotation":180,"texture":"#1"},"down":{"uv":[6.4375,3.25,6.25,3.5625],"texture":"#1"}}},{"from":[7.7346,2.66009,6.397],"to":[8.2654,3.12089,6.8578],"rotation":{"angle":-45,"axis":"x","origin":[7.875,2.66215,6.85161]},"faces":{"north":{"uv":[4.4375,6.75,4.25,6.875],"rotation":180,"texture":"#1"},"east":{"uv":[6.875,5.25,6.75,5.375],"rotation":180,"texture":"#1"},"south":{"uv":[6.9375,4,6.75,4.125],"rotation":180,"texture":"#1"},"west":{"uv":[5.625,6.75,5.5,6.875],"rotation":180,"texture":"#1"},"up":{"uv":[4.5,6.75,4.625,6.9375],"rotation":270,"texture":"#1"},"down":{"uv":[6.75,4.4375,6.875,4.25],"rotation":90,"texture":"#1"}}},{"from":[7.741,3.58923,6.88161],"to":[8.259,4.22923,8.16161],"rotation":{"angle":0,"axis":"x","origin":[7.875,3.91215,7.20161]},"faces":{"north":{"uv":[4.25,6.5,4.4375,6.6875],"rotation":90,"texture":"#1"},"east":{"uv":[6.4375,1.5,6.25,1.8125],"rotation":270,"texture":"#1"},"south":{"uv":[6.5,4.1875,6.6875,4],"rotation":90,"texture":"#1"},"west":{"uv":[6.25,1.5,6.4375,1.8125],"rotation":90,"texture":"#1"},"up":{"uv":[6.4375,2,6.25,2.3125],"rotation":180,"texture":"#1"},"down":{"uv":[6.4375,3.25,6.25,3.5625],"texture":"#1"}}},{"from":[7.7346,3.91009,6.747],"to":[8.2654,4.37089,7.2078],"rotation":{"angle":-45,"axis":"x","origin":[7.875,3.91215,7.20161]},"faces":{"north":{"uv":[4.4375,6.75,4.25,6.875],"rotation":180,"texture":"#1"},"east":{"uv":[6.875,5.25,6.75,5.375],"rotation":180,"texture":"#1"},"south":{"uv":[6.9375,4,6.75,4.125],"rotation":180,"texture":"#1"},"west":{"uv":[5.625,6.75,5.5,6.875],"rotation":180,"texture":"#1"},"up":{"uv":[4.5,6.75,4.625,6.9375],"rotation":270,"texture":"#1"},"down":{"uv":[6.75,4.4375,6.875,4.25],"rotation":90,"texture":"#1"}}},{"from":[7.52,7.42588,5.77333],"to":[8.48,8.32188,6.89333],"rotation":{"angle":-22.5,"axis":"x","origin":[8,15.04677,8]},"faces":{"north":{"uv":[6,5.5,6.25,5.75],"texture":"#1"},"east":{"uv":[6,5,6.25,5.25],"texture":"#1"},"south":{"uv":[6,5.25,6.25,5.5],"texture":"#1"},"west":{"uv":[6.25,5,6,5.25],"texture":"#1"},"up":{"uv":[6.25,6,6,5.75],"rotation":90,"texture":"#1"},"down":{"uv":[6.25,6,6,6.25],"rotation":270,"texture":"#1"}}},{"from":[7.552,7.13028,9.55107],"to":[8.448,9.53028,10.31907],"rotation":{"angle":0,"axis":"y","origin":[8,15.04677,8]},"faces":{"north":{"uv":[5.5,5.25,5.75,5.875],"texture":"#1"},"east":{"uv":[4,5.75,4.1875,6.375],"texture":"#1"},"south":{"uv":[5.5,3.75,5.75,4.375],"texture":"#1"},"west":{"uv":[4.1875,5.75,4,6.375],"texture":"#1"},"up":{"uv":[2.4375,6.75,2.25,6.5],"rotation":90,"texture":"#1"},"down":{"uv":[6.6875,2.25,6.5,2.5],"rotation":270,"texture":"#1"}}},{"from":[7.5456,9.50525,5.19602],"to":[8.4544,10.04925,5.74002],"rotation":{"angle":-45,"axis":"x","origin":[8,15.04677,8]},"faces":{"north":{"uv":[6.75,1,7,1.125],"texture":"#1"},"east":{"uv":[6.75,5,6.875,5.125],"texture":"#1"},"south":{"uv":[6.75,0.75,7,0.875],"texture":"#1"},"west":{"uv":[5.25,6.75,5.375,6.875],"texture":"#1"},"up":{"uv":[1.375,7,1.25,6.75],"rotation":90,"texture":"#1"},"down":{"uv":[6.875,1.25,6.75,1.5],"rotation":270,"texture":"#1"}}},{"from":[7.584,7.07219,3.49897],"to":[8.416,8.35219,4.13897],"rotation":{"angle":-45,"axis":"x","origin":[8,15.04677,8]},"faces":{"north":{"uv":[4.75,6.25,4.9375,6.5625],"texture":"#1"},"east":{"uv":[6.25,3.75,6.4375,4.0625],"texture":"#1"},"south":{"uv":[6.25,4.25,6.4375,4.5625],"texture":"#1"},"west":{"uv":[6.4375,3.75,6.25,4.0625],"texture":"#1"},"up":{"uv":[6.6875,4.4375,6.5,4.25],"rotation":90,"texture":"#1"},"down":{"uv":[6.6875,4.5,6.5,4.6875],"rotation":270,"texture":"#1"}}},{"from":[7.616,7.1479,13.24999],"to":[8.384,8.4279,13.88999],"rotation":{"angle":22.5,"axis":"x","origin":[8,15.04677,8]},"faces":{"north":{"uv":[6.25,3.25,6.4375,3.5625],"texture":"#1"},"east":{"uv":[6.25,1.5,6.4375,1.8125],"texture":"#1"},"south":{"uv":[6.25,2,6.4375,2.3125],"texture":"#1"},"west":{"uv":[6.4375,1.5,6.25,1.8125],"texture":"#1"},"up":{"uv":[6.6875,4.1875,6.5,4],"rotation":90,"texture":"#1"},"down":{"uv":[4.4375,6.5,4.25,6.6875],"rotation":270,"texture":"#1"}}},{"from":[7.6096,5.28832,6.12696],"to":[8.3904,5.74912,6.58776],"rotation":{"angle":-22.5,"axis":"x","origin":[8,15.04677,8]},"faces":{"north":{"uv":[4.25,6.75,4.4375,6.875],"texture":"#1"},"east":{"uv":[6.75,5.25,6.875,5.375],"texture":"#1"},"south":{"uv":[6.75,4,6.9375,4.125],"texture":"#1"},"west":{"uv":[5.5,6.75,5.625,6.875],"texture":"#1"},"up":{"uv":[6.875,4.4375,6.75,4.25],"rotation":90,"texture":"#1"},"down":{"uv":[4.625,6.75,4.5,6.9375],"rotation":270,"texture":"#1"}}},{"from":[7.18,8.84882,1.80205],"to":[8.82,11.24882,4.20205],"rotation":{"angle":-45,"axis":"x","origin":[8,15.04677,8]},"faces":{"north":{"uv":[4.75,3,5.125,3.625],"texture":"#1"},"east":{"uv":[4.75,0.75,5.375,1.375],"texture":"#1"},"south":{"uv":[2.75,4.75,3.125,5.375],"texture":"#1"},"west":{"uv":[5.375,0.75,4.75,1.375],"texture":"#1"},"up":{"uv":[5.375,4.125,4.75,3.75],"rotation":90,"texture":"#1"},"down":{"uv":[5.375,4.25,4.75,4.625],"rotation":270,"texture":"#1"}}},{"from":[7.44,6.2866,7.44],"to":[8.56,6.9266,8.56],"rotation":{"angle":45,"axis":"y","origin":[8,15.04677,8]},"faces":{"north":{"uv":[6.5,2,6.75,2.1875],"texture":"#1"},"east":{"uv":[1.75,6.5,2,6.6875],"texture":"#1"},"south":{"uv":[6.5,1.75,6.75,1.9375],"texture":"#1"},"west":{"uv":[2,6.5,2.25,6.6875],"texture":"#1"},"up":{"uv":[6.25,3.75,6,3.5],"rotation":90,"texture":"#1"},"down":{"uv":[6.25,3.75,6,4],"rotation":270,"texture":"#1"}}},{"from":[7.33,4.61003,-1.75996],"to":[8.67,6.12003,-0.24996],"rotation":{"angle":-45,"axis":"x","origin":[7.95,14.29677,8.17678]},"faces":{"north":{"uv":[5.5,1.25,5.875,1.6875],"texture":"#1"},"east":{"uv":[4,5.25,4.4375,5.6875],"texture":"#1"},"south":{"uv":[5.5,0.75,5.875,1.1875],"texture":"#1"},"west":{"uv":[4.4375,5.25,4,5.6875],"texture":"#1"},"up":{"uv":[5.9375,2.125,5.5,1.75],"rotation":90,"texture":"#1"},"down":{"uv":[2.4375,5.5,2,5.875],"rotation":270,"texture":"#1"}}},{"from":[7.7,-0.0234,7.67071],"to":[8.4,7.5366,8.37071],"rotation":{"angle":45,"axis":"y","origin":[8,11.29677,8.07071]},"faces":{"north":{"uv":[4,6.9375,4.1875,8.8125],"texture":"#1"},"east":{"uv":[4.1875,6.9375,4,8.8125],"texture":"#1"},"south":{"uv":[4,6.9375,4.1875,8.8125],"texture":"#1"},"west":{"uv":[4.1875,6.9375,4,8.8125],"texture":"#1"},"up":{"uv":[6.6875,3.9375,6.5,3.75],"rotation":90,"texture":"#1"},"down":{"uv":[4.1875,6.5,4,6.6875],"rotation":270,"texture":"#1"}}},{"from":[7.49,0.8586,7.345],"to":[8.51,2.1686,8.655],"rotation":{"angle":0,"axis":"y","origin":[7.95,14.19677,8.125]},"faces":{"north":{"uv":[4.75,5.75,5,6.1875],"texture":"#1"},"east":{"uv":[4.75,4.75,5.1875,5.1875],"texture":"#1"},"south":{"uv":[4.5,5.75,4.75,6.1875],"texture":"#1"},"west":{"uv":[5.1875,4.75,4.75,5.1875],"texture":"#1"},"up":{"uv":[6.1875,3.5,5.75,3.25],"rotation":90,"texture":"#1"},"down":{"uv":[6.1875,4.75,5.75,5],"rotation":270,"texture":"#1"}}},{"from":[7.34,6.7786,6.8],"to":[8.66,9.1786,9.2],"rotation":{"angle":0,"axis":"y","origin":[8,15.04677,8]},"faces":{"north":{"uv":[2.5,5.5,2.75,6.125],"texture":"#1"},"east":{"uv":[4,4.5,4.625,5.125],"texture":"#1"},"south":{"uv":[5.5,2.25,5.75,2.875],"texture":"#1"},"west":{"uv":[4.625,4.5,4,5.125],"texture":"#1"},"up":{"uv":[5.875,3.75,5.25,3.5],"rotation":90,"texture":"#1"},"down":{"uv":[3.375,5.5,2.75,5.75],"rotation":270,"texture":"#1"}}}],"gui_light":"front","display":{"thirdperson_righthand":{"rotation":[-161,0,0],"translation":[0,0.5,0.5],"scale":[0.5,0.5,0.5]},"thirdperson_lefthand":{"rotation":[-161,0,0],"translation":[0,0.5,0.5],"scale":[0.5,0.5,0.5]},"firstperson_righthand":{"rotation":[164.42,2.31,-4.53],"translation":[19.5,-8.5,-13.75]},"firstperson_lefthand":{"rotation":[164.42,2.31,-4.53],"translation":[19.5,-8.5,-13.75]},"ground":{"rotation":[0,0,-79],"translation":[2.75,0,0],"scale":[0.55,0.55,0.55]},"gui":{"rotation":[90,-45,-90],"translation":[1.75,-1.75,0]},"head":{"scale":[0.08,0.08,0.08]},"fixed":{"rotation":[0,-90,0],"translation":[0,3.5,-0.5],"scale":[1.28,1.28,1.28]}},"mcmodels":"b2433d24f9edb4641057fce39a92de90"}