{"credit":"Made with Blockbench","textures":{"1":"leviathanset:texture","2":"leviathanset:lighting","3":"leviathanset:bluefire","particle":"leviathanset:lighting"},"elements":[{"from":[6.99125,8.17796,11.21465],"to":[8.07125,8.77796,14.21465],"rotation":{"angle":45,"axis":"x","origin":[8,14.39262,8]},"faces":{"north":{"uv":[6.9375,3.25,6.75,3.375],"texture":"#1"},"east":{"uv":[6.625,0.5,6,0.625],"texture":"#1"},"south":{"uv":[6.9375,3.5,6.75,3.625],"texture":"#1"},"west":{"uv":[6,0.5,6.625,0.625],"texture":"#1"},"up":{"uv":[5.5,4.6875,6.125,4.5],"rotation":90,"texture":"#1"},"down":{"uv":[5.75,3,6.375,3.1875],"rotation":270,"texture":"#1"}}},{"from":[7.19125,6.04443,3.48861],"to":[7.87125,9.04443,4.48861],"rotation":{"angle":-22.5,"axis":"x","origin":[8,14.39262,8]},"faces":{"north":{"uv":[6.125,1,6,1.625],"texture":"#1"},"east":{"uv":[3.4375,5.75,3.25,6.375],"texture":"#1"},"south":{"uv":[6.125,1.75,6,2.375],"texture":"#1"},"west":{"uv":[3.25,5.75,3.4375,6.375],"texture":"#1"},"up":{"uv":[6.75,3.875,6.9375,3.75],"rotation":90,"texture":"#1"},"down":{"uv":[4,6.75,4.1875,6.875],"rotation":270,"texture":"#1"}}},{"from":[7.19125,6.04443,11.51139],"to":[7.87125,9.04443,12.51139],"rotation":{"angle":22.5,"axis":"x","origin":[8,14.39262,8]},"faces":{"north":{"uv":[6,1.75,6.125,2.375],"texture":"#1"},"east":{"uv":[3.25,5.75,3.4375,6.375],"texture":"#1"},"south":{"uv":[6,1,6.125,1.625],"texture":"#1"},"west":{"uv":[3.4375,5.75,3.25,6.375],"texture":"#1"},"up":{"uv":[6.9375,3.875,6.75,3.75],"rotation":90,"texture":"#1"},"down":{"uv":[4.1875,6.75,4,6.875],"rotation":270,"texture":"#1"}}},{"from":[6.99125,8.17796,1.78535],"to":[8.07125,8.77796,4.78535],"rotation":{"angle":-45,"axis":"x","origin":[8,14.39262,8]},"faces":{"north":{"uv":[6.75,3.5,6.9375,3.625],"texture":"#1"},"east":{"uv":[6,0.5,6.625,0.625],"texture":"#1"},"south":{"uv":[6.75,3.25,6.9375,3.375],"texture":"#1"},"west":{"uv":[6.625,0.5,6,0.625],"texture":"#1"},"up":{"uv":[6.125,4.6875,5.5,4.5],"rotation":90,"texture":"#1"},"down":{"uv":[6.375,3,5.75,3.1875],"rotation":270,"texture":"#1"}}},{"from":[8.21325,18.01685,2.95318],"to":[9.34925,18.69685,3.63318],"rotation":{"angle":22.5,"axis":"x","origin":[8,14.39262,8]},"faces":{"north":{"uv":[6.875,1.25,6.75,1.5],"rotation":90,"texture":"#1"},"east":{"uv":[6.875,5.125,6.75,5],"rotation":90,"texture":"#1"},"south":{"uv":[1.375,7,1.25,6.75],"rotation":90,"texture":"#1"},"west":{"uv":[5.375,6.875,5.25,6.75],"rotation":270,"texture":"#1"},"up":{"uv":[7,1.125,6.75,1],"texture":"#1"},"down":{"uv":[7,0.875,6.75,0.75],"rotation":180,"texture":"#1"}}},{"from":[8.22125,20.52398,6.99574],"to":[9.34125,23.52398,7.95574],"rotation":{"angle":-22.5,"axis":"x","origin":[8,14.39262,8]},"faces":{"north":{"uv":[5.75,4.375,5.5,3.75],"texture":"#1"},"east":{"uv":[4.1875,6.375,4,5.75],"texture":"#1"},"south":{"uv":[5.75,5.875,5.5,5.25],"texture":"#1"},"west":{"uv":[4,6.375,4.1875,5.75],"texture":"#1"},"up":{"uv":[6.6875,2.25,6.5,2.5],"rotation":270,"texture":"#1"},"down":{"uv":[2.4375,6.75,2.25,6.5],"rotation":90,"texture":"#1"}}},{"from":[8.26125,20.01817,-0.08815],"to":[9.30125,20.81817,1.51185],"rotation":{"angle":22.5,"axis":"x","origin":[8,14.39262,8]},"faces":{"north":{"uv":[6.6875,4.5,6.5,4.6875],"rotation":90,"texture":"#1"},"east":{"uv":[6.4375,4.0625,6.25,3.75],"rotation":90,"texture":"#1"},"south":{"uv":[6.6875,4.4375,6.5,4.25],"rotation":90,"texture":"#1"},"west":{"uv":[6.25,4.0625,6.4375,3.75],"rotation":270,"texture":"#1"},"up":{"uv":[4.9375,6.5625,4.75,6.25],"texture":"#1"},"down":{"uv":[6.4375,4.5625,6.25,4.25],"rotation":180,"texture":"#1"}}},{"from":[3.60449,17.99045,7.48],"to":[5.20449,18.79045,8.52],"rotation":{"angle":-45,"axis":"z","origin":[8,14.39262,8]},"faces":{"north":{"uv":[6.25,3.75,6.4375,4.0625],"rotation":270,"texture":"#1"},"east":{"uv":[6.6875,4.25,6.5,4.4375],"rotation":90,"texture":"#1"},"south":{"uv":[6.4375,3.75,6.25,4.0625],"rotation":90,"texture":"#1"},"west":{"uv":[6.6875,4.6875,6.5,4.5],"rotation":90,"texture":"#1"},"up":{"uv":[4.9375,6.25,4.75,6.5625],"rotation":90,"texture":"#1"},"down":{"uv":[6.4375,4.25,6.25,4.5625],"rotation":90,"texture":"#1"}}},{"from":[8.17302,16.47908,7.44],"to":[9.13302,19.47908,8.56],"rotation":{"angle":0,"axis":"x","origin":[8,14.39262,8]},"faces":{"north":{"uv":[4.1875,6.375,4,5.75],"texture":"#1"},"east":{"uv":[5.5,5.875,5.75,5.25],"texture":"#1"},"south":{"uv":[4,6.375,4.1875,5.75],"texture":"#1"},"west":{"uv":[5.5,4.375,5.75,3.75],"texture":"#1"},"up":{"uv":[6.5,2.25,6.6875,2.5],"texture":"#1"},"down":{"uv":[2.25,6.75,2.4375,6.5],"texture":"#1"}}},{"from":[6.66693,13.05723,7.48],"to":[8.26693,13.85723,8.52],"rotation":{"angle":45,"axis":"z","origin":[8,14.39262,8]},"faces":{"north":{"uv":[6.4375,3.75,6.25,4.0625],"rotation":270,"texture":"#1"},"east":{"uv":[6.5,4.25,6.6875,4.4375],"rotation":90,"texture":"#1"},"south":{"uv":[6.25,3.75,6.4375,4.0625],"rotation":90,"texture":"#1"},"west":{"uv":[6.5,4.6875,6.6875,4.5],"rotation":90,"texture":"#1"},"up":{"uv":[6.25,4.25,6.4375,4.5625],"rotation":90,"texture":"#1"},"down":{"uv":[4.75,6.25,4.9375,6.5625],"rotation":90,"texture":"#1"}}},{"from":[8.17302,13.63711,7.44],"to":[9.13302,16.63711,8.56],"rotation":{"angle":0,"axis":"x","origin":[8,14.39262,8]},"faces":{"north":{"uv":[4.1875,5.75,4,6.375],"texture":"#1"},"east":{"uv":[5.5,5.25,5.75,5.875],"texture":"#1"},"south":{"uv":[4,5.75,4.1875,6.375],"texture":"#1"},"west":{"uv":[5.5,3.75,5.75,4.375],"texture":"#1"},"up":{"uv":[2.25,6.5,2.4375,6.75],"texture":"#1"},"down":{"uv":[6.5,2.5,6.6875,2.25],"texture":"#1"}}},{"from":[8.30125,22.68515,2.68034],"to":[9.26125,24.28515,3.48034],"rotation":{"angle":0,"axis":"x","origin":[8,14.39262,8]},"faces":{"north":{"uv":[6.4375,2.3125,6.25,2],"texture":"#1"},"east":{"uv":[6.4375,1.8125,6.25,1.5],"texture":"#1"},"south":{"uv":[6.4375,3.5625,6.25,3.25],"texture":"#1"},"west":{"uv":[6.25,1.8125,6.4375,1.5],"texture":"#1"},"up":{"uv":[4.4375,6.5,4.25,6.6875],"rotation":270,"texture":"#1"},"down":{"uv":[6.6875,4.1875,6.5,4],"rotation":90,"texture":"#1"}}},{"from":[8.29325,24.58358,11.22319],"to":[9.26925,25.15958,11.79919],"rotation":{"angle":-45,"axis":"x","origin":[8,14.39262,8]},"faces":{"north":{"uv":[6.9375,4.125,6.75,4],"texture":"#1"},"east":{"uv":[6.875,5.375,6.75,5.25],"texture":"#1"},"south":{"uv":[4.4375,6.875,4.25,6.75],"texture":"#1"},"west":{"uv":[5.625,6.875,5.5,6.75],"texture":"#1"},"up":{"uv":[4.625,6.75,4.5,6.9375],"rotation":270,"texture":"#1"},"down":{"uv":[6.875,4.4375,6.75,4.25],"rotation":90,"texture":"#1"}}},{"from":[8.52575,17.46713,1.22842],"to":[9.34925,18.14713,1.90842],"rotation":{"angle":22.5,"axis":"x","origin":[8,14.39262,8]},"faces":{"north":{"uv":[2.125,6.75,2,7],"rotation":90,"texture":"#1"},"east":{"uv":[6.875,5.875,6.75,5.75],"rotation":90,"texture":"#1"},"south":{"uv":[6.875,2,6.75,1.75],"rotation":90,"texture":"#1"},"west":{"uv":[6.125,6.875,6,6.75],"rotation":270,"texture":"#1"},"up":{"uv":[2,6.875,1.75,6.75],"texture":"#1"},"down":{"uv":[1.75,6.875,1.5,6.75],"rotation":180,"texture":"#1"}}},{"from":[8.53375,21.35486,5.38744],"to":[9.34125,22.95486,6.34744],"rotation":{"angle":-22.5,"axis":"x","origin":[8,14.39262,8]},"faces":{"north":{"uv":[2.25,6.3125,2,6],"texture":"#1"},"east":{"uv":[0.6875,6.8125,0.5,6.5],"texture":"#1"},"south":{"uv":[2.5,6.3125,2.25,6],"texture":"#1"},"west":{"uv":[0.5,6.8125,0.6875,6.5],"texture":"#1"},"up":{"uv":[6.6875,3.5,6.5,3.75],"rotation":270,"texture":"#1"},"down":{"uv":[6.6875,3.5,6.5,3.25],"rotation":90,"texture":"#1"}}},{"from":[8.52575,18.59968,0.09822],"to":[9.34925,19.27968,0.77822],"rotation":{"angle":22.5,"axis":"x","origin":[8,14.39262,8]},"faces":{"north":{"uv":[3.125,6.75,3,7],"rotation":90,"texture":"#1"},"east":{"uv":[6.875,6.375,6.75,6.25],"rotation":90,"texture":"#1"},"south":{"uv":[6.875,3,6.75,2.75],"rotation":90,"texture":"#1"},"west":{"uv":[6.625,6.875,6.5,6.75],"rotation":270,"texture":"#1"},"up":{"uv":[3,6.875,2.75,6.75],"texture":"#1"},"down":{"uv":[7,2.625,6.75,2.5],"rotation":180,"texture":"#1"}}},{"from":[8.21325,17.22417,3.40419],"to":[9.03675,17.90417,4.08419],"rotation":{"angle":0,"axis":"x","origin":[8,14.39262,8]},"faces":{"north":{"uv":[3.125,6.75,3,7],"rotation":90,"texture":"#1"},"east":{"uv":[6.875,6.375,6.75,6.25],"rotation":90,"texture":"#1"},"south":{"uv":[6.875,3,6.75,2.75],"rotation":90,"texture":"#1"},"west":{"uv":[6.625,6.875,6.5,6.75],"rotation":270,"texture":"#1"},"up":{"uv":[3,6.875,2.75,6.75],"texture":"#1"},"down":{"uv":[7,2.625,6.75,2.5],"rotation":180,"texture":"#1"}}},{"from":[8.22125,18.04455,6.75248],"to":[9.02875,19.64455,7.71248],"rotation":{"angle":-45,"axis":"x","origin":[8,14.39262,8]},"faces":{"north":{"uv":[2.25,6.3125,2,6],"texture":"#1"},"east":{"uv":[0.6875,6.8125,0.5,6.5],"texture":"#1"},"south":{"uv":[2.5,6.3125,2.25,6],"texture":"#1"},"west":{"uv":[0.5,6.8125,0.6875,6.5],"texture":"#1"},"up":{"uv":[6.6875,3.5,6.5,3.75],"rotation":270,"texture":"#1"},"down":{"uv":[6.6875,3.5,6.5,3.25],"rotation":90,"texture":"#1"}}},{"from":[8.21325,16.09162,4.53439],"to":[9.03675,16.77162,5.21439],"rotation":{"angle":0,"axis":"x","origin":[8,14.39262,8]},"faces":{"north":{"uv":[2.125,6.75,2,7],"rotation":90,"texture":"#1"},"east":{"uv":[6.875,5.875,6.75,5.75],"rotation":90,"texture":"#1"},"south":{"uv":[6.875,2,6.75,1.75],"rotation":90,"texture":"#1"},"west":{"uv":[6.125,6.875,6,6.75],"rotation":270,"texture":"#1"},"up":{"uv":[2,6.875,1.75,6.75],"texture":"#1"},"down":{"uv":[1.75,6.875,1.5,6.75],"rotation":180,"texture":"#1"}}},{"from":[8.21325,17.22417,11.91581],"to":[9.03675,17.90417,12.59581],"rotation":{"angle":0,"axis":"x","origin":[8,14.39262,8]},"faces":{"north":{"uv":[6.875,2.75,6.75,3],"rotation":90,"texture":"#1"},"east":{"uv":[6.875,6.25,6.75,6.375],"rotation":90,"texture":"#1"},"south":{"uv":[3.125,7,3,6.75],"rotation":90,"texture":"#1"},"west":{"uv":[6.625,6.75,6.5,6.875],"rotation":270,"texture":"#1"},"up":{"uv":[3,6.75,2.75,6.875],"texture":"#1"},"down":{"uv":[7,2.5,6.75,2.625],"rotation":180,"texture":"#1"}}},{"from":[8.22125,18.04455,8.28752],"to":[9.02875,19.64455,9.24752],"rotation":{"angle":45,"axis":"x","origin":[8,14.39262,8]},"faces":{"north":{"uv":[2.25,6.3125,2.5,6],"texture":"#1"},"east":{"uv":[0.5,6.8125,0.6875,6.5],"texture":"#1"},"south":{"uv":[2,6.3125,2.25,6],"texture":"#1"},"west":{"uv":[0.6875,6.8125,0.5,6.5],"texture":"#1"},"up":{"uv":[6.5,3.5,6.6875,3.75],"rotation":270,"texture":"#1"},"down":{"uv":[6.5,3.5,6.6875,3.25],"rotation":90,"texture":"#1"}}},{"from":[8.21325,16.09162,10.78561],"to":[9.03675,16.77162,11.46561],"rotation":{"angle":0,"axis":"x","origin":[8,14.39262,8]},"faces":{"north":{"uv":[6.875,1.75,6.75,2],"rotation":90,"texture":"#1"},"east":{"uv":[6.875,5.75,6.75,5.875],"rotation":90,"texture":"#1"},"south":{"uv":[2.125,7,2,6.75],"rotation":90,"texture":"#1"},"west":{"uv":[6.125,6.75,6,6.875],"rotation":270,"texture":"#1"},"up":{"uv":[2,6.75,1.75,6.875],"texture":"#1"},"down":{"uv":[1.75,6.75,1.5,6.875],"rotation":180,"texture":"#1"}}},{"from":[8.52575,18.59968,15.22178],"to":[9.34925,19.27968,15.90178],"rotation":{"angle":-22.5,"axis":"x","origin":[8,14.39262,8]},"faces":{"north":{"uv":[6.875,2.75,6.75,3],"rotation":90,"texture":"#1"},"east":{"uv":[6.875,6.25,6.75,6.375],"rotation":90,"texture":"#1"},"south":{"uv":[3.125,7,3,6.75],"rotation":90,"texture":"#1"},"west":{"uv":[6.625,6.75,6.5,6.875],"rotation":270,"texture":"#1"},"up":{"uv":[3,6.75,2.75,6.875],"texture":"#1"},"down":{"uv":[7,2.5,6.75,2.625],"rotation":180,"texture":"#1"}}},{"from":[8.53375,21.35486,9.65256],"to":[9.34125,22.95486,10.61256],"rotation":{"angle":22.5,"axis":"x","origin":[8,14.39262,8]},"faces":{"north":{"uv":[2.25,6.3125,2.5,6],"texture":"#1"},"east":{"uv":[0.5,6.8125,0.6875,6.5],"texture":"#1"},"south":{"uv":[2,6.3125,2.25,6],"texture":"#1"},"west":{"uv":[0.6875,6.8125,0.5,6.5],"texture":"#1"},"up":{"uv":[6.5,3.5,6.6875,3.75],"rotation":270,"texture":"#1"},"down":{"uv":[6.5,3.5,6.6875,3.25],"rotation":90,"texture":"#1"}}},{"from":[8.52575,17.46713,14.09158],"to":[9.34925,18.14713,14.77158],"rotation":{"angle":-22.5,"axis":"x","origin":[8,14.39262,8]},"faces":{"north":{"uv":[6.875,1.75,6.75,2],"rotation":90,"texture":"#1"},"east":{"uv":[6.875,5.75,6.75,5.875],"rotation":90,"texture":"#1"},"south":{"uv":[2.125,7,2,6.75],"rotation":90,"texture":"#1"},"west":{"uv":[6.125,6.75,6,6.875],"rotation":270,"texture":"#1"},"up":{"uv":[2,6.75,1.75,6.875],"texture":"#1"},"down":{"uv":[1.75,6.75,1.5,6.875],"rotation":180,"texture":"#1"}}},{"from":[8.22125,20.52398,8.04426],"to":[9.34125,23.52398,9.00426],"rotation":{"angle":22.5,"axis":"x","origin":[8,14.39262,8]},"faces":{"north":{"uv":[5.5,5.875,5.75,5.25],"texture":"#1"},"east":{"uv":[4,6.375,4.1875,5.75],"texture":"#1"},"south":{"uv":[5.5,4.375,5.75,3.75],"texture":"#1"},"west":{"uv":[4.1875,6.375,4,5.75],"texture":"#1"},"up":{"uv":[6.5,2.25,6.6875,2.5],"rotation":270,"texture":"#1"},"down":{"uv":[2.25,6.75,2.4375,6.5],"rotation":90,"texture":"#1"}}},{"from":[8.21325,18.01685,12.36682],"to":[9.34925,18.69685,13.04682],"rotation":{"angle":-22.5,"axis":"x","origin":[8,14.39262,8]},"faces":{"north":{"uv":[1.25,7,1.375,6.75],"rotation":270,"texture":"#1"},"east":{"uv":[6.75,5.125,6.875,5],"rotation":270,"texture":"#1"},"south":{"uv":[6.75,1.25,6.875,1.5],"rotation":270,"texture":"#1"},"west":{"uv":[5.25,6.875,5.375,6.75],"rotation":90,"texture":"#1"},"up":{"uv":[6.75,1.125,7,1],"rotation":180,"texture":"#1"},"down":{"uv":[6.75,0.875,7,0.75],"texture":"#1"}}},{"from":[8.26125,20.01817,14.48815],"to":[9.30125,20.81817,16.08815],"rotation":{"angle":-22.5,"axis":"x","origin":[8,14.39262,8]},"faces":{"north":{"uv":[6.5,4.4375,6.6875,4.25],"rotation":270,"texture":"#1"},"east":{"uv":[6.25,4.0625,6.4375,3.75],"rotation":270,"texture":"#1"},"south":{"uv":[6.5,4.5,6.6875,4.6875],"rotation":270,"texture":"#1"},"west":{"uv":[6.4375,4.0625,6.25,3.75],"rotation":90,"texture":"#1"},"up":{"uv":[4.75,6.5625,4.9375,6.25],"rotation":180,"texture":"#1"},"down":{"uv":[6.25,4.5625,6.4375,4.25],"texture":"#1"}}},{"from":[8.30125,22.68515,12.51966],"to":[9.26125,24.28515,13.31966],"rotation":{"angle":0,"axis":"x","origin":[8,14.39262,8]},"faces":{"north":{"uv":[6.25,3.5625,6.4375,3.25],"texture":"#1"},"east":{"uv":[6.25,1.8125,6.4375,1.5],"texture":"#1"},"south":{"uv":[6.25,2.3125,6.4375,2],"texture":"#1"},"west":{"uv":[6.4375,1.8125,6.25,1.5],"texture":"#1"},"up":{"uv":[4.25,6.5,4.4375,6.6875],"rotation":270,"texture":"#1"},"down":{"uv":[6.5,4.1875,6.6875,4],"rotation":90,"texture":"#1"}}},{"from":[8.29325,24.58358,4.20081],"to":[9.26925,25.15958,4.77681],"rotation":{"angle":45,"axis":"x","origin":[8,14.39262,8]},"faces":{"north":{"uv":[4.25,6.875,4.4375,6.75],"texture":"#1"},"east":{"uv":[6.75,5.375,6.875,5.25],"texture":"#1"},"south":{"uv":[6.75,4.125,6.9375,4],"texture":"#1"},"west":{"uv":[5.5,6.875,5.625,6.75],"texture":"#1"},"up":{"uv":[4.5,6.75,4.625,6.9375],"rotation":270,"texture":"#1"},"down":{"uv":[6.75,4.4375,6.875,4.25],"rotation":90,"texture":"#1"}}},{"from":[6.50625,5.89755,-0.49507],"to":[8.55625,8.89755,2.50493],"rotation":{"angle":-45,"axis":"x","origin":[8,14.39262,8]},"faces":{"north":{"uv":[4.75,3,5.125,3.625],"texture":"#1"},"east":{"uv":[4.75,0.75,5.375,1.375],"texture":"#1"},"south":{"uv":[2.75,4.75,3.125,5.375],"texture":"#1"},"west":{"uv":[5.375,0.75,4.75,1.375],"texture":"#1"},"up":{"uv":[5.375,4.125,4.75,3.75],"rotation":90,"texture":"#1"},"down":{"uv":[5.375,4.25,4.75,4.625],"rotation":270,"texture":"#1"}}},{"from":[6.50625,16.93314,3.25949],"to":[7.61875,19.13314,5.45949],"rotation":{"angle":45,"axis":"x","origin":[8,14.39262,8]},"faces":{"north":{"uv":[5.5,1.6875,5.875,1.25],"texture":"#1"},"east":{"uv":[4,5.6875,4.4375,5.25],"texture":"#1"},"south":{"uv":[5.5,1.1875,5.875,0.75],"texture":"#1"},"west":{"uv":[4.4375,5.6875,4,5.25],"texture":"#1"},"up":{"uv":[2,5.5,2.4375,5.875],"rotation":270,"texture":"#1"},"down":{"uv":[5.5,2.125,5.9375,1.75],"rotation":90,"texture":"#1"}}},{"from":[6.73625,18.74632,2.64631],"to":[7.57625,19.74632,3.64631],"rotation":{"angle":45,"axis":"x","origin":[8,14.39262,8]},"faces":{"north":{"uv":[6.5,5.9375,6.6875,5.75],"texture":"#1"},"east":{"uv":[6.5,5.4375,6.6875,5.25],"texture":"#1"},"south":{"uv":[6.5,5.6875,6.6875,5.5],"texture":"#1"},"west":{"uv":[5.75,6.6875,5.9375,6.5],"texture":"#1"},"up":{"uv":[6.5,6.25,6.6875,6.4375],"rotation":270,"texture":"#1"},"down":{"uv":[6.5,6.1875,6.6875,6],"rotation":90,"texture":"#1"}}},{"from":[6.65625,19.112,1.88063],"to":[7.65625,20.512,3.28063],"rotation":{"angle":45,"axis":"x","origin":[8,14.39262,8]},"faces":{"north":{"uv":[3,6.75,3.1875,6.5],"texture":"#1"},"east":{"uv":[6.25,1.25,6.5,1],"texture":"#1"},"south":{"uv":[2.75,6.75,2.9375,6.5],"texture":"#1"},"west":{"uv":[6.25,1.5,6.5,1.25],"texture":"#1"},"up":{"uv":[3.25,6.5,3.5,6.6875],"rotation":270,"texture":"#1"},"down":{"uv":[6.5,3.1875,6.75,3],"rotation":90,"texture":"#1"}}},{"from":[6.87875,12.90922,6.5166],"to":[7.55875,15.90922,9.5166],"rotation":{"angle":-45,"axis":"x","origin":[8,14.39262,8]},"faces":{"north":{"uv":[6,0.25,6.625,0.375],"rotation":90,"texture":"#1"},"east":{"uv":[2,5.375,2.625,4.75],"rotation":90,"texture":"#1"},"south":{"uv":[6,0.125,6.625,0],"rotation":90,"texture":"#1"},"west":{"uv":[2.625,5.375,2,4.75],"rotation":270,"texture":"#1"},"up":{"uv":[5.25,6.375,5.375,5.75],"texture":"#1"},"down":{"uv":[5.75,6.375,5.875,5.75],"rotation":180,"texture":"#1"}}},{"from":[6.83125,18.56609,7.025],"to":[7.29375,20.51609,8.975],"rotation":{"angle":0,"axis":"y","origin":[8,14.39262,8]},"faces":{"north":{"uv":[4.75,6.1875,5,5.75],"texture":"#1"},"east":{"uv":[4.75,5.1875,5.1875,4.75],"texture":"#1"},"south":{"uv":[4.5,6.1875,4.75,5.75],"texture":"#1"},"west":{"uv":[5.1875,5.1875,4.75,4.75],"texture":"#1"},"up":{"uv":[5.75,4.75,6.1875,5],"rotation":270,"texture":"#1"},"down":{"uv":[5.75,3.5,6.1875,3.25],"rotation":90,"texture":"#1"}}},{"from":[6.70625,3.00009,6.5],"to":[8.35625,6.00009,9.5],"rotation":{"angle":0,"axis":"y","origin":[8,14.39262,8]},"faces":{"north":{"uv":[2.5,5.5,2.75,6.125],"texture":"#1"},"east":{"uv":[4,4.5,4.625,5.125],"texture":"#1"},"south":{"uv":[5.5,2.25,5.75,2.875],"texture":"#1"},"west":{"uv":[4.625,4.5,4,5.125],"texture":"#1"},"up":{"uv":[5.875,3.75,5.25,3.5],"rotation":90,"texture":"#1"},"down":{"uv":[3.375,5.5,2.75,5.75],"rotation":270,"texture":"#1"}}},{"from":[7.09544,2.02226,-0.82532],"to":[7.09544,23.30007,8.37468],"rotation":{"angle":-22.5,"axis":"y","origin":[8,14.39262,8]},"faces":{"north":{"uv":[0,6.5,0,0],"texture":"#1"},"east":{"uv":[1.5625,12.0625,3.375,7.8125],"texture":"#1"},"south":{"uv":[0,6.5,0,0],"texture":"#1"},"west":{"uv":[3.375,12.0625,1.5625,7.8125],"texture":"#1"},"up":{"uv":[0,0,1.8125,0],"rotation":270,"texture":"#1"},"down":{"uv":[0,0,1.8125,0],"rotation":90,"texture":"#1"}}},{"from":[7.09544,2.02226,7.62532],"to":[7.09544,23.30007,16.82532],"rotation":{"angle":22.5,"axis":"y","origin":[8,14.39262,8]},"faces":{"north":{"uv":[0,6.5,0,0],"texture":"#1"},"east":{"uv":[3.375,12.0625,1.5625,7.8125],"texture":"#1"},"south":{"uv":[0,6.5,0,0],"texture":"#1"},"west":{"uv":[1.5625,12.0625,3.375,7.8125],"texture":"#1"},"up":{"uv":[1.8125,0,0,0],"rotation":270,"texture":"#1"},"down":{"uv":[1.8125,0,0,0],"rotation":90,"texture":"#1"}}},{"from":[6.61061,4.76858,2.48358],"to":[6.71061,21.76858,18.48358],"rotation":{"angle":22.5,"axis":"y","origin":[8,14.39262,8]},"faces":{"east":{"uv":[0,16,16,0],"rotation":180,"texture":"#2"},"west":{"uv":[16,16,0,0],"rotation":180,"texture":"#2"}}},{"from":[6.56061,6.76858,3.98358],"to":[6.76061,23.76858,19.98358],"rotation":{"angle":22.5,"axis":"y","origin":[8,14.39262,8]},"faces":{"east":{"uv":[16,16,0,0],"rotation":180,"texture":"#3"},"west":{"uv":[0,16,16,0],"rotation":180,"texture":"#3"}}},{"from":[6.61061,4.76858,-2.48358],"to":[6.71061,21.76858,13.51642],"rotation":{"angle":-22.5,"axis":"y","origin":[8,14.39262,8]},"faces":{"east":{"uv":[16,16,0,0],"rotation":180,"texture":"#2"},"west":{"uv":[0,16,16,0],"rotation":180,"texture":"#2"}}},{"from":[6.56061,6.76858,-3.98358],"to":[6.76061,23.76858,12.01642],"rotation":{"angle":-22.5,"axis":"y","origin":[8,14.39262,8]},"faces":{"east":{"uv":[0,16,16,0],"rotation":180,"texture":"#3"},"west":{"uv":[16,16,0,0],"rotation":180,"texture":"#3"}}}],"gui_light":"front","display":{"thirdperson_righthand":{"rotation":[0,180,0],"translation":[3.25,-8.25,0.75]},"thirdperson_lefthand":{"translation":[3.25,-8.25,0.75]},"firstperson_righthand":{"rotation":[174.2,-73.17,173.95],"translation":[2,-8.75,-0.75]},"firstperson_lefthand":{"rotation":[8,89,-6.05],"translation":[0.75,-8.25,-0.75]},"ground":{"rotation":[0,0,-79],"translation":[-4.25,0.75,0],"scale":[0.75,0.75,0.75]},"gui":{"rotation":[0,90,0],"translation":[0,-4.25,0],"scale":[0.71,0.71,0.71]},"head":{"scale":[0.07,0.07,0.07]},"fixed":{"rotation":[0,-90,0],"translation":[0,-7.75,-3.25],"scale":[1.38,1.38,1.38]}},"mcmodels":"b2433d24f9edb4641057fce39a92de90"}