{"credit":"Made with Blockbench","textures":{"1":"leviathanset:texture","2":"leviathanset:lighting","3":"leviathanset:bluefire","4":"leviathanset:leviathan_wing_animated","particle":"leviathanset:lighting"},"elements":[{"from":[3.62639,4.59685,8.568],"to":[6.02639,5.07685,9.432],"rotation":{"angle":-45,"axis":"z","origin":[8,0.70323,9]},"faces":{"north":{"uv":[6,0.625,6.625,0.5],"texture":"#1"},"east":{"uv":[6.9375,3.375,6.75,3.25],"texture":"#1"},"south":{"uv":[6.625,0.625,6,0.5],"texture":"#1"},"west":{"uv":[6.9375,3.625,6.75,3.5],"texture":"#1"},"up":{"uv":[5.75,3.1875,6.375,3],"rotation":180,"texture":"#1"},"down":{"uv":[5.5,4.5,6.125,4.6875],"rotation":180,"texture":"#1"}}},{"from":[10.48542,4.20032,8.728],"to":[11.28542,6.60032,9.272],"rotation":{"angle":22.5,"axis":"z","origin":[8,0.70323,9]},"faces":{"north":{"uv":[3.25,6.375,3.4375,5.75],"texture":"#1"},"east":{"uv":[6.125,1.625,6,1],"texture":"#1"},"south":{"uv":[3.4375,6.375,3.25,5.75],"texture":"#1"},"west":{"uv":[6.125,2.375,6,1.75],"texture":"#1"},"up":{"uv":[4,6.875,4.1875,6.75],"rotation":180,"texture":"#1"},"down":{"uv":[6.75,3.75,6.9375,3.875],"rotation":180,"texture":"#1"}}},{"from":[4.71458,4.20032,8.728],"to":[5.51458,6.60032,9.272],"rotation":{"angle":-22.5,"axis":"z","origin":[8,0.70323,9]},"faces":{"north":{"uv":[3.4375,6.375,3.25,5.75],"texture":"#1"},"east":{"uv":[6,2.375,6.125,1.75],"texture":"#1"},"south":{"uv":[3.25,6.375,3.4375,5.75],"texture":"#1"},"west":{"uv":[6,1.625,6.125,1],"texture":"#1"},"up":{"uv":[4.1875,6.875,4,6.75],"rotation":180,"texture":"#1"},"down":{"uv":[6.9375,3.75,6.75,3.875],"rotation":180,"texture":"#1"}}},{"from":[9.97361,4.59685,8.568],"to":[12.37361,5.07685,9.432],"rotation":{"angle":45,"axis":"z","origin":[8,0.70323,9]},"faces":{"north":{"uv":[6.625,0.625,6,0.5],"texture":"#1"},"east":{"uv":[6.75,3.625,6.9375,3.5],"texture":"#1"},"south":{"uv":[6,0.625,6.625,0.5],"texture":"#1"},"west":{"uv":[6.75,3.375,6.9375,3.25],"texture":"#1"},"up":{"uv":[6.375,3.1875,5.75,3],"rotation":180,"texture":"#1"},"down":{"uv":[6.125,4.5,5.5,4.6875],"rotation":180,"texture":"#1"}}},{"from":[5.19602,5.70075,8.5456],"to":[5.74002,6.24475,9.4544],"rotation":{"angle":-45,"axis":"z","origin":[8,0.70323,9]},"faces":{"north":{"uv":[5.375,6.875,5.25,6.75],"texture":"#1"},"east":{"uv":[7,0.875,6.75,0.75],"texture":"#1"},"south":{"uv":[6.875,5.125,6.75,5],"texture":"#1"},"west":{"uv":[7,1.125,6.75,1],"texture":"#1"},"up":{"uv":[6.75,1.5,6.875,1.25],"rotation":180,"texture":"#1"},"down":{"uv":[1.25,6.75,1.375,7],"rotation":180,"texture":"#1"}}},{"from":[9.55107,6.21972,8.552],"to":[10.31907,8.61972,9.448],"rotation":{"angle":0,"axis":"y","origin":[8,0.70323,9]},"faces":{"north":{"uv":[4,6.375,4.1875,5.75],"texture":"#1"},"east":{"uv":[5.75,4.375,5.5,3.75],"texture":"#1"},"south":{"uv":[4.1875,6.375,4,5.75],"texture":"#1"},"west":{"uv":[5.75,5.875,5.5,5.25],"texture":"#1"},"up":{"uv":[6.5,2.5,6.6875,2.25],"rotation":180,"texture":"#1"},"down":{"uv":[2.25,6.5,2.4375,6.75],"rotation":180,"texture":"#1"}}},{"from":[5.77333,7.42812,8.52],"to":[6.89333,8.32412,9.48],"rotation":{"angle":-22.5,"axis":"z","origin":[8,0.70323,9]},"faces":{"north":{"uv":[6,5.25,6.25,5],"texture":"#1"},"east":{"uv":[6.25,5.5,6,5.25],"texture":"#1"},"south":{"uv":[6.25,5.25,6,5],"texture":"#1"},"west":{"uv":[6.25,5.75,6,5.5],"texture":"#1"},"up":{"uv":[6,6.25,6.25,6],"rotation":180,"texture":"#1"},"down":{"uv":[6,5.75,6.25,6],"rotation":180,"texture":"#1"}}},{"from":[3.49897,7.39781,8.584],"to":[4.13897,8.67781,9.416],"rotation":{"angle":-45,"axis":"z","origin":[8,0.70323,9]},"faces":{"north":{"uv":[6.25,4.0625,6.4375,3.75],"texture":"#1"},"east":{"uv":[6.4375,4.5625,6.25,4.25],"texture":"#1"},"south":{"uv":[6.4375,4.0625,6.25,3.75],"texture":"#1"},"west":{"uv":[4.9375,6.5625,4.75,6.25],"texture":"#1"},"up":{"uv":[6.5,4.6875,6.6875,4.5],"rotation":180,"texture":"#1"},"down":{"uv":[6.5,4.25,6.6875,4.4375],"rotation":180,"texture":"#1"}}},{"from":[13.24999,7.3221,8.616],"to":[13.88999,8.6021,9.384],"rotation":{"angle":22.5,"axis":"z","origin":[8,0.70323,9]},"faces":{"north":{"uv":[6.25,1.8125,6.4375,1.5],"texture":"#1"},"east":{"uv":[6.4375,2.3125,6.25,2],"texture":"#1"},"south":{"uv":[6.4375,1.8125,6.25,1.5],"texture":"#1"},"west":{"uv":[6.4375,3.5625,6.25,3.25],"texture":"#1"},"up":{"uv":[4.25,6.6875,4.4375,6.5],"rotation":180,"texture":"#1"},"down":{"uv":[6.5,4,6.6875,4.1875],"rotation":180,"texture":"#1"}}},{"from":[6.12696,10.00088,8.6096],"to":[6.58776,10.46168,9.3904],"rotation":{"angle":-22.5,"axis":"z","origin":[8,0.70323,9]},"faces":{"north":{"uv":[5.625,6.875,5.5,6.75],"texture":"#1"},"east":{"uv":[6.9375,4.125,6.75,4],"texture":"#1"},"south":{"uv":[6.875,5.375,6.75,5.25],"texture":"#1"},"west":{"uv":[4.4375,6.875,4.25,6.75],"texture":"#1"},"up":{"uv":[4.5,6.9375,4.625,6.75],"rotation":180,"texture":"#1"},"down":{"uv":[6.75,4.25,6.875,4.4375],"rotation":180,"texture":"#1"}}},{"from":[5.30916,6.94526,8.5456],"to":[5.85316,7.48926,9.4544],"rotation":{"angle":-45,"axis":"z","origin":[8,0.70323,9]},"faces":{"north":{"uv":[6.125,6.875,6,6.75],"texture":"#1"},"east":{"uv":[1.75,6.875,1.5,6.75],"texture":"#1"},"south":{"uv":[6.875,5.875,6.75,5.75],"texture":"#1"},"west":{"uv":[2,6.875,1.75,6.75],"texture":"#1"},"up":{"uv":[2,7,2.125,6.75],"rotation":180,"texture":"#1"},"down":{"uv":[6.75,1.75,6.875,2],"rotation":180,"texture":"#1"}}},{"from":[10.51107,7.01972,8.552],"to":[11.27907,8.29972,9.448],"rotation":{"angle":0,"axis":"y","origin":[8,0.70323,9]},"faces":{"north":{"uv":[0.5,6.8125,0.6875,6.5],"texture":"#1"},"east":{"uv":[2.25,6.3125,2,6],"texture":"#1"},"south":{"uv":[0.6875,6.8125,0.5,6.5],"texture":"#1"},"west":{"uv":[2.5,6.3125,2.25,6],"texture":"#1"},"up":{"uv":[6.5,3.75,6.6875,3.5],"rotation":180,"texture":"#1"},"down":{"uv":[6.5,3.25,6.6875,3.5],"rotation":180,"texture":"#1"}}},{"from":[4.40312,7.84942,8.5456],"to":[4.94712,8.39342,9.4544],"rotation":{"angle":-45,"axis":"z","origin":[8,0.70323,9]},"faces":{"north":{"uv":[6.625,6.875,6.5,6.75],"texture":"#1"},"east":{"uv":[7,2.625,6.75,2.5],"texture":"#1"},"south":{"uv":[6.875,6.375,6.75,6.25],"texture":"#1"},"west":{"uv":[3,6.875,2.75,6.75],"texture":"#1"},"up":{"uv":[3,7,3.125,6.75],"rotation":180,"texture":"#1"},"down":{"uv":[6.75,2.75,6.875,3],"rotation":180,"texture":"#1"}}},{"from":[9.10667,7.42812,8.52],"to":[10.22667,8.32412,9.48],"rotation":{"angle":22.5,"axis":"z","origin":[8,0.70323,9]},"faces":{"north":{"uv":[6.25,5.25,6,5],"texture":"#1"},"east":{"uv":[6,5.75,6.25,5.5],"texture":"#1"},"south":{"uv":[6,5.25,6.25,5],"texture":"#1"},"west":{"uv":[6,5.5,6.25,5.25],"texture":"#1"},"up":{"uv":[6.25,6.25,6,6],"rotation":180,"texture":"#1"},"down":{"uv":[6.25,5.75,6,6],"rotation":180,"texture":"#1"}}},{"from":[5.68093,6.21972,8.552],"to":[6.44893,8.61972,9.448],"rotation":{"angle":0,"axis":"y","origin":[8,0.70323,9]},"faces":{"north":{"uv":[4.1875,6.375,4,5.75],"texture":"#1"},"east":{"uv":[5.5,5.875,5.75,5.25],"texture":"#1"},"south":{"uv":[4,6.375,4.1875,5.75],"texture":"#1"},"west":{"uv":[5.5,4.375,5.75,3.75],"texture":"#1"},"up":{"uv":[6.6875,2.5,6.5,2.25],"rotation":180,"texture":"#1"},"down":{"uv":[2.4375,6.5,2.25,6.75],"rotation":180,"texture":"#1"}}},{"from":[10.25998,5.70075,8.5456],"to":[10.80398,6.24475,9.4544],"rotation":{"angle":45,"axis":"z","origin":[8,0.70323,9]},"faces":{"north":{"uv":[5.25,6.875,5.375,6.75],"texture":"#1"},"east":{"uv":[6.75,1.125,7,1],"texture":"#1"},"south":{"uv":[6.75,5.125,6.875,5],"texture":"#1"},"west":{"uv":[6.75,0.875,7,0.75],"texture":"#1"},"up":{"uv":[6.875,1.5,6.75,1.25],"rotation":180,"texture":"#1"},"down":{"uv":[1.375,6.75,1.25,7],"rotation":180,"texture":"#1"}}},{"from":[11.86103,7.39781,8.584],"to":[12.50103,8.67781,9.416],"rotation":{"angle":45,"axis":"z","origin":[8,0.70323,9]},"faces":{"north":{"uv":[6.4375,4.0625,6.25,3.75],"texture":"#1"},"east":{"uv":[4.75,6.5625,4.9375,6.25],"texture":"#1"},"south":{"uv":[6.25,4.0625,6.4375,3.75],"texture":"#1"},"west":{"uv":[6.25,4.5625,6.4375,4.25],"texture":"#1"},"up":{"uv":[6.6875,4.6875,6.5,4.5],"rotation":180,"texture":"#1"},"down":{"uv":[6.6875,4.25,6.5,4.4375],"rotation":180,"texture":"#1"}}},{"from":[2.11001,7.3221,8.616],"to":[2.75001,8.6021,9.384],"rotation":{"angle":-22.5,"axis":"z","origin":[8,0.70323,9]},"faces":{"north":{"uv":[6.4375,1.8125,6.25,1.5],"texture":"#1"},"east":{"uv":[6.25,3.5625,6.4375,3.25],"texture":"#1"},"south":{"uv":[6.25,1.8125,6.4375,1.5],"texture":"#1"},"west":{"uv":[6.25,2.3125,6.4375,2],"texture":"#1"},"up":{"uv":[4.4375,6.6875,4.25,6.5],"rotation":180,"texture":"#1"},"down":{"uv":[6.6875,4,6.5,4.1875],"rotation":180,"texture":"#1"}}},{"from":[9.41224,10.00088,8.6096],"to":[9.87304,10.46168,9.3904],"rotation":{"angle":22.5,"axis":"z","origin":[8,0.70323,9]},"faces":{"north":{"uv":[5.5,6.875,5.625,6.75],"texture":"#1"},"east":{"uv":[4.25,6.875,4.4375,6.75],"texture":"#1"},"south":{"uv":[6.75,5.375,6.875,5.25],"texture":"#1"},"west":{"uv":[6.75,4.125,6.9375,4],"texture":"#1"},"up":{"uv":[4.625,6.9375,4.5,6.75],"rotation":180,"texture":"#1"},"down":{"uv":[6.875,4.25,6.75,4.4375],"rotation":180,"texture":"#1"}}},{"from":[11.05288,7.84942,8.5456],"to":[11.59688,8.39342,9.4544],"rotation":{"angle":45,"axis":"z","origin":[8,0.70323,9]},"faces":{"north":{"uv":[6.5,6.875,6.625,6.75],"texture":"#1"},"east":{"uv":[2.75,6.875,3,6.75],"texture":"#1"},"south":{"uv":[6.75,6.375,6.875,6.25],"texture":"#1"},"west":{"uv":[6.75,2.625,7,2.5],"texture":"#1"},"up":{"uv":[3.125,7,3,6.75],"rotation":180,"texture":"#1"},"down":{"uv":[6.875,2.75,6.75,3],"rotation":180,"texture":"#1"}}},{"from":[4.72093,7.01972,8.552],"to":[5.48893,8.29972,9.448],"rotation":{"angle":0,"axis":"y","origin":[8,0.70323,9]},"faces":{"north":{"uv":[0.6875,6.8125,0.5,6.5],"texture":"#1"},"east":{"uv":[2.25,6.3125,2.5,6],"texture":"#1"},"south":{"uv":[0.5,6.8125,0.6875,6.5],"texture":"#1"},"west":{"uv":[2,6.3125,2.25,6],"texture":"#1"},"up":{"uv":[6.6875,3.75,6.5,3.5],"rotation":180,"texture":"#1"},"down":{"uv":[6.6875,3.25,6.5,3.5],"rotation":180,"texture":"#1"}}},{"from":[10.14684,6.94526,8.5456],"to":[10.69084,7.48926,9.4544],"rotation":{"angle":45,"axis":"z","origin":[8,0.70323,9]},"faces":{"north":{"uv":[6,6.875,6.125,6.75],"texture":"#1"},"east":{"uv":[1.75,6.875,2,6.75],"texture":"#1"},"south":{"uv":[6.75,5.875,6.875,5.75],"texture":"#1"},"west":{"uv":[1.5,6.875,1.75,6.75],"texture":"#1"},"up":{"uv":[2.125,7,2,6.75],"rotation":180,"texture":"#1"},"down":{"uv":[6.875,1.75,6.75,2],"rotation":180,"texture":"#1"}}},{"from":[9.92,6.14633,9],"to":[14.08,11.76858,9],"rotation":{"angle":0,"axis":"y","origin":[8,0.70323,9]},"faces":{"north":{"uv":[3.5,1.375,4.5625,0],"texture":"#1"},"east":{"uv":[0,1.375,0,0],"texture":"#1"},"south":{"uv":[4.5625,1.375,3.5,0],"texture":"#1"},"west":{"uv":[0,1.375,0,0],"texture":"#1"},"up":{"uv":[0,0,1.0625,0],"rotation":180,"texture":"#1"},"down":{"uv":[0,0,1.0625,0],"rotation":180,"texture":"#1"}}},{"from":[1.92,6.14633,9],"to":[6.08,11.76858,9],"rotation":{"angle":0,"axis":"y","origin":[8,0.70323,9]},"faces":{"north":{"uv":[4.5625,1.375,3.5,0],"texture":"#1"},"east":{"uv":[0,1.375,0,0],"texture":"#1"},"south":{"uv":[3.5,1.375,4.5625,0],"texture":"#1"},"west":{"uv":[0,1.375,0,0],"texture":"#1"},"up":{"uv":[1.0625,0,0,0],"rotation":180,"texture":"#1"},"down":{"uv":[1.0625,0,0,0],"rotation":180,"texture":"#1"}}},{"from":[11.79795,4.50118,8.18],"to":[14.19795,6.90118,9.82],"rotation":{"angle":45,"axis":"z","origin":[8,0.70323,9]},"faces":{"north":{"uv":[5.375,1.375,4.75,0.75],"texture":"#1"},"east":{"uv":[4.75,3.625,5.125,3],"texture":"#1"},"south":{"uv":[4.75,1.375,5.375,0.75],"texture":"#1"},"west":{"uv":[2.75,5.375,3.125,4.75],"texture":"#1"},"up":{"uv":[5.375,4.625,4.75,4.25],"rotation":180,"texture":"#1"},"down":{"uv":[5.375,3.75,4.75,4.125],"rotation":180,"texture":"#1"}}},{"from":[16.17674,8.87997,8.18],"to":[17.93674,10.63997,9.82],"rotation":{"angle":45,"axis":"z","origin":[8,0.70323,9]},"faces":{"north":{"uv":[4.4375,5.6875,4,5.25],"texture":"#1"},"east":{"uv":[5.5,1.6875,5.875,1.25],"texture":"#1"},"south":{"uv":[4,5.6875,4.4375,5.25],"texture":"#1"},"west":{"uv":[5.5,1.1875,5.875,0.75],"texture":"#1"},"up":{"uv":[2.4375,5.875,2,5.5],"rotation":180,"texture":"#1"},"down":{"uv":[5.9375,1.75,5.5,2.125],"rotation":180,"texture":"#1"}}},{"from":[7.22,12.7314,8.44],"to":[8.78,14.2914,9.56],"rotation":{"angle":0,"axis":"y","origin":[8,0.70323,9]},"faces":{"north":{"uv":[5.1875,5.1875,4.75,4.75],"texture":"#1"},"east":{"uv":[4.75,6.1875,5,5.75],"texture":"#1"},"south":{"uv":[4.75,5.1875,5.1875,4.75],"texture":"#1"},"west":{"uv":[4.5,6.1875,4.75,5.75],"texture":"#1"},"up":{"uv":[6.1875,5,5.75,4.75],"rotation":180,"texture":"#1"},"down":{"uv":[6.1875,3.25,5.75,3.5],"rotation":180,"texture":"#1"}}},{"from":[6.8,6.5714,8.34],"to":[9.2,8.9714,9.66],"rotation":{"angle":0,"axis":"y","origin":[8,0.70323,9]},"faces":{"north":{"uv":[4.625,5.125,4,4.5],"texture":"#1"},"east":{"uv":[2.5,6.125,2.75,5.5],"texture":"#1"},"south":{"uv":[4,5.125,4.625,4.5],"texture":"#1"},"west":{"uv":[5.5,2.875,5.75,2.25],"texture":"#1"},"up":{"uv":[3.375,5.75,2.75,5.5],"rotation":180,"texture":"#1"},"down":{"uv":[5.875,3.5,5.25,3.75],"rotation":180,"texture":"#1"}}},{"from":[6.8,2.7114,7.728],"to":[9.2,5.1114,8.272],"rotation":{"angle":45,"axis":"z","origin":[8,3.9114,8]},"faces":{"north":{"uv":[2.625,5.375,2,4.75],"texture":"#1"},"east":{"uv":[5.75,6.375,5.875,5.75],"texture":"#1"},"south":{"uv":[2,5.375,2.625,4.75],"texture":"#1"},"west":{"uv":[5.25,6.375,5.375,5.75],"texture":"#1"},"up":{"uv":[6.625,0.375,6,0.25],"rotation":180,"texture":"#1"},"down":{"uv":[6.625,0,6,0.125],"rotation":180,"texture":"#1"}}},{"from":[-4.25,3.76858,11.85],"to":[11.75,20.76858,11.95],"rotation":{"angle":22.5,"axis":"y","origin":[2,11.26858,11.9]},"faces":{"north":{"uv":[16,16,0,0],"rotation":180,"texture":"#2"},"south":{"uv":[0,16,16,0],"rotation":180,"texture":"#2"}}},{"from":[-5.75,5.76858,11.8],"to":[10.25,22.76858,12],"rotation":{"angle":22.5,"axis":"y","origin":[2,11.26858,11.9]},"faces":{"north":{"uv":[0,16,16,0],"rotation":180,"texture":"#3"},"south":{"uv":[16,16,0,0],"rotation":180,"texture":"#3"}}},{"from":[5.75,5.76858,11.8],"to":[21.75,22.76858,12],"rotation":{"angle":-22.5,"axis":"y","origin":[14,11.26858,11.9]},"faces":{"north":{"uv":[16,16,0,0],"rotation":180,"texture":"#3"},"south":{"uv":[0,16,16,0],"rotation":180,"texture":"#3"}}},{"from":[4.25,3.76858,11.85],"to":[20.25,20.76858,11.95],"rotation":{"angle":-22.5,"axis":"y","origin":[14,11.26858,11.9]},"faces":{"north":{"uv":[0,16,16,0],"rotation":180,"texture":"#2"},"south":{"uv":[16,16,0,0],"rotation":180,"texture":"#2"}}},{"from":[-15.87563,-16,9.44185],"to":[9.12437,32,9.44185],"rotation":{"angle":0,"axis":"y","origin":[7.95151,4,9.53354]},"faces":{"north":{"uv":[7.5,0,3.89648,7.5],"texture":"#4"},"east":{"uv":[0,0,0,7.5],"texture":"#4"},"south":{"uv":[3.89648,0,7.5,7.5],"texture":"#4"},"west":{"uv":[0,0,0,7.5],"texture":"#4"},"up":{"uv":[7.5,0,0,0],"texture":"#4"},"down":{"uv":[7.5,0,0,0],"texture":"#4"}}},{"from":[6.87563,-16,9.44185],"to":[31.87563,32,9.44185],"rotation":{"angle":0,"axis":"y","origin":[8.04849,4,9.53354]},"faces":{"north":{"uv":[3.89648,0,7.5,7.5],"texture":"#4"},"east":{"uv":[0,0,0,7.5],"texture":"#4"},"south":{"uv":[7.5,0,3.89648,7.5],"texture":"#4"},"west":{"uv":[0,0,0,7.5],"texture":"#4"},"up":{"uv":[0,0,7.5,0],"texture":"#4"},"down":{"uv":[0,0,7.5,0],"texture":"#4"}}},{"from":[-15.87563,-16,9.44185],"to":[9.12437,32,9.44185],"rotation":{"angle":22.5,"axis":"y","origin":[7.95151,4,9.53354]},"faces":{"north":{"uv":[15.5,0,11.89648,7.5],"texture":"#4"},"east":{"uv":[8,0,8,7.5],"texture":"#4"},"south":{"uv":[11.89648,0,15.5,7.5],"texture":"#4"},"west":{"uv":[8,0,8,7.5],"texture":"#4"},"up":{"uv":[15.5,0,8,0],"texture":"#4"},"down":{"uv":[15.5,0,8,0],"texture":"#4"}}},{"from":[6.87563,-16,9.44185],"to":[31.87563,32,9.44185],"rotation":{"angle":-22.5,"axis":"y","origin":[8.04849,4,9.53354]},"faces":{"north":{"uv":[11.89648,0,15.5,7.5],"texture":"#4"},"east":{"uv":[8,0,8,7.5],"texture":"#4"},"south":{"uv":[15.5,0,11.89648,7.5],"texture":"#4"},"west":{"uv":[8,0,8,7.5],"texture":"#4"},"up":{"uv":[8,0,15.5,0],"texture":"#4"},"down":{"uv":[8,0,15.5,0],"texture":"#4"}}},{"from":[-15.87563,-16,9.44185],"to":[9.12437,32,9.44185],"rotation":{"angle":45,"axis":"y","origin":[7.95151,4,9.53354]},"faces":{"north":{"uv":[7.5,8,3.89648,15.5],"texture":"#4"},"east":{"uv":[0,8,0,15.5],"texture":"#4"},"south":{"uv":[3.89648,8,7.5,15.5],"texture":"#4"},"west":{"uv":[0,8,0,15.5],"texture":"#4"},"up":{"uv":[7.5,8,0,8],"texture":"#4"},"down":{"uv":[7.5,8,0,8],"texture":"#4"}}},{"from":[6.87563,-16,9.44185],"to":[31.87563,32,9.44185],"rotation":{"angle":-45,"axis":"y","origin":[8.04849,4,9.53354]},"faces":{"north":{"uv":[3.89648,8,7.5,15.5],"texture":"#4"},"east":{"uv":[0,8,0,15.5],"texture":"#4"},"south":{"uv":[7.5,8,3.89648,15.5],"texture":"#4"},"west":{"uv":[0,8,0,15.5],"texture":"#4"},"up":{"uv":[0,8,7.5,8],"texture":"#4"},"down":{"uv":[0,8,7.5,8],"texture":"#4"}}}],"gui_light":"front","display":{"thirdperson_righthand":{"rotation":[53.5,0,0],"translation":[0,1.75,0.75],"scale":[0.24,0.24,0.24]},"thirdperson_lefthand":{"rotation":[67.75,0,0],"translation":[-5.5,-7,11]},"firstperson_righthand":{"translation":[0,1,0],"scale":[0.35,0.35,0.35]},"firstperson_lefthand":{"translation":[12.25,0,0],"scale":[0.02,0.02,0.02]},"ground":{"rotation":[52,0,0],"translation":[0,6.25,0],"scale":[0.53,0.53,0.53]},"gui":{"rotation":[0,180,0],"translation":[0,0.25,0],"scale":[0.32,0.32,0.32]},"head":{"translation":[0,-9,8],"scale":[1.74,1.74,1.74]},"fixed":{"rotation":[0,180,0],"translation":[0,3,-1]}},"mcmodels":"b2433d24f9edb4641057fce39a92de90"}