{"credit":"Made with Blockbench","textures":{"1":"leviathanset:texture","2":"leviathanset:lighting","3":"leviathanset:bluefire","4":"leviathanset:leviathan_wing_animated","particle":"leviathanset:lighting"},"elements":[{"from":[5.8132,-5.20157,8.284],"to":[7.0132,-4.96157,8.716],"rotation":{"angle":-45,"axis":"z","origin":[8,-7.14838,8.5]},"faces":{"north":{"uv":[6,0.625,6.625,0.5],"texture":"#1","tintindex":0},"east":{"uv":[6.9375,3.375,6.75,3.25],"texture":"#1","tintindex":0},"south":{"uv":[6.625,0.625,6,0.5],"texture":"#1","tintindex":0},"west":{"uv":[6.9375,3.625,6.75,3.5],"texture":"#1","tintindex":0},"up":{"uv":[5.75,3.1875,6.375,3],"rotation":180,"texture":"#1","tintindex":0},"down":{"uv":[5.5,4.5,6.125,4.6875],"rotation":180,"texture":"#1","tintindex":0}}},{"from":[9.24271,-5.39984,8.364],"to":[9.64271,-4.19984,8.636],"rotation":{"angle":22.5,"axis":"z","origin":[8,-7.14838,8.5]},"faces":{"north":{"uv":[3.25,6.375,3.4375,5.75],"texture":"#1","tintindex":0},"east":{"uv":[6.125,1.625,6,1],"texture":"#1","tintindex":0},"south":{"uv":[3.4375,6.375,3.25,5.75],"texture":"#1","tintindex":0},"west":{"uv":[6.125,2.375,6,1.75],"texture":"#1","tintindex":0},"up":{"uv":[4,6.875,4.1875,6.75],"rotation":180,"texture":"#1","tintindex":0},"down":{"uv":[6.75,3.75,6.9375,3.875],"rotation":180,"texture":"#1","tintindex":0}}},{"from":[6.35729,-5.39984,8.364],"to":[6.75729,-4.19984,8.636],"rotation":{"angle":-22.5,"axis":"z","origin":[8,-7.14838,8.5]},"faces":{"north":{"uv":[3.4375,6.375,3.25,5.75],"texture":"#1","tintindex":0},"east":{"uv":[6,2.375,6.125,1.75],"texture":"#1","tintindex":0},"south":{"uv":[3.25,6.375,3.4375,5.75],"texture":"#1","tintindex":0},"west":{"uv":[6,1.625,6.125,1],"texture":"#1","tintindex":0},"up":{"uv":[4.1875,6.875,4,6.75],"rotation":180,"texture":"#1","tintindex":0},"down":{"uv":[6.9375,3.75,6.75,3.875],"rotation":180,"texture":"#1","tintindex":0}}},{"from":[8.98681,-5.20157,8.284],"to":[10.18681,-4.96157,8.716],"rotation":{"angle":45,"axis":"z","origin":[8,-7.14838,8.5]},"faces":{"north":{"uv":[6.625,0.625,6,0.5],"texture":"#1","tintindex":0},"east":{"uv":[6.75,3.625,6.9375,3.5],"texture":"#1","tintindex":0},"south":{"uv":[6,0.625,6.625,0.5],"texture":"#1","tintindex":0},"west":{"uv":[6.75,3.375,6.9375,3.25],"texture":"#1","tintindex":0},"up":{"uv":[6.375,3.1875,5.75,3],"rotation":180,"texture":"#1","tintindex":0},"down":{"uv":[6.125,4.5,5.5,4.6875],"rotation":180,"texture":"#1","tintindex":0}}},{"from":[6.59801,-4.64963,8.2728],"to":[6.87001,-4.37762,8.7272],"rotation":{"angle":-45,"axis":"z","origin":[8,-7.14838,8.5]},"faces":{"north":{"uv":[5.375,6.875,5.25,6.75],"texture":"#1","tintindex":0},"east":{"uv":[7,0.875,6.75,0.75],"texture":"#1","tintindex":0},"south":{"uv":[6.875,5.125,6.75,5],"texture":"#1","tintindex":0},"west":{"uv":[7,1.125,6.75,1],"texture":"#1","tintindex":0},"up":{"uv":[6.75,1.5,6.875,1.25],"rotation":180,"texture":"#1","tintindex":0},"down":{"uv":[1.25,6.75,1.375,7],"rotation":180,"texture":"#1","tintindex":0}}},{"from":[8.77554,-4.39014,8.276],"to":[9.15954,-3.19014,8.724],"rotation":{"angle":0,"axis":"y","origin":[8,-7.14838,8.5]},"faces":{"north":{"uv":[4,6.375,4.1875,5.75],"texture":"#1","tintindex":0},"east":{"uv":[5.75,4.375,5.5,3.75],"texture":"#1","tintindex":0},"south":{"uv":[4.1875,6.375,4,5.75],"texture":"#1","tintindex":0},"west":{"uv":[5.75,5.875,5.5,5.25],"texture":"#1","tintindex":0},"up":{"uv":[6.5,2.5,6.6875,2.25],"rotation":180,"texture":"#1","tintindex":0},"down":{"uv":[2.25,6.5,2.4375,6.75],"rotation":180,"texture":"#1","tintindex":0}}},{"from":[6.88667,-3.78594,8.26],"to":[7.44667,-3.33794,8.74],"rotation":{"angle":-22.5,"axis":"z","origin":[8,-7.14838,8.5]},"faces":{"north":{"uv":[6,5.25,6.25,5],"texture":"#1","tintindex":0},"east":{"uv":[6.25,5.5,6,5.25],"texture":"#1","tintindex":0},"south":{"uv":[6.25,5.25,6,5],"texture":"#1","tintindex":0},"west":{"uv":[6.25,5.75,6,5.5],"texture":"#1","tintindex":0},"up":{"uv":[6,6.25,6.25,6],"rotation":180,"texture":"#1","tintindex":0},"down":{"uv":[6,5.75,6.25,6],"rotation":180,"texture":"#1","tintindex":0}}},{"from":[5.74949,-3.80109,8.292],"to":[6.06949,-3.1611,8.708],"rotation":{"angle":-45,"axis":"z","origin":[8,-7.14838,8.5]},"faces":{"north":{"uv":[6.25,4.0625,6.4375,3.75],"texture":"#1","tintindex":0},"east":{"uv":[6.4375,4.5625,6.25,4.25],"texture":"#1","tintindex":0},"south":{"uv":[6.4375,4.0625,6.25,3.75],"texture":"#1","tintindex":0},"west":{"uv":[4.9375,6.5625,4.75,6.25],"texture":"#1","tintindex":0},"up":{"uv":[6.5,4.6875,6.6875,4.5],"rotation":180,"texture":"#1","tintindex":0},"down":{"uv":[6.5,4.25,6.6875,4.4375],"rotation":180,"texture":"#1","tintindex":0}}},{"from":[10.625,-3.83895,8.308],"to":[10.94499,-3.19895,8.692],"rotation":{"angle":22.5,"axis":"z","origin":[8,-7.14838,8.5]},"faces":{"north":{"uv":[6.25,1.8125,6.4375,1.5],"texture":"#1","tintindex":0},"east":{"uv":[6.4375,2.3125,6.25,2],"texture":"#1","tintindex":0},"south":{"uv":[6.4375,1.8125,6.25,1.5],"texture":"#1","tintindex":0},"west":{"uv":[6.4375,3.5625,6.25,3.25],"texture":"#1","tintindex":0},"up":{"uv":[4.25,6.6875,4.4375,6.5],"rotation":180,"texture":"#1","tintindex":0},"down":{"uv":[6.5,4,6.6875,4.1875],"rotation":180,"texture":"#1","tintindex":0}}},{"from":[7.06348,-2.49956,8.3048],"to":[7.29388,-2.26916,8.6952],"rotation":{"angle":-22.5,"axis":"z","origin":[8,-7.14838,8.5]},"faces":{"north":{"uv":[5.625,6.875,5.5,6.75],"texture":"#1","tintindex":0},"east":{"uv":[6.9375,4.125,6.75,4],"texture":"#1","tintindex":0},"south":{"uv":[6.875,5.375,6.75,5.25],"texture":"#1","tintindex":0},"west":{"uv":[4.4375,6.875,4.25,6.75],"texture":"#1","tintindex":0},"up":{"uv":[4.5,6.9375,4.625,6.75],"rotation":180,"texture":"#1","tintindex":0},"down":{"uv":[6.75,4.25,6.875,4.4375],"rotation":180,"texture":"#1","tintindex":0}}},{"from":[6.65458,-4.02737,8.2728],"to":[6.92658,-3.75537,8.7272],"rotation":{"angle":-45,"axis":"z","origin":[8,-7.14838,8.5]},"faces":{"north":{"uv":[6.125,6.875,6,6.75],"texture":"#1","tintindex":0},"east":{"uv":[1.75,6.875,1.5,6.75],"texture":"#1","tintindex":0},"south":{"uv":[6.875,5.875,6.75,5.75],"texture":"#1","tintindex":0},"west":{"uv":[2,6.875,1.75,6.75],"texture":"#1","tintindex":0},"up":{"uv":[2,7,2.125,6.75],"rotation":180,"texture":"#1","tintindex":0},"down":{"uv":[6.75,1.75,6.875,2],"rotation":180,"texture":"#1","tintindex":0}}},{"from":[9.25554,-3.99014,8.276],"to":[9.63954,-3.35014,8.724],"rotation":{"angle":0,"axis":"y","origin":[8,-7.14838,8.5]},"faces":{"north":{"uv":[0.5,6.8125,0.6875,6.5],"texture":"#1","tintindex":0},"east":{"uv":[2.25,6.3125,2,6],"texture":"#1","tintindex":0},"south":{"uv":[0.6875,6.8125,0.5,6.5],"texture":"#1","tintindex":0},"west":{"uv":[2.5,6.3125,2.25,6],"texture":"#1","tintindex":0},"up":{"uv":[6.5,3.75,6.6875,3.5],"rotation":180,"texture":"#1","tintindex":0},"down":{"uv":[6.5,3.25,6.6875,3.5],"rotation":180,"texture":"#1","tintindex":0}}},{"from":[6.20156,-3.57529,8.2728],"to":[6.47356,-3.30329,8.7272],"rotation":{"angle":-45,"axis":"z","origin":[8,-7.14838,8.5]},"faces":{"north":{"uv":[6.625,6.875,6.5,6.75],"texture":"#1","tintindex":0},"east":{"uv":[7,2.625,6.75,2.5],"texture":"#1","tintindex":0},"south":{"uv":[6.875,6.375,6.75,6.25],"texture":"#1","tintindex":0},"west":{"uv":[3,6.875,2.75,6.75],"texture":"#1","tintindex":0},"up":{"uv":[3,7,3.125,6.75],"rotation":180,"texture":"#1","tintindex":0},"down":{"uv":[6.75,2.75,6.875,3],"rotation":180,"texture":"#1","tintindex":0}}},{"from":[8.55334,-3.78594,8.26],"to":[9.11333,-3.33794,8.74],"rotation":{"angle":22.5,"axis":"z","origin":[8,-7.14838,8.5]},"faces":{"north":{"uv":[6.25,5.25,6,5],"texture":"#1","tintindex":0},"east":{"uv":[6,5.75,6.25,5.5],"texture":"#1","tintindex":0},"south":{"uv":[6,5.25,6.25,5],"texture":"#1","tintindex":0},"west":{"uv":[6,5.5,6.25,5.25],"texture":"#1","tintindex":0},"up":{"uv":[6.25,6.25,6,6],"rotation":180,"texture":"#1","tintindex":0},"down":{"uv":[6.25,5.75,6,6],"rotation":180,"texture":"#1","tintindex":0}}},{"from":[6.84047,-4.39014,8.276],"to":[7.22447,-3.19014,8.724],"rotation":{"angle":0,"axis":"y","origin":[8,-7.14838,8.5]},"faces":{"north":{"uv":[4.1875,6.375,4,5.75],"texture":"#1","tintindex":0},"east":{"uv":[5.5,5.875,5.75,5.25],"texture":"#1","tintindex":0},"south":{"uv":[4,6.375,4.1875,5.75],"texture":"#1","tintindex":0},"west":{"uv":[5.5,4.375,5.75,3.75],"texture":"#1","tintindex":0},"up":{"uv":[6.6875,2.5,6.5,2.25],"rotation":180,"texture":"#1","tintindex":0},"down":{"uv":[2.4375,6.5,2.25,6.75],"rotation":180,"texture":"#1","tintindex":0}}},{"from":[9.12999,-4.64963,8.2728],"to":[9.40199,-4.37762,8.7272],"rotation":{"angle":45,"axis":"z","origin":[8,-7.14838,8.5]},"faces":{"north":{"uv":[5.25,6.875,5.375,6.75],"texture":"#1","tintindex":0},"east":{"uv":[6.75,1.125,7,1],"texture":"#1","tintindex":0},"south":{"uv":[6.75,5.125,6.875,5],"texture":"#1","tintindex":0},"west":{"uv":[6.75,0.875,7,0.75],"texture":"#1","tintindex":0},"up":{"uv":[6.875,1.5,6.75,1.25],"rotation":180,"texture":"#1","tintindex":0},"down":{"uv":[1.375,6.75,1.25,7],"rotation":180,"texture":"#1","tintindex":0}}},{"from":[9.93052,-3.80109,8.292],"to":[10.25052,-3.1611,8.708],"rotation":{"angle":45,"axis":"z","origin":[8,-7.14838,8.5]},"faces":{"north":{"uv":[6.4375,4.0625,6.25,3.75],"texture":"#1","tintindex":0},"east":{"uv":[4.75,6.5625,4.9375,6.25],"texture":"#1","tintindex":0},"south":{"uv":[6.25,4.0625,6.4375,3.75],"texture":"#1","tintindex":0},"west":{"uv":[6.25,4.5625,6.4375,4.25],"texture":"#1","tintindex":0},"up":{"uv":[6.6875,4.6875,6.5,4.5],"rotation":180,"texture":"#1","tintindex":0},"down":{"uv":[6.6875,4.25,6.5,4.4375],"rotation":180,"texture":"#1","tintindex":0}}},{"from":[5.055,-3.83895,8.308],"to":[5.37501,-3.19895,8.692],"rotation":{"angle":-22.5,"axis":"z","origin":[8,-7.14838,8.5]},"faces":{"north":{"uv":[6.4375,1.8125,6.25,1.5],"texture":"#1","tintindex":0},"east":{"uv":[6.25,3.5625,6.4375,3.25],"texture":"#1","tintindex":0},"south":{"uv":[6.25,1.8125,6.4375,1.5],"texture":"#1","tintindex":0},"west":{"uv":[6.25,2.3125,6.4375,2],"texture":"#1","tintindex":0},"up":{"uv":[4.4375,6.6875,4.25,6.5],"rotation":180,"texture":"#1","tintindex":0},"down":{"uv":[6.6875,4,6.5,4.1875],"rotation":180,"texture":"#1","tintindex":0}}},{"from":[8.70612,-2.49956,8.3048],"to":[8.93652,-2.26916,8.6952],"rotation":{"angle":22.5,"axis":"z","origin":[8,-7.14838,8.5]},"faces":{"north":{"uv":[5.5,6.875,5.625,6.75],"texture":"#1","tintindex":0},"east":{"uv":[4.25,6.875,4.4375,6.75],"texture":"#1","tintindex":0},"south":{"uv":[6.75,5.375,6.875,5.25],"texture":"#1","tintindex":0},"west":{"uv":[6.75,4.125,6.9375,4],"texture":"#1","tintindex":0},"up":{"uv":[4.625,6.9375,4.5,6.75],"rotation":180,"texture":"#1","tintindex":0},"down":{"uv":[6.875,4.25,6.75,4.4375],"rotation":180,"texture":"#1","tintindex":0}}},{"from":[9.52644,-3.57529,8.2728],"to":[9.79844,-3.30329,8.7272],"rotation":{"angle":45,"axis":"z","origin":[8,-7.14838,8.5]},"faces":{"north":{"uv":[6.5,6.875,6.625,6.75],"texture":"#1","tintindex":0},"east":{"uv":[2.75,6.875,3,6.75],"texture":"#1","tintindex":0},"south":{"uv":[6.75,6.375,6.875,6.25],"texture":"#1","tintindex":0},"west":{"uv":[6.75,2.625,7,2.5],"texture":"#1","tintindex":0},"up":{"uv":[3.125,7,3,6.75],"rotation":180,"texture":"#1","tintindex":0},"down":{"uv":[6.875,2.75,6.75,3],"rotation":180,"texture":"#1","tintindex":0}}},{"from":[6.36047,-3.99014,8.276],"to":[6.74447,-3.35014,8.724],"rotation":{"angle":0,"axis":"y","origin":[8,-7.14838,8.5]},"faces":{"north":{"uv":[0.6875,6.8125,0.5,6.5],"texture":"#1","tintindex":0},"east":{"uv":[2.25,6.3125,2.5,6],"texture":"#1","tintindex":0},"south":{"uv":[0.5,6.8125,0.6875,6.5],"texture":"#1","tintindex":0},"west":{"uv":[2,6.3125,2.25,6],"texture":"#1","tintindex":0},"up":{"uv":[6.6875,3.75,6.5,3.5],"rotation":180,"texture":"#1","tintindex":0},"down":{"uv":[6.6875,3.25,6.5,3.5],"rotation":180,"texture":"#1","tintindex":0}}},{"from":[9.07342,-4.02737,8.2728],"to":[9.34542,-3.75537,8.7272],"rotation":{"angle":45,"axis":"z","origin":[8,-7.14838,8.5]},"faces":{"north":{"uv":[6,6.875,6.125,6.75],"texture":"#1","tintindex":0},"east":{"uv":[1.75,6.875,2,6.75],"texture":"#1","tintindex":0},"south":{"uv":[6.75,5.875,6.875,5.75],"texture":"#1","tintindex":0},"west":{"uv":[1.5,6.875,1.75,6.75],"texture":"#1","tintindex":0},"up":{"uv":[2.125,7,2,6.75],"rotation":180,"texture":"#1","tintindex":0},"down":{"uv":[6.875,1.75,6.75,2],"rotation":180,"texture":"#1","tintindex":0}}},{"from":[8.96,-4.42684,8.5],"to":[11.04,-1.61571,8.5],"rotation":{"angle":0,"axis":"y","origin":[8,-7.14838,8.5]},"faces":{"north":{"uv":[3.5,1.375,4.5625,0],"texture":"#1","tintindex":0},"east":{"uv":[0,1.375,0,0],"texture":"#1","tintindex":0},"south":{"uv":[4.5625,1.375,3.5,0],"texture":"#1","tintindex":0},"west":{"uv":[0,1.375,0,0],"texture":"#1","tintindex":0},"up":{"uv":[0,0,1.0625,0],"rotation":180,"texture":"#1","tintindex":0},"down":{"uv":[0,0,1.0625,0],"rotation":180,"texture":"#1","tintindex":0}}},{"from":[4.96,-4.42684,8.5],"to":[7.04,-1.61571,8.5],"rotation":{"angle":0,"axis":"y","origin":[8,-7.14838,8.5]},"faces":{"north":{"uv":[4.5625,1.375,3.5,0],"texture":"#1","tintindex":0},"east":{"uv":[0,1.375,0,0],"texture":"#1","tintindex":0},"south":{"uv":[3.5,1.375,4.5625,0],"texture":"#1","tintindex":0},"west":{"uv":[0,1.375,0,0],"texture":"#1","tintindex":0},"up":{"uv":[1.0625,0,0,0],"rotation":180,"texture":"#1","tintindex":0},"down":{"uv":[1.0625,0,0,0],"rotation":180,"texture":"#1","tintindex":0}}},{"from":[9.89898,-5.24941,8.09],"to":[11.09898,-4.04941,8.91],"rotation":{"angle":45,"axis":"z","origin":[8,-7.14838,8.5]},"faces":{"north":{"uv":[5.375,1.375,4.75,0.75],"texture":"#1","tintindex":0},"east":{"uv":[4.75,3.625,5.125,3],"texture":"#1","tintindex":0},"south":{"uv":[4.75,1.375,5.375,0.75],"texture":"#1","tintindex":0},"west":{"uv":[2.75,5.375,3.125,4.75],"texture":"#1","tintindex":0},"up":{"uv":[5.375,4.625,4.75,4.25],"rotation":180,"texture":"#1","tintindex":0},"down":{"uv":[5.375,3.75,4.75,4.125],"rotation":180,"texture":"#1","tintindex":0}}},{"from":[12.08837,-3.06001,8.09],"to":[12.96837,-2.18001,8.91],"rotation":{"angle":45,"axis":"z","origin":[8,-7.14838,8.5]},"faces":{"north":{"uv":[4.4375,5.6875,4,5.25],"texture":"#1","tintindex":0},"east":{"uv":[5.5,1.6875,5.875,1.25],"texture":"#1","tintindex":0},"south":{"uv":[4,5.6875,4.4375,5.25],"texture":"#1","tintindex":0},"west":{"uv":[5.5,1.1875,5.875,0.75],"texture":"#1","tintindex":0},"up":{"uv":[2.4375,5.875,2,5.5],"rotation":180,"texture":"#1","tintindex":0},"down":{"uv":[5.9375,1.75,5.5,2.125],"rotation":180,"texture":"#1","tintindex":0}}},{"from":[7.61,-1.1343,8.22],"to":[8.39,-0.3543,8.78],"rotation":{"angle":0,"axis":"y","origin":[8,-7.14838,8.5]},"faces":{"north":{"uv":[5.1875,5.1875,4.75,4.75],"texture":"#1","tintindex":0},"east":{"uv":[4.75,6.1875,5,5.75],"texture":"#1","tintindex":0},"south":{"uv":[4.75,5.1875,5.1875,4.75],"texture":"#1","tintindex":0},"west":{"uv":[4.5,6.1875,4.75,5.75],"texture":"#1","tintindex":0},"up":{"uv":[6.1875,5,5.75,4.75],"rotation":180,"texture":"#1","tintindex":0},"down":{"uv":[6.1875,3.25,5.75,3.5],"rotation":180,"texture":"#1","tintindex":0}}},{"from":[7.4,-4.2143,8.17],"to":[8.6,-3.0143,8.83],"rotation":{"angle":0,"axis":"y","origin":[8,-7.14838,8.5]},"faces":{"north":{"uv":[4.625,5.125,4,4.5],"texture":"#1","tintindex":0},"east":{"uv":[2.5,6.125,2.75,5.5],"texture":"#1","tintindex":0},"south":{"uv":[4,5.125,4.625,4.5],"texture":"#1","tintindex":0},"west":{"uv":[5.5,2.875,5.75,2.25],"texture":"#1","tintindex":0},"up":{"uv":[3.375,5.75,2.75,5.5],"rotation":180,"texture":"#1","tintindex":0},"down":{"uv":[5.875,3.5,5.25,3.75],"rotation":180,"texture":"#1","tintindex":0}}},{"from":[7.4,-6.1443,7.864],"to":[8.6,-4.9443,8.136],"rotation":{"angle":45,"axis":"z","origin":[8,-5.5443,8]},"faces":{"north":{"uv":[2.625,5.375,2,4.75],"texture":"#1","tintindex":0},"east":{"uv":[5.75,6.375,5.875,5.75],"texture":"#1","tintindex":0},"south":{"uv":[2,5.375,2.625,4.75],"texture":"#1","tintindex":0},"west":{"uv":[5.25,6.375,5.375,5.75],"texture":"#1","tintindex":0},"up":{"uv":[6.625,0.375,6,0.25],"rotation":180,"texture":"#1","tintindex":0},"down":{"uv":[6.625,0,6,0.125],"rotation":180,"texture":"#1","tintindex":0}}},{"from":[1.875,-5.61571,9.925],"to":[9.875,2.88429,9.975],"rotation":{"angle":22.5,"axis":"y","origin":[5,-1.86571,9.95]},"faces":{"north":{"uv":[16,16,0,0],"rotation":180,"texture":"#2","tintindex":0},"south":{"uv":[0,16,16,0],"rotation":180,"texture":"#2","tintindex":0}}},{"from":[1.125,-4.61571,9.9],"to":[9.125,3.88429,10],"rotation":{"angle":22.5,"axis":"y","origin":[5,-1.86571,9.95]},"faces":{"north":{"uv":[0,16,16,0],"rotation":180,"texture":"#3","tintindex":0},"south":{"uv":[16,16,0,0],"rotation":180,"texture":"#3","tintindex":0}}},{"from":[6.875,-4.61571,9.9],"to":[14.875,3.88429,10],"rotation":{"angle":-22.5,"axis":"y","origin":[11,-1.86571,9.95]},"faces":{"north":{"uv":[16,16,0,0],"rotation":180,"texture":"#3","tintindex":0},"south":{"uv":[0,16,16,0],"rotation":180,"texture":"#3","tintindex":0}}},{"from":[6.125,-5.61571,9.925],"to":[14.125,2.88429,9.975],"rotation":{"angle":-22.5,"axis":"y","origin":[11,-1.86571,9.95]},"faces":{"north":{"uv":[0,16,16,0],"rotation":180,"texture":"#2","tintindex":0},"south":{"uv":[16,16,0,0],"rotation":180,"texture":"#2","tintindex":0}}},{"from":[-3.93782,-15.5,8.72093],"to":[8.56219,8.5,8.72093],"rotation":{"angle":0,"axis":"y","origin":[7.97576,-5.5,8.76677]},"faces":{"north":{"uv":[7.5,0,3.89648,7.5],"texture":"#4","tintindex":0},"east":{"uv":[0,0,0,7.5],"texture":"#4","tintindex":0},"south":{"uv":[3.89648,0,7.5,7.5],"texture":"#4","tintindex":0},"west":{"uv":[0,0,0,7.5],"texture":"#4","tintindex":0},"up":{"uv":[7.5,0,0,0],"texture":"#4","tintindex":0},"down":{"uv":[7.5,0,0,0],"texture":"#4","tintindex":0}}},{"from":[7.43782,-15.5,8.72093],"to":[19.93782,8.5,8.72093],"rotation":{"angle":0,"axis":"y","origin":[8.02425,-5.5,8.76677]},"faces":{"north":{"uv":[3.89648,0,7.5,7.5],"texture":"#4","tintindex":0},"east":{"uv":[0,0,0,7.5],"texture":"#4","tintindex":0},"south":{"uv":[7.5,0,3.89648,7.5],"texture":"#4","tintindex":0},"west":{"uv":[0,0,0,7.5],"texture":"#4","tintindex":0},"up":{"uv":[0,0,7.5,0],"texture":"#4","tintindex":0},"down":{"uv":[0,0,7.5,0],"texture":"#4","tintindex":0}}},{"from":[-3.93782,-15.5,8.72093],"to":[8.56219,8.5,8.72093],"rotation":{"angle":22.5,"axis":"y","origin":[7.97576,-5.5,8.76677]},"faces":{"north":{"uv":[15.5,0,11.89648,7.5],"texture":"#4","tintindex":0},"east":{"uv":[8,0,8,7.5],"texture":"#4","tintindex":0},"south":{"uv":[11.89648,0,15.5,7.5],"texture":"#4","tintindex":0},"west":{"uv":[8,0,8,7.5],"texture":"#4","tintindex":0},"up":{"uv":[15.5,0,8,0],"texture":"#4","tintindex":0},"down":{"uv":[15.5,0,8,0],"texture":"#4","tintindex":0}}},{"from":[7.43782,-15.5,8.72093],"to":[19.93782,8.5,8.72093],"rotation":{"angle":-22.5,"axis":"y","origin":[8.02425,-5.5,8.76677]},"faces":{"north":{"uv":[11.89648,0,15.5,7.5],"texture":"#4","tintindex":0},"east":{"uv":[8,0,8,7.5],"texture":"#4","tintindex":0},"south":{"uv":[15.5,0,11.89648,7.5],"texture":"#4","tintindex":0},"west":{"uv":[8,0,8,7.5],"texture":"#4","tintindex":0},"up":{"uv":[8,0,15.5,0],"texture":"#4","tintindex":0},"down":{"uv":[8,0,15.5,0],"texture":"#4","tintindex":0}}},{"from":[-3.93782,-15.5,8.72093],"to":[8.56219,8.5,8.72093],"rotation":{"angle":45,"axis":"y","origin":[7.97576,-5.5,8.76677]},"faces":{"north":{"uv":[7.5,8,3.89648,15.5],"texture":"#4","tintindex":0},"east":{"uv":[0,8,0,15.5],"texture":"#4","tintindex":0},"south":{"uv":[3.89648,8,7.5,15.5],"texture":"#4","tintindex":0},"west":{"uv":[0,8,0,15.5],"texture":"#4","tintindex":0},"up":{"uv":[7.5,8,0,8],"texture":"#4","tintindex":0},"down":{"uv":[7.5,8,0,8],"texture":"#4","tintindex":0}}},{"from":[7.43782,-15.5,8.72093],"to":[19.93782,8.5,8.72093],"rotation":{"angle":-45,"axis":"y","origin":[8.02425,-5.5,8.76677]},"faces":{"north":{"uv":[3.89648,8,7.5,15.5],"texture":"#4","tintindex":0},"east":{"uv":[0,8,0,15.5],"texture":"#4","tintindex":0},"south":{"uv":[7.5,8,3.89648,15.5],"texture":"#4","tintindex":0},"west":{"uv":[0,8,0,15.5],"texture":"#4","tintindex":0},"up":{"uv":[0,8,7.5,8],"texture":"#4","tintindex":0},"down":{"uv":[0,8,7.5,8],"texture":"#4","tintindex":0}}}],"gui_light":"front","display":{"thirdperson_righthand":{"rotation":[53.5,0,0],"translation":[0,1.75,0.75],"scale":[0.24,0.24,0.24]},"thirdperson_lefthand":{"rotation":[67.75,0,0],"translation":[-5.5,-7,11]},"firstperson_righthand":{"translation":[0,1,0],"scale":[0.35,0.35,0.35]},"firstperson_lefthand":{"translation":[12.25,0,0],"scale":[0.02,0.02,0.02]},"ground":{"rotation":[52,0,0],"translation":[0,6.25,0],"scale":[0.53,0.53,0.53]},"gui":{"rotation":[0,180,0],"translation":[0,6.25,0],"scale":[0.57,0.57,0.57]},"head":{"translation":[0,-69.5,8],"scale":[3.48,3.48,3.48]},"fixed":{"rotation":[0,180,0],"translation":[0,3,-1]}},"mcmodels":"b2433d24f9edb4641057fce39a92de90"}