{"credit":"Made with Blockbench","textures":{"0":"goldpack:item/gold/wings","particle":"goldpack:item/gold/wings"},"elements":[{"from":[-15.03359,-6.98224,7.98525],"to":[-9.13359,-4.03224,7.98525],"rotation":{"angle":22.5,"axis":"z","origin":[-10.90359,-6.39224,7.98525]},"faces":{"north":{"uv":[6.75,0,9.25,1.25],"texture":"#0"},"east":{"uv":[8.25,11.75,8.25,13],"texture":"#0"},"south":{"uv":[9.25,0,6.75,1.25],"texture":"#0"},"west":{"uv":[8.5,11.75,8.5,13],"texture":"#0"},"up":{"uv":[14.5,1.5,12,1.5],"texture":"#0"},"down":{"uv":[14.5,1.75,12,1.75],"texture":"#0"}}},{"from":[-9.96333,-6.397,7.4395],"to":[-5.24333,-4.627,8.5605],"rotation":{"angle":45,"axis":"z","origin":[-9.66833,-5.217,8]},"faces":{"north":{"uv":[6.75,9,8.75,9.75],"texture":"#0"},"east":{"uv":[11.25,3,11.75,3.75],"texture":"#0"},"south":{"uv":[9,9,11,9.75],"texture":"#0"},"west":{"uv":[11.25,4,11.75,4.75],"texture":"#0"},"up":{"uv":[11.5,5.5,9.5,5],"texture":"#0"},"down":{"uv":[11.5,5.75,9.5,6.25],"texture":"#0"}}},{"from":[-6.59605,-4.0733,7.42475],"to":[-1.28605,-2.3033,8.57525],"rotation":{"angle":22.5,"axis":"z","origin":[-8.36605,-2.8933,8]},"faces":{"north":{"uv":[6.75,7,9,7.75],"texture":"#0"},"east":{"uv":[11.25,8.5,11.75,9.25],"texture":"#0"},"south":{"uv":[6.75,8,9,8.75],"texture":"#0"},"west":{"uv":[11.5,9.5,12,10.25],"texture":"#0"},"up":{"uv":[11.75,2,9.5,1.5],"texture":"#0"},"down":{"uv":[11.75,2.25,9.5,2.75],"texture":"#0"}}},{"from":[-2.87377,-2.30133,7.4395],"to":[0.07623,-0.53133,8.59],"rotation":{"angle":-22.5,"axis":"z","origin":[-0.21877,-2.15383,8.01475]},"faces":{"north":{"uv":[6.75,10,8,10.75],"texture":"#0"},"east":{"uv":[9.75,11.5,10.25,12.25],"texture":"#0"},"south":{"uv":[8.25,10,9.5,10.75],"texture":"#0"},"west":{"uv":[10.5,11.5,11,12.25],"texture":"#0"},"up":{"uv":[8,11.5,6.75,11],"texture":"#0"},"down":{"uv":[9.5,11,8.25,11.5],"texture":"#0"}}},{"from":[-0.19447,-6.6122,7.42475],"to":[1.57553,-0.7122,8.60475],"rotation":{"angle":-22.5,"axis":"z","origin":[0.10053,-2.9247,8.01475]},"faces":{"north":{"uv":[6.75,3,9.25,3.75],"rotation":270,"texture":"#0"},"east":{"uv":[11.75,7.5,9.25,7],"rotation":90,"texture":"#0"},"south":{"uv":[6.75,4,9.25,4.75],"rotation":90,"texture":"#0"},"west":{"uv":[11.75,7.75,9.25,8.25],"rotation":90,"texture":"#0"},"up":{"uv":[11.25,11.5,11.75,12.25],"rotation":90,"texture":"#0"},"down":{"uv":[11.5,10.5,12,11.25],"rotation":90,"texture":"#0"}}},{"from":[-0.74877,-6.56423,7.4395],"to":[2.79123,-4.79423,8.5605],"rotation":{"angle":-45,"axis":"z","origin":[-0.74877,-5.38423,8]},"faces":{"north":{"uv":[9.5,3,11,3.75],"texture":"#0"},"east":{"uv":[11.75,5,12.25,5.75],"texture":"#0"},"south":{"uv":[9.5,4,11,4.75],"texture":"#0"},"west":{"uv":[11.75,6,12.25,6.75],"texture":"#0"},"up":{"uv":[11.25,10.5,9.75,10],"texture":"#0"},"down":{"uv":[11.25,10.75,9.75,11.25],"texture":"#0"}}},{"from":[0.92,-8.72177,7.42475],"to":[6.82,-6.95177,8.60475],"rotation":{"angle":0,"axis":"y","origin":[3.87,-8.13177,8.01475]},"faces":{"north":{"uv":[6.75,5,9.25,5.75],"texture":"#0"},"east":{"uv":[6.75,11.75,7.25,12.5],"texture":"#0"},"south":{"uv":[6.75,6,9.25,6.75],"texture":"#0"},"west":{"uv":[7.5,11.75,8,12.5],"texture":"#0"},"up":{"uv":[12,0.5,9.5,0],"texture":"#0"},"down":{"uv":[12,0.75,9.5,1.25],"texture":"#0"}}},{"from":[-9.7,-15.50677,8.01475],"to":[5.64,-1.34677,8.01475],"rotation":{"angle":-45,"axis":"z","origin":[-2.03,-8.42677,8.01475]},"faces":{"north":{"uv":[0,0,6.5,6],"texture":"#0"},"east":{"uv":[8.75,11.75,8.75,17.75],"texture":"#0"},"south":{"uv":[6.5,0,0,6],"texture":"#0"},"west":{"uv":[9,11.75,9,17.75],"texture":"#0"},"up":{"uv":[18.5,2,12,2],"texture":"#0"},"down":{"uv":[18.5,2.25,12,2.25],"texture":"#0"}}},{"from":[10.36,-15.50677,8.01475],"to":[25.7,-1.34677,8.01475],"rotation":{"angle":45,"axis":"z","origin":[18.03,-8.42677,8.01475]},"faces":{"north":{"uv":[6.5,0,0,6],"texture":"#0"},"east":{"uv":[9,11.75,9,17.75],"texture":"#0"},"south":{"uv":[0,0,6.5,6],"texture":"#0"},"west":{"uv":[8.75,11.75,8.75,17.75],"texture":"#0"},"up":{"uv":[12,2,18.5,2],"texture":"#0"},"down":{"uv":[12,2.25,18.5,2.25],"texture":"#0"}}},{"from":[9.18,-8.72177,7.42475],"to":[15.08,-6.95177,8.60475],"rotation":{"angle":0,"axis":"y","origin":[12.13,-8.13177,8.01475]},"faces":{"north":{"uv":[9.25,5,6.75,5.75],"texture":"#0"},"east":{"uv":[8,11.75,7.5,12.5],"texture":"#0"},"south":{"uv":[9.25,6,6.75,6.75],"texture":"#0"},"west":{"uv":[7.25,11.75,6.75,12.5],"texture":"#0"},"up":{"uv":[9.5,0.5,12,0],"texture":"#0"},"down":{"uv":[9.5,0.75,12,1.25],"texture":"#0"}}},{"from":[13.20877,-6.56423,7.4395],"to":[16.74877,-4.79423,8.5605],"rotation":{"angle":45,"axis":"z","origin":[16.74877,-5.38423,8]},"faces":{"north":{"uv":[11,3,9.5,3.75],"texture":"#0"},"east":{"uv":[12.25,6,11.75,6.75],"texture":"#0"},"south":{"uv":[11,4,9.5,4.75],"texture":"#0"},"west":{"uv":[12.25,5,11.75,5.75],"texture":"#0"},"up":{"uv":[9.75,10.5,11.25,10],"texture":"#0"},"down":{"uv":[9.75,10.75,11.25,11.25],"texture":"#0"}}},{"from":[14.42447,-6.6122,7.42475],"to":[16.19447,-0.7122,8.60475],"rotation":{"angle":22.5,"axis":"z","origin":[15.89947,-2.9247,8.01475]},"faces":{"north":{"uv":[9.25,3,6.75,3.75],"rotation":90,"texture":"#0"},"east":{"uv":[9.25,7.75,11.75,8.25],"rotation":270,"texture":"#0"},"south":{"uv":[9.25,4,6.75,4.75],"rotation":270,"texture":"#0"},"west":{"uv":[9.25,7.5,11.75,7],"rotation":270,"texture":"#0"},"up":{"uv":[11.75,11.5,11.25,12.25],"rotation":270,"texture":"#0"},"down":{"uv":[12,10.5,11.5,11.25],"rotation":270,"texture":"#0"}}},{"from":[15.92377,-2.30133,7.4395],"to":[18.87377,-0.53133,8.59],"rotation":{"angle":22.5,"axis":"z","origin":[16.21877,-2.15383,8.01475]},"faces":{"north":{"uv":[8,10,6.75,10.75],"texture":"#0"},"east":{"uv":[11,11.5,10.5,12.25],"texture":"#0"},"south":{"uv":[9.5,10,8.25,10.75],"texture":"#0"},"west":{"uv":[10.25,11.5,9.75,12.25],"texture":"#0"},"up":{"uv":[6.75,11.5,8,11],"texture":"#0"},"down":{"uv":[8.25,11,9.5,11.5],"texture":"#0"}}},{"from":[17.28605,-4.0733,7.42475],"to":[22.59605,-2.3033,8.57525],"rotation":{"angle":-22.5,"axis":"z","origin":[24.36605,-2.8933,8]},"faces":{"north":{"uv":[9,7,6.75,7.75],"texture":"#0"},"east":{"uv":[12,9.5,11.5,10.25],"texture":"#0"},"south":{"uv":[9,8,6.75,8.75],"texture":"#0"},"west":{"uv":[11.75,8.5,11.25,9.25],"texture":"#0"},"up":{"uv":[9.5,2,11.75,1.5],"texture":"#0"},"down":{"uv":[9.5,2.25,11.75,2.75],"texture":"#0"}}},{"from":[21.24333,-6.397,7.4395],"to":[25.96333,-4.627,8.5605],"rotation":{"angle":-45,"axis":"z","origin":[25.66833,-5.217,8]},"faces":{"north":{"uv":[8.75,9,6.75,9.75],"texture":"#0"},"east":{"uv":[11.75,4,11.25,4.75],"texture":"#0"},"south":{"uv":[11,9,9,9.75],"texture":"#0"},"west":{"uv":[11.75,3,11.25,3.75],"texture":"#0"},"up":{"uv":[9.5,5.5,11.5,5],"texture":"#0"},"down":{"uv":[9.5,5.75,11.5,6.25],"texture":"#0"}}},{"from":[25.13359,-6.98224,7.98525],"to":[31.03359,-4.03224,7.98525],"rotation":{"angle":-22.5,"axis":"z","origin":[26.90359,-6.39224,7.98525]},"faces":{"north":{"uv":[9.25,0,6.75,1.25],"texture":"#0"},"east":{"uv":[8.5,11.75,8.5,13],"texture":"#0"},"south":{"uv":[6.75,0,9.25,1.25],"texture":"#0"},"west":{"uv":[8.25,11.75,8.25,13],"texture":"#0"},"up":{"uv":[12,1.5,14.5,1.5],"texture":"#0"},"down":{"uv":[12,1.75,14.5,1.75],"texture":"#0"}}}],"display":{"head":{"rotation":[0,180,0],"translation":[0,-42.8,8.5],"scale":[3.6,3.6,3.6]}},"mcmodels":"7f7bd5f8213afc52f52f36656860e786"}