{"credit":"Made with Blockbench","textures":{"0":"lunar_studios:enderkariz/block_wars/sabers/purple_saber","1":"lunar_studios:enderkariz/block_wars/sabers/purple_saber_anim","particle":"lunar_studios:enderkariz/block_wars/sabers/purple_saber"},"elements":[{"from":[7.25,6,8.25],"to":[7.75,9,8.75],"rotation":{"angle":45,"axis":"y","origin":[7.5,7.5,8.5]},"faces":{"north":{"uv":[0,0,0.5,3],"texture":"#0"},"east":{"uv":[0.5,0,0,3],"texture":"#0"},"south":{"uv":[0,0,0.5,3],"texture":"#0"},"west":{"uv":[0.5,0,0,3],"texture":"#0"},"up":{"uv":[0,0,0.25,0.25],"texture":"#0"},"down":{"uv":[0,0,0.25,0.25],"texture":"#0"}}},{"from":[7.205,5.955,8.205],"to":[7.795,9.045,8.795],"rotation":{"angle":45,"axis":"y","origin":[7.5,7.5,8.5]},"faces":{"north":{"uv":[0,3.25,0.5,6.25],"texture":"#0"},"east":{"uv":[0.5,3.25,0,6.25],"texture":"#0"},"south":{"uv":[0,3.25,0.5,6.25],"texture":"#0"},"west":{"uv":[0.5,3.25,0,6.25],"texture":"#0"},"up":{"uv":[0,3.25,0.25,3.5],"texture":"#0"},"down":{"uv":[0,3.25,0.25,3.5],"texture":"#0"}}},{"from":[7.375,8,8.75],"to":[7.625,8.5,9],"rotation":{"angle":0,"axis":"y","origin":[7.5,7.5,8.5]},"faces":{"north":{"uv":[0.75,0.25,1,0.5],"texture":"#0"},"east":{"uv":[0.75,0.25,1,0.5],"texture":"#0"},"south":{"uv":[0.75,0.25,1,0.5],"texture":"#0"},"west":{"uv":[0.75,0.25,1,0.5],"texture":"#0"},"up":{"uv":[0.75,0.25,1,0.5],"texture":"#0"},"down":{"uv":[0.75,0.25,1,0.5],"texture":"#0"}}},{"from":[7.125,9,8.125],"to":[7.875,10,8.875],"rotation":{"angle":45,"axis":"y","origin":[7.5,10.375,8.5]},"faces":{"north":{"uv":[3.75,2.5,3,3.5],"texture":"#0"},"east":{"uv":[3,2.5,3.75,3.5],"texture":"#0"},"south":{"uv":[3.75,2.5,3,3.5],"texture":"#0"},"west":{"uv":[3,2.5,3.75,3.5],"texture":"#0"},"up":{"uv":[3.5,2.5,3.75,2.75],"texture":"#0"},"down":{"uv":[3.5,2.5,3.75,2.75],"texture":"#0"}}},{"from":[7,10,8],"to":[8,10.25,9],"rotation":{"angle":45,"axis":"y","origin":[7.5,10.375,8.5]},"faces":{"north":{"uv":[1.75,2,0.75,2.25],"texture":"#0"},"east":{"uv":[0.75,2,1.75,2.25],"texture":"#0"},"south":{"uv":[1.75,2,0.75,2.25],"texture":"#0"},"west":{"uv":[0.75,2,1.75,2.25],"texture":"#0"},"up":{"uv":[0.75,2.5,1.75,3.5],"texture":"#0"},"down":{"uv":[0.75,2.5,1.75,3.5],"rotation":90,"texture":"#0"}}},{"from":[7.075,8.95,8.075],"to":[7.925,10.05,8.925],"rotation":{"angle":45,"axis":"y","origin":[7.5,10.375,8.5]},"faces":{"north":{"uv":[3.75,1.25,3,2.25],"texture":"#0"},"east":{"uv":[3,1.25,3.75,2.25],"texture":"#0"},"south":{"uv":[3.75,1.25,3,2.25],"texture":"#0"},"west":{"uv":[3,1.25,3.75,2.25],"texture":"#0"},"up":{"uv":[3.5,1.25,3.75,1.5],"texture":"#0"},"down":{"uv":[3.5,1.25,3.75,1.5],"texture":"#0"}}},{"from":[7.25,10,8.25],"to":[7.75,20.5,8.75],"rotation":{"angle":45,"axis":"y","origin":[7.5,15.75,8.5]},"faces":{"north":{"uv":[4.25,0,4.75,10.5],"texture":"#0"},"east":{"uv":[4.75,0,4.25,10.5],"texture":"#0"},"south":{"uv":[4.25,0,4.75,10.5],"texture":"#0"},"west":{"uv":[4.75,0,4.25,10.5],"texture":"#0"},"up":{"uv":[4.25,0,4.75,0.5],"texture":"#0"},"down":{"uv":[4.25,11,4.75,11.5],"texture":"#0"}}},{"from":[7.125,10,8.125],"to":[7.875,20.75,8.875],"rotation":{"angle":45,"axis":"y","origin":[7.5,15.75,8.5]},"faces":{"north":{"uv":[0,0,0.75,10.75],"texture":"#1"},"east":{"uv":[0.75,0,0,10.75],"texture":"#1"},"south":{"uv":[0,0,0.75,10.75],"texture":"#1"},"west":{"uv":[0.75,0,0,10.75],"texture":"#1"},"up":{"uv":[0,0,0.25,0.25],"texture":"#1"},"down":{"uv":[0,11.5,0.25,11.75],"texture":"#1"}}},{"from":[7.25,3,8.25],"to":[7.75,6,8.75],"rotation":{"angle":45,"axis":"y","origin":[7.5,4.5,8.5]},"faces":{"north":{"uv":[0,3,0.5,0],"texture":"#0"},"east":{"uv":[0.5,3,0,0],"texture":"#0"},"south":{"uv":[0,3,0.5,0],"texture":"#0"},"west":{"uv":[0.5,3,0,0],"texture":"#0"},"up":{"uv":[0,0.25,0.25,0],"texture":"#0"},"down":{"uv":[0,0.25,0.25,0],"texture":"#0"}}},{"from":[7.205,2.955,8.205],"to":[7.795,6.045,8.795],"rotation":{"angle":45,"axis":"y","origin":[7.5,4.5,8.5]},"faces":{"north":{"uv":[0,6.25,0.5,3.25],"texture":"#0"},"east":{"uv":[0.5,6.25,0,3.25],"texture":"#0"},"south":{"uv":[0,6.25,0.5,3.25],"texture":"#0"},"west":{"uv":[0.5,6.25,0,3.25],"texture":"#0"},"up":{"uv":[0,3.5,0.25,3.25],"texture":"#0"},"down":{"uv":[0,3.5,0.25,3.25],"texture":"#0"}}},{"from":[7.375,3.5,8.75],"to":[7.625,4,9],"rotation":{"angle":0,"axis":"y","origin":[7.5,4.5,8.5]},"faces":{"north":{"uv":[0.75,0.5,1,0.25],"texture":"#0"},"east":{"uv":[0.75,0.5,1,0.25],"texture":"#0"},"south":{"uv":[0.75,0.5,1,0.25],"texture":"#0"},"west":{"uv":[0.75,0.5,1,0.25],"texture":"#0"},"up":{"uv":[0.75,0.5,1,0.25],"texture":"#0"},"down":{"uv":[0.75,0.5,1,0.25],"texture":"#0"}}},{"from":[7.125,2,8.125],"to":[7.875,3,8.875],"rotation":{"angle":45,"axis":"y","origin":[7.5,1.625,8.5]},"faces":{"north":{"uv":[3.75,3.5,3,2.5],"texture":"#0"},"east":{"uv":[3,3.5,3.75,2.5],"texture":"#0"},"south":{"uv":[3.75,3.5,3,2.5],"texture":"#0"},"west":{"uv":[3,3.5,3.75,2.5],"texture":"#0"},"up":{"uv":[3.5,2.75,3.75,2.5],"texture":"#0"},"down":{"uv":[3.5,2.75,3.75,2.5],"texture":"#0"}}},{"from":[7,1.75,8],"to":[8,2,9],"rotation":{"angle":45,"axis":"y","origin":[7.5,1.625,8.5]},"faces":{"north":{"uv":[1.75,2.25,0.75,2],"texture":"#0"},"east":{"uv":[0.75,2.25,1.75,2],"texture":"#0"},"south":{"uv":[1.75,2.25,0.75,2],"texture":"#0"},"west":{"uv":[0.75,2.25,1.75,2],"texture":"#0"},"up":{"uv":[1.75,2.5,0.75,3.5],"rotation":90,"texture":"#0"},"down":{"uv":[0.75,3.5,1.75,2.5],"texture":"#0"}}},{"from":[7.075,1.95,8.075],"to":[7.925,3.05,8.925],"rotation":{"angle":45,"axis":"y","origin":[7.5,1.625,8.5]},"faces":{"north":{"uv":[3.75,2.25,3,1.25],"texture":"#0"},"east":{"uv":[3,2.25,3.75,1.25],"texture":"#0"},"south":{"uv":[3.75,2.25,3,1.25],"texture":"#0"},"west":{"uv":[3,2.25,3.75,1.25],"texture":"#0"},"up":{"uv":[3.5,1.5,3.75,1.25],"texture":"#0"},"down":{"uv":[3.5,1.5,3.75,1.25],"texture":"#0"}}},{"from":[7.25,-8.5,8.25],"to":[7.75,2,8.75],"rotation":{"angle":45,"axis":"y","origin":[7.5,-3.75,8.5]},"faces":{"north":{"uv":[4.25,10.5,4.75,0],"texture":"#0"},"east":{"uv":[4.75,10.5,4.25,0],"texture":"#0"},"south":{"uv":[4.25,10.5,4.75,0],"texture":"#0"},"west":{"uv":[4.75,10.5,4.25,0],"texture":"#0"},"up":{"uv":[4.25,11.5,4.75,11],"texture":"#0"},"down":{"uv":[4.25,0.5,4.75,0],"texture":"#0"}}},{"from":[7.125,-8.75,8.125],"to":[7.875,2,8.875],"rotation":{"angle":45,"axis":"y","origin":[7.5,-3.75,8.5]},"faces":{"north":{"uv":[0,10.75,0.75,0],"texture":"#1"},"east":{"uv":[0.75,10.75,0,0],"texture":"#1"},"south":{"uv":[0,10.75,0.75,0],"texture":"#1"},"west":{"uv":[0.75,10.75,0,0],"texture":"#1"},"up":{"uv":[0,11.75,0.25,11.5],"texture":"#1"},"down":{"uv":[0,0.25,0.25,0],"texture":"#1"}}}],"display":{"thirdperson_righthand":{"rotation":[-5.75,80,0],"translation":[-1.25,3.5,-0.75],"scale":[2,2,2]},"thirdperson_lefthand":{"rotation":[-5.75,80,0],"translation":[-1,3.5,1.25],"scale":[2,2,2]},"firstperson_righthand":{"rotation":[-5,84.25,0],"translation":[1.75,2,0],"scale":[1.2,1.2,1.2]},"firstperson_lefthand":{"rotation":[-5,84.25,0],"translation":[1.75,2,0],"scale":[1.2,1.2,1.2]},"ground":{"translation":[0,16.75,0]},"gui":{"rotation":[47.25,-6.1,34.24],"translation":[-0.5,1.5,0],"scale":[0.80664,0.80664,0.80664]},"fixed":{"translation":[1,4.75,-3],"scale":[3,3,3]}},"mcmodels":"8630017fd8ddb2649c493e1aae55d74e"}