{"credit":"Made with Blockbench","textures":{"0":"lunar_studios:enderkariz/block_wars/sabers/white_saber","1":"lunar_studios:enderkariz/block_wars/sabers/white_saber_anim","particle":"lunar_studios:enderkariz/block_wars/sabers/white_saber"},"elements":[{"from":[7.2,7.95,8.2],"to":[7.8,9.05,8.8],"rotation":{"angle":45,"axis":"y","origin":[7.5,9.25,8.5]},"faces":{"north":{"uv":[1.5,0,2,1],"texture":"#0"},"east":{"uv":[2,0,1.5,1],"texture":"#0"},"south":{"uv":[1.5,0,2,1],"texture":"#0"},"west":{"uv":[2,0,1.5,1],"texture":"#0"},"up":{"uv":[2,0,1.5,1],"texture":"#0"},"down":{"uv":[2,0,1.5,1],"texture":"#0"}}},{"from":[7.125,9.5,8.125],"to":[7.875,10,8.875],"rotation":{"angle":0,"axis":"y","origin":[7.5,9.75,8.5]},"faces":{"north":{"uv":[1.5,2.5,2.25,3],"texture":"#0"},"east":{"uv":[1.5,2.5,2.25,3],"texture":"#0"},"south":{"uv":[1.5,2.5,2.25,3],"texture":"#0"},"west":{"uv":[1.5,2.5,2.25,3],"texture":"#0"},"up":{"uv":[0.75,3,1.5,3.75],"texture":"#0"},"down":{"uv":[1.75,3.25,2.5,4],"texture":"#0"}}},{"from":[7.075,9.45,8.075],"to":[7.925,10.05,8.925],"rotation":{"angle":0,"axis":"y","origin":[7.5,9.75,8.5]},"faces":{"north":{"uv":[2.75,3,3.5,3.5],"texture":"#0"},"east":{"uv":[2.75,3,3.5,3.5],"texture":"#0"},"south":{"uv":[2.75,3,3.5,3.5],"texture":"#0"},"west":{"uv":[2.75,3,3.5,3.5],"texture":"#0"},"up":{"uv":[0.75,3,1.5,3.75],"texture":"#0"},"down":{"uv":[3,3.75,3.75,4.5],"texture":"#0"}}},{"from":[7,9,8],"to":[8,9.5,9],"rotation":{"angle":45,"axis":"y","origin":[7.5,9.25,8.5]},"faces":{"north":{"uv":[2.5,1.75,1.5,2.25],"texture":"#0"},"east":{"uv":[2.5,1.75,1.5,2.25],"texture":"#0"},"south":{"uv":[2.5,1.75,1.5,2.25],"texture":"#0"},"west":{"uv":[2.5,1.75,1.5,2.25],"texture":"#0"},"up":{"uv":[3.25,0.5,2.25,1.5],"texture":"#0"},"down":{"uv":[3.75,1.75,2.75,2.75],"texture":"#0"}}},{"from":[7,8.25,8],"to":[8,8.5,9],"rotation":{"angle":45,"axis":"y","origin":[7.5,9.25,8.5]},"faces":{"north":{"uv":[3.25,0,2.25,0.25],"texture":"#0"},"east":{"uv":[3.25,0,2.25,0.25],"texture":"#0"},"south":{"uv":[3.25,0,2.25,0.25],"texture":"#0"},"west":{"uv":[3.25,0,2.25,0.25],"texture":"#0"},"up":{"uv":[3.25,0.5,2.25,1.5],"texture":"#0"},"down":{"uv":[3.25,0.5,2.25,1.5],"texture":"#0"}}},{"from":[7.25,5.25,8.25],"to":[7.75,8,8.75],"rotation":{"angle":45,"axis":"y","origin":[7.5,6.75,8.5]},"faces":{"north":{"uv":[0,0,0.5,2.75],"texture":"#0"},"east":{"uv":[0.5,0,0,2.75],"texture":"#0"},"south":{"uv":[0,0,0.5,2.75],"texture":"#0"},"west":{"uv":[0.5,0,0,2.75],"texture":"#0"},"up":{"uv":[0,0,0.25,0.25],"texture":"#0"},"down":{"uv":[0,0,0.25,0.25],"texture":"#0"}}},{"from":[7.205,5.205,8.205],"to":[7.795,8.045,8.795],"rotation":{"angle":45,"axis":"y","origin":[7.5,6.75,8.5]},"faces":{"north":{"uv":[0,3.25,0.5,6],"texture":"#0"},"east":{"uv":[0.5,3.25,0,6],"texture":"#0"},"south":{"uv":[0,3.25,0.5,6],"texture":"#0"},"west":{"uv":[0.5,3.25,0,6],"texture":"#0"},"up":{"uv":[0,3.25,0.25,3.5],"texture":"#0"},"down":{"uv":[0,3.25,0.25,3.5],"texture":"#0"}}},{"from":[7.25,10,8.25],"to":[7.75,19.5,8.75],"rotation":{"angle":45,"axis":"y","origin":[7.5,15.75,8.5]},"faces":{"north":{"uv":[4.25,0,4.75,9.5],"texture":"#0"},"east":{"uv":[4.75,0,4.25,9.5],"texture":"#0"},"south":{"uv":[4.25,0,4.75,9.5],"texture":"#0"},"west":{"uv":[4.75,0,4.25,9.5],"texture":"#0"},"up":{"uv":[4.25,0,4.75,0.5],"texture":"#0"},"down":{"uv":[4.25,11,4.75,11.5],"texture":"#0"}}},{"from":[7.125,10,8.125],"to":[7.875,19.75,8.875],"rotation":{"angle":45,"axis":"y","origin":[7.5,15.75,8.5]},"faces":{"north":{"uv":[0,0,0.75,9.75],"texture":"#1"},"east":{"uv":[0,0,0.75,9.75],"texture":"#1"},"south":{"uv":[0,0,0.75,9.75],"texture":"#1"},"west":{"uv":[0,0,0.75,9.75],"texture":"#1"},"up":{"uv":[0,0,0.25,0.25],"texture":"#1"},"down":{"uv":[0,11.5,0.25,11.75],"texture":"#1"}}},{"from":[7.2,1.45,8.2],"to":[7.8,2.55,8.8],"rotation":{"angle":45,"axis":"y","origin":[7.5,1.25,8.5]},"faces":{"north":{"uv":[1.5,1,2,0],"texture":"#0"},"east":{"uv":[2,1,1.5,0],"texture":"#0"},"south":{"uv":[1.5,1,2,0],"texture":"#0"},"west":{"uv":[2,1,1.5,0],"texture":"#0"},"up":{"uv":[2,1,1.5,0],"texture":"#0"},"down":{"uv":[2,1,1.5,0],"texture":"#0"}}},{"from":[7.125,0.5,8.125],"to":[7.875,1,8.875],"rotation":{"angle":0,"axis":"y","origin":[7.5,0.75,8.5]},"faces":{"north":{"uv":[1.5,3,2.25,2.5],"texture":"#0"},"east":{"uv":[1.5,3,2.25,2.5],"texture":"#0"},"south":{"uv":[1.5,3,2.25,2.5],"texture":"#0"},"west":{"uv":[1.5,3,2.25,2.5],"texture":"#0"},"up":{"uv":[1.75,4,2.5,3.25],"texture":"#0"},"down":{"uv":[0.75,3.75,1.5,3],"texture":"#0"}}},{"from":[7.075,0.45,8.075],"to":[7.925,1.05,8.925],"rotation":{"angle":0,"axis":"y","origin":[7.5,0.75,8.5]},"faces":{"north":{"uv":[2.75,3.5,3.5,3],"texture":"#0"},"east":{"uv":[2.75,3.5,3.5,3],"texture":"#0"},"south":{"uv":[2.75,3.5,3.5,3],"texture":"#0"},"west":{"uv":[2.75,3.5,3.5,3],"texture":"#0"},"up":{"uv":[3,4.5,3.75,3.75],"texture":"#0"},"down":{"uv":[0.75,3.75,1.5,3],"texture":"#0"}}},{"from":[7,1,8],"to":[8,1.5,9],"rotation":{"angle":45,"axis":"y","origin":[7.5,1.25,8.5]},"faces":{"north":{"uv":[2.5,2.25,1.5,1.75],"texture":"#0"},"east":{"uv":[2.5,2.25,1.5,1.75],"texture":"#0"},"south":{"uv":[2.5,2.25,1.5,1.75],"texture":"#0"},"west":{"uv":[2.5,2.25,1.5,1.75],"texture":"#0"},"up":{"uv":[3.75,2.75,2.75,1.75],"texture":"#0"},"down":{"uv":[3.25,1.5,2.25,0.5],"texture":"#0"}}},{"from":[7,2,8],"to":[8,2.25,9],"rotation":{"angle":45,"axis":"y","origin":[7.5,1.25,8.5]},"faces":{"north":{"uv":[3.25,0.25,2.25,0],"texture":"#0"},"east":{"uv":[3.25,0.25,2.25,0],"texture":"#0"},"south":{"uv":[3.25,0.25,2.25,0],"texture":"#0"},"west":{"uv":[3.25,0.25,2.25,0],"texture":"#0"},"up":{"uv":[3.25,1.5,2.25,0.5],"texture":"#0"},"down":{"uv":[3.25,1.5,2.25,0.5],"texture":"#0"}}},{"from":[7.25,2.5,8.25],"to":[7.75,5.25,8.75],"rotation":{"angle":45,"axis":"y","origin":[7.5,3.75,8.5]},"faces":{"north":{"uv":[0,2.75,0.5,0],"texture":"#0"},"east":{"uv":[0.5,2.75,0,0],"texture":"#0"},"south":{"uv":[0,2.75,0.5,0],"texture":"#0"},"west":{"uv":[0.5,2.75,0,0],"texture":"#0"},"up":{"uv":[0,0.25,0.25,0],"texture":"#0"},"down":{"uv":[0,0.25,0.25,0],"texture":"#0"}}},{"from":[7.205,2.455,8.205],"to":[7.795,5.295,8.795],"rotation":{"angle":45,"axis":"y","origin":[7.5,3.75,8.5]},"faces":{"north":{"uv":[0,6,0.5,3.25],"texture":"#0"},"east":{"uv":[0.5,6,0,3.25],"texture":"#0"},"south":{"uv":[0,6,0.5,3.25],"texture":"#0"},"west":{"uv":[0.5,6,0,3.25],"texture":"#0"},"up":{"uv":[0,3.5,0.25,3.25],"texture":"#0"},"down":{"uv":[0,3.5,0.25,3.25],"texture":"#0"}}},{"from":[7.25,-9,8.25],"to":[7.75,0.5,8.75],"rotation":{"angle":45,"axis":"y","origin":[7.5,-5.25,8.5]},"faces":{"north":{"uv":[4.25,9.5,4.75,0],"texture":"#0"},"east":{"uv":[4.75,9.5,4.25,0],"texture":"#0"},"south":{"uv":[4.25,9.5,4.75,0],"texture":"#0"},"west":{"uv":[4.75,9.5,4.25,0],"texture":"#0"},"up":{"uv":[4.25,11.5,4.75,11],"texture":"#0"},"down":{"uv":[4.25,0.5,4.75,0],"texture":"#0"}}},{"from":[7.125,-9.25,8.125],"to":[7.875,0.5,8.875],"rotation":{"angle":45,"axis":"y","origin":[7.5,-5.25,8.5]},"faces":{"north":{"uv":[0,9.75,0.75,0],"texture":"#1"},"east":{"uv":[0,9.75,0.75,0],"texture":"#1"},"south":{"uv":[0,9.75,0.75,0],"texture":"#1"},"west":{"uv":[0,9.75,0.75,0],"texture":"#1"},"up":{"uv":[0,11.75,0.25,11.5],"texture":"#1"},"down":{"uv":[0,0.25,0.25,0],"texture":"#1"}}}],"display":{"thirdperson_righthand":{"rotation":[-5.75,80,0],"translation":[-1.25,3.5,-0.75],"scale":[2,2,2]},"thirdperson_lefthand":{"rotation":[-5.75,80,0],"translation":[-1,3.5,1.25],"scale":[2,2,2]},"firstperson_righthand":{"rotation":[-5,84.25,0],"translation":[1.75,2,0],"scale":[1.2,1.2,1.2]},"firstperson_lefthand":{"rotation":[-5,84.25,0],"translation":[1.75,2,0],"scale":[1.2,1.2,1.2]},"ground":{"translation":[0,16.75,0]},"gui":{"rotation":[47.25,-6.1,34.24],"translation":[-0.5,1.5,0],"scale":[0.80664,0.80664,0.80664]},"fixed":{"translation":[1,4.75,-3],"scale":[3,3,3]}},"mcmodels":"8630017fd8ddb2649c493e1aae55d74e"}