{"textures":{"0":"modelengine:block/wisp_rare"},"elements":[{"from":[4.49375,1.0,4.5],"to":[11.51875,4.0,11.5],"faces":{"east":{"uv":[10.5,8.5,14.0,10.0],"tintindex":0,"rotation":0,"texture":"#0"},"south":{"uv":[10.5,10.0,14.0,11.5],"tintindex":0,"rotation":0,"texture":"#0"},"north":{"uv":[10.5,7.0,14.0,8.5],"tintindex":0,"rotation":0,"texture":"#0"},"west":{"uv":[10.5,11.5,14.0,13.0],"tintindex":0,"rotation":0,"texture":"#0"},"up":{"uv":[3.5,10.0,7.0,6.5],"tintindex":0,"rotation":0,"texture":"#0"},"down":{"uv":[7.0,6.5,3.5,10.0],"tintindex":0,"rotation":0,"texture":"#0"}}},{"from":[4.49375,4.0,4.5],"to":[11.49375,11.0,11.5],"faces":{"east":{"uv":[9.0,0.0,12.5,3.5],"tintindex":0,"rotation":0,"texture":"#0"},"south":{"uv":[0.0,10.0,3.5,13.5],"tintindex":0,"rotation":0,"texture":"#0"},"north":{"uv":[7.0,6.5,10.5,10.0],"tintindex":0,"rotation":0,"texture":"#0"},"west":{"uv":[3.5,10.0,7.0,13.5],"tintindex":0,"rotation":0,"texture":"#0"},"up":{"uv":[10.5,13.5,7.0,10.0],"tintindex":0,"rotation":0,"texture":"#0"},"down":{"uv":[14.0,3.5,10.5,7.0],"tintindex":0,"rotation":0,"texture":"#0"}}}],"display":{"head":{"rotation":[0.0,0.0,0.0]},"firstperson_righthand":{"rotation":[0.0,0.0,0.0]},"thirdperson_lefthand":{"rotation":[0.0,-0.0,-0.0]},"firstperson_lefthand":{"rotation":[0.0,-0.0,-0.0]},"fixed":{"rotation":[0.0,0.0,0.0]},"ground":{"rotation":[0.0,0.0,0.0]},"thirdperson_righthand":{"rotation":[0.0,0.0,0.0]},"gui":{"rotation":[-150.0,-75.0,-180.0]}}}