{"textures​":{"layer0":"minecraft:item/mangrove_leaves"},"credit":"Made with Blockbench","texture_size":[64,64],"\u0074\u0065\u0078\u0074\u0075\u0072\u0065\u0073":{"1":"\u0065\u006c\u0069\u0074\u0065\u0063\u0072\u0065\u0061\u0074\u0075\u0072\u0065\u0073:\u0077\u0061\u0072\u0064\u0065\u006e_\u0073\u0065\u0074/\u0077\u0061\u0072\u0064\u0065\u006e_\u0077\u0065\u0061\u0070\u006f\u006e_1","2":"\u0065\u006c\u0069\u0074\u0065\u0063\u0072\u0065\u0061\u0074\u0075\u0072\u0065\u0073:\u0077\u0061\u0072\u0064\u0065\u006e_\u0073\u0065\u0074/\u0061\u006e\u0069\u006d\u0061\u0074\u0069\u006f\u006e_1","3":"\u0065\u006c\u0069\u0074\u0065\u0063\u0072\u0065\u0061\u0074\u0075\u0072\u0065\u0073:\u0077\u0061\u0072\u0064\u0065\u006e_\u0073\u0065\u0074/\u0061\u006e\u0069\u006d\u0061\u0074\u0069\u006f\u006e_2","4":"\u0065\u006c\u0069\u0074\u0065\u0063\u0072\u0065\u0061\u0074\u0075\u0072\u0065\u0073:\u0077\u0061\u0072\u0064\u0065\u006e_\u0073\u0065\u0074/\u0061\u006e\u0069\u006d\u0061\u0074\u0069\u006f\u006e_3","\u0070\u0061\u0072\u0074\u0069\u0063\u006c\u0065":"\u0065\u006c\u0069\u0074\u0065\u0063\u0072\u0065\u0061\u0074\u0075\u0072\u0065\u0073:\u0077\u0061\u0072\u0064\u0065\u006e_\u0073\u0065\u0074/\u0061\u006e\u0069\u006d\u0061\u0074\u0069\u006f\u006e_1"},"elements":[{"from":[7,-3,7],"to":[9,1,9],"rotation":{"angle":0,"axis":"y","origin":[8,-4.5,9]},"faces":{"north":{"uv":[15.5,9.5,16,10.5],"texture":"#1"},"east":{"uv":[15.5,9.5,16,10.5],"texture":"#1"},"south":{"uv":[15.5,9.5,16,10.5],"texture":"#1"},"west":{"uv":[15.5,9.5,16,10.5],"texture":"#1"},"down":{"uv":[14.5,11.5,15,12],"texture":"#1"}}},{"from":[7,-14,7],"to":[9,-9,9],"rotation":{"angle":0,"axis":"y","origin":[8,-0.5,9]},"faces":{"north":{"uv":[15.5,14.75,16,16],"texture":"#1"},"east":{"uv":[15.5,14.75,16,16],"texture":"#1"},"south":{"uv":[15.5,14.75,16,16],"texture":"#1"},"west":{"uv":[15.5,14.75,16,16],"texture":"#1"},"up":{"uv":[14.5,11.5,15,12],"texture":"#1"},"down":{"uv":[14.5,11.5,15,12],"texture":"#1"}}},{"from":[7.5,-9,7.5],"to":[8.5,-3,8.5],"rotation":{"angle":0,"axis":"y","origin":[8,-4.5,9]},"faces":{"north":{"uv":[15.75,10.5,16,12],"texture":"#1"},"east":{"uv":[15.75,10.5,16,12],"texture":"#1"},"south":{"uv":[15.75,10.5,16,12],"texture":"#1"},"west":{"uv":[15.75,10.5,16,12],"texture":"#1"}}},{"from":[4,0,8],"to":[6,4,12],"rotation":{"angle":0,"axis":"y","origin":[8,2,8]},"faces":{"north":{"uv":[6.5,4,5.5,4.5],"rotation":270,"texture":"#1"},"east":{"uv":[5.5,3.75,4.5,2.75],"texture":"#1"},"south":{"uv":[5.5,4,6.5,4.5],"rotation":90,"texture":"#1"},"west":{"uv":[4,5.5,3,4.5],"rotation":180,"texture":"#1"},"up":{"uv":[5.5,3.5,6.5,4],"rotation":90,"texture":"#1"},"down":{"uv":[5.5,3.5,6.5,4],"rotation":90,"texture":"#1"}}},{"from":[6,1,10],"to":[8,3,12],"rotation":{"angle":0,"axis":"y","origin":[8,2,8]},"faces":{"north":{"uv":[6,4.5,5.5,4],"rotation":270,"texture":"#1"},"east":{"uv":[3.5,5,3,4.5],"texture":"#1"},"south":{"uv":[5.5,4.5,6,4],"rotation":90,"texture":"#1"},"west":{"uv":[3.5,5,3,4.5],"rotation":180,"texture":"#1"},"up":{"uv":[5.5,4,6,3.5],"rotation":90,"texture":"#1"},"down":{"uv":[5.5,4,6,3.5],"rotation":90,"texture":"#1"}}},{"from":[6,4,6],"to":[10,6,10],"rotation":{"angle":0,"axis":"y","origin":[8,17,9]},"faces":{"north":{"uv":[6.5,4.5,5.5,4],"texture":"#1"},"east":{"uv":[5.5,4,6.5,3.5],"texture":"#1"},"south":{"uv":[5.5,4.5,6.5,4],"texture":"#1"},"west":{"uv":[5.5,4,6.5,3.5],"texture":"#1"},"up":{"uv":[3,4.5,4,5.5],"rotation":90,"texture":"#1"},"down":{"uv":[4.5,2.75,5.5,3.75],"rotation":270,"texture":"#1"}}},{"from":[6.5,-13,6.5],"to":[9.5,-12,9.5],"rotation":{"angle":0,"axis":"y","origin":[8,-5,9]},"faces":{"north":{"uv":[5.5,5.75,6.25,6],"texture":"#1"},"east":{"uv":[5.5,5.75,6.25,6],"texture":"#1"},"south":{"uv":[0,6,0.75,6.25],"texture":"#1"},"west":{"uv":[5.5,5.75,6.25,6],"texture":"#1"},"up":{"uv":[3.5,6.25,2.75,5.5],"rotation":270,"texture":"#1"},"down":{"uv":[6.25,3.5,5.5,2.75],"rotation":90,"texture":"#1"}}},{"from":[7.5,11,7.5],"to":[8.5,32,8.5],"rotation":{"angle":0,"axis":"y","origin":[8,-4.5,9]},"faces":{"north":{"uv":[14.75,6.25,15,11.5],"texture":"#1"},"east":{"uv":[14.75,6.25,15,11.5],"texture":"#1"},"south":{"uv":[14.75,6.25,15,11.5],"texture":"#1"},"west":{"uv":[14.75,6.25,15,11.5],"texture":"#1"},"up":{"uv":[14.75,6,15,6.25],"texture":"#1"}}},{"from":[7.5,2,10],"to":[7.5,30,10.5],"rotation":{"angle":0,"axis":"y","origin":[8,-4.5,9]},"faces":{"north":{"uv":[14.75,6.25,14.75,10],"texture":"#1"},"east":{"uv":[14.75,6.25,14.875,10],"texture":"#1"},"south":{"uv":[14.75,6.25,14.75,10],"texture":"#1"},"west":{"uv":[14.75,6.25,14.875,10],"texture":"#1"},"up":{"uv":[14.75,6,15,6.25],"texture":"#1"}}},{"from":[8,11,8.5],"to":[8,13,11.5],"rotation":{"angle":0,"axis":"y","origin":[8,-4.5,9]},"faces":{"north":{"uv":[14.75,6.25,15,11.5],"texture":"#1"},"east":{"uv":[15,5.5,14.25,6],"texture":"#1"},"south":{"uv":[14.75,6.25,15,11.5],"texture":"#1"},"west":{"uv":[14.25,5.5,15,6],"texture":"#1"},"up":{"uv":[14.75,6,15,6.25],"texture":"#1"}}},{"from":[8,20,7.5],"to":[8,22,10.5],"rotation":{"angle":0,"axis":"y","origin":[8,-4.5,9]},"faces":{"north":{"uv":[14.75,6.25,15,11.5],"texture":"#1"},"east":{"uv":[15,5.5,14.25,6],"texture":"#1"},"south":{"uv":[14.75,6.25,15,11.5],"texture":"#1"},"west":{"uv":[14.25,5.5,15,6],"texture":"#1"},"up":{"uv":[14.75,6,15,6.25],"texture":"#1"}}},{"from":[8,29,7.5],"to":[8,31,10.5],"rotation":{"angle":0,"axis":"y","origin":[8,-4.5,9]},"faces":{"north":{"uv":[14.75,6.25,15,11.5],"texture":"#1"},"east":{"uv":[15,5.5,14.25,6],"texture":"#1"},"south":{"uv":[14.75,6.25,15,11.5],"texture":"#1"},"west":{"uv":[14.25,5.5,15,6],"texture":"#1"},"up":{"uv":[14.75,6,15,6.25],"texture":"#1"}}},{"from":[8,14.61346,1.02189],"to":[8,31.61346,1.52189],"rotation":{"angle":22.5,"axis":"x","origin":[8,14.11346,1.27189]},"faces":{"north":{"uv":[14.75,6,15,6.25],"rotation":180,"texture":"#1"},"east":{"uv":[15,4.25,15.125,8.5],"rotation":180,"texture":"#1"},"west":{"uv":[15,4.25,15.125,8.5],"texture":"#1"},"up":{"uv":[14.75,6.25,15,11.5],"texture":"#1"},"down":{"uv":[14.75,6.25,15,11.5],"rotation":180,"texture":"#1"}}},{"from":[7,12.61346,-0.22811],"to":[9,14.61346,2.27189],"rotation":{"angle":22.5,"axis":"x","origin":[8,14.11346,1.27189]},"faces":{"north":{"uv":[3.75,12.25,4.25,12.75],"rotation":270,"texture":"#1"},"east":{"uv":[3.5,12.75,4.125,13.25],"rotation":180,"texture":"#1"},"south":{"uv":[3.75,12.25,4.25,12.75],"rotation":90,"texture":"#1"},"west":{"uv":[3.5,12.75,4.125,13.25],"texture":"#1"},"up":{"uv":[3.5,12.75,4.125,13.25],"rotation":90,"texture":"#1"},"down":{"uv":[3.5,12.75,4.125,13.25],"rotation":270,"texture":"#1"}}},{"from":[6.75,12.36346,-0.47811],"to":[9.25,14.86346,2.52189],"rotation":{"angle":22.5,"axis":"x","origin":[8,14.11346,1.27189]},"faces":{"north":{"uv":[0,0,16,16],"rotation":270,"texture":"#2"},"east":{"uv":[0,0,16,16],"rotation":180,"texture":"#2"},"south":{"uv":[0,0,16,16],"rotation":90,"texture":"#2"},"west":{"uv":[0,0,16,16],"texture":"#2"},"up":{"uv":[0,0,16,16],"rotation":90,"texture":"#2"},"down":{"uv":[0,0,16,16],"rotation":270,"texture":"#2"}}},{"from":[8,9.61346,0.02189],"to":[8,12.61346,2.52189],"rotation":{"angle":22.5,"axis":"x","origin":[8,14.11346,1.27189]},"faces":{"north":{"uv":[3.75,12.25,4.25,12.75],"rotation":270,"texture":"#1"},"east":{"uv":[16,0.75,15.375,0],"rotation":180,"texture":"#1"},"south":{"uv":[3.75,12.25,4.25,12.75],"rotation":90,"texture":"#1"},"west":{"uv":[16,0,15.375,0.75],"texture":"#1"},"up":{"uv":[16,0,15.375,0],"rotation":90,"texture":"#1"},"down":{"uv":[16,0,15.375,0],"rotation":270,"texture":"#1"}}},{"from":[7,6,7],"to":[9,11,9],"rotation":{"angle":0,"axis":"y","origin":[8,-0.5,9]},"faces":{"north":{"uv":[5.5,7,6,8.25],"texture":"#1"},"east":{"uv":[5.5,7,6,8.25],"texture":"#1"},"south":{"uv":[5.5,7,6,8.25],"texture":"#1"},"west":{"uv":[5.5,7,6,8.25],"texture":"#1"},"up":{"uv":[3.25,4.75,3.75,5.25],"texture":"#1"},"down":{"uv":[3.25,4.75,3.75,5.25],"texture":"#1"}}},{"from":[6.5,7,6.5],"to":[9.5,8,9.5],"rotation":{"angle":0,"axis":"y","origin":[8,-5,9]},"faces":{"north":{"uv":[5.25,6.5,6,6.75],"texture":"#1"},"east":{"uv":[5.25,6.5,6,6.75],"texture":"#1"},"south":{"uv":[0,6,0.75,6.25],"texture":"#1"},"west":{"uv":[5.25,6.5,6,6.75],"texture":"#1"},"up":{"uv":[4,5.25,3.25,4.5],"rotation":270,"texture":"#1"},"down":{"uv":[4,5.25,3.25,4.5],"rotation":90,"texture":"#1"}}},{"from":[0.07695,0.98764,9],"to":[4.07695,2.98764,11],"rotation":{"angle":0,"axis":"y","origin":[-0.5131,-0.2201,10]},"faces":{"north":{"uv":[2.5,14.5,2,13.5],"rotation":90,"texture":"#1"},"east":{"uv":[3,14.5,2.5,14],"rotation":90,"texture":"#1"},"south":{"uv":[2.5,14.5,2,13.5],"rotation":90,"texture":"#1"},"west":{"uv":[3,14.5,2.5,14],"rotation":90,"texture":"#1"},"up":{"uv":[2.5,14.5,2,13.5],"rotation":90,"texture":"#1"},"down":{"uv":[2.5,13.5,2,14.5],"rotation":90,"texture":"#1"}}},{"from":[-4.89515,1.1742,9.1],"to":[-0.89515,2.9742,10.9],"rotation":{"angle":-45,"axis":"z","origin":[-0.5131,-0.2201,10]},"faces":{"north":{"uv":[3,14,2.5,13],"rotation":90,"texture":"#1"},"east":{"uv":[3.5,13.5,3,13],"rotation":90,"texture":"#1"},"south":{"uv":[3,13,2.5,14],"rotation":90,"texture":"#1"},"west":{"uv":[3.5,13.5,3,13],"rotation":90,"texture":"#1"},"up":{"uv":[3,13,2.5,14],"rotation":90,"texture":"#1"},"down":{"uv":[3,13,2.5,14],"rotation":90,"texture":"#1"}}},{"from":[-2.91814,-2.87323,9],"to":[-0.91814,1.12677,11],"rotation":{"angle":-45,"axis":"z","origin":[-0.5131,-0.2201,10]},"faces":{"north":{"uv":[4.25,12.25,3.25,11.75],"rotation":90,"texture":"#1"},"east":{"uv":[4.25,12.25,3.25,11.75],"rotation":90,"texture":"#1"},"south":{"uv":[4.25,12.25,3.25,11.75],"rotation":90,"texture":"#1"},"west":{"uv":[4.25,12.25,3.25,11.75],"rotation":90,"texture":"#1"},"up":{"uv":[3.75,12.75,3.25,12.25],"rotation":90,"texture":"#1"},"down":{"uv":[4,12.25,3.75,12.5],"rotation":90,"texture":"#1"}}},{"from":[-3.98907,-4.43409,9.1],"to":[-2.18907,-0.43409,10.9],"rotation":{"angle":0,"axis":"y","origin":[-0.5131,-0.2201,10]},"faces":{"north":{"uv":[4.5,13.25,3.5,12.75],"rotation":90,"texture":"#1"},"east":{"uv":[4.5,13.25,3.5,12.75],"rotation":90,"texture":"#1"},"south":{"uv":[4.5,13.25,3.5,12.75],"rotation":90,"texture":"#1"},"west":{"uv":[4.5,13.25,3.5,12.75],"rotation":90,"texture":"#1"},"up":{"uv":[4.25,12.75,3.75,12.25],"rotation":90,"texture":"#1"},"down":{"uv":[4.25,12.25,3.75,12.75],"rotation":90,"texture":"#1"}}},{"from":[-0.97226,-5.00389,10],"to":[3.02774,3.99611,10],"rotation":{"angle":-45,"axis":"z","origin":[-0.5131,-0.2201,10]},"faces":{"north":{"uv":[16,2.25,13.75,1.25],"rotation":270,"texture":"#1"},"east":{"uv":[6.5,10.5,6,10],"rotation":90,"texture":"#1"},"south":{"uv":[16,1.25,13.75,2.25],"rotation":270,"texture":"#1"},"west":{"uv":[3,14.5,2.5,14],"rotation":90,"texture":"#1"},"up":{"uv":[5.5,4.75,4.5,3.75],"rotation":90,"texture":"#1"},"down":{"uv":[4.5,3.75,5.5,4.75],"rotation":90,"texture":"#1"}}},{"from":[7,1,10],"to":[9,3,14],"rotation":{"angle":22.5,"axis":"x","origin":[8,3,10]},"faces":{"north":{"uv":[3,14,2.5,14.5],"rotation":90,"texture":"#1"},"east":{"uv":[2.5,13.5,2,14.5],"rotation":90,"texture":"#1"},"south":{"uv":[3,14,2.5,14.5],"rotation":90,"texture":"#1"},"west":{"uv":[2.5,13.5,2,14.5],"rotation":90,"texture":"#1"},"up":{"uv":[2.5,13.5,2,14.5],"rotation":180,"texture":"#1"},"down":{"uv":[2.5,14.5,2,13.5],"texture":"#1"}}},{"from":[7.1,-0.2724,12.90049],"to":[8.9,1.5276,16.90049],"rotation":{"angle":-22.5,"axis":"x","origin":[8,-0.45,12.9]},"faces":{"north":{"uv":[3.5,13,3,13.5],"rotation":90,"texture":"#1"},"east":{"uv":[3,13,2.5,14],"rotation":90,"texture":"#1"},"south":{"uv":[3.5,13,3,13.5],"rotation":90,"texture":"#1"},"west":{"uv":[3,14,2.5,13],"rotation":90,"texture":"#1"},"up":{"uv":[3,14,2.5,13],"rotation":180,"texture":"#1"},"down":{"uv":[3,14,2.5,13],"texture":"#1"}}},{"from":[7,-4.35049,12.8776],"to":[9,-0.35049,14.8776],"rotation":{"angle":-22.5,"axis":"x","origin":[8,-0.35,12.8]},"faces":{"north":{"uv":[4.25,11.75,3.25,12.25],"rotation":90,"texture":"#1"},"east":{"uv":[4.25,11.75,3.25,12.25],"rotation":90,"texture":"#1"},"south":{"uv":[4.25,11.75,3.25,12.25],"rotation":90,"texture":"#1"},"west":{"uv":[4.25,11.75,3.25,12.25],"rotation":90,"texture":"#1"},"up":{"uv":[3.75,12.25,3.25,12.75],"rotation":180,"texture":"#1"},"down":{"uv":[4,12.5,3.75,12.25],"texture":"#1"}}},{"from":[7.1,-7.27012,14.34619],"to":[8.9,-3.27012,16.14619],"rotation":{"angle":22.5,"axis":"x","origin":[8,-3.25,16.2]},"faces":{"north":{"uv":[4.5,12.75,3.5,13.25],"rotation":90,"texture":"#1"},"east":{"uv":[4.5,12.75,3.5,13.25],"rotation":90,"texture":"#1"},"south":{"uv":[4.5,12.75,3.5,13.25],"rotation":90,"texture":"#1"},"west":{"uv":[4.5,12.75,3.5,13.25],"rotation":90,"texture":"#1"},"up":{"uv":[4.25,12.25,3.75,12.75],"rotation":180,"texture":"#1"},"down":{"uv":[4.25,12.75,3.75,12.25],"texture":"#1"}}},{"from":[8,-6.45049,8.9776],"to":[8,2.54951,12.9776],"rotation":{"angle":-22.5,"axis":"x","origin":[8,-0.45,12.9]},"faces":{"north":{"uv":[6.5,10,6,10.5],"rotation":90,"texture":"#1"},"east":{"uv":[16,1.25,13.75,2.25],"rotation":270,"texture":"#1"},"south":{"uv":[3,14,2.5,14.5],"rotation":90,"texture":"#1"},"west":{"uv":[16,2.25,13.75,1.25],"rotation":270,"texture":"#1"},"up":{"uv":[5.5,3.75,4.5,4.75],"rotation":180,"texture":"#1"},"down":{"uv":[4.5,4.75,5.5,3.75],"texture":"#1"}}},{"from":[6,0,6],"to":[10,4,10],"rotation":{"angle":0,"axis":"y","origin":[8,12,9]},"faces":{"north":{"uv":[5.75,1,4.75,2],"texture":"#1"},"east":{"uv":[4.75,0,5.75,1],"texture":"#1"},"south":{"uv":[4.75,1,5.75,2],"texture":"#1"},"west":{"uv":[5.75,0,4.75,1],"texture":"#1"},"up":{"uv":[1.25,4.75,0.25,3.75],"rotation":270,"texture":"#1"},"down":{"uv":[2.75,3.75,1.75,4.75],"rotation":90,"texture":"#1"}}},{"from":[2,4.5,8.5],"to":[14,4.5,13.5],"rotation":{"angle":0,"axis":"y","origin":[8,4.5,8]},"faces":{"north":{"uv":[3,3.5,1.5,5],"rotation":270,"texture":"#1"},"east":{"uv":[4.5,0,6,1],"rotation":270,"texture":"#1"},"south":{"uv":[1.5,5,0,3.5],"rotation":270,"texture":"#1"},"west":{"uv":[6,0,4.5,1],"rotation":90,"texture":"#1"},"up":{"uv":[16,0,13,1.25],"rotation":180,"texture":"#1"},"down":{"uv":[13,0,16,1.25],"texture":"#1"}}},{"from":[5.5,1,5.5],"to":[10.5,5,10.5],"rotation":{"angle":0,"axis":"y","origin":[8,16,9]},"faces":{"north":{"uv":[2.5,4,7.5,7.5],"texture":"#3"},"east":{"uv":[7.5,7.5,2.5,11],"texture":"#3"},"south":{"uv":[12.5,7.5,7.5,11],"texture":"#3"},"west":{"uv":[12.5,4,7.5,7.5],"texture":"#3"}}},{"from":[7.25,-9,7.25],"to":[8.75,-3,8.75],"rotation":{"angle":0,"axis":"y","origin":[8,16,8]},"faces":{"north":{"uv":[6,7.5,4,13.5],"texture":"#3"},"east":{"uv":[8,7.5,6,13.5],"texture":"#3"},"south":{"uv":[10,7.5,8,13.5],"texture":"#3"},"west":{"uv":[12,7.5,10,13.5],"texture":"#3"}}},{"from":[8,-15,-6],"to":[8,1,10],"rotation":{"angle":-22.5,"axis":"x","origin":[8,-5,8]},"faces":{"north":{"uv":[1.5,8.5,3.5,6.5],"texture":"#1"},"east":{"uv":[0,0,16,16],"rotation":270,"texture":"#4"},"south":{"uv":[1.5,10.5,3.5,8.5],"texture":"#1"},"west":{"uv":[16,0,0,16],"rotation":90,"texture":"#4"},"up":{"uv":[0.25,10.5,1.5,8.5],"rotation":270,"texture":"#1"},"down":{"uv":[0.25,10.5,1.5,8.5],"rotation":90,"texture":"#1"}}},{"from":[-2,-16,10],"to":[14,0,10],"rotation":{"angle":0,"axis":"y","origin":[8,-5,8]},"faces":{"north":{"uv":[0,0,16,16],"texture":"#4"},"east":{"uv":[0.25,10.5,1.5,8.5],"rotation":90,"texture":"#1"},"south":{"uv":[16,0,0,16],"texture":"#4"},"west":{"uv":[0.25,10.5,1.5,8.5],"rotation":90,"texture":"#1"},"up":{"uv":[1.5,10.5,3.5,8.5],"rotation":270,"texture":"#1"},"down":{"uv":[1.5,8.5,3.5,6.5],"rotation":270,"texture":"#1"}}}],"gui_light":"front","display":{"thirdperson_righthand":{"translation":[0,5.25,2],"scale":[0.55,0.55,0.55]},"thirdperson_lefthand":{"translation":[0,5.25,2],"scale":[0.55,0.55,0.55]},"firstperson_righthand":{"rotation":[-6,0,10],"translation":[1,4.75,1],"scale":[0.41797,0.41797,0.41797]},"firstperson_lefthand":{"rotation":[-6,0,10],"translation":[1,4.75,1],"scale":[0.41797,0.41797,0.41797]},"ground":{"rotation":[-75,85,0],"translation":[0,0.5,1.25],"scale":[0.58008,0.58008,0.58008]},"gui":{"rotation":[88,45,-88],"translation":[0,-0.25,-2],"scale":[0.37695,0.37695,0.37695]},"head":{"rotation":[-135.5,0,0],"translation":[0,14,5.75],"scale":[0.7,0.7,0.7]},"fixed":{"rotation":[0,90,0],"translation":[-0.75,-0.5,-2.75],"scale":[1.25,1.25,1.25]}},"mcmodels":"24d8f660136c92958353aae44d2e44b5"}