{"textures​":{"layer0":"minecraft:item/spruce_trapdoor"},"credit":"Made with Blockbench","texture_size":[64,64],"\u0074\u0065\u0078\u0074\u0075\u0072\u0065\u0073":{"1":"\u0065\u006c\u0069\u0074\u0065\u0063\u0072\u0065\u0061\u0074\u0075\u0072\u0065\u0073:\u0077\u0061\u0072\u0064\u0065\u006e_\u0073\u0065\u0074/\u0077\u0061\u0072\u0064\u0065\u006e_\u0077\u0065\u0061\u0070\u006f\u006e_1","3":"\u0065\u006c\u0069\u0074\u0065\u0063\u0072\u0065\u0061\u0074\u0075\u0072\u0065\u0073:\u0077\u0061\u0072\u0064\u0065\u006e_\u0073\u0065\u0074/\u0061\u006e\u0069\u006d\u0061\u0074\u0069\u006f\u006e_2","4":"\u0065\u006c\u0069\u0074\u0065\u0063\u0072\u0065\u0061\u0074\u0075\u0072\u0065\u0073:\u0077\u0061\u0072\u0064\u0065\u006e_\u0073\u0065\u0074/\u0061\u006e\u0069\u006d\u0061\u0074\u0069\u006f\u006e_3","\u0070\u0061\u0072\u0074\u0069\u0063\u006c\u0065":"\u0065\u006c\u0069\u0074\u0065\u0063\u0072\u0065\u0061\u0074\u0075\u0072\u0065\u0073:\u0077\u0061\u0072\u0064\u0065\u006e_\u0073\u0065\u0074/\u0061\u006e\u0069\u006d\u0061\u0074\u0069\u006f\u006e_1"},"elements":[{"from":[0,0.5,2],"to":[8,15.5,5],"rotation":{"angle":22.5,"axis":"y","origin":[8,15.5,2]},"faces":{"north":{"uv":[7,12.25,5,16],"texture":"#1"},"south":{"uv":[7,12.25,5,16],"texture":"#1"},"west":{"uv":[7.75,12.25,7,16],"texture":"#1"},"up":{"uv":[8.5,14,7.75,16],"rotation":90,"texture":"#1"},"down":{"uv":[8.5,14,7.75,16],"rotation":270,"texture":"#1"}}},{"from":[8,0.5,2],"to":[16,15.5,5],"rotation":{"angle":-22.5,"axis":"y","origin":[8,15.5,2]},"faces":{"north":{"uv":[5,12.25,7,16],"texture":"#1"},"east":{"uv":[7,12.25,7.75,16],"texture":"#1"},"south":{"uv":[5,12.25,7,16],"texture":"#1"},"up":{"uv":[8.5,16,7.75,14],"rotation":90,"texture":"#1"},"down":{"uv":[8.5,16,7.75,14],"rotation":270,"texture":"#1"}}},{"from":[2,-4.5,2],"to":[8,0.5,5],"rotation":{"angle":22.5,"axis":"y","origin":[8,15.5,2]},"faces":{"north":{"uv":[10,14.75,8.5,16],"texture":"#1"},"south":{"uv":[10,14.75,8.5,16],"texture":"#1"},"west":{"uv":[10.75,14.75,10,16],"texture":"#1"},"up":{"uv":[8.5,12.5,7.75,14],"rotation":90,"texture":"#1"},"down":{"uv":[8.5,12.5,7.75,14],"rotation":270,"texture":"#1"}}},{"from":[8,-4.5,2],"to":[14,0.5,5],"rotation":{"angle":-22.5,"axis":"y","origin":[8,15.5,2]},"faces":{"north":{"uv":[8.5,14.75,10,16],"texture":"#1"},"east":{"uv":[10,14.75,10.75,16],"texture":"#1"},"south":{"uv":[8.5,14.75,10,16],"texture":"#1"},"up":{"uv":[8.5,14,7.75,12.5],"rotation":90,"texture":"#1"},"down":{"uv":[8.5,14,7.75,12.5],"rotation":270,"texture":"#1"}}},{"from":[5,15.5,2],"to":[11,19.5,8],"rotation":{"angle":0,"axis":"y","origin":[8,16,4]},"faces":{"north":{"uv":[6,1,4.5,2],"texture":"#1"},"east":{"uv":[6,0,4.5,1],"texture":"#1"},"south":{"uv":[4.5,1,6,2],"texture":"#1"},"west":{"uv":[4.5,0,6,1],"texture":"#1"},"up":{"uv":[0,5,1.5,3.5],"rotation":270,"texture":"#1"},"down":{"uv":[1.5,3.5,3,5],"rotation":90,"texture":"#1"}}},{"from":[6,19,3],"to":[10,21,7],"rotation":{"angle":0,"axis":"y","origin":[8,21,4]},"faces":{"north":{"uv":[6.5,4.5,5.5,4],"texture":"#1"},"east":{"uv":[6.5,4,5.5,3.5],"texture":"#1"},"south":{"uv":[5.5,4.5,6.5,4],"texture":"#1"},"west":{"uv":[6.5,4,5.5,3.5],"texture":"#1"},"up":{"uv":[4,4.5,3,5.5],"rotation":90,"texture":"#1"},"down":{"uv":[5.5,3.75,4.5,2.75],"rotation":270,"texture":"#1"}}},{"from":[4,24,1],"to":[12,24,9],"rotation":{"angle":0,"axis":"y","origin":[8,16,4]},"faces":{"north":{"uv":[0.25,8.5,1.5,10.5],"rotation":90,"texture":"#1"},"east":{"uv":[0.25,8.5,1.5,10.5],"rotation":90,"texture":"#1"},"south":{"uv":[0.25,8.5,1.5,10.5],"rotation":90,"texture":"#1"},"west":{"uv":[0.25,8.5,1.5,10.5],"rotation":90,"texture":"#1"},"up":{"uv":[1.5,8.5,3.5,10.5],"rotation":180,"texture":"#1"},"down":{"uv":[3.5,8.5,1.5,10.5],"texture":"#1"}}},{"from":[4,19,1],"to":[4,24,9],"rotation":{"angle":0,"axis":"y","origin":[8,16,4]},"faces":{"north":{"uv":[0.25,8.5,1.5,10.5],"rotation":90,"texture":"#1"},"east":{"uv":[0.25,8.5,1.5,10.5],"rotation":90,"texture":"#1"},"south":{"uv":[0.25,8.5,1.5,10.5],"rotation":90,"texture":"#1"},"west":{"uv":[0.25,8.5,1.5,10.5],"rotation":90,"texture":"#1"},"up":{"uv":[1.5,8.5,3.5,10.5],"rotation":180,"texture":"#1"},"down":{"uv":[1.5,6.5,3.5,8.5],"texture":"#1"}}},{"from":[4,19,1],"to":[12,19,9],"rotation":{"angle":0,"axis":"y","origin":[8,16,4]},"faces":{"north":{"uv":[0.25,8.5,1.5,10.5],"rotation":90,"texture":"#1"},"east":{"uv":[0.25,8.5,1.5,10.5],"rotation":90,"texture":"#1"},"south":{"uv":[0.25,8.5,1.5,10.5],"rotation":90,"texture":"#1"},"west":{"uv":[0.25,8.5,1.5,10.5],"rotation":90,"texture":"#1"},"up":{"uv":[3.5,6.5,1.5,8.5],"rotation":180,"texture":"#1"},"down":{"uv":[1.5,6.5,3.5,8.5],"texture":"#1"}}},{"from":[12,19,1],"to":[12,24,9],"rotation":{"angle":0,"axis":"y","origin":[8,16,4]},"faces":{"north":{"uv":[0.25,8.5,1.5,10.5],"rotation":90,"texture":"#1"},"east":{"uv":[0.25,8.5,1.5,10.5],"rotation":90,"texture":"#1"},"south":{"uv":[0.25,8.5,1.5,10.5],"rotation":90,"texture":"#1"},"west":{"uv":[0.25,8.5,1.5,10.5],"rotation":90,"texture":"#1"},"up":{"uv":[1.5,8.5,3.5,10.5],"rotation":180,"texture":"#1"},"down":{"uv":[1.5,6.5,3.5,8.5],"texture":"#1"}}},{"from":[4,19,1],"to":[12,24,1],"rotation":{"angle":0,"axis":"y","origin":[8,16,4]},"faces":{"north":{"uv":[0.25,8.5,1.5,10.5],"rotation":90,"texture":"#1"},"east":{"uv":[0.25,8.5,1.5,10.5],"rotation":90,"texture":"#1"},"south":{"uv":[0.25,8.5,1.5,10.5],"rotation":90,"texture":"#1"},"west":{"uv":[0.25,8.5,1.5,10.5],"rotation":90,"texture":"#1"},"up":{"uv":[1.5,8.5,3.5,10.5],"rotation":180,"texture":"#1"},"down":{"uv":[1.5,6.5,3.5,8.5],"texture":"#1"}}},{"from":[4,19,9],"to":[12,24,9],"rotation":{"angle":0,"axis":"y","origin":[8,16,4]},"faces":{"north":{"uv":[0.25,8.5,1.5,10.5],"rotation":90,"texture":"#1"},"east":{"uv":[0.25,8.5,1.5,10.5],"rotation":90,"texture":"#1"},"south":{"uv":[0.25,8.5,1.5,10.5],"rotation":90,"texture":"#1"},"west":{"uv":[0.25,8.5,1.5,10.5],"rotation":90,"texture":"#1"},"up":{"uv":[1.5,8.5,3.5,10.5],"rotation":180,"texture":"#1"},"down":{"uv":[1.5,6.5,3.5,8.5],"texture":"#1"}}},{"from":[-4.80223,14.40223,3],"to":[1.19777,18.40223,7],"rotation":{"angle":22.5,"axis":"z","origin":[-1.80223,16,5]},"faces":{"north":{"uv":[0,15.5,1,14],"rotation":270,"texture":"#1"},"east":{"uv":[1,12.5,2,13.5],"rotation":180,"texture":"#1"},"south":{"uv":[1,15.5,0,14],"rotation":90,"texture":"#1"},"west":{"uv":[1,12.5,2,13.5],"texture":"#1"},"up":{"uv":[0,12.5,1,14],"rotation":270,"texture":"#1"},"down":{"uv":[0,12.5,1,14],"rotation":270,"texture":"#1"}}},{"from":[0.05011,15.36742,2.9],"to":[5.05011,19.36742,7.1],"rotation":{"angle":0,"axis":"y","origin":[-1.80223,16,5]},"faces":{"north":{"uv":[2.25,11.75,3.25,10.5],"rotation":270,"texture":"#1"},"east":{"uv":[2.25,11.75,3.25,12.75],"rotation":180,"texture":"#1"},"south":{"uv":[3.25,11.75,2.25,10.5],"rotation":90,"texture":"#1"},"west":{"uv":[2.25,11.75,3.25,12.75],"texture":"#1"},"up":{"uv":[3.25,10.5,4.25,11.75],"rotation":270,"texture":"#1"},"down":{"uv":[3.25,10.5,4.25,11.75],"rotation":270,"texture":"#1"}}},{"from":[-5.16966,9.14766,3.1],"to":[-1.16966,14.14766,6.9],"rotation":{"angle":-45,"axis":"z","origin":[-1.80223,16,5]},"faces":{"north":{"uv":[1,14.5,2,15.75],"rotation":180,"texture":"#1"},"east":{"uv":[2,14.5,3,15.75],"rotation":180,"texture":"#1"},"south":{"uv":[1,14.5,2,15.75],"rotation":180,"texture":"#1"},"west":{"uv":[2,14.5,3,15.75],"rotation":180,"texture":"#1"},"up":{"uv":[1,13.5,2,14.5],"rotation":90,"texture":"#1"},"down":{"uv":[1,13.5,2,14.5],"rotation":270,"texture":"#1"}}},{"from":[-4,19,5.1],"to":[3,24,5.1],"rotation":{"angle":-22.5,"axis":"z","origin":[-3,18,5]},"faces":{"north":{"uv":[8.25,3.25,10,4.5],"texture":"#1"},"south":{"uv":[10,3.25,8.25,4.5],"texture":"#1"}}},{"from":[-5.15596,10.43273,3.4],"to":[-3.15596,14.43273,5.4],"rotation":{"angle":-22.5,"axis":"z","origin":[-2.68302,11.06579,4.4]},"faces":{"north":{"uv":[3.25,11.75,4.25,12.25],"rotation":270,"texture":"#1"},"east":{"uv":[3.25,11.75,4.25,12.25],"rotation":270,"texture":"#1"},"south":{"uv":[3.25,11.75,4.25,12.25],"rotation":270,"texture":"#1"},"west":{"uv":[3.25,11.75,4.25,12.25],"rotation":270,"texture":"#1"},"up":{"uv":[3.75,12.75,3.25,12.25],"rotation":90,"texture":"#1"},"down":{"uv":[4,12.25,3.75,12.5],"rotation":90,"texture":"#1"}}},{"from":[-4.7786,8.32822,3.5],"to":[-2.9786,12.32822,5.3],"rotation":{"angle":22.5,"axis":"z","origin":[-2.68302,11.06579,4.4]},"faces":{"north":{"uv":[4.5,13.25,3.5,12.75],"rotation":90,"texture":"#1"},"east":{"uv":[4.5,13.25,3.5,12.75],"rotation":90,"texture":"#1"},"south":{"uv":[4.5,13.25,3.5,12.75],"rotation":90,"texture":"#1"},"west":{"uv":[4.5,13.25,3.5,12.75],"rotation":90,"texture":"#1"},"up":{"uv":[3.75,12.25,4.25,12.75],"rotation":270,"texture":"#1"},"down":{"uv":[3.75,12.75,4.25,12.25],"rotation":270,"texture":"#1"}}},{"from":[-3.21008,8.30207,4.4],"to":[0.78992,14.30207,4.4],"rotation":{"angle":-22.5,"axis":"z","origin":[-2.68302,11.06579,4.4]},"faces":{"north":{"uv":[14.5,1.25,16,2.25],"rotation":90,"texture":"#1"},"east":{"uv":[6,10,6.5,10.5],"rotation":270,"texture":"#1"},"south":{"uv":[14.5,2.25,16,1.25],"rotation":90,"texture":"#1"},"west":{"uv":[2.5,14,3,14.5],"rotation":270,"texture":"#1"},"up":{"uv":[5.5,4.75,4.5,3.75],"rotation":90,"texture":"#1"},"down":{"uv":[4.5,3.75,5.5,4.75],"rotation":90,"texture":"#1"}}},{"from":[14.80223,14.40223,3],"to":[20.80223,18.40223,7],"rotation":{"angle":-22.5,"axis":"z","origin":[17.80223,16,5]},"faces":{"north":{"uv":[0,14,1,15.5],"rotation":270,"texture":"#1"},"east":{"uv":[2,12.5,1,13.5],"texture":"#1"},"south":{"uv":[1,14,0,15.5],"rotation":90,"texture":"#1"},"west":{"uv":[2,12.5,1,13.5],"rotation":180,"texture":"#1"},"up":{"uv":[0,14,1,12.5],"rotation":270,"texture":"#1"},"down":{"uv":[0,14,1,12.5],"rotation":270,"texture":"#1"}}},{"from":[10.94989,15.36742,2.9],"to":[15.94989,19.36742,7.1],"rotation":{"angle":0,"axis":"y","origin":[17.80223,16,5]},"faces":{"north":{"uv":[2.25,10.5,3.25,11.75],"rotation":270,"texture":"#1"},"east":{"uv":[3.25,11.75,2.25,12.75],"texture":"#1"},"south":{"uv":[3.25,10.5,2.25,11.75],"rotation":90,"texture":"#1"},"west":{"uv":[3.25,11.75,2.25,12.75],"rotation":180,"texture":"#1"},"up":{"uv":[3.25,11.75,4.25,10.5],"rotation":270,"texture":"#1"},"down":{"uv":[3.25,11.75,4.25,10.5],"rotation":270,"texture":"#1"}}},{"from":[17.16966,9.14766,3.1],"to":[21.16966,14.14766,6.9],"rotation":{"angle":45,"axis":"z","origin":[17.80223,16,5]},"faces":{"north":{"uv":[2,14.5,1,15.75],"rotation":180,"texture":"#1"},"east":{"uv":[3,14.5,2,15.75],"rotation":180,"texture":"#1"},"south":{"uv":[2,14.5,1,15.75],"rotation":180,"texture":"#1"},"west":{"uv":[3,14.5,2,15.75],"rotation":180,"texture":"#1"},"up":{"uv":[1,14.5,2,13.5],"rotation":90,"texture":"#1"},"down":{"uv":[1,14.5,2,13.5],"rotation":270,"texture":"#1"}}},{"from":[7,8,-8],"to":[9,12,-6],"rotation":{"angle":0,"axis":"y","origin":[8,-0.5,-8]},"faces":{"north":{"uv":[16,9.5,15.5,10.5],"texture":"#1"},"east":{"uv":[16,9.5,15.5,10.5],"texture":"#1"},"south":{"uv":[16,9.5,15.5,10.5],"texture":"#1"},"west":{"uv":[16,9.5,15.5,10.5],"texture":"#1"},"down":{"uv":[15.5,9.5,15,10],"rotation":270,"texture":"#1"}}},{"from":[6,12,-9],"to":[10,16,-5],"rotation":{"angle":0,"axis":"y","origin":[8,5,-8]},"faces":{"north":{"uv":[5,4.75,4,5.75],"texture":"#1"},"east":{"uv":[5.5,3.75,4.5,4.75],"texture":"#1"},"south":{"uv":[4,4.75,5,5.75],"texture":"#1"},"west":{"uv":[4.5,3.75,5.5,4.75],"texture":"#1"},"down":{"uv":[0,5,1,6],"rotation":90,"texture":"#1"}}},{"from":[1,11,-7],"to":[7,15,-7],"rotation":{"angle":-45,"axis":"z","origin":[4,12,-7]},"faces":{"north":{"uv":[5,8,3.5,7],"texture":"#1"},"south":{"uv":[3.5,8,5,7],"texture":"#1"}}},{"from":[9,11,-7],"to":[15,15,-7],"rotation":{"angle":45,"axis":"z","origin":[12,12,-7]},"faces":{"north":{"uv":[3.5,8,5,7],"texture":"#1"},"south":{"uv":[5,8,3.5,7],"texture":"#1"}}},{"from":[13,19,5.1],"to":[20,24,5.1],"rotation":{"angle":22.5,"axis":"z","origin":[19,18,5]},"faces":{"north":{"uv":[10,3.25,8.25,4.5],"texture":"#1"},"south":{"uv":[8.25,3.25,10,4.5],"texture":"#1"}}},{"from":[19.15596,10.43273,3.4],"to":[21.15596,14.43273,5.4],"rotation":{"angle":22.5,"axis":"z","origin":[18.68302,11.06579,4.4]},"faces":{"north":{"uv":[3.25,12.25,4.25,11.75],"rotation":270,"texture":"#1"},"east":{"uv":[3.25,12.25,4.25,11.75],"rotation":270,"texture":"#1"},"south":{"uv":[3.25,12.25,4.25,11.75],"rotation":270,"texture":"#1"},"west":{"uv":[3.25,12.25,4.25,11.75],"rotation":270,"texture":"#1"},"up":{"uv":[3.75,12.25,3.25,12.75],"rotation":90,"texture":"#1"},"down":{"uv":[4,12.5,3.75,12.25],"rotation":90,"texture":"#1"}}},{"from":[18.9786,8.32822,3.5],"to":[20.7786,12.32822,5.3],"rotation":{"angle":-22.5,"axis":"z","origin":[18.68302,11.06579,4.4]},"faces":{"north":{"uv":[4.5,12.75,3.5,13.25],"rotation":90,"texture":"#1"},"east":{"uv":[4.5,12.75,3.5,13.25],"rotation":90,"texture":"#1"},"south":{"uv":[4.5,12.75,3.5,13.25],"rotation":90,"texture":"#1"},"west":{"uv":[4.5,12.75,3.5,13.25],"rotation":90,"texture":"#1"},"up":{"uv":[3.75,12.75,4.25,12.25],"rotation":270,"texture":"#1"},"down":{"uv":[3.75,12.25,4.25,12.75],"rotation":270,"texture":"#1"}}},{"from":[15.21008,8.30207,4.4],"to":[19.21008,14.30207,4.4],"rotation":{"angle":22.5,"axis":"z","origin":[18.68302,11.06579,4.4]},"faces":{"north":{"uv":[14.5,2.25,16,1.25],"rotation":90,"texture":"#1"},"east":{"uv":[2.5,14.5,3,14],"rotation":270,"texture":"#1"},"south":{"uv":[14.5,1.25,16,2.25],"rotation":90,"texture":"#1"},"west":{"uv":[6,10.5,6.5,10],"rotation":270,"texture":"#1"},"up":{"uv":[5.5,3.75,4.5,4.75],"rotation":90,"texture":"#1"},"down":{"uv":[4.5,4.75,5.5,3.75],"rotation":90,"texture":"#1"}}},{"from":[7,9.48764,3.42305],"to":[9,11.48764,7.42305],"rotation":{"angle":22.5,"axis":"x","origin":[8,8.2799,8.0131]},"faces":{"north":{"uv":[3,14,2.5,14.5],"rotation":90,"texture":"#1"},"east":{"uv":[2.5,13.5,2,14.5],"rotation":90,"texture":"#1"},"south":{"uv":[3,14,2.5,14.5],"rotation":90,"texture":"#1"},"west":{"uv":[2.5,13.5,2,14.5],"rotation":90,"texture":"#1"},"up":{"uv":[2.5,13.5,2,14.5],"rotation":180,"texture":"#1"},"down":{"uv":[2.5,14.5,2,13.5],"texture":"#1"}}},{"from":[7.1,9.6742,8.39515],"to":[8.9,11.4742,12.39515],"rotation":{"angle":-22.5,"axis":"x","origin":[8,8.2799,8.0131]},"faces":{"north":{"uv":[3.5,13,3,13.5],"rotation":90,"texture":"#1"},"east":{"uv":[3,13,2.5,14],"rotation":90,"texture":"#1"},"south":{"uv":[3.5,13,3,13.5],"rotation":90,"texture":"#1"},"west":{"uv":[3,14,2.5,13],"rotation":90,"texture":"#1"},"up":{"uv":[3,14,2.5,13],"rotation":180,"texture":"#1"},"down":{"uv":[3,14,2.5,13],"texture":"#1"}}},{"from":[7,5.62677,8.41814],"to":[9,9.62677,10.41814],"rotation":{"angle":-22.5,"axis":"x","origin":[8,8.2799,8.0131]},"faces":{"north":{"uv":[4.25,11.75,3.25,12.25],"rotation":90,"texture":"#1"},"east":{"uv":[4.25,11.75,3.25,12.25],"rotation":90,"texture":"#1"},"south":{"uv":[4.25,11.75,3.25,12.25],"rotation":90,"texture":"#1"},"west":{"uv":[4.25,11.75,3.25,12.25],"rotation":90,"texture":"#1"},"up":{"uv":[3.75,12.25,3.25,12.75],"rotation":180,"texture":"#1"},"down":{"uv":[4,12.5,3.75,12.25],"texture":"#1"}}},{"from":[7.1,4.06591,9.68907],"to":[8.9,8.06591,11.48907],"rotation":{"angle":22.5,"axis":"x","origin":[8,8.2799,8.0131]},"faces":{"north":{"uv":[4.5,12.75,3.5,13.25],"rotation":90,"texture":"#1"},"east":{"uv":[4.5,12.75,3.5,13.25],"rotation":90,"texture":"#1"},"south":{"uv":[4.5,12.75,3.5,13.25],"rotation":90,"texture":"#1"},"west":{"uv":[4.5,12.75,3.5,13.25],"rotation":90,"texture":"#1"},"up":{"uv":[4.25,12.25,3.75,12.75],"rotation":180,"texture":"#1"},"down":{"uv":[4.25,12.75,3.75,12.25],"texture":"#1"}}},{"from":[8,3.49611,4.47226],"to":[8,12.49611,8.47226],"rotation":{"angle":-22.5,"axis":"x","origin":[8,8.2799,8.0131]},"faces":{"north":{"uv":[6.5,10,6,10.5],"rotation":90,"texture":"#1"},"east":{"uv":[16,1.25,13.75,2.25],"rotation":270,"texture":"#1"},"south":{"uv":[3,14,2.5,14.5],"rotation":90,"texture":"#1"},"west":{"uv":[16,2.25,13.75,1.25],"rotation":270,"texture":"#1"},"up":{"uv":[5.5,3.75,4.5,4.75],"rotation":180,"texture":"#1"},"down":{"uv":[4.5,4.75,5.5,3.75],"texture":"#1"}}},{"from":[-2.82208,-0.37864,4.87036],"to":[1.17792,1.62136,6.87036],"rotation":{"angle":-22.5,"axis":"z","origin":[0,-1.26859,5.87036]},"faces":{"north":{"uv":[4.25,12.25,3.25,11.75],"rotation":180,"texture":"#1"},"east":{"uv":[4,12.25,3.75,12.5],"rotation":180,"texture":"#1"},"south":{"uv":[4.25,12.25,3.25,11.75],"texture":"#1"},"west":{"uv":[3.75,12.75,3.25,12.25],"rotation":180,"texture":"#1"},"up":{"uv":[4.25,12.25,3.25,11.75],"texture":"#1"},"down":{"uv":[4.25,12.25,3.25,11.75],"texture":"#1"}}},{"from":[0.97572,-4.09656,4.97036],"to":[2.77572,-0.09656,6.77036],"rotation":{"angle":22.5,"axis":"z","origin":[0,-1.26859,5.87036]},"faces":{"north":{"uv":[4.5,13.25,3.5,12.75],"rotation":90,"texture":"#1"},"east":{"uv":[4.5,13.25,3.5,12.75],"rotation":90,"texture":"#1"},"south":{"uv":[4.5,13.25,3.5,12.75],"rotation":90,"texture":"#1"},"west":{"uv":[4.5,13.25,3.5,12.75],"rotation":90,"texture":"#1"},"up":{"uv":[4.25,12.75,3.75,12.25],"rotation":270,"texture":"#1"},"down":{"uv":[4.25,12.25,3.75,12.75],"rotation":270,"texture":"#1"}}},{"from":[-1.69142,-3.32452,5.87036],"to":[7.30858,0.67548,5.87036],"rotation":{"angle":-45,"axis":"z","origin":[0,-1.26859,5.87036]},"faces":{"north":{"uv":[16,1.25,13.75,2.25],"texture":"#1"},"east":{"uv":[4.5,3.75,5.5,4.75],"rotation":180,"texture":"#1"},"south":{"uv":[16,2.25,13.75,1.25],"rotation":180,"texture":"#1"},"west":{"uv":[5.5,4.75,4.5,3.75],"rotation":180,"texture":"#1"},"up":{"uv":[3,14.5,2.5,14],"texture":"#1"},"down":{"uv":[6.5,10.5,6,10],"texture":"#1"}}},{"from":[7,15.62136,0.69244],"to":[9,17.62136,4.69244],"rotation":{"angle":-22.5,"axis":"x","origin":[8,14.73141,1.87036]},"faces":{"north":{"uv":[3.75,12.25,4,12.5],"rotation":180,"texture":"#1"},"east":{"uv":[3.25,12.25,4.25,11.75],"rotation":180,"texture":"#1"},"south":{"uv":[3.25,12.75,3.75,12.25],"rotation":180,"texture":"#1"},"west":{"uv":[3.25,12.25,4.25,11.75],"texture":"#1"},"up":{"uv":[4.25,11.75,3.25,12.25],"rotation":270,"texture":"#1"},"down":{"uv":[4.25,11.75,3.25,12.25],"rotation":90,"texture":"#1"}}},{"from":[7.1,11.90344,-0.90536],"to":[8.9,15.90344,0.89464],"rotation":{"angle":22.5,"axis":"x","origin":[8,14.73141,1.87036]},"faces":{"north":{"uv":[4.5,12.75,3.5,13.25],"rotation":90,"texture":"#1"},"east":{"uv":[4.5,12.75,3.5,13.25],"rotation":90,"texture":"#1"},"south":{"uv":[4.5,12.75,3.5,13.25],"rotation":90,"texture":"#1"},"west":{"uv":[4.5,12.75,3.5,13.25],"rotation":90,"texture":"#1"},"up":{"uv":[3.75,12.75,4.25,12.25],"rotation":180,"texture":"#1"},"down":{"uv":[3.75,12.25,4.25,12.75],"texture":"#1"}}},{"from":[8,11.67548,-1.43822],"to":[8,15.67548,7.56178],"rotation":{"angle":-22.5,"axis":"x","origin":[8,14.73141,1.87036]},"faces":{"north":{"uv":[5.5,3.75,4.5,4.75],"rotation":180,"texture":"#1"},"east":{"uv":[13.75,1.25,16,2.25],"texture":"#1"},"south":{"uv":[4.5,4.75,5.5,3.75],"rotation":180,"texture":"#1"},"west":{"uv":[13.75,2.25,16,1.25],"rotation":180,"texture":"#1"},"up":{"uv":[3,14,2.5,14.5],"rotation":270,"texture":"#1"},"down":{"uv":[6.5,10,6,10.5],"rotation":90,"texture":"#1"}}},{"from":[6,6,1],"to":[10,10,3],"rotation":{"angle":0,"axis":"y","origin":[8,8,2]},"faces":{"north":{"uv":[4,4.5,3,5.5],"rotation":270,"texture":"#1"},"east":{"uv":[5.5,3.5,6.5,4],"rotation":270,"texture":"#1"},"south":{"uv":[5.5,3.75,4.5,2.75],"rotation":270,"texture":"#1"},"west":{"uv":[5.5,3.5,6.5,4],"rotation":90,"texture":"#1"},"up":{"uv":[6.5,4,5.5,4.5],"rotation":180,"texture":"#1"},"down":{"uv":[5.5,4,6.5,4.5],"texture":"#1"}}},{"from":[7,2,1],"to":[9,6,3],"rotation":{"angle":0,"axis":"y","origin":[8,8,2]},"faces":{"north":{"uv":[4,4.75,3,5.25],"rotation":270,"texture":"#1"},"east":{"uv":[5.5,3.5,6.5,4],"rotation":270,"texture":"#1"},"south":{"uv":[5.5,3.25,4.5,2.75],"rotation":270,"texture":"#1"},"west":{"uv":[5.5,3.5,6.5,4],"rotation":90,"texture":"#1"},"up":{"uv":[6,4,5.5,4.5],"rotation":180,"texture":"#1"},"down":{"uv":[5.5,4,6,4.5],"texture":"#1"}}},{"from":[5,-6.5,3],"to":[11,-4.5,5],"rotation":{"angle":0,"axis":"y","origin":[8,8,2]},"faces":{"north":{"uv":[6.25,6.25,5.75,7.75],"rotation":270,"texture":"#1"},"east":{"uv":[6.25,6.25,5.75,6.75],"rotation":270,"texture":"#1"},"south":{"uv":[6.25,6.25,5.75,7.75],"rotation":270,"texture":"#1"},"west":{"uv":[6.25,6.25,5.75,6.75],"rotation":270,"texture":"#1"},"up":{"uv":[5.75,7.75,5.25,6.25],"rotation":270,"texture":"#1"},"down":{"uv":[5.75,7.75,5.25,6.25],"rotation":270,"texture":"#1"}}},{"from":[3.75,1,1.75],"to":[7.75,3,2.75],"rotation":{"angle":0,"axis":"y","origin":[5,9,2.5]},"faces":{"north":{"uv":[6.5,4.5,5.5,5],"texture":"#1"},"east":{"uv":[6.25,0,6,0.5],"texture":"#1"},"south":{"uv":[5.5,4.5,6.5,5],"texture":"#1"},"west":{"uv":[3,5,2.75,5.5],"texture":"#1"},"up":{"uv":[3.25,3.5,3,4.5],"rotation":90,"texture":"#1"},"down":{"uv":[5,6.75,4.75,5.75],"rotation":270,"texture":"#1"}}},{"from":[3.75,4,1.75],"to":[7.75,6,2.75],"rotation":{"angle":0,"axis":"y","origin":[5,9,2.5]},"faces":{"north":{"uv":[6.5,4.5,5.5,5],"texture":"#1"},"east":{"uv":[6.25,0,6,0.5],"texture":"#1"},"south":{"uv":[5.5,4.5,6.5,5],"texture":"#1"},"west":{"uv":[3,5,2.75,5.5],"texture":"#1"},"up":{"uv":[3.25,3.5,3,4.5],"rotation":90,"texture":"#1"},"down":{"uv":[5,6.75,4.75,5.75],"rotation":270,"texture":"#1"}}},{"from":[3,6.75,1.75],"to":[7,8.75,2.75],"rotation":{"angle":-22.5,"axis":"z","origin":[5,9,2.5]},"faces":{"north":{"uv":[6.5,4.5,5.5,5],"texture":"#1"},"east":{"uv":[6.25,0,6,0.5],"texture":"#1"},"south":{"uv":[5.5,4.5,6.5,5],"texture":"#1"},"west":{"uv":[3,5,2.75,5.5],"texture":"#1"},"up":{"uv":[3.25,3.5,3,4.5],"rotation":90,"texture":"#1"},"down":{"uv":[5,6.75,4.75,5.75],"rotation":270,"texture":"#1"}}},{"from":[3,9,2],"to":[7,11,3],"rotation":{"angle":-45,"axis":"z","origin":[5,9,2.5]},"faces":{"north":{"uv":[6.5,4.5,5.5,5],"texture":"#1"},"east":{"uv":[6.25,0,6,0.5],"texture":"#1"},"south":{"uv":[5.5,4.5,6.5,5],"texture":"#1"},"west":{"uv":[3,5,2.75,5.5],"texture":"#1"},"up":{"uv":[3.25,3.5,3,4.5],"rotation":90,"texture":"#1"},"down":{"uv":[5,6.75,4.75,5.75],"rotation":270,"texture":"#1"}}},{"from":[8.25,1,1.75],"to":[12.25,3,2.75],"rotation":{"angle":0,"axis":"y","origin":[11,9,2.5]},"faces":{"north":{"uv":[5.5,4.5,6.5,5],"texture":"#1"},"east":{"uv":[2.75,5,3,5.5],"texture":"#1"},"south":{"uv":[6.5,4.5,5.5,5],"texture":"#1"},"west":{"uv":[6,0,6.25,0.5],"texture":"#1"},"up":{"uv":[3.25,4.5,3,3.5],"rotation":90,"texture":"#1"},"down":{"uv":[5,5.75,4.75,6.75],"rotation":270,"texture":"#1"}}},{"from":[8.25,4,1.75],"to":[12.25,6,2.75],"rotation":{"angle":0,"axis":"y","origin":[11,9,2.5]},"faces":{"north":{"uv":[5.5,4.5,6.5,5],"texture":"#1"},"east":{"uv":[2.75,5,3,5.5],"texture":"#1"},"south":{"uv":[6.5,4.5,5.5,5],"texture":"#1"},"west":{"uv":[6,0,6.25,0.5],"texture":"#1"},"up":{"uv":[3.25,4.5,3,3.5],"rotation":90,"texture":"#1"},"down":{"uv":[5,5.75,4.75,6.75],"rotation":270,"texture":"#1"}}},{"from":[9,6.75,1.75],"to":[13,8.75,2.75],"rotation":{"angle":22.5,"axis":"z","origin":[11,9,2.5]},"faces":{"north":{"uv":[5.5,4.5,6.5,5],"texture":"#1"},"east":{"uv":[2.75,5,3,5.5],"texture":"#1"},"south":{"uv":[6.5,4.5,5.5,5],"texture":"#1"},"west":{"uv":[6,0,6.25,0.5],"texture":"#1"},"up":{"uv":[3.25,4.5,3,3.5],"rotation":90,"texture":"#1"},"down":{"uv":[5,5.75,4.75,6.75],"rotation":270,"texture":"#1"}}},{"from":[9,9,2],"to":[13,11,3],"rotation":{"angle":45,"axis":"z","origin":[11,9,2.5]},"faces":{"north":{"uv":[5.5,4.5,6.5,5],"texture":"#1"},"east":{"uv":[2.75,5,3,5.5],"texture":"#1"},"south":{"uv":[6.5,4.5,5.5,5],"texture":"#1"},"west":{"uv":[6,0,6.25,0.5],"texture":"#1"},"up":{"uv":[3.25,4.5,3,3.5],"rotation":90,"texture":"#1"},"down":{"uv":[5,5.75,4.75,6.75],"rotation":270,"texture":"#1"}}},{"from":[14.82208,-0.37864,4.87036],"to":[18.82208,1.62136,6.87036],"rotation":{"angle":22.5,"axis":"z","origin":[16,-1.26859,5.87036]},"faces":{"north":{"uv":[3.25,12.25,4.25,11.75],"rotation":180,"texture":"#1"},"east":{"uv":[3.25,12.75,3.75,12.25],"rotation":180,"texture":"#1"},"south":{"uv":[3.25,12.25,4.25,11.75],"texture":"#1"},"west":{"uv":[3.75,12.25,4,12.5],"rotation":180,"texture":"#1"},"up":{"uv":[3.25,12.25,4.25,11.75],"texture":"#1"},"down":{"uv":[3.25,12.25,4.25,11.75],"texture":"#1"}}},{"from":[13.22428,-4.09656,4.97036],"to":[15.02428,-0.09656,6.77036],"rotation":{"angle":-22.5,"axis":"z","origin":[16,-1.26859,5.87036]},"faces":{"north":{"uv":[4.5,12.75,3.5,13.25],"rotation":90,"texture":"#1"},"east":{"uv":[4.5,12.75,3.5,13.25],"rotation":90,"texture":"#1"},"south":{"uv":[4.5,12.75,3.5,13.25],"rotation":90,"texture":"#1"},"west":{"uv":[4.5,12.75,3.5,13.25],"rotation":90,"texture":"#1"},"up":{"uv":[4.25,12.25,3.75,12.75],"rotation":270,"texture":"#1"},"down":{"uv":[4.25,12.75,3.75,12.25],"rotation":270,"texture":"#1"}}},{"from":[8.69142,-3.32452,5.87036],"to":[17.69142,0.67548,5.87036],"rotation":{"angle":45,"axis":"z","origin":[16,-1.26859,5.87036]},"faces":{"north":{"uv":[13.75,1.25,16,2.25],"texture":"#1"},"east":{"uv":[4.5,4.75,5.5,3.75],"rotation":180,"texture":"#1"},"south":{"uv":[13.75,2.25,16,1.25],"rotation":180,"texture":"#1"},"west":{"uv":[5.5,3.75,4.5,4.75],"rotation":180,"texture":"#1"},"up":{"uv":[2.5,14.5,3,14],"texture":"#1"},"down":{"uv":[6,10.5,6.5,10],"texture":"#1"}}},{"from":[9,-9,1.5],"to":[18,7,1.5],"rotation":{"angle":-22.5,"axis":"y","origin":[8,0,1]},"faces":{"north":{"uv":[0,0,9,16],"texture":"#3"},"east":{"uv":[7.5,7.5,2,11],"texture":"#missing"},"south":{"uv":[9,0,0,16],"texture":"#3"},"west":{"uv":[13,4,7.5,7.5],"texture":"#missing"}}},{"from":[-2,-9,1.5],"to":[7,7,1.5],"rotation":{"angle":22.5,"axis":"y","origin":[8,0,1]},"faces":{"north":{"uv":[7,0,16,16],"texture":"#3"},"east":{"uv":[7.5,4,13,7.5],"texture":"#missing"},"south":{"uv":[16,0,7,16],"texture":"#3"},"west":{"uv":[2,7.5,7.5,11],"texture":"#missing"}}},{"from":[-11,-4,5],"to":[5,12,5],"rotation":{"angle":0,"axis":"y","origin":[8,-3,24]},"faces":{"north":{"uv":[0,0,16,16],"texture":"#4"},"east":{"uv":[0.25,10.5,1.5,8.5],"rotation":90,"texture":"#1"},"south":{"uv":[16,0,0,16],"texture":"#4"},"west":{"uv":[0.25,10.5,1.5,8.5],"rotation":90,"texture":"#1"},"up":{"uv":[1.5,10.5,3.5,8.5],"rotation":270,"texture":"#1"},"down":{"uv":[1.5,8.5,3.5,6.5],"rotation":270,"texture":"#1"}}},{"from":[11,-4,5],"to":[27,12,5],"rotation":{"angle":0,"axis":"y","origin":[8,-3,24]},"faces":{"north":{"uv":[16,0,0,16],"texture":"#4"},"east":{"uv":[0.25,8.5,1.5,10.5],"rotation":90,"texture":"#1"},"south":{"uv":[0,0,16,16],"texture":"#4"},"west":{"uv":[0.25,8.5,1.5,10.5],"rotation":90,"texture":"#1"},"up":{"uv":[1.5,8.5,3.5,10.5],"rotation":270,"texture":"#1"},"down":{"uv":[1.5,6.5,3.5,8.5],"rotation":270,"texture":"#1"}}}],"gui_light":"front","display":{"thirdperson_righthand":{"rotation":[49.92,-17.51,-5.45],"translation":[1,-0.25,-0.25],"scale":[0.5,0.5,0.5]},"thirdperson_lefthand":{"rotation":[49.92,-17.51,-5.45],"translation":[1,-0.25,-0.25],"scale":[0.5,0.5,0.5]},"firstperson_righthand":{"rotation":[0,0,12],"translation":[-6.5,3.5,5.25],"scale":[0.35352,0.35352,0.35352]},"firstperson_lefthand":{"rotation":[0,0,12],"translation":[-6.5,3.5,5.25],"scale":[0.35352,0.35352,0.35352]},"ground":{"rotation":[62,0,0],"translation":[0,-0.75,0],"scale":[0.51953,0.51953,0.51953]},"gui":{"rotation":[0,180,0],"translation":[0,-0.5,-2],"scale":[0.4332,0.4332,0.4332]},"head":{"rotation":[23,0,0],"translation":[0,15,4.5],"scale":[0.7,0.7,0.7]},"fixed":{"translation":[-0.25,-0.5,-2],"scale":[1.15,1.15,1.15]}},"mcmodels":"24d8f660136c92958353aae44d2e44b5"}