{"textures​":{"layer0":"minecraft:item/tadpole_bucket"},"credit":"Made with Blockbench","texture_size":[64,64],"\u0074\u0065\u0078\u0074\u0075\u0072\u0065\u0073":{"1":"\u0065\u006c\u0069\u0074\u0065\u0063\u0072\u0065\u0061\u0074\u0075\u0072\u0065\u0073:\u0077\u0061\u0072\u0064\u0065\u006e_\u0073\u0065\u0074/\u0077\u0061\u0072\u0064\u0065\u006e_\u0077\u0065\u0061\u0070\u006f\u006e_1","3":"\u0065\u006c\u0069\u0074\u0065\u0063\u0072\u0065\u0061\u0074\u0075\u0072\u0065\u0073:\u0077\u0061\u0072\u0064\u0065\u006e_\u0073\u0065\u0074/\u0061\u006e\u0069\u006d\u0061\u0074\u0069\u006f\u006e_2","4":"\u0065\u006c\u0069\u0074\u0065\u0063\u0072\u0065\u0061\u0074\u0075\u0072\u0065\u0073:\u0077\u0061\u0072\u0064\u0065\u006e_\u0073\u0065\u0074/\u0061\u006e\u0069\u006d\u0061\u0074\u0069\u006f\u006e_3","\u0070\u0061\u0072\u0074\u0069\u0063\u006c\u0065":"\u0065\u006c\u0069\u0074\u0065\u0063\u0072\u0065\u0061\u0074\u0075\u0072\u0065\u0073:\u0077\u0061\u0072\u0064\u0065\u006e_\u0073\u0065\u0074/\u0061\u006e\u0069\u006d\u0061\u0074\u0069\u006f\u006e_1"},"elements":[{"from":[7,8,7],"to":[9,12,9],"rotation":{"angle":0,"axis":"y","origin":[8,10,8]},"faces":{"north":{"uv":[16,9.5,15.5,10.5],"texture":"#1"},"east":{"uv":[16,9.5,15.5,10.5],"texture":"#1"},"south":{"uv":[16,9.5,15.5,10.5],"texture":"#1"},"west":{"uv":[16,9.5,15.5,10.5],"texture":"#1"},"down":{"uv":[15,10,15.5,9.5],"rotation":270,"texture":"#1"}}},{"from":[7,-14,7],"to":[9,-9,9],"rotation":{"angle":0,"axis":"y","origin":[8,-11.5,8]},"faces":{"north":{"uv":[16,14.75,15.5,16],"texture":"#1"},"east":{"uv":[16,14.75,15.5,16],"texture":"#1"},"south":{"uv":[16,14.75,15.5,16],"texture":"#1"},"west":{"uv":[16,14.75,15.5,16],"texture":"#1"},"up":{"uv":[15,10,15.5,9.5],"rotation":90,"texture":"#1"}}},{"from":[7.5,-9,7.5],"to":[8.5,8,8.5],"rotation":{"angle":0,"axis":"y","origin":[8,-0.5,8]},"faces":{"north":{"uv":[16,10.5,15.75,14.75],"texture":"#1"},"east":{"uv":[16,10.5,15.75,14.75],"texture":"#1"},"south":{"uv":[16,10.5,15.75,14.75],"texture":"#1"},"west":{"uv":[16,10.5,15.75,14.75],"texture":"#1"}}},{"from":[6,-16,6],"to":[10,-14,10],"rotation":{"angle":0,"axis":"y","origin":[8,-15,8]},"faces":{"north":{"uv":[6.5,3.5,5.5,4],"texture":"#1"},"east":{"uv":[6.5,4,5.5,4.5],"texture":"#1"},"south":{"uv":[6.5,3.5,5.5,4],"texture":"#1"},"west":{"uv":[5.5,4,6.5,4.5],"texture":"#1"},"up":{"uv":[4.5,3.75,5.5,2.75],"texture":"#1"},"down":{"uv":[3,4.5,4,5.5],"texture":"#1"}}},{"from":[6,19,6],"to":[10,21,10],"rotation":{"angle":0,"axis":"y","origin":[8,20,8]},"faces":{"north":{"uv":[6.5,4,5.5,3.5],"texture":"#1"},"east":{"uv":[6.5,4.5,5.5,4],"texture":"#1"},"south":{"uv":[6.5,4,5.5,3.5],"texture":"#1"},"west":{"uv":[5.5,4.5,6.5,4],"texture":"#1"},"up":{"uv":[4,4.5,3,5.5],"rotation":180,"texture":"#1"},"down":{"uv":[5.5,3.75,4.5,2.75],"rotation":180,"texture":"#1"}}},{"from":[7.55767,20.98657,6],"to":[8.55767,24.98657,10],"rotation":{"angle":0,"axis":"y","origin":[7.69712,24.88945,8]},"faces":{"north":{"uv":[5.25,7.25,5,6.25],"texture":"#1"},"east":{"uv":[5.25,6.25,6.25,7.25],"rotation":270,"texture":"#1"},"south":{"uv":[5.25,7.25,5,6.25],"rotation":180,"texture":"#1"},"west":{"uv":[5.25,6.25,6.25,7.25],"rotation":90,"texture":"#1"},"up":{"uv":[5.25,7.25,5,6.25],"rotation":180,"texture":"#1"},"down":{"uv":[5.25,7.25,5,6.25],"rotation":180,"texture":"#1"}}},{"from":[7.55395,24.69307,5],"to":[8.55395,28.69307,11],"rotation":{"angle":22.5,"axis":"z","origin":[7.69712,24.88945,8]},"faces":{"north":{"uv":[4.75,9,4.5,8],"texture":"#1"},"east":{"uv":[5.25,7.25,6.25,8.75],"rotation":270,"texture":"#1"},"south":{"uv":[4.75,9,4.5,8],"rotation":180,"texture":"#1"},"west":{"uv":[5.25,7.25,6.25,8.75],"rotation":90,"texture":"#1"},"up":{"uv":[5.25,8.75,5,7.25],"rotation":180,"texture":"#1"},"down":{"uv":[5.25,8.75,5,7.25],"rotation":180,"texture":"#1"}}},{"from":[7.55395,28.69307,6],"to":[8.55395,30.69307,10],"rotation":{"angle":22.5,"axis":"z","origin":[7.69712,24.88945,8]},"faces":{"north":{"uv":[4.75,8.5,4.5,8],"texture":"#1"},"east":{"uv":[5.25,7.5,5.75,8.5],"rotation":270,"texture":"#1"},"south":{"uv":[4.75,8.5,4.5,8],"rotation":180,"texture":"#1"},"west":{"uv":[5.25,7.5,5.75,8.5],"rotation":90,"texture":"#1"},"up":{"uv":[5.25,8.5,5,7.5],"rotation":180,"texture":"#1"},"down":{"uv":[5.25,8.5,5,7.5],"rotation":180,"texture":"#1"}}},{"from":[6.53568,-13,6.50537],"to":[9.53568,-12,9.50537],"rotation":{"angle":0,"axis":"y","origin":[6.99553,6.75,11.30984]},"faces":{"north":{"uv":[6.25,5.75,5.5,6],"texture":"#1"},"east":{"uv":[0.75,6,0,6.25],"texture":"#1"},"south":{"uv":[6.25,5.75,5.5,6],"texture":"#1"},"west":{"uv":[6.25,5.75,5.5,6],"texture":"#1"},"up":{"uv":[2.75,6.25,3.5,5.5],"texture":"#1"},"down":{"uv":[5.5,2.75,6.25,3.5],"texture":"#1"}}},{"from":[6,12,6],"to":[10,16,10],"rotation":{"angle":0,"axis":"y","origin":[8,14,8]},"faces":{"north":{"uv":[4.5,3.75,5.5,4.75],"texture":"#1"},"east":{"uv":[5,4.75,4,5.75],"texture":"#1"},"south":{"uv":[5.5,3.75,4.5,4.75],"texture":"#1"},"west":{"uv":[4,4.75,5,5.75],"texture":"#1"},"down":{"uv":[0,5,1,6],"texture":"#1"}}},{"from":[5,15,5],"to":[11,19,11],"rotation":{"angle":0,"axis":"y","origin":[8,17,8]},"faces":{"north":{"uv":[4.5,0,6,1],"texture":"#1"},"east":{"uv":[6,1,4.5,2],"texture":"#1"},"south":{"uv":[6,0,4.5,1],"texture":"#1"},"west":{"uv":[4.5,1,6,2],"texture":"#1"},"up":{"uv":[0,5,1.5,3.5],"texture":"#1"},"down":{"uv":[1.5,3.5,3,5],"texture":"#1"}}},{"from":[5.79937,14.77006,8.00537],"to":[13.79937,19.77006,8.00537],"rotation":{"angle":-22.5,"axis":"z","origin":[6.99553,6.75,11.30984]},"faces":{"north":{"uv":[7.5,1.25,9.5,0],"texture":"#1"},"south":{"uv":[9.5,1.25,7.5,0],"texture":"#1"}}},{"from":[4.29937,14.77006,9.50537],"to":[10.29937,19.77006,9.50537],"rotation":{"angle":-22.5,"axis":"z","origin":[6.99553,6.75,11.30984]},"faces":{"north":{"uv":[7.5,2.5,9,1.25],"texture":"#1"},"south":{"uv":[9,2.5,7.5,1.25],"texture":"#1"}}},{"from":[4.29937,14.77006,6.50537],"to":[10.29937,19.77006,6.50537],"rotation":{"angle":-22.5,"axis":"z","origin":[6.99553,6.75,11.30984]},"faces":{"north":{"uv":[7.5,2.5,9,1.25],"texture":"#1"},"south":{"uv":[9,2.5,7.5,1.25],"texture":"#1"}}},{"from":[7.03568,8.54969,10.68966],"to":[9.03568,14.54969,13.68966],"rotation":{"angle":-22.5,"axis":"x","origin":[6.99553,6.75,11.30984]},"faces":{"north":{"uv":[5,6.25,5.5,4.75],"rotation":180,"texture":"#1"},"east":{"uv":[6,2.75,4.5,2],"rotation":90,"texture":"#1"},"south":{"uv":[2.25,5,2.75,6.5],"texture":"#1"},"west":{"uv":[4.5,2.75,6,2],"rotation":270,"texture":"#1"},"up":{"uv":[4,5.75,4.5,6.5],"rotation":180,"texture":"#1"},"down":{"uv":[5.5,5,6,5.75],"texture":"#1"}}},{"from":[7.53568,6.86809,9.43668],"to":[8.53568,8.86809,13.43668],"rotation":{"angle":45,"axis":"x","origin":[6.99553,6.75,11.30984]},"faces":{"north":{"uv":[6,0,6.25,0.5],"texture":"#1"},"east":{"uv":[5.5,4.5,6.5,5],"texture":"#1"},"south":{"uv":[2.75,5,3,5.5],"texture":"#1"},"west":{"uv":[6.5,4.5,5.5,5],"texture":"#1"},"up":{"uv":[3,3.5,3.25,4.5],"texture":"#1"},"down":{"uv":[4.75,6.75,5,5.75],"texture":"#1"}}},{"from":[7.03568,6.02056,2.82415],"to":[9.03568,12.02056,5.82415],"rotation":{"angle":22.5,"axis":"x","origin":[6.99553,6.75,11.30984]},"faces":{"north":{"uv":[2.75,5,2.25,6.5],"texture":"#1"},"east":{"uv":[6,2,4.5,2.75],"rotation":90,"texture":"#1"},"south":{"uv":[5.5,6.25,5,4.75],"rotation":180,"texture":"#1"},"west":{"uv":[4.5,2,6,2.75],"rotation":270,"texture":"#1"},"up":{"uv":[4,6.5,4.5,5.75],"rotation":180,"texture":"#1"},"down":{"uv":[5.5,5.75,6,5],"texture":"#1"}}},{"from":[7.53568,11.54133,4.50978],"to":[8.53568,13.54133,8.50978],"rotation":{"angle":-45,"axis":"x","origin":[6.99553,6.75,11.30984]},"faces":{"north":{"uv":[3,5,2.75,5.5],"texture":"#1"},"east":{"uv":[6.5,4.5,5.5,5],"texture":"#1"},"south":{"uv":[6.25,0,6,0.5],"texture":"#1"},"west":{"uv":[5.5,4.5,6.5,5],"texture":"#1"},"up":{"uv":[3,4.5,3.25,3.5],"texture":"#1"},"down":{"uv":[4.75,5.75,5,6.75],"texture":"#1"}}},{"from":[6.50496,17.96127,9.82105],"to":[8.50496,19.96127,13.82105],"rotation":{"angle":-22.5,"axis":"x","origin":[7.50496,20.03507,13.35]},"faces":{"north":{"uv":[3.25,12.25,3.75,12.75],"rotation":180,"texture":"#1"},"east":{"uv":[3.25,11.75,4.25,12.25],"texture":"#1"},"south":{"uv":[3.75,12.5,4,12.25],"rotation":180,"texture":"#1"},"west":{"uv":[3.25,11.75,4.25,12.25],"rotation":180,"texture":"#1"},"up":{"uv":[4.25,12.25,3.25,11.75],"rotation":90,"texture":"#1"},"down":{"uv":[4.25,12.25,3.25,11.75],"rotation":270,"texture":"#1"}}},{"from":[6.60496,18.94031,13.24878],"to":[8.40496,22.94031,15.04878],"rotation":{"angle":22.5,"axis":"x","origin":[7.50496,20.03507,13.35]},"faces":{"north":{"uv":[3.5,12.75,4.5,13.25],"rotation":90,"texture":"#1"},"east":{"uv":[3.5,12.75,4.5,13.25],"rotation":90,"texture":"#1"},"south":{"uv":[3.5,12.75,4.5,13.25],"rotation":90,"texture":"#1"},"west":{"uv":[3.5,12.75,4.5,13.25],"rotation":90,"texture":"#1"},"up":{"uv":[4.25,12.25,3.75,12.75],"texture":"#1"},"down":{"uv":[4.25,12.75,3.75,12.25],"rotation":180,"texture":"#1"}}},{"from":[7.50496,19.90715,9.9517],"to":[7.50496,23.90715,15.9517],"rotation":{"angle":-22.5,"axis":"x","origin":[7.50496,20.03507,13.35]},"faces":{"north":{"uv":[4.5,3.75,5.5,4.75],"rotation":180,"texture":"#1"},"east":{"uv":[14.5,1.25,16,2.25],"rotation":180,"texture":"#1"},"south":{"uv":[5.5,4.75,4.5,3.75],"rotation":180,"texture":"#1"},"west":{"uv":[14.5,2.25,16,1.25],"texture":"#1"},"up":{"uv":[6.5,10.5,6,10],"rotation":90,"texture":"#1"},"down":{"uv":[3,14.5,2.5,14],"rotation":270,"texture":"#1"}}},{"from":[6.50496,17.96127,2.17895],"to":[8.50496,19.96127,6.17895],"rotation":{"angle":22.5,"axis":"x","origin":[7.50496,20.03507,2.65]},"faces":{"north":{"uv":[4,12.5,3.75,12.25],"rotation":180,"texture":"#1"},"east":{"uv":[4.25,11.75,3.25,12.25],"texture":"#1"},"south":{"uv":[3.75,12.25,3.25,12.75],"rotation":180,"texture":"#1"},"west":{"uv":[4.25,11.75,3.25,12.25],"rotation":180,"texture":"#1"},"up":{"uv":[3.25,12.25,4.25,11.75],"rotation":90,"texture":"#1"},"down":{"uv":[3.25,12.25,4.25,11.75],"rotation":270,"texture":"#1"}}},{"from":[6.60496,18.94031,0.95122],"to":[8.40496,22.94031,2.75122],"rotation":{"angle":-22.5,"axis":"x","origin":[7.50496,20.03507,2.65]},"faces":{"north":{"uv":[3.5,13.25,4.5,12.75],"rotation":90,"texture":"#1"},"east":{"uv":[3.5,13.25,4.5,12.75],"rotation":90,"texture":"#1"},"south":{"uv":[3.5,13.25,4.5,12.75],"rotation":90,"texture":"#1"},"west":{"uv":[3.5,13.25,4.5,12.75],"rotation":90,"texture":"#1"},"up":{"uv":[4.25,12.75,3.75,12.25],"texture":"#1"},"down":{"uv":[4.25,12.25,3.75,12.75],"rotation":180,"texture":"#1"}}},{"from":[7.50496,19.90715,0.0483],"to":[7.50496,23.90715,6.0483],"rotation":{"angle":22.5,"axis":"x","origin":[7.50496,20.03507,2.65]},"faces":{"north":{"uv":[4.5,4.75,5.5,3.75],"rotation":180,"texture":"#1"},"east":{"uv":[16,1.25,14.5,2.25],"rotation":180,"texture":"#1"},"south":{"uv":[5.5,3.75,4.5,4.75],"rotation":180,"texture":"#1"},"west":{"uv":[16,2.25,14.5,1.25],"texture":"#1"},"up":{"uv":[6,10.5,6.5,10],"rotation":90,"texture":"#1"},"down":{"uv":[2.5,14.5,3,14],"rotation":270,"texture":"#1"}}},{"from":[4.5,15,4.5],"to":[11.5,19,11.5],"rotation":{"angle":0,"axis":"y","origin":[8,16,8]},"faces":{"north":{"uv":[7.5,4,13,7.5],"texture":"#3"},"east":{"uv":[7.5,7.5,13,11],"texture":"#3"},"south":{"uv":[2,7.5,7.5,11],"texture":"#3"},"west":{"uv":[7.5,4,2,7.5],"texture":"#3"}}},{"from":[7,-6,7],"to":[9,10,9],"rotation":{"angle":0,"axis":"y","origin":[8,16,8]},"faces":{"north":{"uv":[10,0,12,16],"texture":"#3"},"east":{"uv":[8,0,10,16],"texture":"#3"},"south":{"uv":[6,0,8,16],"texture":"#3"},"west":{"uv":[4,0,6,16],"texture":"#3"}}},{"from":[8,-11,0],"to":[8,5,16],"rotation":{"angle":-45,"axis":"y","origin":[8,16,8]},"faces":{"north":{"uv":[0.25,8.5,1.5,10.5],"rotation":90,"texture":"#1"},"east":{"uv":[0,0,16,16],"texture":"#4"},"south":{"uv":[0.25,8.5,1.5,10.5],"rotation":90,"texture":"#1"},"west":{"uv":[16,0,0,16],"texture":"#4"},"up":{"uv":[3.5,10.5,1.5,8.5],"texture":"#1"},"down":{"uv":[3.5,8.5,1.5,6.5],"rotation":180,"texture":"#1"}}},{"from":[0,-3,8],"to":[16,13,8],"rotation":{"angle":-45,"axis":"y","origin":[8,-3,8]},"faces":{"north":{"uv":[0,0,16,16],"texture":"#4"},"east":{"uv":[0.25,8.5,1.5,10.5],"rotation":90,"texture":"#1"},"south":{"uv":[16,0,0,16],"texture":"#4"},"west":{"uv":[0.25,8.5,1.5,10.5],"rotation":90,"texture":"#1"},"up":{"uv":[1.5,8.5,3.5,10.5],"rotation":90,"texture":"#1"},"down":{"uv":[1.5,6.5,3.5,8.5],"rotation":90,"texture":"#1"}}}],"gui_light":"front","display":{"thirdperson_righthand":{"rotation":[0,-32,0],"translation":[0,3.5,1.75],"scale":[0.575,0.575,0.575]},"thirdperson_lefthand":{"rotation":[0,146,0],"translation":[0,3.5,1.75],"scale":[0.575,0.575,0.575]},"firstperson_righthand":{"rotation":[-21,0,4],"translation":[0.5,2.5,2.25],"scale":[0.5,0.5,0.5]},"firstperson_lefthand":{"rotation":[-21,-180,4],"translation":[0.5,2.5,2.25],"scale":[0.5,0.5,0.5]},"ground":{"rotation":[-64,0,-84],"translation":[0,2.25,0],"scale":[0.5,0.5,0.5]},"gui":{"rotation":[88,45,-88],"translation":[0.25,0,-2],"scale":[0.39844,0.39844,0.39844]},"head":{"rotation":[-135.5,0,0],"translation":[0,14,5.75],"scale":[0.7,0.7,0.7]},"fixed":{"rotation":[-180,88.25,-180],"translation":[0,2.75,-3],"scale":[1.05547,1.05547,1.05547]}},"mcmodels":"24d8f660136c92958353aae44d2e44b5"}