{"textures":{"0":"modelengine:block/rex"},"elements":[{"from":[7.5,5.25,7.0],"to":[8.5,9.25,8.0],"faces":{"east":{"uv":[13.0,1.0,13.25,1.75],"tintindex":0,"rotation":0,"texture":"#0"},"south":{"uv":[12.75,1.0,13.0,1.75],"tintindex":0,"rotation":0,"texture":"#0"},"north":{"uv":[12.25,1.0,12.5,1.75],"tintindex":0,"rotation":0,"texture":"#0"},"west":{"uv":[12.5,1.0,12.75,1.75],"tintindex":0,"rotation":0,"texture":"#0"},"up":{"uv":[12.25,0.75,12.5,1.0],"tintindex":0,"rotation":0,"texture":"#0"},"down":{"uv":[12.5,0.75,12.75,1.0],"tintindex":0,"rotation":0,"texture":"#0"}}},{"from":[7.5,7.75,8.0],"to":[8.5,8.75,9.0],"faces":{"east":{"uv":[13.0,0.25,13.25,0.5],"tintindex":0,"rotation":0,"texture":"#0"},"south":{"uv":[13.25,0.25,13.5,0.5],"tintindex":0,"rotation":0,"texture":"#0"},"north":{"uv":[12.75,0.25,13.0,0.5],"tintindex":0,"rotation":0,"texture":"#0"},"west":{"uv":[12.5,0.25,12.75,0.5],"tintindex":0,"rotation":0,"texture":"#0"},"up":{"uv":[12.25,0.25,12.5,0.5],"tintindex":0,"rotation":0,"texture":"#0"},"down":{"uv":[12.5,0.0,12.75,0.25],"tintindex":0,"rotation":0,"texture":"#0"}}}],"display":{"head":{"rotation":[0.0,0.0,0.0]},"firstperson_righthand":{"rotation":[0.0,0.0,0.0]},"thirdperson_lefthand":{"rotation":[0.0,-0.0,-0.0]},"firstperson_lefthand":{"rotation":[0.0,-0.0,-0.0]},"fixed":{"rotation":[0.0,0.0,0.0]},"ground":{"rotation":[0.0,0.0,0.0]},"thirdperson_righthand":{"rotation":[0.0,0.0,0.0]},"gui":{"rotation":[-150.0,-75.0,-180.0]}}}