{"textures":{"0":"modelengine:block/rex"},"elements":[{"from":[4.0,7.966667,5.0],"to":[12.0,15.966666,13.0],"faces":{"east":{"uv":[0.0,2.0,2.0,4.0],"tintindex":0,"rotation":0,"texture":"#0"},"south":{"uv":[2.0,0.0,4.0,2.0],"tintindex":0,"rotation":0,"texture":"#0"},"north":{"uv":[0.0,0.0,2.0,2.0],"tintindex":0,"rotation":0,"texture":"#0"},"west":{"uv":[2.0,2.0,4.0,4.0],"tintindex":0,"rotation":0,"texture":"#0"},"up":{"uv":[2.0,6.0,0.0,4.0],"tintindex":0,"rotation":0,"texture":"#0"},"down":{"uv":[6.0,0.0,4.0,2.0],"tintindex":0,"rotation":0,"texture":"#0"}}},{"from":[12.1,11.966667,5.0],"to":[12.1,19.966667,13.0],"faces":{"east":{"uv":[0.0,8.75,2.0,10.75],"tintindex":0,"rotation":0,"texture":"#0"},"south":{"uv":[4.0,4.0,6.0,6.0],"tintindex":0,"rotation":0,"texture":"#0"},"north":{"uv":[2.0,4.0,4.0,6.0],"tintindex":0,"rotation":0,"texture":"#0"},"west":{"uv":[2.0,8.75,0.0,10.75],"tintindex":0,"rotation":0,"texture":"#0"},"up":{"uv":[8.0,2.0,6.0,0.0],"tintindex":0,"rotation":0,"texture":"#0"},"down":{"uv":[4.0,6.0,2.0,8.0],"tintindex":0,"rotation":0,"texture":"#0"}}},{"from":[3.8,7.7666674,4.8],"to":[12.2,16.166666,13.2],"faces":{"east":{"uv":[4.0,2.0,6.0,4.0],"tintindex":0,"rotation":0,"texture":"#0"},"south":{"uv":[4.0,4.0,6.0,6.0],"tintindex":0,"rotation":0,"texture":"#0"},"north":{"uv":[2.0,4.0,4.0,6.0],"tintindex":0,"rotation":0,"texture":"#0"},"west":{"uv":[0.0,6.0,2.0,8.0],"tintindex":0,"rotation":0,"texture":"#0"},"up":{"uv":[8.0,2.0,6.0,0.0],"tintindex":0,"rotation":0,"texture":"#0"},"down":{"uv":[4.0,6.0,2.0,8.0],"tintindex":0,"rotation":0,"texture":"#0"}}}],"display":{"head":{"rotation":[0.0,0.0,0.0]},"firstperson_righthand":{"rotation":[0.0,0.0,0.0]},"thirdperson_lefthand":{"rotation":[0.0,-0.0,-0.0]},"firstperson_lefthand":{"rotation":[0.0,-0.0,-0.0]},"fixed":{"rotation":[0.0,0.0,0.0]},"ground":{"rotation":[0.0,0.0,0.0]},"thirdperson_righthand":{"rotation":[0.0,0.0,0.0]},"gui":{"rotation":[-150.0,-75.0,-180.0]}}}