{"textures":{"0":"modelengine:block/nm_flamingo_white_texture"},"elements":[{"from":[4.5,7.5,1.75],"to":[11.5,14.500001,12.75],"faces":{"east":{"uv":[0.0,0.0,2.75,1.75],"tintindex":0,"rotation":0,"texture":"#0"},"south":{"uv":[0.0,5.0,1.75,6.75],"tintindex":0,"rotation":0,"texture":"#0"},"north":{"uv":[4.5,4.5,6.25,6.25],"tintindex":0,"rotation":0,"texture":"#0"},"west":{"uv":[0.0,1.75,2.75,3.5],"tintindex":0,"rotation":0,"texture":"#0"},"up":{"uv":[4.5,2.75,2.75,0.0],"tintindex":0,"rotation":0,"texture":"#0"},"down":{"uv":[4.5,2.75,2.75,5.5],"tintindex":0,"rotation":0,"texture":"#0"}}}],"display":{"head":{"rotation":[0.0,0.0,0.0]},"firstperson_righthand":{"rotation":[0.0,0.0,0.0]},"thirdperson_lefthand":{"rotation":[0.0,-0.0,-0.0]},"firstperson_lefthand":{"rotation":[0.0,-0.0,-0.0]},"fixed":{"rotation":[0.0,0.0,0.0]},"ground":{"rotation":[0.0,0.0,0.0]},"thirdperson_righthand":{"rotation":[0.0,0.0,0.0]},"gui":{"rotation":[-150.0,-75.0,-180.0]}}}