{"textures":{"0":"modelengine:block/heavy_dust_cloud"},"elements":[{"from":[4.0,4.0,4.0],"to":[12.0,12.0,12.0],"faces":{"east":{"uv":[5.0,2.5,7.0,4.5],"tintindex":0,"rotation":0,"texture":"#0"},"south":{"uv":[4.5,5.0,6.5,7.0],"tintindex":0,"rotation":0,"texture":"#0"},"north":{"uv":[2.5,5.0,4.5,7.0],"tintindex":0,"rotation":0,"texture":"#0"},"west":{"uv":[6.5,4.5,8.5,6.5],"tintindex":0,"rotation":0,"texture":"#0"},"up":{"uv":[8.5,8.5,6.5,6.5],"tintindex":0,"rotation":0,"texture":"#0"},"down":{"uv":[4.5,7.0,2.5,9.0],"tintindex":0,"rotation":0,"texture":"#0"}}}],"display":{"head":{"rotation":[0.0,0.0,0.0]},"firstperson_righthand":{"rotation":[0.0,0.0,0.0]},"thirdperson_lefthand":{"rotation":[0.0,-0.0,-0.0]},"firstperson_lefthand":{"rotation":[0.0,-0.0,-0.0]},"fixed":{"rotation":[0.0,0.0,0.0]},"ground":{"rotation":[0.0,0.0,0.0]},"thirdperson_righthand":{"rotation":[0.0,0.0,0.0]},"gui":{"rotation":[-150.0,-75.0,-180.0]}}}