{"textures":{"0":"modelengine:block/nm_leopard_baby_texture"},"elements":[{"from":[7.5,1.4159231,6.9740486],"to":[8.5,8.415923,7.9740486],"faces":{"east":{"uv":[2.25,6.5,2.5,8.25],"tintindex":0,"rotation":0,"texture":"#0"},"south":{"uv":[3.0,6.5,3.25,8.25],"tintindex":0,"rotation":0,"texture":"#0"},"north":{"uv":[1.5,6.5,1.75,8.25],"tintindex":0,"rotation":0,"texture":"#0"},"west":{"uv":[3.75,6.5,4.0,8.25],"tintindex":0,"rotation":0,"texture":"#0"},"up":{"uv":[8.75,5.25,8.5,5.0],"tintindex":0,"rotation":0,"texture":"#0"},"down":{"uv":[6.25,8.75,6.0,9.0],"tintindex":0,"rotation":0,"texture":"#0"}}}],"display":{"head":{"rotation":[0.0,0.0,0.0]},"firstperson_righthand":{"rotation":[0.0,0.0,0.0]},"thirdperson_lefthand":{"rotation":[0.0,-0.0,-0.0]},"firstperson_lefthand":{"rotation":[0.0,-0.0,-0.0]},"fixed":{"rotation":[0.0,0.0,0.0]},"ground":{"rotation":[0.0,0.0,0.0]},"thirdperson_righthand":{"rotation":[0.0,0.0,0.0]},"gui":{"rotation":[-150.0,-75.0,-180.0]}}}