{"textures":{"0":"modelengine:entity/robot_wings"},"elements":[{"from":[20.288591,-1.1522484,16.04455],"to":[21.788591,4.847751,16.04455],"faces":{"south":{"uv":[8.0,7.25,8.75,10.25],"tintindex":0,"rotation":0,"texture":"#0"},"north":{"uv":[7.25,7.25,8.0,10.25],"tintindex":0,"rotation":0,"texture":"#0"}},"rotation":{"origin":[12.75,11.5,8.5],"angle":45.0,"axis":"z"}},{"from":[22.101067,5.597751,15.51955],"to":[24.75,6.097751,17.01955],"faces":{"east":{"uv":[7.25,1.5,8.0,1.75],"tintindex":0,"rotation":0,"texture":"#0"},"south":{"uv":[10.0,1.5,11.25,1.75],"tintindex":0,"rotation":0,"texture":"#0"},"north":{"uv":[8.0,1.5,9.25,1.75],"tintindex":0,"rotation":0,"texture":"#0"},"west":{"uv":[9.25,1.5,10.0,1.75],"tintindex":0,"rotation":0,"texture":"#0"},"up":{"uv":[9.25,1.5,8.0,0.75],"tintindex":0,"rotation":0,"texture":"#0"},"down":{"uv":[10.5,0.75,9.25,1.5],"tintindex":0,"rotation":0,"texture":"#0"}},"rotation":{"origin":[12.75,11.5,8.5],"angle":45.0,"axis":"z"}},{"from":[14.788591,-2.6522484,16.032051],"to":[19.788591,4.847751,16.032051],"faces":{"south":{"uv":[2.5,3.0,5.0,6.75],"tintindex":0,"rotation":0,"texture":"#0"},"north":{"uv":[0.0,3.0,2.5,6.75],"tintindex":0,"rotation":0,"texture":"#0"}},"rotation":{"origin":[12.75,11.5,8.5],"angle":45.0,"axis":"z"}},{"from":[15.601068,4.597751,15.51955],"to":[22.101067,6.097751,17.01955],"faces":{"east":{"uv":[0.0,0.75,0.75,1.5],"tintindex":0,"rotation":0,"texture":"#0"},"south":{"uv":[4.75,0.75,8.0,1.5],"tintindex":0,"rotation":0,"texture":"#0"},"north":{"uv":[0.75,0.75,4.0,1.5],"tintindex":0,"rotation":0,"texture":"#0"},"west":{"uv":[4.0,0.75,4.75,1.5],"tintindex":0,"rotation":0,"texture":"#0"},"up":{"uv":[4.0,0.75,0.75,0.0],"tintindex":0,"rotation":0,"texture":"#0"},"down":{"uv":[7.25,0.0,4.0,0.75],"tintindex":0,"rotation":0,"texture":"#0"}},"rotation":{"origin":[12.75,11.5,8.5],"angle":45.0,"axis":"z"}}],"display":{"head":{"rotation":[0.0,0.0,0.0]},"firstperson_righthand":{"rotation":[0.0,0.0,0.0]},"thirdperson_lefthand":{"rotation":[0.0,-0.0,-0.0]},"firstperson_lefthand":{"rotation":[0.0,-0.0,-0.0]},"fixed":{"rotation":[0.0,0.0,0.0]},"ground":{"rotation":[0.0,0.0,0.0]},"thirdperson_righthand":{"rotation":[0.0,0.0,0.0]},"gui":{"rotation":[-150.0,-75.0,-180.0]}}}