{"textures":{"0":"modelengine:block/woodland_assassin"},"elements":[{"from":[2.5,-2.0,7.0],"to":[13.5,10.0,9.0],"faces":{"east":{"uv":[4.25,9.75,4.5,11.25],"tintindex":0,"rotation":0,"texture":"#0"},"south":{"uv":[3.5,0.0,4.875,1.5],"tintindex":0,"rotation":0,"texture":"#0"},"north":{"uv":[2.75,3.0,4.125,4.5],"tintindex":0,"rotation":0,"texture":"#0"},"west":{"uv":[2.875,10.25,3.125,11.75],"tintindex":0,"rotation":0,"texture":"#0"},"up":{"uv":[11.25,1.5,9.875,1.25],"tintindex":0,"rotation":0,"texture":"#0"},"down":{"uv":[11.875,6.875,10.5,7.125],"tintindex":0,"rotation":0,"texture":"#0"}}}],"display":{"head":{"rotation":[0.0,0.0,0.0]},"firstperson_righthand":{"rotation":[0.0,0.0,0.0]},"thirdperson_lefthand":{"rotation":[0.0,-0.0,-0.0]},"firstperson_lefthand":{"rotation":[0.0,-0.0,-0.0]},"fixed":{"rotation":[0.0,0.0,0.0]},"ground":{"rotation":[0.0,0.0,0.0]},"thirdperson_righthand":{"rotation":[0.0,0.0,0.0]},"gui":{"rotation":[-150.0,-75.0,-180.0]}}}