{"textures":{"0":"modelengine:block/goblin_shaman","1":"modelengine:block/goblin_shaman_extra"},"elements":[{"from":[2.5,10.558334,3.8333335],"to":[13.5,16.558334,12.833334],"faces":{"east":{"uv":[3.0,3.125,4.125,3.875],"tintindex":0,"rotation":0,"texture":"#1"},"south":{"uv":[1.5,0.875,2.875,1.625],"tintindex":0,"rotation":0,"texture":"#1"},"north":{"uv":[1.5,0.0,2.875,0.75],"tintindex":0,"rotation":0,"texture":"#1"},"west":{"uv":[0.0,3.375,1.125,4.125],"tintindex":0,"rotation":0,"texture":"#1"},"up":{"uv":[1.375,1.125,0.0,0.0],"tintindex":0,"rotation":0,"texture":"#1"},"down":{"uv":[1.375,1.25,0.0,2.375],"tintindex":0,"rotation":0,"texture":"#1"}}},{"from":[3.0,7.583334,8.333333],"to":[13.0,10.583334,12.333334],"faces":{"east":{"uv":[9.5,9.875,10.0,10.25],"tintindex":0,"rotation":0,"texture":"#0"},"south":{"uv":[7.625,8.25,8.875,8.625],"tintindex":0,"rotation":0,"texture":"#0"},"north":{"uv":[8.125,4.25,9.375,4.625],"tintindex":0,"rotation":0,"texture":"#0"},"west":{"uv":[10.0,0.0,10.5,0.375],"tintindex":0,"rotation":0,"texture":"#0"},"up":{"uv":[8.0,4.75,6.75,4.25],"tintindex":0,"rotation":0,"texture":"#0"},"down":{"uv":[6.0,6.875,4.75,7.375],"tintindex":0,"rotation":0,"texture":"#0"}}},{"from":[13.25,15.583334,9.333333],"to":[20.25,18.583334,11.333333],"faces":{"east":{"uv":[7.5,1.125,7.75,1.5],"tintindex":0,"rotation":0,"texture":"#1"},"south":{"uv":[0.75,5.25,1.625,5.625],"tintindex":0,"rotation":0,"texture":"#1"},"north":{"uv":[5.125,0.0,6.0,0.375],"tintindex":0,"rotation":0,"texture":"#1"},"west":{"uv":[7.5,1.625,7.75,2.0],"tintindex":0,"rotation":0,"texture":"#1"},"up":{"uv":[1.625,6.75,0.75,6.5],"tintindex":0,"rotation":0,"texture":"#1"},"down":{"uv":[7.375,3.25,6.5,3.5],"tintindex":0,"rotation":0,"texture":"#1"}},"rotation":{"origin":[18.0,15.333334,10.333333],"angle":22.5,"axis":"z"}},{"from":[2.5,20.655355,11.980459],"to":[13.5,26.655354,11.980459],"faces":{"south":{"uv":[2.875,2.625,1.5,3.375],"tintindex":0,"rotation":0,"texture":"#1"},"north":{"uv":[1.5,2.625,2.875,3.375],"tintindex":0,"rotation":0,"texture":"#1"}},"rotation":{"origin":[8.0,21.155355,5.9804597],"angle":45.0,"axis":"x"}},{"from":[3.0,10.583334,4.333333],"to":[13.0,15.583334,12.333334],"faces":{"east":{"uv":[0.0,6.375,1.0,7.0],"tintindex":0,"rotation":0,"texture":"#0"},"south":{"uv":[0.0,5.625,1.25,6.25],"tintindex":0,"rotation":0,"texture":"#0"},"north":{"uv":[5.375,4.5,6.625,5.125],"tintindex":0,"rotation":0,"texture":"#0"},"west":{"uv":[1.125,6.375,2.125,7.0],"tintindex":0,"rotation":0,"texture":"#0"},"up":{"uv":[1.25,5.5,0.0,4.5],"tintindex":0,"rotation":0,"texture":"#0"},"down":{"uv":[2.625,4.5,1.375,5.5],"tintindex":0,"rotation":0,"texture":"#0"}}},{"from":[-2.25,11.583334,9.333333],"to":[0.75,13.583334,11.333333],"faces":{"east":{"uv":[1.5,7.625,1.75,7.875],"tintindex":0,"rotation":0,"texture":"#1"},"south":{"uv":[7.375,6.375,7.75,6.625],"tintindex":0,"rotation":0,"texture":"#1"},"north":{"uv":[7.375,6.0,7.75,6.25],"tintindex":0,"rotation":0,"texture":"#1"},"west":{"uv":[1.875,7.625,2.125,7.875],"tintindex":0,"rotation":0,"texture":"#1"},"up":{"uv":[7.75,7.0,7.375,6.75],"tintindex":0,"rotation":0,"texture":"#1"},"down":{"uv":[7.75,7.125,7.375,7.375],"tintindex":0,"rotation":0,"texture":"#1"}},"rotation":{"origin":[-2.0,15.333334,10.333333],"angle":-22.5,"axis":"z"}},{"from":[15.25,11.583334,9.333333],"to":[18.25,13.583334,11.333333],"faces":{"east":{"uv":[6.75,7.625,7.0,7.875],"tintindex":0,"rotation":0,"texture":"#1"},"south":{"uv":[7.5,3.125,7.875,3.375],"tintindex":0,"rotation":0,"texture":"#1"},"north":{"uv":[7.5,2.125,7.875,2.375],"tintindex":0,"rotation":0,"texture":"#1"},"west":{"uv":[7.75,0.0,8.0,0.25],"tintindex":0,"rotation":0,"texture":"#1"},"up":{"uv":[7.875,3.75,7.5,3.5],"tintindex":0,"rotation":0,"texture":"#1"},"down":{"uv":[7.875,4.75,7.5,5.0],"tintindex":0,"rotation":0,"texture":"#1"}},"rotation":{"origin":[18.0,15.333334,10.333333],"angle":22.5,"axis":"z"}},{"from":[6.5,9.583334,-0.16666698],"to":[9.5,13.583334,3.8333335],"faces":{"east":{"uv":[2.625,6.125,3.125,6.625],"tintindex":0,"rotation":0,"texture":"#1"},"south":{"uv":[6.75,0.0,7.125,0.5],"tintindex":0,"rotation":0,"texture":"#1"},"north":{"uv":[6.375,6.625,6.75,7.125],"tintindex":0,"rotation":0,"texture":"#1"},"west":{"uv":[3.25,6.125,3.75,6.625],"tintindex":0,"rotation":0,"texture":"#1"},"up":{"uv":[7.125,1.125,6.75,0.625],"tintindex":0,"rotation":0,"texture":"#1"},"down":{"uv":[2.625,6.75,2.25,7.25],"tintindex":0,"rotation":0,"texture":"#1"}}},{"from":[18.25,11.583334,9.333333],"to":[20.25,15.583334,11.333333],"faces":{"east":{"uv":[2.625,7.375,2.875,7.875],"tintindex":0,"rotation":0,"texture":"#1"},"south":{"uv":[7.375,4.125,7.625,4.625],"tintindex":0,"rotation":0,"texture":"#1"},"north":{"uv":[2.25,7.375,2.5,7.875],"tintindex":0,"rotation":0,"texture":"#1"},"west":{"uv":[5.0,7.375,5.25,7.875],"tintindex":0,"rotation":0,"texture":"#1"},"up":{"uv":[7.875,2.75,7.625,2.5],"tintindex":0,"rotation":0,"texture":"#1"},"down":{"uv":[3.875,7.625,3.625,7.875],"tintindex":0,"rotation":0,"texture":"#1"}},"rotation":{"origin":[18.0,15.333334,10.333333],"angle":22.5,"axis":"z"}},{"from":[7.0,7.583334,0.3333335],"to":[9.0,12.583334,4.333333],"faces":{"east":{"uv":[6.125,8.875,6.625,9.5],"tintindex":0,"rotation":0,"texture":"#0"},"south":{"uv":[10.125,4.75,10.375,5.375],"tintindex":0,"rotation":0,"texture":"#0"},"north":{"uv":[1.875,7.125,2.125,7.75],"tintindex":0,"rotation":0,"texture":"#0"},"west":{"uv":[8.875,8.75,9.375,9.375],"tintindex":0,"rotation":0,"texture":"#0"},"up":{"uv":[8.0,10.75,7.75,10.25],"tintindex":0,"rotation":0,"texture":"#0"},"down":{"uv":[8.375,10.25,8.125,10.75],"tintindex":0,"rotation":0,"texture":"#0"}}},{"from":[-4.25,15.583334,9.333333],"to":[2.75,18.583334,11.333333],"faces":{"east":{"uv":[5.375,7.375,5.625,7.75],"tintindex":0,"rotation":0,"texture":"#1"},"south":{"uv":[5.0,4.0,5.875,4.375],"tintindex":0,"rotation":0,"texture":"#1"},"north":{"uv":[4.625,4.875,5.5,5.25],"tintindex":0,"rotation":0,"texture":"#1"},"west":{"uv":[7.375,5.5,7.625,5.875],"tintindex":0,"rotation":0,"texture":"#1"},"up":{"uv":[7.25,6.125,6.375,5.875],"tintindex":0,"rotation":0,"texture":"#1"},"down":{"uv":[7.25,6.25,6.375,6.5],"tintindex":0,"rotation":0,"texture":"#1"}},"rotation":{"origin":[-2.0,15.333334,10.333333],"angle":-22.5,"axis":"z"}},{"from":[-4.25,11.583334,9.333333],"to":[-2.25,15.583334,11.333333],"faces":{"east":{"uv":[4.625,7.25,4.875,7.75],"tintindex":0,"rotation":0,"texture":"#1"},"south":{"uv":[6.375,7.25,6.625,7.75],"tintindex":0,"rotation":0,"texture":"#1"},"north":{"uv":[4.25,7.25,4.5,7.75],"tintindex":0,"rotation":0,"texture":"#1"},"west":{"uv":[0.75,7.375,1.0,7.875],"tintindex":0,"rotation":0,"texture":"#1"},"up":{"uv":[7.875,1.0,7.625,0.75],"tintindex":0,"rotation":0,"texture":"#1"},"down":{"uv":[1.375,7.625,1.125,7.875],"tintindex":0,"rotation":0,"texture":"#1"}},"rotation":{"origin":[-2.0,15.333334,10.333333],"angle":-22.5,"axis":"z"}},{"from":[2.5,16.362154,7.2304525],"to":[13.5,22.362154,7.2304525],"faces":{"south":{"uv":[2.875,1.75,1.5,2.5],"tintindex":0,"rotation":0,"texture":"#1"},"north":{"uv":[1.5,1.75,2.875,2.5],"tintindex":0,"rotation":0,"texture":"#1"}},"rotation":{"origin":[8.0,19.362154,7.2304525],"angle":22.5,"axis":"x"}}],"display":{"head":{"rotation":[0.0,0.0,0.0]},"firstperson_righthand":{"rotation":[0.0,0.0,0.0]},"thirdperson_lefthand":{"rotation":[0.0,-0.0,-0.0]},"firstperson_lefthand":{"rotation":[0.0,-0.0,-0.0]},"fixed":{"rotation":[0.0,0.0,0.0]},"ground":{"rotation":[0.0,0.0,0.0]},"thirdperson_righthand":{"rotation":[0.0,0.0,0.0]},"gui":{"rotation":[-150.0,-75.0,-180.0]}}}