{"textures":{"0":"modelengine:block/goblin_shaman","1":"modelengine:block/goblin_shaman_extra"},"elements":[{"from":[6.0,-0.91666603,5.833333],"to":[9.0,8.083334,9.833333],"faces":{"east":{"uv":[4.75,7.5,5.25,8.625],"tintindex":0,"rotation":0,"texture":"#0"},"south":{"uv":[7.375,1.25,7.75,2.375],"tintindex":0,"rotation":0,"texture":"#0"},"north":{"uv":[7.375,1.25,7.75,2.375],"tintindex":0,"rotation":0,"texture":"#0"},"west":{"uv":[4.75,7.5,5.25,8.625],"tintindex":0,"rotation":0,"texture":"#0"},"up":{"uv":[7.875,10.0,7.375,9.5],"tintindex":0,"rotation":0,"texture":"#0"},"down":{"uv":[10.0,8.625,9.5,9.125],"tintindex":0,"rotation":0,"texture":"#0"}}},{"from":[5.5,4.1083336,5.333333],"to":[8.5,8.108334,10.333333],"faces":{"east":{"uv":[5.375,0.5,6.0,1.0],"tintindex":0,"rotation":0,"texture":"#1"},"south":{"uv":[6.5,3.625,6.875,4.125],"tintindex":0,"rotation":0,"texture":"#1"},"north":{"uv":[1.75,6.5,2.125,7.0],"tintindex":0,"rotation":0,"texture":"#1"},"west":{"uv":[5.375,1.125,6.0,1.625],"tintindex":0,"rotation":0,"texture":"#1"},"up":{"uv":[4.25,6.75,3.875,6.125],"tintindex":0,"rotation":0,"texture":"#1"},"down":{"uv":[4.75,6.125,4.375,6.75],"tintindex":0,"rotation":0,"texture":"#1"}}}],"display":{"head":{"rotation":[0.0,0.0,0.0]},"firstperson_righthand":{"rotation":[0.0,0.0,0.0]},"thirdperson_lefthand":{"rotation":[0.0,-0.0,-0.0]},"firstperson_lefthand":{"rotation":[0.0,-0.0,-0.0]},"fixed":{"rotation":[0.0,0.0,0.0]},"ground":{"rotation":[0.0,0.0,0.0]},"thirdperson_righthand":{"rotation":[0.0,0.0,0.0]},"gui":{"rotation":[-150.0,-75.0,-180.0]}}}