{"textures":{"0":"modelengine:block/goblin_shaman","1":"modelengine:block/goblin_shaman_extra"},"elements":[{"from":[4.0,8.25,6.1],"to":[12.0,17.25,10.1],"faces":{"east":{"uv":[7.0,4.875,7.5,6.0],"tintindex":0,"rotation":0,"texture":"#0"},"south":{"uv":[4.75,0.0,5.75,1.125],"tintindex":0,"rotation":0,"texture":"#0"},"north":{"uv":[2.75,4.5,3.75,5.625],"tintindex":0,"rotation":0,"texture":"#0"},"west":{"uv":[7.0,6.125,7.5,7.25],"tintindex":0,"rotation":0,"texture":"#0"},"up":{"uv":[2.875,8.375,1.875,7.875],"tintindex":0,"rotation":0,"texture":"#0"},"down":{"uv":[9.0,2.0,8.0,2.5],"tintindex":0,"rotation":0,"texture":"#0"}}},{"from":[3.5,11.25,10.6],"to":[12.5,17.25,10.6],"faces":{"south":{"uv":[2.5,4.0,3.625,4.75],"tintindex":0,"rotation":0,"texture":"#1"},"north":{"uv":[3.625,4.0,2.5,4.75],"tintindex":0,"rotation":0,"texture":"#1"}}},{"from":[3.5,7.2499995,5.6],"to":[12.5,10.25,10.6],"faces":{"east":{"uv":[5.375,9.75,6.0,10.125],"tintindex":0,"rotation":0,"texture":"#0"},"south":{"uv":[8.375,6.75,9.5,7.125],"tintindex":0,"rotation":0,"texture":"#0"},"north":{"uv":[8.375,6.25,9.5,6.625],"tintindex":0,"rotation":0,"texture":"#0"},"west":{"uv":[9.75,7.875,10.375,8.25],"tintindex":0,"rotation":0,"texture":"#0"},"up":{"uv":[5.0,6.75,3.875,6.125],"tintindex":0,"rotation":0,"texture":"#0"},"down":{"uv":[6.25,6.125,5.125,6.75],"tintindex":0,"rotation":0,"texture":"#0"}}},{"from":[3.5,11.25,5.6],"to":[12.5,17.25,5.6],"faces":{"south":{"uv":[4.875,4.0,3.75,4.75],"tintindex":0,"rotation":0,"texture":"#1"},"north":{"uv":[3.75,4.0,4.875,4.75],"tintindex":0,"rotation":0,"texture":"#1"}}}],"display":{"head":{"rotation":[0.0,0.0,0.0]},"firstperson_righthand":{"rotation":[0.0,0.0,0.0]},"thirdperson_lefthand":{"rotation":[0.0,-0.0,-0.0]},"firstperson_lefthand":{"rotation":[0.0,-0.0,-0.0]},"fixed":{"rotation":[0.0,0.0,0.0]},"ground":{"rotation":[0.0,0.0,0.0]},"thirdperson_righthand":{"rotation":[0.0,0.0,0.0]},"gui":{"rotation":[-150.0,-75.0,-180.0]}}}