{"textures":{"0":"modelengine:block/goblin_shaman"},"elements":[{"from":[10.0,4.5,6.3333335],"to":[11.0,7.5,9.333333],"faces":{"east":{"uv":[4.625,8.25,4.25,8.625],"tintindex":0,"rotation":0,"texture":"#0"},"south":{"uv":[10.75,0.0,10.625,0.375],"tintindex":0,"rotation":0,"texture":"#0"},"north":{"uv":[10.75,1.25,10.625,1.625],"tintindex":0,"rotation":0,"texture":"#0"},"west":{"uv":[9.0,1.5,8.625,1.875],"tintindex":0,"rotation":0,"texture":"#0"},"up":{"uv":[2.25,11.0,2.375,10.625],"tintindex":0,"rotation":180,"texture":"#0"},"down":{"uv":[2.5,10.625,2.625,11.0],"tintindex":0,"rotation":180,"texture":"#0"}}},{"from":[8.0,6.0,7.3333335],"to":[13.0,10.0,8.333333],"faces":{"east":{"uv":[6.875,8.875,6.75,9.375],"tintindex":0,"rotation":0,"texture":"#0"},"south":{"uv":[9.0,3.625,9.625,4.125],"tintindex":0,"rotation":0,"texture":"#0"},"north":{"uv":[9.625,3.625,9.0,4.125],"tintindex":0,"rotation":0,"texture":"#0"},"west":{"uv":[6.25,6.875,6.125,7.375],"tintindex":0,"rotation":0,"texture":"#0"},"up":{"uv":[8.5,5.625,9.125,5.5],"tintindex":0,"rotation":0,"texture":"#0"},"down":{"uv":[10.0,3.0,10.625,3.125],"tintindex":0,"rotation":0,"texture":"#0"}}},{"from":[8.0,4.0,8.333333],"to":[17.0,10.0,8.333333],"faces":{"south":{"uv":[4.75,1.25,5.875,2.0],"tintindex":0,"rotation":0,"texture":"#0"},"north":{"uv":[5.875,1.25,4.75,2.0],"tintindex":0,"rotation":0,"texture":"#0"}}}],"display":{"head":{"rotation":[0.0,0.0,0.0]},"firstperson_righthand":{"rotation":[0.0,0.0,0.0]},"thirdperson_lefthand":{"rotation":[0.0,-0.0,-0.0]},"firstperson_lefthand":{"rotation":[0.0,-0.0,-0.0]},"fixed":{"rotation":[0.0,0.0,0.0]},"ground":{"rotation":[0.0,0.0,0.0]},"thirdperson_righthand":{"rotation":[0.0,0.0,0.0]},"gui":{"rotation":[-150.0,-75.0,-180.0]}}}