{"textures":{"0":"modelengine:block/goblin_shaman","1":"modelengine:block/goblin_shaman_extra"},"elements":[{"from":[7.5,4.1083336,5.333333],"to":[10.5,8.108334,10.333333],"faces":{"east":{"uv":[2.875,5.5,3.5,6.0],"tintindex":0,"rotation":0,"texture":"#1"},"south":{"uv":[2.75,6.75,3.125,7.25],"tintindex":0,"rotation":0,"texture":"#1"},"north":{"uv":[6.75,2.5,7.125,3.0],"tintindex":0,"rotation":0,"texture":"#1"},"west":{"uv":[3.625,5.5,4.25,6.0],"tintindex":0,"rotation":0,"texture":"#1"},"up":{"uv":[5.25,6.75,4.875,6.125],"tintindex":0,"rotation":0,"texture":"#1"},"down":{"uv":[5.75,6.125,5.375,6.75],"tintindex":0,"rotation":0,"texture":"#1"}}},{"from":[7.0,-0.91666603,5.833333],"to":[10.0,8.083334,9.833333],"faces":{"east":{"uv":[5.25,7.5,4.75,8.625],"tintindex":0,"rotation":0,"texture":"#0"},"south":{"uv":[7.75,1.25,7.375,2.375],"tintindex":0,"rotation":0,"texture":"#0"},"north":{"uv":[7.75,1.25,7.375,2.375],"tintindex":0,"rotation":0,"texture":"#0"},"west":{"uv":[5.25,7.5,4.75,8.625],"tintindex":0,"rotation":0,"texture":"#0"},"up":{"uv":[7.375,10.0,7.875,9.5],"tintindex":0,"rotation":0,"texture":"#0"},"down":{"uv":[9.5,8.625,10.0,9.125],"tintindex":0,"rotation":0,"texture":"#0"}}}],"display":{"head":{"rotation":[0.0,0.0,0.0]},"firstperson_righthand":{"rotation":[0.0,0.0,0.0]},"thirdperson_lefthand":{"rotation":[0.0,-0.0,-0.0]},"firstperson_lefthand":{"rotation":[0.0,-0.0,-0.0]},"fixed":{"rotation":[0.0,0.0,0.0]},"ground":{"rotation":[0.0,0.0,0.0]},"thirdperson_righthand":{"rotation":[0.0,0.0,0.0]},"gui":{"rotation":[-150.0,-75.0,-180.0]}}}