{"textures":{"1":"modelengine:block/goblin_shaman_extra"},"elements":[{"from":[6.0,4.934241,-9.307739],"to":[10.0,10.934241,-4.30774],"faces":{"east":{"uv":[2.125,4.375,1.5,5.125],"tintindex":0,"rotation":0,"texture":"#1"},"south":{"uv":[2.25,4.875,2.75,5.625],"tintindex":0,"rotation":0,"texture":"#1"},"north":{"uv":[4.5,0.0,5.0,0.75],"tintindex":0,"rotation":0,"texture":"#1"},"west":{"uv":[1.5,4.375,2.125,5.125],"tintindex":0,"rotation":0,"texture":"#1"},"up":{"uv":[5.125,6.0,4.625,5.375],"tintindex":0,"rotation":0,"texture":"#1"},"down":{"uv":[5.75,5.375,5.25,6.0],"tintindex":0,"rotation":0,"texture":"#1"}}},{"from":[6.5,6.4342413,-4.30774],"to":[9.5,9.434241,-1.3077402],"faces":{"east":{"uv":[1.75,5.25,2.125,5.625],"tintindex":0,"rotation":0,"texture":"#1"},"south":{"uv":[5.0,6.875,5.375,7.25],"tintindex":0,"rotation":0,"texture":"#1"},"north":{"uv":[2.5,3.5,2.875,3.875],"tintindex":0,"rotation":0,"texture":"#1"},"west":{"uv":[6.875,5.125,7.25,5.5],"tintindex":0,"rotation":0,"texture":"#1"},"up":{"uv":[5.875,7.25,5.5,6.875],"tintindex":0,"rotation":0,"texture":"#1"},"down":{"uv":[7.25,6.625,6.875,7.0],"tintindex":0,"rotation":0,"texture":"#1"}}},{"from":[8.0,-2.3157587,-6.30774],"to":[8.0,1.6842408,-0.3077402],"faces":{"east":{"uv":[4.5,4.875,3.75,5.375],"tintindex":0,"rotation":0,"texture":"#1"},"west":{"uv":[3.75,4.875,4.5,5.375],"tintindex":0,"rotation":0,"texture":"#1"}},"rotation":{"origin":[8.0,2.4342408,-5.30774],"angle":-22.5,"axis":"x"}},{"from":[7.0,6.9342413,-4.30774],"to":[9.0,8.934241,21.69226],"faces":{"east":{"uv":[4.125,1.75,7.375,2.0],"tintindex":0,"rotation":0,"texture":"#1"},"south":{"uv":[0.375,7.625,0.625,7.875],"tintindex":0,"rotation":0,"texture":"#1"},"north":{"uv":[0.0,7.625,0.25,7.875],"tintindex":0,"rotation":0,"texture":"#1"},"west":{"uv":[4.125,2.125,7.375,2.375],"tintindex":0,"rotation":0,"texture":"#1"},"up":{"uv":[0.25,7.5,0.0,4.25],"tintindex":0,"rotation":0,"texture":"#1"},"down":{"uv":[0.625,4.25,0.375,7.5],"tintindex":0,"rotation":0,"texture":"#1"}}},{"from":[7.0,1.6842408,-6.30774],"to":[9.0,5.684241,-2.3077402],"faces":{"east":{"uv":[6.625,0.625,6.125,1.125],"tintindex":0,"rotation":0,"texture":"#1"},"south":{"uv":[7.25,0.5,7.5,1.0],"tintindex":0,"rotation":0,"texture":"#1"},"north":{"uv":[6.0,6.875,6.25,7.375],"tintindex":0,"rotation":0,"texture":"#1"},"west":{"uv":[6.125,0.625,6.625,1.125],"tintindex":0,"rotation":0,"texture":"#1"},"up":{"uv":[7.5,3.0,7.25,2.5],"tintindex":0,"rotation":0,"texture":"#1"},"down":{"uv":[3.5,7.25,3.25,7.75],"tintindex":0,"rotation":0,"texture":"#1"}},"rotation":{"origin":[8.0,2.4342408,-5.30774],"angle":-22.5,"axis":"x"}},{"from":[4.0,6.5665636,-3.806963],"to":[12.0,14.566564,-3.806963],"faces":{"south":{"uv":[4.0,0.875,3.0,1.875],"tintindex":0,"rotation":0,"texture":"#1"},"north":{"uv":[3.0,0.875,4.0,1.875],"tintindex":0,"rotation":0,"texture":"#1"}},"rotation":{"origin":[8.0,10.566564,-3.806963],"angle":22.5,"axis":"x"}}],"display":{"head":{"rotation":[0.0,0.0,0.0]},"firstperson_righthand":{"rotation":[0.0,0.0,0.0]},"thirdperson_lefthand":{"rotation":[0.0,-0.0,-0.0]},"firstperson_lefthand":{"rotation":[0.0,-0.0,-0.0]},"fixed":{"rotation":[0.0,0.0,0.0]},"ground":{"rotation":[0.0,0.0,0.0]},"thirdperson_righthand":{"rotation":[0.0,0.0,0.0]},"gui":{"rotation":[-150.0,-75.0,-180.0]}}}