{"textures​":{"layer0":"minecraft:item/light_blue_bundle"},"credit":"Made with Blockbench","texture_size":[128,128],"\u0074\u0065\u0078\u0074\u0075\u0072\u0065\u0073":{"1":"\u0065\u006c\u0069\u0074\u0065\u0063\u0072\u0065\u0061\u0074\u0075\u0072\u0065\u0073:\u0070\u0061\u006c\u0065_\u0067\u0061\u0072\u0064\u0065\u006e_\u0061\u006e\u0069\u006d\u0061\u0074\u0065\u0064_\u0077\u0065\u0061\u0070\u006f\u006e_\u0073\u0065\u0074/\u0070\u0061\u006c\u0065_\u0067\u0061\u0072\u0064\u0065\u006e_\u0061\u006e\u0069\u006d\u0061\u0074\u0069\u006f\u006e1","2":"\u0065\u006c\u0069\u0074\u0065\u0063\u0072\u0065\u0061\u0074\u0075\u0072\u0065\u0073:\u0070\u0061\u006c\u0065_\u0067\u0061\u0072\u0064\u0065\u006e_\u0061\u006e\u0069\u006d\u0061\u0074\u0065\u0064_\u0077\u0065\u0061\u0070\u006f\u006e_\u0073\u0065\u0074/\u0070\u0061\u006c\u0065_\u0067\u0061\u0072\u0064\u0065\u006e_\u0074\u0065\u0078\u0074\u0075\u0072\u0065","\u0070\u0061\u0072\u0074\u0069\u0063\u006c\u0065":"\u0065\u006c\u0069\u0074\u0065\u0063\u0072\u0065\u0061\u0074\u0075\u0072\u0065\u0073:\u0070\u0061\u006c\u0065_\u0067\u0061\u0072\u0064\u0065\u006e_\u0061\u006e\u0069\u006d\u0061\u0074\u0065\u0064_\u0077\u0065\u0061\u0070\u006f\u006e_\u0073\u0065\u0074/\u0070\u0061\u006c\u0065_\u0067\u0061\u0072\u0064\u0065\u006e_\u0074\u0065\u0078\u0074\u0075\u0072\u0065"},"elements":[{"from":[-8.2385,5.9,6.44864],"to":[-4.2385,9.9,10.44864],"rotation":{"angle":-22.5,"axis":"y","origin":[-6.65154,7.9,8.86169]},"faces":{"north":{"uv":[11.3125,12.875,10.8125,12.375],"rotation":90,"texture":"#2"},"east":{"uv":[10.8125,11.25,10.3125,11.75],"rotation":270,"texture":"#2"},"south":{"uv":[10.8125,10.75,10.3125,11.25],"rotation":270,"texture":"#2"},"west":{"uv":[10.8125,11.75,10.3125,12.25],"rotation":270,"texture":"#2"},"up":{"uv":[3.25,3.5,3.75,3],"rotation":270,"texture":"#2"},"down":{"uv":[3.75,3.5,3.25,3],"rotation":270,"texture":"#2"}}},{"from":[0.10855,6.2,-4.15631],"to":[5.10855,9.7,-1.65631],"rotation":{"angle":22.5,"axis":"y","origin":[14,8.5,3.13737]},"faces":{"north":{"uv":[8.8125,12.25,9.2475,11.625],"rotation":90,"texture":"#2"},"east":{"uv":[3.685,4.875,3.25,5.1875],"rotation":270,"texture":"#2"},"south":{"uv":[9.25,12.25,9.685,11.625],"rotation":90,"texture":"#2"},"west":{"uv":[3.685,4.875,3.25,5.1875],"rotation":270,"texture":"#2"},"up":{"uv":[9.6875,12.25,10,11.625],"rotation":90,"texture":"#2"},"down":{"uv":[10,12.25,10.3125,11.625],"rotation":90,"texture":"#2"}}},{"from":[-8.62519,6.21,1.71492],"to":[-1.62519,9.69,4.21492],"rotation":{"angle":45,"axis":"y","origin":[-1.62519,7.95,1.71492]},"faces":{"north":{"uv":[8.8125,11.625,9.2475,10.75],"rotation":90,"texture":"#2"},"east":{"uv":[3.685,4.875,3.25,5.1875],"rotation":270,"texture":"#2"},"south":{"uv":[9.25,11.625,9.685,10.75],"rotation":90,"texture":"#2"},"west":{"uv":[3.685,4.875,3.25,5.1875],"rotation":270,"texture":"#2"},"up":{"uv":[9.6875,11.625,10,10.75],"rotation":90,"texture":"#2"},"down":{"uv":[10,11.625,10.3125,10.75],"rotation":90,"texture":"#2"}}},{"from":[10.89145,6.2,-4.15631],"to":[15.89145,9.7,-1.65631],"rotation":{"angle":-22.5,"axis":"y","origin":[2,8.5,3.13737]},"faces":{"north":{"uv":[8.8125,11.625,9.2475,12.25],"rotation":90,"texture":"#2"},"east":{"uv":[3.685,5.1875,3.25,4.875],"rotation":270,"texture":"#2"},"south":{"uv":[9.25,11.625,9.685,12.25],"rotation":90,"texture":"#2"},"west":{"uv":[3.685,5.1875,3.25,4.875],"rotation":270,"texture":"#2"},"up":{"uv":[9.6875,11.625,10,12.25],"rotation":90,"texture":"#2"},"down":{"uv":[10,11.625,10.3125,12.25],"rotation":90,"texture":"#2"}}},{"from":[17.62519,6.21,1.71492],"to":[24.62519,9.69,4.21492],"rotation":{"angle":-45,"axis":"y","origin":[17.62519,7.95,1.71492]},"faces":{"north":{"uv":[8.8125,10.75,9.2475,11.625],"rotation":90,"texture":"#2"},"east":{"uv":[3.685,5.1875,3.25,4.875],"rotation":270,"texture":"#2"},"south":{"uv":[9.25,10.75,9.685,11.625],"rotation":90,"texture":"#2"},"west":{"uv":[3.685,5.1875,3.25,4.875],"rotation":270,"texture":"#2"},"up":{"uv":[9.6875,10.75,10,11.625],"rotation":90,"texture":"#2"},"down":{"uv":[10,10.75,10.3125,11.625],"rotation":90,"texture":"#2"}}},{"from":[-5.31459,10.4,11.02474],"to":[-8.81459,5.4,7.52474],"rotation":{"angle":-22.5,"axis":"y","origin":[-6.65154,7.9,8.86169]},"faces":{"north":{"uv":[15.5,0.4375,16,0],"rotation":90,"texture":"#2"},"east":{"uv":[16,0,15.5,0.4375],"rotation":270,"texture":"#2"},"south":{"uv":[15.5,0.4375,16,0],"rotation":270,"texture":"#2"},"west":{"uv":[16,0,15.5,0.4375],"rotation":270,"texture":"#2"},"up":{"uv":[15.5625,0.4375,16,0],"rotation":270,"texture":"#2"},"down":{"uv":[15.5625,0.4375,16,0],"rotation":270,"texture":"#2"}}},{"from":[20.2385,5.9,6.44864],"to":[24.2385,9.9,10.44864],"rotation":{"angle":22.5,"axis":"y","origin":[22.65155,7.9,8.86169]},"faces":{"north":{"uv":[4.25,1,3.875,1.5],"rotation":90,"texture":"#2"},"east":{"uv":[4.25,2,3.875,1.5],"rotation":270,"texture":"#2"},"south":{"uv":[1.125,3.875,0.75,4.375],"rotation":270,"texture":"#2"},"west":{"uv":[1.5,3.875,1.125,4.375],"rotation":270,"texture":"#2"},"up":{"uv":[3.25,3,3.75,3.5],"rotation":270,"texture":"#2"},"down":{"uv":[3.75,3,3.25,3.5],"rotation":270,"texture":"#2"}}},{"from":[-3.2,8.01,2.7],"to":[5.8,8.01,7.7],"rotation":{"angle":0,"axis":"y","origin":[2.9,8.1,4.7]},"faces":{"north":{"uv":[0,0,0,1.125],"rotation":270,"texture":"#2"},"east":{"uv":[0,0.625,0,0],"rotation":90,"texture":"#2"},"south":{"uv":[0,0,0,1.125],"rotation":90,"texture":"#2"},"west":{"uv":[0,0,0,0.625],"rotation":90,"texture":"#2"},"up":{"uv":[9.125,3.25,9.75,4.375],"rotation":90,"texture":"#2"},"down":{"uv":[9.75,3.25,9.125,4.375],"rotation":90,"texture":"#2"}}},{"from":[10.2,8.01,2.7],"to":[19.2,8.01,7.7],"rotation":{"angle":0,"axis":"y","origin":[13.1,8.1,4.7]},"faces":{"north":{"uv":[0,1.125,0,0],"rotation":270,"texture":"#2"},"east":{"uv":[0,0.625,0,0],"rotation":90,"texture":"#2"},"south":{"uv":[0,1.125,0,0],"rotation":90,"texture":"#2"},"west":{"uv":[0,0,0,0.625],"rotation":90,"texture":"#2"},"up":{"uv":[9.125,4.375,9.75,3.25],"rotation":90,"texture":"#2"},"down":{"uv":[9.75,4.375,9.125,3.25],"rotation":90,"texture":"#2"}}},{"from":[-12.25,9.1,-2.66],"to":[6.75,9.1,12.84],"rotation":{"angle":-22.5,"axis":"x","origin":[2.75,9,0.09]},"faces":{"north":{"uv":[0,0,0,1.625],"rotation":90,"texture":"#2"},"east":{"uv":[0,0,0,1.125],"rotation":270,"texture":"#2"},"south":{"uv":[0,0,0,1.625],"rotation":270,"texture":"#2"},"west":{"uv":[0,0,0,1.125],"rotation":270,"texture":"#2"},"up":{"uv":[11.0625,0,9.125,2.375],"rotation":270,"texture":"#2"},"down":{"uv":[9.125,0,11.0625,2.375],"rotation":270,"texture":"#2"}}},{"from":[10.34949,20,3.2],"to":[5.84949,15.5,-0.8],"rotation":{"angle":45,"axis":"z","origin":[8.09949,17.75,1.2]},"faces":{"north":{"uv":[14.1875,0,14.75,0.5625],"texture":"#2"},"east":{"uv":[14.25,0,14.75,0.5625],"texture":"#2"},"south":{"uv":[14.1875,0,14.75,0.5625],"texture":"#2"},"west":{"uv":[14.25,0,14.75,0.5625],"texture":"#2"},"up":{"uv":[14.25,0,14.75,0.5625],"rotation":90,"texture":"#2"},"down":{"uv":[14.25,0,14.75,0.5625],"rotation":270,"texture":"#2"}}},{"from":[9.79264,19.5,2.7],"to":[6.29264,16,-0.3],"rotation":{"angle":45,"axis":"z","origin":[8.04264,17.75,1.2]},"faces":{"north":{"uv":[14.9375,0,15.375,0.4375],"texture":"#2"},"east":{"uv":[15.25,0,15.625,0.4375],"texture":"#2"},"south":{"uv":[14.9375,0,15.375,0.4375],"texture":"#2"},"west":{"uv":[15.5,0,15.875,0.4375],"texture":"#2"},"up":{"uv":[15.625,0,16,0.4375],"rotation":90,"texture":"#2"},"down":{"uv":[15.5,0.4375,15.875,0],"rotation":270,"texture":"#2"}}},{"from":[-1.4,8.5,1.7],"to":[4.6,17.5,1.7],"rotation":{"angle":22.5,"axis":"y","origin":[1.6,8.5,-0.3]},"faces":{"north":{"uv":[5.5625,0,4.8125,1.125],"texture":"#2"},"east":{"uv":[0,0,0,4],"texture":"#missing"},"south":{"uv":[4.8125,0,5.5625,1.125],"texture":"#2"},"west":{"uv":[0,0,0,4],"texture":"#missing"},"up":{"uv":[0,4,0,0],"rotation":90,"texture":"#missing"},"down":{"uv":[0,4,0,0],"rotation":270,"texture":"#missing"}}},{"from":[-0.8,17,1.7],"to":[5.2,30,1.7],"rotation":{"angle":0,"axis":"y","origin":[2.2,23.5,1.7]},"faces":{"north":{"uv":[16,0,10,13],"texture":"#1"},"east":{"uv":[0,0,0,13],"texture":"#1"},"south":{"uv":[10,0,16,13],"texture":"#1"},"west":{"uv":[0,0,0,13],"texture":"#1"},"up":{"uv":[0,0,0,6],"rotation":90,"texture":"#1"},"down":{"uv":[0,6,0,0],"rotation":270,"texture":"#1"}}},{"from":[-0.8,17,1.7],"to":[5.2,30,1.7],"rotation":{"angle":22.5,"axis":"y","origin":[2.2,23.5,1.7]},"faces":{"north":{"uv":[16,0,10,13],"texture":"#1"},"east":{"uv":[0,0,0,13],"texture":"#1"},"south":{"uv":[10,0,16,13],"texture":"#1"},"west":{"uv":[0,0,0,13],"texture":"#1"},"up":{"uv":[0,0,0,6],"rotation":90,"texture":"#1"},"down":{"uv":[0,6,0,0],"rotation":270,"texture":"#1"}}},{"from":[11.2,12.5,2.2],"to":[17.2,25.5,2.2],"rotation":{"angle":0,"axis":"y","origin":[17.2,12.5,0.2]},"faces":{"north":{"uv":[0,0,6,13],"texture":"#1"},"east":{"uv":[0,0,0,13],"texture":"#1"},"south":{"uv":[6,0,0,13],"texture":"#1"},"west":{"uv":[0,0,0,13],"texture":"#1"},"up":{"uv":[0,6,0,0],"rotation":90,"texture":"#1"},"down":{"uv":[0,0,0,6],"rotation":270,"texture":"#1"}}},{"from":[11.2,12.5,2.2],"to":[17.2,25.5,2.2],"rotation":{"angle":-22.5,"axis":"y","origin":[14.2,19,2.2]},"faces":{"north":{"uv":[0,0,6,13],"texture":"#1"},"east":{"uv":[0,0,0,13],"texture":"#1"},"south":{"uv":[6,0,0,13],"texture":"#1"},"west":{"uv":[0,0,0,13],"texture":"#1"},"up":{"uv":[0,6,0,0],"rotation":90,"texture":"#1"},"down":{"uv":[0,0,0,6],"rotation":270,"texture":"#1"}}},{"from":[11.2,8.5,2.2],"to":[17.2,13.5,2.2],"rotation":{"angle":0,"axis":"y","origin":[14.2,11,2.2]},"faces":{"north":{"uv":[6.3125,0,5.5625,0.625],"texture":"#2"},"east":{"uv":[0,0,0,4],"texture":"#missing"},"south":{"uv":[5.5625,0,6.3125,0.625],"texture":"#2"},"west":{"uv":[0,0,0,4],"texture":"#missing"},"up":{"uv":[0,4,0,0],"rotation":90,"texture":"#missing"},"down":{"uv":[0,4,0,0],"rotation":270,"texture":"#missing"}}},{"from":[11.2,8.5,2.2],"to":[17.2,13.5,2.2],"rotation":{"angle":-45,"axis":"y","origin":[14.2,11,2.2]},"faces":{"north":{"uv":[6.3125,0,5.5625,0.625],"texture":"#2"},"east":{"uv":[0,0,0,4],"texture":"#missing"},"south":{"uv":[5.5625,0,6.3125,0.625],"texture":"#2"},"west":{"uv":[0,0,0,4],"texture":"#missing"},"up":{"uv":[0,4,0,0],"rotation":90,"texture":"#missing"},"down":{"uv":[0,4,0,0],"rotation":270,"texture":"#missing"}}},{"from":[6.75,16.5,0.2],"to":[9.25,19,2.2],"rotation":{"angle":45,"axis":"z","origin":[8,17.75,1.2]},"faces":{"north":{"uv":[4.375,4.75,4.6875,5.0625],"texture":"#2"},"east":{"uv":[4.6875,4.75,4.9375,5.0625],"texture":"#2"},"south":{"uv":[4.6875,4.75,4.375,5.0625],"texture":"#2"},"west":{"uv":[4.9375,4.75,5.1875,5.0625],"texture":"#2"},"up":{"uv":[5.1875,4.75,5.4375,5.0625],"rotation":90,"texture":"#2"},"down":{"uv":[4.9375,5.0625,5.1875,4.75],"rotation":270,"texture":"#2"}}},{"from":[9.25,9.1,-2.66],"to":[28.25,9.1,12.84],"rotation":{"angle":-22.5,"axis":"x","origin":[13.25,9,0.09]},"faces":{"north":{"uv":[0,1.625,0,0],"rotation":90,"texture":"#2"},"east":{"uv":[0,1.125,0,0],"rotation":270,"texture":"#2"},"south":{"uv":[0,1.625,0,0],"rotation":270,"texture":"#2"},"west":{"uv":[0,1.125,0,0],"rotation":270,"texture":"#2"},"up":{"uv":[11.0625,2.375,9.125,0],"rotation":270,"texture":"#2"},"down":{"uv":[9.125,2.375,11.0625,0],"rotation":270,"texture":"#2"}}},{"from":[9.25,5.9,-2.66],"to":[28.25,5.9,12.84],"rotation":{"angle":22.5,"axis":"x","origin":[13.25,6,0.09]},"faces":{"north":{"uv":[0,1.625,0,0],"rotation":90,"texture":"#2"},"east":{"uv":[0,1.125,0,0],"rotation":270,"texture":"#2"},"south":{"uv":[0,1.625,0,0],"rotation":270,"texture":"#2"},"west":{"uv":[0,1.125,0,0],"rotation":270,"texture":"#2"},"up":{"uv":[11.0625,2.375,9.125,0],"rotation":270,"texture":"#2"},"down":{"uv":[9.125,2.375,11.0625,0],"rotation":270,"texture":"#2"}}},{"from":[-12.25,5.9,-2.66],"to":[6.75,5.9,12.84],"rotation":{"angle":22.5,"axis":"x","origin":[2.75,6,0.09]},"faces":{"north":{"uv":[0,0,0,1.625],"rotation":90,"texture":"#2"},"east":{"uv":[0,0,0,1.125],"rotation":270,"texture":"#2"},"south":{"uv":[0,0,0,1.625],"rotation":270,"texture":"#2"},"west":{"uv":[0,0,0,1.125],"rotation":270,"texture":"#2"},"up":{"uv":[11.0625,0,9.125,2.375],"rotation":270,"texture":"#2"},"down":{"uv":[9.125,0,11.0625,2.375],"rotation":270,"texture":"#2"}}},{"from":[24.81459,10.4,11.02474],"to":[21.31459,5.4,7.52474],"rotation":{"angle":22.5,"axis":"y","origin":[22.65155,7.9,8.86169]},"faces":{"north":{"uv":[15.5,0,16,0.4375],"rotation":90,"texture":"#2"},"east":{"uv":[16,0.4375,15.5,0],"rotation":270,"texture":"#2"},"south":{"uv":[15.5,0,16,0.4375],"rotation":270,"texture":"#2"},"west":{"uv":[16,0.4375,15.5,0],"rotation":270,"texture":"#2"},"up":{"uv":[15.5625,0,16,0.4375],"rotation":270,"texture":"#2"},"down":{"uv":[15.5625,0,16,0.4375],"rotation":270,"texture":"#2"}}},{"from":[3,3.69576,-0.66687],"to":[5.5,8.69576,4.33313],"rotation":{"angle":45,"axis":"x","origin":[9.5,8,3.13737]},"faces":{"north":{"uv":[8.8125,10.75,8.5,10.125],"texture":"#2"},"east":{"uv":[9.4375,10.125,8.8125,10.75],"rotation":180,"texture":"#2"},"south":{"uv":[8.8125,10.75,8.5,11.375],"texture":"#2"},"west":{"uv":[9.4375,10.125,10.0625,10.75],"rotation":180,"texture":"#2"},"up":{"uv":[8.8125,11.375,8.5,10.75],"texture":"#2"},"down":{"uv":[8.5,10.75,8.8125,10.125],"texture":"#2"}}},{"from":[10.5,3.69576,-0.66687],"to":[13,8.69576,4.33313],"rotation":{"angle":45,"axis":"x","origin":[6.5,8,3.13737]},"faces":{"north":{"uv":[8.5,10.75,8.8125,10.125],"texture":"#2"},"east":{"uv":[10.0625,10.125,9.4375,10.75],"rotation":180,"texture":"#2"},"south":{"uv":[8.5,10.75,8.8125,11.375],"texture":"#2"},"west":{"uv":[8.8125,10.125,9.4375,10.75],"rotation":180,"texture":"#2"},"up":{"uv":[8.5,11.375,8.8125,10.75],"texture":"#2"},"down":{"uv":[8.8125,10.75,8.5,10.125],"texture":"#2"}}},{"from":[6.5,4.51,-1.5],"to":[11,8.51,3],"rotation":{"angle":45,"axis":"y","origin":[8,6.5,1.5]},"faces":{"north":{"uv":[11.5625,13.625,12.125,13.125],"rotation":180,"texture":"#2"},"east":{"uv":[12.125,13.625,11.5625,13.125],"rotation":180,"texture":"#2"},"south":{"uv":[4.1875,12.8125,3.625,12.3125],"rotation":180,"texture":"#2"},"west":{"uv":[4.1875,12.8125,3.625,12.3125],"rotation":180,"texture":"#2"},"up":{"uv":[13.8125,14.3125,14.375,13.75],"rotation":180,"texture":"#2"},"down":{"uv":[14.375,14.3125,14.9375,13.75],"rotation":180,"texture":"#2"}}},{"from":[5.51,1.5,12.5],"to":[10.49,8.5,16],"rotation":{"angle":-45,"axis":"x","origin":[8,8.5,16]},"faces":{"north":{"uv":[12.75,14.75,13.375,13.875],"rotation":180,"texture":"#2"},"east":{"uv":[13.375,14.75,13.8125,13.875],"rotation":180,"texture":"#2"},"south":{"uv":[12.125,14.75,12.75,13.875],"rotation":180,"texture":"#2"},"west":{"uv":[13.8125,14.75,13.375,13.875],"rotation":180,"texture":"#2"},"up":{"uv":[14.4375,14.75,13.8125,14.3125],"rotation":180,"texture":"#2"},"down":{"uv":[14.4375,14.75,13.8125,14.3125],"rotation":180,"texture":"#2"}}},{"from":[5.51,-0.5,12.5],"to":[5.51,1.5,16],"rotation":{"angle":-45,"axis":"x","origin":[8,8.5,16]},"faces":{"north":{"uv":[12.75,14.75,13.375,13.875],"rotation":180,"texture":"#2"},"east":{"uv":[9.125,3.1875,9.5625,2.9375],"rotation":180,"texture":"#2"},"south":{"uv":[12.125,14.75,12.75,13.875],"rotation":180,"texture":"#2"},"west":{"uv":[9.5625,3.1875,9.125,2.9375],"rotation":180,"texture":"#2"},"up":{"uv":[14.4375,14.75,13.8125,14.3125],"rotation":180,"texture":"#2"},"down":{"uv":[14.4375,14.75,13.8125,14.3125],"rotation":180,"texture":"#2"}}},{"from":[10.49,-0.5,12.5],"to":[10.49,1.5,16],"rotation":{"angle":-45,"axis":"x","origin":[8,8.5,16]},"faces":{"north":{"uv":[13.375,14.75,12.75,13.875],"rotation":180,"texture":"#2"},"east":{"uv":[9.125,3.1875,9.5625,2.9375],"rotation":180,"texture":"#2"},"south":{"uv":[12.75,14.75,12.125,13.875],"rotation":180,"texture":"#2"},"west":{"uv":[9.5625,3.1875,9.125,2.9375],"rotation":180,"texture":"#2"},"up":{"uv":[13.8125,14.75,14.4375,14.3125],"rotation":180,"texture":"#2"},"down":{"uv":[13.8125,14.75,14.4375,14.3125],"rotation":180,"texture":"#2"}}},{"from":[5.51,-0.5,16],"to":[10.49,1.5,16],"rotation":{"angle":-45,"axis":"x","origin":[8,8.5,16]},"faces":{"north":{"uv":[9.7475,2.9375,9.125,2.5625],"rotation":180,"texture":"#2"},"east":{"uv":[13.375,14.25,13.375,13.875],"rotation":180,"texture":"#2"},"south":{"uv":[9.125,2.8125,9.7475,2.5625],"rotation":180,"texture":"#2"},"west":{"uv":[13.375,14.25,13.375,13.875],"rotation":180,"texture":"#2"},"up":{"uv":[14.435,14.3125,13.8125,14.3125],"rotation":180,"texture":"#2"},"down":{"uv":[14.435,14.3125,13.8125,14.3125],"rotation":180,"texture":"#2"}}},{"from":[5.5,4.5,0],"to":[10.5,8.5,16],"rotation":{"angle":0,"axis":"y","origin":[7,22,13.28682]},"faces":{"north":{"uv":[10.8125,12.875,11.3125,13.5],"rotation":270,"texture":"#2"},"east":{"uv":[8,11.375,8.5,9.375],"rotation":270,"texture":"#2"},"south":{"uv":[10.8125,12.875,11.3125,13.5],"rotation":270,"texture":"#2"},"west":{"uv":[8,9.375,8.5,11.375],"rotation":270,"texture":"#2"},"up":{"uv":[8.8125,12.875,10.8125,13.5],"rotation":270,"texture":"#2"},"down":{"uv":[8.8125,12.25,10.8125,12.875],"rotation":270,"texture":"#2"}}},{"from":[2.6,8.5,10],"to":[21,9,10.5],"rotation":{"angle":45,"axis":"y","origin":[20.5,8.75,10.25]},"faces":{"north":{"uv":[8.9375,2.25,9,3.875],"rotation":270,"texture":"#2"},"east":{"uv":[8.9375,2.3125,9,2.25],"rotation":270,"texture":"#2"},"south":{"uv":[8.9375,3.875,9,2.25],"rotation":270,"texture":"#2"},"west":{"uv":[8.9375,3.375,9,3.3125],"rotation":270,"texture":"#2"},"up":{"uv":[8.9375,3.875,9,2.25],"rotation":270,"texture":"#2"},"down":{"uv":[8.9375,3.875,9,2.25],"rotation":270,"texture":"#2"}}},{"from":[-5,8.5,10],"to":[13.4,9,10.5],"rotation":{"angle":-45,"axis":"y","origin":[-4.5,8.75,10.25]},"faces":{"north":{"uv":[8.9375,3.875,9,2.25],"rotation":270,"texture":"#2"},"east":{"uv":[8.9375,3.25,9,3.3125],"rotation":270,"texture":"#2"},"south":{"uv":[8.9375,2.25,9,3.875],"rotation":270,"texture":"#2"},"west":{"uv":[8.9375,2.25,9,2.3125],"rotation":270,"texture":"#2"},"up":{"uv":[8.9375,2.25,9,3.875],"rotation":270,"texture":"#2"},"down":{"uv":[8.9375,2.25,9,3.875],"rotation":270,"texture":"#2"}}},{"from":[8,4,-8],"to":[8,14,22.5],"rotation":{"angle":-22.5,"axis":"z","origin":[8,9,7.25]},"faces":{"north":{"uv":[0,6.25,0.0625,8.4375],"rotation":90,"texture":"#missing"},"east":{"uv":[12.75,0.0625,14,3.875],"rotation":270,"texture":"#2"},"south":{"uv":[0,6.25,0.0625,8.4375],"rotation":270,"texture":"#missing"},"west":{"uv":[12.75,3.875,14,0.0625],"rotation":270,"texture":"#2"},"up":{"uv":[0,6.25,0.0625,8.4375],"rotation":270,"texture":"#missing"},"down":{"uv":[0,6.25,0.0625,8.4375],"rotation":270,"texture":"#missing"}}},{"from":[8,4,-8],"to":[8,14,22.5],"rotation":{"angle":22.5,"axis":"z","origin":[8,9,7.25]},"faces":{"north":{"uv":[0,6.25,0.0625,8.4375],"rotation":90,"texture":"#missing"},"east":{"uv":[12.75,0.0625,14,3.875],"rotation":270,"texture":"#2"},"south":{"uv":[0,6.25,0.0625,8.4375],"rotation":270,"texture":"#missing"},"west":{"uv":[12.75,3.875,14,0.0625],"rotation":270,"texture":"#2"},"up":{"uv":[0,6.25,0.0625,8.4375],"rotation":270,"texture":"#missing"},"down":{"uv":[0,6.25,0.0625,8.4375],"rotation":270,"texture":"#missing"}}}],"gui_light":"front","display":{"thirdperson_righthand":{"translation":[0,2,-0.25],"scale":[0.45,0.45,0.45]},"thirdperson_lefthand":{"translation":[0,2,-0.25],"scale":[0.45,0.45,0.45]},"firstperson_righthand":{"rotation":[0,-15,12],"translation":[3,1.75,-1.25],"scale":[0.5,0.5,0.5]},"firstperson_lefthand":{"translation":[-9,1.75,0],"scale":[0.56289,0.56289,0.56289]},"ground":{"translation":[0,9,0],"scale":[0.5,0.5,0.5]},"gui":{"rotation":[48,128,0],"translation":[0,-0.25,-1.5],"scale":[0.51367,0.51367,0.51367]},"head":{"scale":[0,0,0]},"fixed":{"rotation":[-90,0,0],"translation":[0.75,-0.25,-11],"scale":[1.45,1.45,1.45]}},"mcmodels":"7e2925117662a5c350af09ab6c8a6ccd"}