{"textures​":{"1":"\u0065\u006c\u0069\u0074\u0065\u0063\u0072\u0065\u0061\u0074\u0075\u0072\u0065\u0073:\u0070\u0061\u006c\u0065_\u0067\u0061\u0072\u0064\u0065\u006e_\u0061\u006e\u0069\u006d\u0061\u0074\u0065\u0064_\u0077\u0065\u0061\u0070\u006f\u006e_\u0073\u0065\u0074/\u0070\u0061\u006c\u0065_\u0067\u0061\u0072\u0064\u0065\u006e_\u0061\u006e\u0069\u006d\u0061\u0074\u0069\u006f\u006e1","2":"\u0065\u006c\u0069\u0074\u0065\u0063\u0072\u0065\u0061\u0074\u0075\u0072\u0065\u0073:\u0070\u0061\u006c\u0065_\u0067\u0061\u0072\u0064\u0065\u006e_\u0061\u006e\u0069\u006d\u0061\u0074\u0065\u0064_\u0077\u0065\u0061\u0070\u006f\u006e_\u0073\u0065\u0074/\u0070\u0061\u006c\u0065_\u0067\u0061\u0072\u0064\u0065\u006e_\u0074\u0065\u0078\u0074\u0075\u0072\u0065","\u0070\u0061\u0072\u0074\u0069\u0063\u006c\u0065":"\u0065\u006c\u0069\u0074\u0065\u0063\u0072\u0065\u0061\u0074\u0075\u0072\u0065\u0073:\u0070\u0061\u006c\u0065_\u0067\u0061\u0072\u0064\u0065\u006e_\u0061\u006e\u0069\u006d\u0061\u0074\u0065\u0064_\u0077\u0065\u0061\u0070\u006f\u006e_\u0073\u0065\u0074/\u0070\u0061\u006c\u0065_\u0067\u0061\u0072\u0064\u0065\u006e_\u0074\u0065\u0078\u0074\u0075\u0072\u0065"},"credit":"Made with Blockbench","texture_size":[128,128],"\u0074\u0065\u0078\u0074\u0075\u0072\u0065\u0073":{"1":"\u0065\u006c\u0069\u0074\u0065\u0063\u0072\u0065\u0061\u0074\u0075\u0072\u0065\u0073:\u0070\u0061\u006c\u0065_\u0067\u0061\u0072\u0064\u0065\u006e_\u0061\u006e\u0069\u006d\u0061\u0074\u0065\u0064_\u0077\u0065\u0061\u0070\u006f\u006e_\u0073\u0065\u0074/\u0070\u0061\u006c\u0065_\u0067\u0061\u0072\u0064\u0065\u006e_\u0061\u006e\u0069\u006d\u0061\u0074\u0069\u006f\u006e1","2":"\u0065\u006c\u0069\u0074\u0065\u0063\u0072\u0065\u0061\u0074\u0075\u0072\u0065\u0073:\u0070\u0061\u006c\u0065_\u0067\u0061\u0072\u0064\u0065\u006e_\u0061\u006e\u0069\u006d\u0061\u0074\u0065\u0064_\u0077\u0065\u0061\u0070\u006f\u006e_\u0073\u0065\u0074/\u0070\u0061\u006c\u0065_\u0067\u0061\u0072\u0064\u0065\u006e_\u0074\u0065\u0078\u0074\u0075\u0072\u0065","\u0070\u0061\u0072\u0074\u0069\u0063\u006c\u0065":"\u0065\u006c\u0069\u0074\u0065\u0063\u0072\u0065\u0061\u0074\u0075\u0072\u0065\u0073:\u0070\u0061\u006c\u0065_\u0067\u0061\u0072\u0064\u0065\u006e_\u0061\u006e\u0069\u006d\u0061\u0074\u0065\u0064_\u0077\u0065\u0061\u0070\u006f\u006e_\u0073\u0065\u0074/\u0070\u0061\u006c\u0065_\u0067\u0061\u0072\u0064\u0065\u006e_\u0074\u0065\u0078\u0074\u0075\u0072\u0065"},"elements":[{"from":[6,5,3],"to":[10,9.5,13],"rotation":{"angle":0,"axis":"y","origin":[7.5,-0.11142,8.5625]},"faces":{"north":{"uv":[1,3.25,1.5,3.8125],"texture":"#2"},"east":{"uv":[1,0.625,2.25,1.1875],"texture":"#2"},"south":{"uv":[1,3.25,1.5,3.8125],"texture":"#2"},"west":{"uv":[1,0.625,2.25,1.1875],"texture":"#2"},"up":{"uv":[1.5,2.5,1,1.25],"texture":"#2"},"down":{"uv":[2,1.25,1.5,2.5],"texture":"#2"}}},{"from":[9,9.5,8.6],"to":[9,18.5,14.6],"rotation":{"angle":-22.5,"axis":"y","origin":[11,9.5,11.6]},"faces":{"north":{"uv":[0,0,0,4],"texture":"#missing"},"east":{"uv":[4.8125,0,5.5625,1.125],"texture":"#2"},"south":{"uv":[0,0,0,4],"texture":"#missing"},"west":{"uv":[5.5625,0,4.8125,1.125],"texture":"#2"},"up":{"uv":[0,4,0,0],"texture":"#missing"},"down":{"uv":[0,4,0,0],"texture":"#missing"}}},{"from":[9,18,8],"to":[9,31,14],"rotation":{"angle":0,"axis":"y","origin":[9,24.5,11]},"faces":{"north":{"uv":[0,0,0,13],"texture":"#1"},"east":{"uv":[10,0,16,13],"texture":"#1"},"south":{"uv":[0,0,0,13],"texture":"#1"},"west":{"uv":[16,0,10,13],"texture":"#1"},"up":{"uv":[0,0,0,6],"texture":"#1"},"down":{"uv":[0,6,0,0],"texture":"#1"}}},{"from":[9,18,8],"to":[9,31,14],"rotation":{"angle":-22.5,"axis":"y","origin":[9,24.5,11]},"faces":{"north":{"uv":[0,0,0,13],"texture":"#1"},"east":{"uv":[10,0,16,13],"texture":"#1"},"south":{"uv":[0,0,0,13],"texture":"#1"},"west":{"uv":[16,0,10,13],"texture":"#1"},"up":{"uv":[0,0,0,6],"texture":"#1"},"down":{"uv":[0,6,0,0],"texture":"#1"}}},{"from":[7,13.5,2],"to":[7,26.5,8],"rotation":{"angle":0,"axis":"y","origin":[5,13.5,2]},"faces":{"north":{"uv":[0,0,0,13],"texture":"#1"},"east":{"uv":[6,0,0,13],"texture":"#1"},"south":{"uv":[0,0,0,13],"texture":"#1"},"west":{"uv":[0,0,6,13],"texture":"#1"},"up":{"uv":[0,6,0,0],"texture":"#1"},"down":{"uv":[0,0,0,6],"texture":"#1"}}},{"from":[7,13.5,2],"to":[7,26.5,8],"rotation":{"angle":-22.5,"axis":"y","origin":[7,20,5]},"faces":{"north":{"uv":[0,0,0,13],"texture":"#1"},"east":{"uv":[6,0,0,13],"texture":"#1"},"south":{"uv":[0,0,0,13],"texture":"#1"},"west":{"uv":[0,0,6,13],"texture":"#1"},"up":{"uv":[0,6,0,0],"texture":"#1"},"down":{"uv":[0,0,0,6],"texture":"#1"}}},{"from":[7,9.5,2],"to":[7,14.5,8],"rotation":{"angle":0,"axis":"y","origin":[7,12,5]},"faces":{"north":{"uv":[0,0,0,4],"texture":"#missing"},"east":{"uv":[5.5625,0,6.3125,0.625],"texture":"#2"},"south":{"uv":[0,0,0,4],"texture":"#missing"},"west":{"uv":[6.3125,0,5.5625,0.625],"texture":"#2"},"up":{"uv":[0,4,0,0],"texture":"#missing"},"down":{"uv":[0,4,0,0],"texture":"#missing"}}},{"from":[7,9.5,2],"to":[7,14.5,8],"rotation":{"angle":-45,"axis":"y","origin":[7,12,5]},"faces":{"north":{"uv":[0,0,0,4],"texture":"#missing"},"east":{"uv":[5.5625,0,6.3125,0.625],"texture":"#2"},"south":{"uv":[0,0,0,4],"texture":"#missing"},"west":{"uv":[6.3125,0,5.5625,0.625],"texture":"#2"},"up":{"uv":[0,4,0,0],"texture":"#missing"},"down":{"uv":[0,4,0,0],"texture":"#missing"}}},{"from":[6,9.6,12.7],"to":[10,9.6,14.2],"rotation":{"angle":-22.5,"axis":"x","origin":[8,9.6,13.2]},"faces":{"north":{"uv":[0,0,0.5,0],"texture":"#2"},"east":{"uv":[0,0,0.1875,0],"texture":"#2"},"south":{"uv":[0,0,0.5,0],"texture":"#2"},"west":{"uv":[0,0,0.1875,0],"texture":"#2"},"up":{"uv":[4.25,3.25,3.75,3.0625],"texture":"#2"},"down":{"uv":[4.25,3,3.75,3.1875],"texture":"#2"}}},{"from":[5.99,5.5,11.2],"to":[5.99,9.6,14.2],"rotation":{"angle":-22.5,"axis":"x","origin":[5.9,9.6,13.2]},"faces":{"north":{"uv":[0,0,0,0.5125],"texture":"#2"},"east":{"uv":[3.875,0.5,3.5,1.0125],"texture":"#2"},"south":{"uv":[0,0,0,0.5125],"texture":"#2"},"west":{"uv":[3.5,0.5,3.875,1.0125],"texture":"#2"},"up":{"uv":[0,0.375,0,0],"texture":"#2"},"down":{"uv":[0,0,0,0.375],"texture":"#2"}}},{"from":[10.01,5.5,11.2],"to":[10.01,9.6,14.2],"rotation":{"angle":-22.5,"axis":"x","origin":[10.1,9.6,13.2]},"faces":{"north":{"uv":[0,0,0,0.5125],"texture":"#2"},"east":{"uv":[3.875,0.5,3.5,1.0125],"texture":"#2"},"south":{"uv":[0,0,0,0.5125],"texture":"#2"},"west":{"uv":[3.5,0.5,3.875,1.0125],"texture":"#2"},"up":{"uv":[0,0.375,0,0],"texture":"#2"},"down":{"uv":[0,0,0,0.375],"texture":"#2"}}},{"from":[6,9.6,1.8],"to":[10,9.6,3.3],"rotation":{"angle":22.5,"axis":"x","origin":[8,9.6,2.8]},"faces":{"north":{"uv":[0.5,0,0,0],"texture":"#2"},"east":{"uv":[0.1875,0,0,0],"texture":"#2"},"south":{"uv":[0.5,0,0,0],"texture":"#2"},"west":{"uv":[0.1875,0,0,0],"texture":"#2"},"up":{"uv":[4.25,3.0625,3.75,3.25],"texture":"#2"},"down":{"uv":[4.25,3.1875,3.75,3],"texture":"#2"}}},{"from":[5.99,5.5,1.8],"to":[5.99,9.6,4.8],"rotation":{"angle":22.5,"axis":"x","origin":[5.9,9.6,2.8]},"faces":{"north":{"uv":[0,0,0,0.5125],"texture":"#2"},"east":{"uv":[3.5,0.5,3.875,1.0125],"texture":"#2"},"south":{"uv":[0,0,0,0.5125],"texture":"#2"},"west":{"uv":[3.875,0.5,3.5,1.0125],"texture":"#2"},"up":{"uv":[0,0,0,0.375],"texture":"#2"},"down":{"uv":[0,0.375,0,0],"texture":"#2"}}},{"from":[10.01,5.5,1.8],"to":[10.01,9.6,4.8],"rotation":{"angle":22.5,"axis":"x","origin":[10.1,9.6,2.8]},"faces":{"north":{"uv":[0,0,0,0.5125],"texture":"#2"},"east":{"uv":[3.5,0.5,3.875,1.0125],"texture":"#2"},"south":{"uv":[0,0,0,0.5125],"texture":"#2"},"west":{"uv":[3.875,0.5,3.5,1.0125],"texture":"#2"},"up":{"uv":[0,0,0,0.375],"texture":"#2"},"down":{"uv":[0,0.375,0,0],"texture":"#2"}}},{"from":[6.75,2,6.75],"to":[9.25,5,9.25],"rotation":{"angle":45,"axis":"y","origin":[8,3.5,8]},"faces":{"north":{"uv":[4.25,1.5,4.5625,1.875],"texture":"#2"},"east":{"uv":[4.5625,1.875,4.25,2.25],"texture":"#2"},"south":{"uv":[4.25,3,4.5625,3.375],"texture":"#2"},"west":{"uv":[4.25,3.375,4.5625,3.75],"texture":"#2"},"up":{"uv":[0.5625,4.6875,0.25,4.375],"texture":"#2"},"down":{"uv":[4.6875,0.5,4.375,0.8125],"texture":"#2"}}},{"from":[10,-6.58922,-10.80421],"to":[6,-10.08922,-14.30421],"rotation":{"angle":-45,"axis":"x","origin":[13.7,12.21499,8]},"faces":{"north":{"uv":[16,0,15.5,0.4375],"texture":"#2"},"east":{"uv":[16,0,15.5625,0.4375],"texture":"#2"},"south":{"uv":[16,0,15.5,0.4375],"texture":"#2"},"west":{"uv":[16,0,15.5625,0.4375],"texture":"#2"},"up":{"uv":[16,0,15.5,0.4375],"texture":"#2"},"down":{"uv":[16,0,15.5,0.4375],"texture":"#2"}}},{"from":[7,-14.5,7],"to":[9,2,9],"rotation":{"angle":45,"axis":"y","origin":[8,-8,8]},"faces":{"north":{"uv":[0.25,6.9375,0.5,9],"texture":"#2"},"east":{"uv":[0.5,6.9375,0.25,9],"texture":"#2"},"south":{"uv":[0.25,6.9375,0,9],"texture":"#2"},"west":{"uv":[0,6.9375,0.25,9],"texture":"#2"},"up":{"uv":[3.375,4.625,3.125,4.375],"texture":"#2"},"down":{"uv":[3.625,4.375,3.375,4.625],"texture":"#2"}}},{"from":[6.5,-12.3,-7],"to":[9.5,-8.3,-3],"rotation":{"angle":-45,"axis":"x","origin":[7.7,2.7,8]},"faces":{"north":{"uv":[0.75,3.875,1.125,4.375],"texture":"#2"},"east":{"uv":[3.75,3,3.25,3.5],"texture":"#2"},"south":{"uv":[3.875,1,4.25,1.5],"texture":"#2"},"west":{"uv":[3.25,3,3.75,3.5],"texture":"#2"},"up":{"uv":[1.5,4.375,1.125,3.875],"texture":"#2"},"down":{"uv":[4.25,1.5,3.875,2],"texture":"#2"}}},{"from":[5.51,3.6,4.5],"to":[10.49,7.1,8],"rotation":{"angle":-45,"axis":"x","origin":[8,7.1,8]},"faces":{"north":{"uv":[3.25,1,3.875,1.4375],"texture":"#2"},"east":{"uv":[0.25,3.875,0.6875,4.3125],"texture":"#2"},"south":{"uv":[3.25,1.5,3.875,1.9375],"texture":"#2"},"west":{"uv":[3.875,0.5,4.3125,0.9375],"texture":"#2"},"up":{"uv":[3.875,2.4375,3.25,2],"texture":"#2"},"down":{"uv":[3.875,2.5,3.25,2.9375],"texture":"#2"}}},{"from":[5.5,4.5,5.5],"to":[10.5,10,10.5],"rotation":{"angle":0,"axis":"y","origin":[8.5,7.5,8.6]},"faces":{"north":{"uv":[1,2.5,1.625,3.1875],"texture":"#2"},"east":{"uv":[2.625,0,3.25,0.6875],"texture":"#2"},"south":{"uv":[2.625,0.75,3.25,1.4375],"texture":"#2"},"west":{"uv":[2.625,1.5,3.25,2.1875],"texture":"#2"},"up":{"uv":[3.25,2.875,2.625,2.25],"texture":"#2"},"down":{"uv":[3.25,2.875,2.625,3.5],"texture":"#2"}}},{"from":[5.5,8,5.51],"to":[7,11,10.49],"rotation":{"angle":45,"axis":"z","origin":[5.5,10,7.5]},"faces":{"north":{"uv":[0.875,4.375,1.0625,4.75],"texture":"#2"},"east":{"uv":[3,3.5,3.625,3.875],"texture":"#2"},"south":{"uv":[1.125,4.375,1.3125,4.75],"texture":"#2"},"west":{"uv":[3.625,3.5,4.2475,3.875],"texture":"#2"},"up":{"uv":[2.1875,4.875,2,4.25],"texture":"#2"},"down":{"uv":[0.1875,4.375,0,5],"texture":"#2"}}},{"from":[5.5,11,5.5],"to":[7,12.5,8.5],"rotation":{"angle":45,"axis":"z","origin":[5.5,10,7.5]},"faces":{"north":{"uv":[4.625,1.375,4.8125,1.5625],"texture":"#2"},"east":{"uv":[4.25,2.25,4.625,2.4375],"texture":"#2"},"south":{"uv":[4.625,1.625,4.8125,1.8125],"texture":"#2"},"west":{"uv":[2.25,4.375,2.625,4.5625],"texture":"#2"},"up":{"uv":[1.5625,4.75,1.375,4.375],"texture":"#2"},"down":{"uv":[2.8125,4.375,2.625,4.75],"texture":"#2"}}},{"from":[9,8,5.51],"to":[10.5,11,10.49],"rotation":{"angle":-45,"axis":"z","origin":[10.5,10,7.5]},"faces":{"north":{"uv":[1.0625,4.375,0.875,4.75],"texture":"#2"},"east":{"uv":[4.2475,3.5,3.625,3.875],"texture":"#2"},"south":{"uv":[1.3125,4.375,1.125,4.75],"texture":"#2"},"west":{"uv":[3.625,3.5,3,3.875],"texture":"#2"},"up":{"uv":[2,4.875,2.1875,4.25],"texture":"#2"},"down":{"uv":[0,4.375,0.1875,5],"texture":"#2"}}},{"from":[9,11,5.5],"to":[10.5,12.5,8.5],"rotation":{"angle":-45,"axis":"z","origin":[10.5,10,7.5]},"faces":{"north":{"uv":[4.8125,1.375,4.625,1.5625],"texture":"#2"},"east":{"uv":[2.625,4.375,2.25,4.5625],"texture":"#2"},"south":{"uv":[4.8125,1.625,4.625,1.8125],"texture":"#2"},"west":{"uv":[4.625,2.25,4.25,2.4375],"texture":"#2"},"up":{"uv":[1.375,4.75,1.5625,4.375],"texture":"#2"},"down":{"uv":[2.625,4.375,2.8125,4.75],"texture":"#2"}}},{"from":[4.99,7.12886,8.38744],"to":[11.01,8.82886,10.08744],"rotation":{"angle":-45,"axis":"x","origin":[8.5,6.74142,8]},"faces":{"north":{"uv":[3.875,2.5,4.625,2.6875],"texture":"#2"},"east":{"uv":[4.625,0.875,4.8125,1.0625],"texture":"#2"},"south":{"uv":[2.625,3.875,3.375,4.0625],"texture":"#2"},"west":{"uv":[4.8125,0.875,4.625,1.0625],"texture":"#2"},"up":{"uv":[4.625,2.9375,3.875,2.75],"texture":"#2"},"down":{"uv":[4.125,3.875,3.375,4.0625],"texture":"#2"}}},{"from":[4.99,4.67114,8.38744],"to":[11.01,6.37114,10.08744],"rotation":{"angle":45,"axis":"x","origin":[8.5,6.75858,8]},"faces":{"north":{"uv":[4,0,4.75,0.1875],"texture":"#2"},"east":{"uv":[4.625,1.875,4.8125,2.0625],"texture":"#2"},"south":{"uv":[4,0.25,4.75,0.4375],"texture":"#2"},"west":{"uv":[4.8125,1.875,4.625,2.0625],"texture":"#2"},"up":{"uv":[3.375,4.3125,2.625,4.125],"texture":"#2"},"down":{"uv":[4.125,4.125,3.375,4.3125],"texture":"#2"}}},{"from":[5,5,6.75],"to":[11,8.5,9.25],"rotation":{"angle":0,"axis":"y","origin":[8.5,6.74142,8]},"faces":{"north":{"uv":[0.25,3,1,3.4375],"texture":"#2"},"east":{"uv":[4.125,3.875,4.4375,4.3125],"texture":"#2"},"south":{"uv":[3.25,0,4,0.4375],"texture":"#2"},"west":{"uv":[4.25,1,4.5625,1.4375],"texture":"#2"},"up":{"uv":[1,3.8125,0.25,3.5],"texture":"#2"},"down":{"uv":[3,3.5,2.25,3.8125],"texture":"#2"}}},{"from":[11.5,9.3,10.5],"to":[4.5,6.8,8],"rotation":{"angle":-45,"axis":"x","origin":[14.7,5.05,12.25]},"faces":{"east":{"uv":[15.5,0.3125,15.1875,0],"texture":"#2"},"south":{"uv":[16,0.3125,15.1875,0],"texture":"#2"},"west":{"uv":[15.5,0.3125,15.1875,0],"texture":"#2"},"up":{"uv":[16,0.3125,15.1875,0],"texture":"#2"}}},{"from":[11.45,8.5,9.75],"to":[4.45,5,6.25],"rotation":{"angle":0,"axis":"y","origin":[22.4,10.24142,11]},"faces":{"north":{"uv":[16,0,15.1875,0.4375],"texture":"#2"},"east":{"uv":[15.625,0,15.1875,0.4375],"texture":"#2"},"south":{"uv":[16,0,15.1875,0.4375],"texture":"#2"},"west":{"uv":[15.625,0,15.1875,0.4375],"texture":"#2"}}},{"from":[11.5,6.7,10.5],"to":[4.5,4.2,8],"rotation":{"angle":45,"axis":"x","origin":[14.7,8.45,12.25]},"faces":{"east":{"uv":[15.5,0,15.1875,0.3125],"texture":"#2"},"south":{"uv":[16,0,15.1875,0.3125],"texture":"#2"},"west":{"uv":[15.5,0,15.1875,0.3125],"texture":"#2"},"down":{"uv":[16,0,15.1875,0.3125],"texture":"#2"}}},{"from":[7.26,15.8,4.9],"to":[8.76,20.7,9.8],"rotation":{"angle":45,"axis":"x","origin":[8,17.6,8]},"faces":{"north":{"uv":[2,7.6875,1.8125,8.3],"texture":"#2"},"east":{"uv":[0.5625,7.6875,1.175,8.3],"texture":"#2"},"south":{"uv":[1.8125,7.6875,2,8.3],"texture":"#2"},"west":{"uv":[1.1875,7.6875,1.8,8.3],"texture":"#2"},"up":{"uv":[1.8125,7.6875,2,8.3],"texture":"#2"},"down":{"uv":[1.8125,7.6875,2,8.3],"texture":"#2"}}},{"from":[7.25,12.5,4.5],"to":[8.75,18.5,11.5],"rotation":{"angle":0,"axis":"y","origin":[0,-0.5,0]},"faces":{"north":{"uv":[2.5,6.9375,2.3125,7.6875],"texture":"#2"},"east":{"uv":[1.4375,6.9375,2.3125,7.6875],"texture":"#2"},"south":{"uv":[2.3125,6.9375,2.5,7.6875],"texture":"#2"},"west":{"uv":[0.5625,6.9375,1.4375,7.6875],"texture":"#2"},"up":{"uv":[2.5,6.8125,2.6875,7.6875],"texture":"#2"},"down":{"uv":[2.6875,6.8125,2.875,7.6875],"texture":"#2"}}},{"from":[7.25,10,5.5],"to":[8.75,12.5,10.5],"rotation":{"angle":0,"axis":"y","origin":[0,-1.5,0]},"faces":{"north":{"uv":[2.625,7.6875,2.8125,8],"texture":"#2"},"east":{"uv":[2,8,2.625,8.3125],"texture":"#2"},"south":{"uv":[2.625,7.6875,2.8125,8],"texture":"#2"},"west":{"uv":[2,7.6875,2.625,8],"texture":"#2"},"up":{"uv":[2.6875,6.8125,2.875,7.4375],"texture":"#2"},"down":{"uv":[2.6875,6.8125,2.875,7.4375],"texture":"#2"}}}],"gui_light":"front","display":{"thirdperson_righthand":{"translation":[0,8,1.25],"scale":[0.6,0.6,0.6]},"thirdperson_lefthand":{"translation":[0,8,1.25],"scale":[0.6,0.6,0.6]},"firstperson_righthand":{"rotation":[-10,7,2],"translation":[5,7,-4.25],"scale":[0.52969,0.52969,0.52969]},"firstperson_lefthand":{"rotation":[-10,7,2],"translation":[5,7,-4.25],"scale":[0.52969,0.52969,0.52969]},"ground":{"rotation":[0,0,90],"translation":[-3.75,9,0],"scale":[0.5,0.5,0.5]},"gui":{"rotation":[-90,-135,-90],"translation":[-2.5,2.5,-1.5],"scale":[0.52344,0.52344,0.52344]},"head":{"scale":[0,0,0]},"fixed":{"rotation":[-90,-90,-90],"translation":[0,12,-3.5],"scale":[1.4,1.4,1.4]}},"mcmodels":"7e2925117662a5c350af09ab6c8a6ccd"}