{"textures​":{"layer0":"minecraft:item/skeleton_horse_spawn_egg"},"credit":"Made with Blockbench","texture_size":[128,128],"\u0074\u0065\u0078\u0074\u0075\u0072\u0065\u0073":{"1":"\u0065\u006c\u0069\u0074\u0065\u0063\u0072\u0065\u0061\u0074\u0075\u0072\u0065\u0073:\u0070\u0061\u006c\u0065_\u0067\u0061\u0072\u0064\u0065\u006e_\u0061\u006e\u0069\u006d\u0061\u0074\u0065\u0064_\u0077\u0065\u0061\u0070\u006f\u006e_\u0073\u0065\u0074/\u0070\u0061\u006c\u0065_\u0067\u0061\u0072\u0064\u0065\u006e_\u0061\u006e\u0069\u006d\u0061\u0074\u0069\u006f\u006e1","2":"\u0065\u006c\u0069\u0074\u0065\u0063\u0072\u0065\u0061\u0074\u0075\u0072\u0065\u0073:\u0070\u0061\u006c\u0065_\u0067\u0061\u0072\u0064\u0065\u006e_\u0061\u006e\u0069\u006d\u0061\u0074\u0065\u0064_\u0077\u0065\u0061\u0070\u006f\u006e_\u0073\u0065\u0074/\u0070\u0061\u006c\u0065_\u0067\u0061\u0072\u0064\u0065\u006e_\u0074\u0065\u0078\u0074\u0075\u0072\u0065","\u0070\u0061\u0072\u0074\u0069\u0063\u006c\u0065":"\u0065\u006c\u0069\u0074\u0065\u0063\u0072\u0065\u0061\u0074\u0075\u0072\u0065\u0073:\u0070\u0061\u006c\u0065_\u0067\u0061\u0072\u0064\u0065\u006e_\u0061\u006e\u0069\u006d\u0061\u0074\u0065\u0064_\u0077\u0065\u0061\u0070\u006f\u006e_\u0073\u0065\u0074/\u0070\u0061\u006c\u0065_\u0067\u0061\u0072\u0064\u0065\u006e_\u0074\u0065\u0078\u0074\u0075\u0072\u0065"},"elements":[{"from":[6.5,-12.3,-7],"to":[9.5,-8.3,-3],"rotation":{"angle":-45,"axis":"x","origin":[7.7,2.7,8]},"faces":{"north":{"uv":[0.75,3.875,1.125,4.375],"texture":"#2"},"east":{"uv":[3.75,3,3.25,3.5],"texture":"#2"},"south":{"uv":[3.875,1,4.25,1.5],"texture":"#2"},"west":{"uv":[3.25,3,3.75,3.5],"texture":"#2"},"up":{"uv":[1.5,4.375,1.125,3.875],"texture":"#2"},"down":{"uv":[4.25,1.5,3.875,2],"texture":"#2"}}},{"from":[6.75,-5,6.75],"to":[9.25,-2,9.25],"rotation":{"angle":45,"axis":"y","origin":[8,-3.5,8]},"faces":{"north":{"uv":[4.25,1.5,4.5625,1.875],"texture":"#2"},"east":{"uv":[4.5625,1.875,4.25,2.25],"texture":"#2"},"south":{"uv":[4.25,3,4.5625,3.375],"texture":"#2"},"west":{"uv":[4.25,3.375,4.5625,3.75],"texture":"#2"},"up":{"uv":[0.5625,4.6875,0.25,4.375],"texture":"#2"},"down":{"uv":[4.6875,0.5,4.375,0.8125],"texture":"#2"}}},{"from":[7,-14.5,7],"to":[9,-4,9],"rotation":{"angle":45,"axis":"y","origin":[8,-8,8]},"faces":{"north":{"uv":[1.75,2.5,2,3.8125],"texture":"#2"},"east":{"uv":[2,2.5,1.75,3.8125],"texture":"#2"},"south":{"uv":[0.25,3,0,4.3125],"texture":"#2"},"west":{"uv":[0,3,0.25,4.3125],"texture":"#2"},"up":{"uv":[3.375,4.625,3.125,4.375],"texture":"#2"},"down":{"uv":[3.625,4.375,3.375,4.625],"texture":"#2"}}},{"from":[6,-2,3],"to":[10,2.5,13],"rotation":{"angle":0,"axis":"y","origin":[7.5,-7.11142,8.5625]},"faces":{"north":{"uv":[1,3.25,1.5,3.8125],"texture":"#2"},"east":{"uv":[1,0.625,2.25,1.1875],"texture":"#2"},"south":{"uv":[1,3.25,1.5,3.8125],"texture":"#2"},"west":{"uv":[1,0.625,2.25,1.1875],"texture":"#2"},"up":{"uv":[1.5,2.5,1,1.25],"texture":"#2"},"down":{"uv":[2,1.25,1.5,2.5],"texture":"#2"}}},{"from":[6,2.6,12.7],"to":[10,2.6,16.2],"rotation":{"angle":-22.5,"axis":"x","origin":[8,2.6,13.2]},"faces":{"north":{"uv":[0,0,0.5,0],"texture":"#2"},"east":{"uv":[0,0,0.4375,0],"texture":"#2"},"south":{"uv":[0,0,0.5,0],"texture":"#2"},"west":{"uv":[0,0,0.4375,0],"texture":"#2"},"up":{"uv":[4.25,3.4375,3.75,3],"texture":"#2"},"down":{"uv":[4.25,3,3.75,3.4375],"texture":"#2"}}},{"from":[5.99,-1.5,11.2],"to":[5.99,2.6,16.2],"rotation":{"angle":-22.5,"axis":"x","origin":[5.9,2.6,13.2]},"faces":{"north":{"uv":[0,0,0,0.5],"texture":"#2"},"east":{"uv":[3.875,0.5,3.25,1.0125],"texture":"#2"},"south":{"uv":[0,0,0,0.5],"texture":"#2"},"west":{"uv":[3.25,0.5,3.875,1.0125],"texture":"#2"},"up":{"uv":[0,0.625,0,0],"texture":"#2"},"down":{"uv":[0,0,0,0.625],"texture":"#2"}}},{"from":[10.01,-1.5,11.2],"to":[10.01,2.6,16.2],"rotation":{"angle":-22.5,"axis":"x","origin":[10.1,2.6,13.2]},"faces":{"north":{"uv":[0,0,0,0.5],"texture":"#2"},"east":{"uv":[3.875,0.5,3.25,1.0125],"texture":"#2"},"south":{"uv":[0,0,0,0.5],"texture":"#2"},"west":{"uv":[3.25,0.5,3.875,1.0125],"texture":"#2"},"up":{"uv":[0,0.625,0,0],"texture":"#2"},"down":{"uv":[0,0,0,0.625],"texture":"#2"}}},{"from":[10.01,-1.5,-0.2],"to":[10.01,2.6,4.8],"rotation":{"angle":22.5,"axis":"x","origin":[10.1,2.6,2.8]},"faces":{"north":{"uv":[0,0,0,0.5],"texture":"#2"},"east":{"uv":[3.25,0.5,3.875,1.0125],"texture":"#2"},"south":{"uv":[0,0,0,0.5],"texture":"#2"},"west":{"uv":[3.875,0.5,3.25,1.0125],"texture":"#2"},"up":{"uv":[0,0,0,0.625],"texture":"#2"},"down":{"uv":[0,0.625,0,0],"texture":"#2"}}},{"from":[6,2.6,-0.2],"to":[10,2.6,3.3],"rotation":{"angle":22.5,"axis":"x","origin":[8,2.6,2.8]},"faces":{"north":{"uv":[0.5,0,0,0],"texture":"#2"},"east":{"uv":[0.4375,0,0,0],"texture":"#2"},"south":{"uv":[0.5,0,0,0],"texture":"#2"},"west":{"uv":[0.4375,0,0,0],"texture":"#2"},"up":{"uv":[4.25,3,3.75,3.4375],"texture":"#2"},"down":{"uv":[4.25,3.4375,3.75,3],"texture":"#2"}}},{"from":[5.99,-1.5,-0.2],"to":[5.99,2.6,4.8],"rotation":{"angle":22.5,"axis":"x","origin":[5.9,2.6,2.8]},"faces":{"north":{"uv":[0,0,0,0.5],"texture":"#2"},"east":{"uv":[3.25,0.5,3.875,1.0125],"texture":"#2"},"south":{"uv":[0,0,0,0.5],"texture":"#2"},"west":{"uv":[3.875,0.5,3.25,1.0125],"texture":"#2"},"up":{"uv":[0,0,0,0.625],"texture":"#2"},"down":{"uv":[0,0.625,0,0],"texture":"#2"}}},{"from":[7.25,2.5,5],"to":[8.75,20,11],"rotation":{"angle":0,"axis":"y","origin":[-0.2,-6,4]},"faces":{"north":{"uv":[5.625,1.875,5.8125,4.0625],"texture":"#2"},"east":{"uv":[5.625,1.875,4.875,4.0625],"texture":"#2"},"south":{"uv":[6.0625,1.875,6.25,4.0625],"texture":"#2"},"west":{"uv":[4.875,1.875,5.625,4.0625],"texture":"#2"},"up":{"uv":[4.6875,2.625,4.875,3.375],"texture":"#2"},"down":{"uv":[4.6875,2.625,4.875,3.375],"texture":"#2"}}},{"from":[7.5,2.49,4.5],"to":[8.5,19.99,5.5],"rotation":{"angle":45,"axis":"y","origin":[8,11.5,5]},"faces":{"north":{"uv":[5.9375,1.875,6.0625,4.0625],"texture":"#2"},"east":{"uv":[6.0625,1.875,5.9375,4.0625],"texture":"#2"},"south":{"uv":[5.9375,1.875,6.0625,4.0625],"texture":"#2"},"west":{"uv":[5.9375,1.875,6.0625,4.0625],"texture":"#2"},"up":{"uv":[5.9375,1.875,6.0625,2],"texture":"#2"},"down":{"uv":[5.9375,1.875,6.0625,2],"texture":"#2"}}},{"from":[7.5,2.49,10.5],"to":[8.5,19.99,11.5],"rotation":{"angle":-45,"axis":"y","origin":[8,11.5,11]},"faces":{"north":{"uv":[5.8125,1.875,5.9375,4.0625],"texture":"#2"},"east":{"uv":[5.9375,1.875,5.8125,4.0625],"texture":"#2"},"south":{"uv":[5.8125,1.875,5.9375,4.0625],"texture":"#2"},"west":{"uv":[5.8125,1.875,5.9375,4.0625],"texture":"#2"},"up":{"uv":[5.8125,1.875,5.9375,2],"texture":"#2"},"down":{"uv":[5.8125,1.875,5.9375,2],"texture":"#2"}}},{"from":[7.26,17.3,5],"to":[8.74,22.8,10.5],"rotation":{"angle":45,"axis":"x","origin":[7.9,19.8,8]},"faces":{"north":{"uv":[5.5625,1.1875,5.7375,1.875],"texture":"#2"},"east":{"uv":[5.5625,1.1875,4.875,1.875],"texture":"#2"},"south":{"uv":[5.9375,1.1875,6.1125,1.875],"texture":"#2"},"west":{"uv":[4.875,1.1875,5.5625,1.875],"texture":"#2"},"up":{"uv":[5.75,1.1875,5.925,1.875],"texture":"#2"},"down":{"uv":[5.9375,1.1875,6.1125,1.875],"texture":"#2"}}},{"from":[5.51,-3.4,4.5],"to":[10.49,0.1,8],"rotation":{"angle":-45,"axis":"x","origin":[8,0.1,8]},"faces":{"north":{"uv":[3.25,1,3.875,1.4375],"texture":"#2"},"east":{"uv":[0.25,3.875,0.6875,4.3125],"texture":"#2"},"south":{"uv":[3.25,1.5,3.875,1.9375],"texture":"#2"},"west":{"uv":[3.875,0.5,4.3125,0.9375],"texture":"#2"},"up":{"uv":[3.875,2.4375,3.25,2],"texture":"#2"},"down":{"uv":[3.875,2.5,3.25,2.9375],"texture":"#2"}}},{"from":[5.5,-2.5,5.5],"to":[10.5,3,10.5],"rotation":{"angle":0,"axis":"y","origin":[8.5,0.5,8.6]},"faces":{"north":{"uv":[1,2.5,1.625,3.1875],"texture":"#2"},"east":{"uv":[2.625,0,3.25,0.6875],"texture":"#2"},"south":{"uv":[2.625,0.75,3.25,1.4375],"texture":"#2"},"west":{"uv":[2.625,1.5,3.25,2.1875],"texture":"#2"},"up":{"uv":[3.25,2.875,2.625,2.25],"texture":"#2"},"down":{"uv":[3.25,2.875,2.625,3.5],"texture":"#2"}}},{"from":[5.5,1,5.51],"to":[7,4,10.49],"rotation":{"angle":45,"axis":"z","origin":[5.5,3,7.5]},"faces":{"north":{"uv":[0.875,4.375,1.0625,4.75],"texture":"#2"},"east":{"uv":[3,3.5,3.625,3.875],"texture":"#2"},"south":{"uv":[1.125,4.375,1.3125,4.75],"texture":"#2"},"west":{"uv":[3.625,3.5,4.2475,3.875],"texture":"#2"},"up":{"uv":[2.1875,4.875,2,4.25],"texture":"#2"},"down":{"uv":[0.1875,4.375,0,5],"texture":"#2"}}},{"from":[5.5,4,5.5],"to":[7,5.5,8.5],"rotation":{"angle":45,"axis":"z","origin":[5.5,3,7.5]},"faces":{"north":{"uv":[4.625,1.375,4.8125,1.5625],"texture":"#2"},"east":{"uv":[4.25,2.25,4.625,2.4375],"texture":"#2"},"south":{"uv":[4.625,1.625,4.8125,1.8125],"texture":"#2"},"west":{"uv":[2.25,4.375,2.625,4.5625],"texture":"#2"},"up":{"uv":[1.5625,4.75,1.375,4.375],"texture":"#2"},"down":{"uv":[2.8125,4.375,2.625,4.75],"texture":"#2"}}},{"from":[9,1,5.51],"to":[10.5,4,10.49],"rotation":{"angle":-45,"axis":"z","origin":[10.5,3,7.5]},"faces":{"north":{"uv":[1.0625,4.375,0.875,4.75],"texture":"#2"},"east":{"uv":[4.2475,3.5,3.625,3.875],"texture":"#2"},"south":{"uv":[1.3125,4.375,1.125,4.75],"texture":"#2"},"west":{"uv":[3.625,3.5,3,3.875],"texture":"#2"},"up":{"uv":[2,4.875,2.1875,4.25],"texture":"#2"},"down":{"uv":[0,4.375,0.1875,5],"texture":"#2"}}},{"from":[9,4,5.5],"to":[10.5,5.5,8.5],"rotation":{"angle":-45,"axis":"z","origin":[10.5,3,7.5]},"faces":{"north":{"uv":[4.8125,1.375,4.625,1.5625],"texture":"#2"},"east":{"uv":[2.625,4.375,2.25,4.5625],"texture":"#2"},"south":{"uv":[4.8125,1.625,4.625,1.8125],"texture":"#2"},"west":{"uv":[4.625,2.25,4.25,2.4375],"texture":"#2"},"up":{"uv":[1.375,4.75,1.5625,4.375],"texture":"#2"},"down":{"uv":[2.625,4.375,2.8125,4.75],"texture":"#2"}}},{"from":[4.99,0.12886,8.38744],"to":[11.01,1.82886,10.08744],"rotation":{"angle":-45,"axis":"x","origin":[8.5,-0.25858,8]},"faces":{"north":{"uv":[3.875,2.5,4.625,2.6875],"texture":"#2"},"east":{"uv":[4.625,0.875,4.8125,1.0625],"texture":"#2"},"south":{"uv":[2.625,3.875,3.375,4.0625],"texture":"#2"},"west":{"uv":[4.8125,0.875,4.625,1.0625],"texture":"#2"},"up":{"uv":[4.625,2.9375,3.875,2.75],"texture":"#2"},"down":{"uv":[4.125,3.875,3.375,4.0625],"texture":"#2"}}},{"from":[4.99,-2.32886,8.38744],"to":[11.01,-0.62886,10.08744],"rotation":{"angle":45,"axis":"x","origin":[8.5,-0.24142,8]},"faces":{"north":{"uv":[4,0,4.75,0.1875],"texture":"#2"},"east":{"uv":[4.625,1.875,4.8125,2.0625],"texture":"#2"},"south":{"uv":[4,0.25,4.75,0.4375],"texture":"#2"},"west":{"uv":[4.8125,1.875,4.625,2.0625],"texture":"#2"},"up":{"uv":[3.375,4.3125,2.625,4.125],"texture":"#2"},"down":{"uv":[4.125,4.125,3.375,4.3125],"texture":"#2"}}},{"from":[5,-2,6.75],"to":[11,1.5,9.25],"rotation":{"angle":0,"axis":"y","origin":[8.5,-0.25858,8]},"faces":{"north":{"uv":[0.25,3,1,3.4375],"texture":"#2"},"east":{"uv":[4.125,3.875,4.4375,4.3125],"texture":"#2"},"south":{"uv":[3.25,0,4,0.4375],"texture":"#2"},"west":{"uv":[4.25,1,4.5625,1.4375],"texture":"#2"},"up":{"uv":[1,3.8125,0.25,3.5],"texture":"#2"},"down":{"uv":[3,3.5,2.25,3.8125],"texture":"#2"}}},{"from":[10,-6.58922,-10.80421],"to":[6,-10.08922,-14.30421],"rotation":{"angle":-45,"axis":"x","origin":[13.7,12.21499,8]},"faces":{"north":{"uv":[16,0,15.5,0.4375],"texture":"#2"},"east":{"uv":[16,0,15.5625,0.4375],"texture":"#2"},"south":{"uv":[16,0,15.5,0.4375],"texture":"#2"},"west":{"uv":[16,0,15.5625,0.4375],"texture":"#2"},"up":{"uv":[16,0,15.5,0.4375],"texture":"#2"},"down":{"uv":[16,0,15.5,0.4375],"texture":"#2"}}},{"from":[11.5,2.3,10.5],"to":[4.5,-0.2,8],"rotation":{"angle":-45,"axis":"x","origin":[14.7,-1.95,12.25]},"faces":{"east":{"uv":[15.5,0.3125,15.1875,0],"texture":"#2"},"south":{"uv":[16,0.3125,15.1875,0],"texture":"#2"},"west":{"uv":[15.5,0.3125,15.1875,0],"texture":"#2"},"up":{"uv":[16,0.3125,15.1875,0],"texture":"#2"}}},{"from":[11.45,1.5,9.75],"to":[4.45,-2,6.25],"rotation":{"angle":0,"axis":"y","origin":[22.4,3.24142,11]},"faces":{"north":{"uv":[16,0,15.1875,0.4375],"texture":"#2"},"east":{"uv":[15.625,0,15.1875,0.4375],"texture":"#2"},"south":{"uv":[16,0,15.1875,0.4375],"texture":"#2"},"west":{"uv":[15.625,0,15.1875,0.4375],"texture":"#2"}}},{"from":[11.5,-0.3,10.5],"to":[4.5,-2.8,8],"rotation":{"angle":45,"axis":"x","origin":[14.7,1.45,12.25]},"faces":{"east":{"uv":[15.5,0,15.1875,0.3125],"texture":"#2"},"south":{"uv":[16,0,15.1875,0.3125],"texture":"#2"},"west":{"uv":[15.5,0,15.1875,0.3125],"texture":"#2"},"down":{"uv":[16,0,15.1875,0.3125],"texture":"#2"}}},{"from":[9.5,2.5,1.5],"to":[9.5,11.5,7.5],"rotation":{"angle":22.5,"axis":"y","origin":[11.5,2.5,4.5]},"faces":{"north":{"uv":[0,0,0,4],"texture":"#missing"},"east":{"uv":[4.8125,0,5.5625,1.125],"texture":"#2"},"south":{"uv":[0,0,0,4],"texture":"#missing"},"west":{"uv":[5.5625,0,4.8125,1.125],"texture":"#2"},"up":{"uv":[0,4,0,0],"texture":"#missing"},"down":{"uv":[0,4,0,0],"texture":"#missing"}}},{"from":[7,6,1],"to":[7,19,7],"rotation":{"angle":0,"axis":"y","origin":[5,6,1]},"faces":{"north":{"uv":[0,0,0,13],"texture":"#1"},"east":{"uv":[6,0,0,13],"texture":"#1"},"south":{"uv":[0,0,0,13],"texture":"#1"},"west":{"uv":[0,0,6,13],"texture":"#1"},"up":{"uv":[0,6,0,0],"texture":"#1"},"down":{"uv":[0,0,0,6],"texture":"#1"}}},{"from":[7,6,1],"to":[7,19,7],"rotation":{"angle":-22.5,"axis":"y","origin":[7,12.5,4]},"faces":{"north":{"uv":[0,0,0,13],"texture":"#1"},"east":{"uv":[6,0,0,13],"texture":"#1"},"south":{"uv":[0,0,0,13],"texture":"#1"},"west":{"uv":[0,0,6,13],"texture":"#1"},"up":{"uv":[0,6,0,0],"texture":"#1"},"down":{"uv":[0,0,0,6],"texture":"#1"}}},{"from":[7,2,1],"to":[7,7,7],"rotation":{"angle":0,"axis":"y","origin":[7,4.5,4]},"faces":{"north":{"uv":[0,0,0,4],"texture":"#missing"},"east":{"uv":[5.5625,0,6.3125,0.625],"texture":"#2"},"south":{"uv":[0,0,0,4],"texture":"#missing"},"west":{"uv":[6.3125,0,5.5625,0.625],"texture":"#2"},"up":{"uv":[0,4,0,0],"texture":"#missing"},"down":{"uv":[0,4,0,0],"texture":"#missing"}}},{"from":[7,2,1],"to":[7,7,7],"rotation":{"angle":-45,"axis":"y","origin":[7,4.5,4]},"faces":{"north":{"uv":[0,0,0,4],"texture":"#missing"},"east":{"uv":[5.5625,0,6.3125,0.625],"texture":"#2"},"south":{"uv":[0,0,0,4],"texture":"#missing"},"west":{"uv":[6.3125,0,5.5625,0.625],"texture":"#2"},"up":{"uv":[0,4,0,0],"texture":"#missing"},"down":{"uv":[0,4,0,0],"texture":"#missing"}}},{"from":[7,2.5,9.5],"to":[7,11.5,15.5],"rotation":{"angle":22.5,"axis":"y","origin":[5,2.5,12.5]},"faces":{"north":{"uv":[0,0,0,4],"texture":"#missing"},"east":{"uv":[4.8125,0,5.5625,1.125],"texture":"#2"},"south":{"uv":[0,0,0,4],"texture":"#missing"},"west":{"uv":[5.5625,0,4.8125,1.125],"texture":"#2"},"up":{"uv":[0,4,0,0],"texture":"#missing"},"down":{"uv":[0,4,0,0],"texture":"#missing"}}},{"from":[7,10,9],"to":[7,23,15],"rotation":{"angle":0,"axis":"y","origin":[7,16.5,12]},"faces":{"north":{"uv":[0,0,0,13],"texture":"#1"},"east":{"uv":[10,0,16,13],"texture":"#1"},"south":{"uv":[0,0,0,13],"texture":"#1"},"west":{"uv":[16,0,10,13],"texture":"#1"},"up":{"uv":[0,0,0,6],"texture":"#1"},"down":{"uv":[0,6,0,0],"texture":"#1"}}},{"from":[7,10,9],"to":[7,23,15],"rotation":{"angle":22.5,"axis":"y","origin":[7,16.5,12]},"faces":{"north":{"uv":[0,0,0,13],"texture":"#1"},"east":{"uv":[10,0,16,13],"texture":"#1"},"south":{"uv":[0,0,0,13],"texture":"#1"},"west":{"uv":[16,0,10,13],"texture":"#1"},"up":{"uv":[0,0,0,6],"texture":"#1"},"down":{"uv":[0,6,0,0],"texture":"#1"}}}],"gui_light":"front","display":{"thirdperson_righthand":{"translation":[0,8.5,1.25],"scale":[0.6,0.6,0.6]},"thirdperson_lefthand":{"translation":[0,8.5,1.25],"scale":[0.6,0.6,0.6]},"firstperson_righthand":{"rotation":[-10,7,2],"translation":[5,7.5,-4.25],"scale":[0.5043,0.5043,0.5043]},"firstperson_lefthand":{"rotation":[-10,7,2],"translation":[5,7.5,-4.25],"scale":[0.5043,0.5043,0.5043]},"ground":{"rotation":[0,0,90],"translation":[-3.5,9,0],"scale":[0.5,0.5,0.5]},"gui":{"rotation":[-90,-135,-90],"translation":[-2,2,-1.5],"scale":[0.50195,0.50195,0.50195]},"head":{"scale":[0,0,0]},"fixed":{"rotation":[-90,-90,-90],"translation":[0,12,-3.5],"scale":[1.4,1.4,1.4]}},"mcmodels":"7e2925117662a5c350af09ab6c8a6ccd"}