{"textures":{"6":"modelengine:entity/fdefender_sfe_start"},"elements":[{"from":[8.0,1.833333,-8.666666],"to":[8.0,14.166667,24.666668],"faces":{"east":{"uv":[8.09475,0.001,9.249,3.124],"tintindex":0,"rotation":90,"texture":"#6"},"south":{"uv":[9.3135,9.0635,9.374,9.124],"tintindex":0,"rotation":0,"texture":"#6"},"north":{"uv":[9.0635,9.3135,9.124,9.374],"tintindex":0,"rotation":0,"texture":"#6"},"west":{"uv":[8.09475,3.124,9.249,0.001],"tintindex":0,"rotation":90,"texture":"#6"},"up":{"uv":[8.3115,5.624,8.251,5.4385],"tintindex":0,"rotation":0,"texture":"#6"},"down":{"uv":[5.5615,8.251,5.501,8.4365],"tintindex":0,"rotation":0,"texture":"#6"}}}],"display":{"head":{"rotation":[0.0,0.0,0.0]},"firstperson_righthand":{"rotation":[0.0,0.0,0.0]},"thirdperson_lefthand":{"rotation":[0.0,-0.0,-0.0]},"firstperson_lefthand":{"rotation":[0.0,-0.0,-0.0]},"fixed":{"rotation":[0.0,0.0,0.0]},"ground":{"rotation":[0.0,0.0,0.0]},"thirdperson_righthand":{"rotation":[0.0,0.0,0.0]},"gui":{"rotation":[-150.0,-75.0,-180.0]}}}