{"textures":{"10":"modelengine:entity/fdefender_firesourcesprit"},"elements":[{"from":[8.0,-8.0,-8.0],"to":[8.0,24.0,24.0],"faces":{"east":{"uv":[9.0005,14.0005,9.9995,14.9995],"tintindex":0,"rotation":90,"texture":"#10"},"south":{"uv":[0.001,-0.03175,7.999,-0.047875],"tintindex":0,"rotation":270,"texture":"#10"},"north":{"uv":[0.001,-0.03175,7.999,-0.047875],"tintindex":0,"rotation":270,"texture":"#10"},"west":{"uv":[9.9995,14.0005,9.0005,14.9995],"tintindex":0,"rotation":270,"texture":"#10"},"up":{"uv":[-0.03175,0.001,-0.047875,7.999],"tintindex":0,"rotation":0,"texture":"#10"},"down":{"uv":[-0.03175,0.001,-0.047875,7.999],"tintindex":0,"rotation":180,"texture":"#10"}}}],"display":{"head":{"rotation":[0.0,0.0,0.0]},"firstperson_righthand":{"rotation":[0.0,0.0,0.0]},"thirdperson_lefthand":{"rotation":[0.0,-0.0,-0.0]},"firstperson_lefthand":{"rotation":[0.0,-0.0,-0.0]},"fixed":{"rotation":[0.0,0.0,0.0]},"ground":{"rotation":[0.0,0.0,0.0]},"thirdperson_righthand":{"rotation":[0.0,0.0,0.0]},"gui":{"rotation":[-150.0,-75.0,-180.0]}}}