{"textures​":{"1":"\u0063\u0075\u0073\u0074\u006f\u006d\u0063\u0072\u006f\u0070\u0073:\u0069\u0074\u0065\u006d/\u0073\u0070\u0072\u0069\u006e\u006b\u006c\u0065\u0072\u0073/\u0077\u0061\u0074\u0065\u0072_\u0065\u0066\u0066\u0065\u0063\u0074","\u0070\u0061\u0072\u0074\u0069\u0063\u006c\u0065":"#1"},"credit":"Cha_Shao","\u0074\u0065\u0078\u0074\u0075\u0072\u0065\u0073":{"1":"\u0063\u0075\u0073\u0074\u006f\u006d\u0063\u0072\u006f\u0070\u0073:\u0069\u0074\u0065\u006d/\u0073\u0070\u0072\u0069\u006e\u006b\u006c\u0065\u0072\u0073/\u0077\u0061\u0074\u0065\u0072_\u0065\u0066\u0066\u0065\u0063\u0074","\u0070\u0061\u0072\u0074\u0069\u0063\u006c\u0065":"#1"},"elements":[{"from":[-4,3,7.1],"to":[20,19,7.1],"rotation":{"angle":-45,"axis":"x","origin":[8,0,8.1]},"faces":{"north":{"uv":[12,5,0,13],"texture":"#1"},"east":{"uv":[0,0,0,16],"texture":"#1"},"south":{"uv":[0,5,12,13],"texture":"#1"},"west":{"uv":[0,0,0,16],"texture":"#1"},"up":{"uv":[0,0,16,0],"texture":"#1"},"down":{"uv":[0,0,16,0],"texture":"#1"}}},{"from":[9,3,-3.9],"to":[9,19,20.1],"rotation":{"angle":-45,"axis":"z","origin":[8,0,8.1]},"faces":{"north":{"uv":[0,0,0,16],"texture":"#1"},"east":{"uv":[12,5,0,13],"texture":"#1"},"south":{"uv":[0,0,0,16],"texture":"#1"},"west":{"uv":[0,5,12,13],"texture":"#1"},"up":{"uv":[0,0,16,0],"rotation":90,"texture":"#1"},"down":{"uv":[0,0,16,0],"rotation":270,"texture":"#1"}}},{"from":[-4,3,9.1],"to":[20,19,9.1],"rotation":{"angle":45,"axis":"x","origin":[8,0,8.1]},"faces":{"north":{"uv":[0,5,12,13],"texture":"#1"},"east":{"uv":[0,0,0,16],"texture":"#1"},"south":{"uv":[12,5,0,13],"texture":"#1"},"west":{"uv":[0,0,0,16],"texture":"#1"},"up":{"uv":[0,0,16,0],"rotation":180,"texture":"#1"},"down":{"uv":[0,0,16,0],"rotation":180,"texture":"#1"}}},{"from":[7,3,-3.9],"to":[7,19,20.1],"rotation":{"angle":45,"axis":"z","origin":[8,0,8.1]},"faces":{"north":{"uv":[0,0,0,16],"texture":"#1"},"east":{"uv":[0,5,12,13],"texture":"#1"},"south":{"uv":[0,0,0,16],"texture":"#1"},"west":{"uv":[12,5,0,13],"texture":"#1"},"up":{"uv":[0,0,16,0],"rotation":270,"texture":"#1"},"down":{"uv":[0,0,16,0],"rotation":90,"texture":"#1"}}},{"from":[-4,12.7,-16],"to":[20,12.7,-6],"rotation":{"angle":0,"axis":"x","origin":[8,0,8]},"faces":{"north":{"uv":[0,0,16,0],"rotation":180,"texture":"#1"},"east":{"uv":[0,0,0,10],"rotation":90,"texture":"#1"},"south":{"uv":[0,0,16,0],"texture":"#1"},"west":{"uv":[0,0,0,10],"rotation":270,"texture":"#1"},"up":{"uv":[0,0,12,5],"texture":"#1"},"down":{"uv":[0,5,12,0],"texture":"#1"}}},{"from":[22,12.7,-4],"to":[32,12.7,20],"rotation":{"angle":0,"axis":"x","origin":[8,0,8]},"faces":{"north":{"uv":[0,0,0,10],"rotation":270,"texture":"#1"},"east":{"uv":[0,0,16,0],"rotation":180,"texture":"#1"},"south":{"uv":[0,0,0,10],"rotation":90,"texture":"#1"},"west":{"uv":[0,0,16,0],"texture":"#1"},"up":{"uv":[0,0,12,5],"rotation":90,"texture":"#1"},"down":{"uv":[0,5,12,0],"rotation":270,"texture":"#1"}}},{"from":[-4,12.7,22],"to":[20,12.7,32],"rotation":{"angle":0,"axis":"x","origin":[8,0,8]},"faces":{"north":{"uv":[0,0,16,0],"texture":"#1"},"east":{"uv":[0,0,0,10],"rotation":270,"texture":"#1"},"south":{"uv":[0,0,16,0],"rotation":180,"texture":"#1"},"west":{"uv":[0,0,0,10],"rotation":90,"texture":"#1"},"up":{"uv":[0,0,12,5],"rotation":180,"texture":"#1"},"down":{"uv":[0,5,12,0],"rotation":180,"texture":"#1"}}},{"from":[-16,12.7,-4],"to":[-6,12.7,20],"rotation":{"angle":0,"axis":"x","origin":[8,0,8]},"faces":{"north":{"uv":[0,0,0,10],"rotation":90,"texture":"#1"},"east":{"uv":[0,0,16,0],"texture":"#1"},"south":{"uv":[0,0,0,10],"rotation":270,"texture":"#1"},"west":{"uv":[0,0,16,0],"rotation":180,"texture":"#1"},"up":{"uv":[0,0,12,5],"rotation":270,"texture":"#1"},"down":{"uv":[0,5,12,0],"rotation":90,"texture":"#1"}}}],"display":{"head":{"translation":[0,-35,0],"scale":[1.6,1.6,1.6]}}}