{"textures":{"0":"modelengine:block/em_dskeleton_archer"},"elements":[{"from":[4.0,2.0,8.0],"to":[12.0,8.0,8.0],"faces":{"south":{"uv":[0.00375,3.50375,0.49625,3.87125],"tintindex":0,"rotation":0,"texture":"#0"},"north":{"uv":[2.81625,3.44125,3.30875,3.80875],"tintindex":0,"rotation":0,"texture":"#0"}}}],"display":{"head":{"rotation":[0.0,0.0,0.0]},"firstperson_righthand":{"rotation":[0.0,0.0,0.0]},"thirdperson_lefthand":{"rotation":[0.0,-0.0,-0.0]},"firstperson_lefthand":{"rotation":[0.0,-0.0,-0.0]},"fixed":{"rotation":[0.0,0.0,0.0]},"ground":{"rotation":[0.0,0.0,0.0]},"thirdperson_righthand":{"rotation":[0.0,0.0,0.0]},"gui":{"rotation":[-150.0,-75.0,-180.0]}}}