{"textures":{"0":"modelengine:block/nm_monkey_gray_texture"},"elements":[{"from":[5.0,6.0,4.0],"to":[11.0,12.0,9.0],"faces":{"east":{"uv":[5.5,1.75,6.75,3.25],"tintindex":0,"rotation":0,"texture":"#0"},"south":{"uv":[3.75,4.5,5.25,6.0],"tintindex":0,"rotation":0,"texture":"#0"},"north":{"uv":[2.0,4.5,3.5,6.0],"tintindex":0,"rotation":0,"texture":"#0"},"west":{"uv":[5.5,3.5,6.75,5.0],"tintindex":0,"rotation":0,"texture":"#0"},"up":{"uv":[7.0,6.5,5.5,5.25],"tintindex":0,"rotation":0,"texture":"#0"},"down":{"uv":[7.5,0.0,6.0,1.25],"tintindex":0,"rotation":0,"texture":"#0"}}},{"from":[6.0,6.0,3.0],"to":[10.0,9.0,4.0],"faces":{"east":{"uv":[2.25,8.25,2.5,9.0],"tintindex":0,"rotation":0,"texture":"#0"},"south":{"uv":[4.5,6.75,5.5,7.5],"tintindex":0,"rotation":0,"texture":"#0"},"north":{"uv":[4.0,1.75,5.0,2.5],"tintindex":0,"rotation":0,"texture":"#0"},"west":{"uv":[8.25,5.0,8.5,5.75],"tintindex":0,"rotation":0,"texture":"#0"},"up":{"uv":[8.75,4.25,7.75,4.0],"tintindex":0,"rotation":0,"texture":"#0"},"down":{"uv":[8.75,4.5,7.75,4.75],"tintindex":0,"rotation":0,"texture":"#0"}}}],"display":{"head":{"rotation":[0.0,0.0,0.0]},"firstperson_righthand":{"rotation":[0.0,0.0,0.0]},"thirdperson_lefthand":{"rotation":[0.0,-0.0,-0.0]},"firstperson_lefthand":{"rotation":[0.0,-0.0,-0.0]},"fixed":{"rotation":[0.0,0.0,0.0]},"ground":{"rotation":[0.0,0.0,0.0]},"thirdperson_righthand":{"rotation":[0.0,0.0,0.0]},"gui":{"rotation":[-150.0,-75.0,-180.0]}}}