{"textures":{"0":"modelengine:block/nm_monkey_gray_texture"},"elements":[{"from":[7.0,2.0,7.0],"to":[9.0,8.0,9.0],"faces":{"east":{"uv":[7.5,3.25,7.0,4.75],"tintindex":0,"rotation":0,"texture":"#0"},"south":{"uv":[7.5,1.5,7.0,3.0],"tintindex":0,"rotation":0,"texture":"#0"},"north":{"uv":[6.25,6.75,5.75,8.25],"tintindex":0,"rotation":0,"texture":"#0"},"west":{"uv":[7.0,6.75,6.5,8.25],"tintindex":0,"rotation":0,"texture":"#0"},"up":{"uv":[8.25,0.5,8.75,0.0],"tintindex":0,"rotation":0,"texture":"#0"},"down":{"uv":[0.75,8.25,1.25,8.75],"tintindex":0,"rotation":0,"texture":"#0"}}}],"display":{"head":{"rotation":[0.0,0.0,0.0]},"firstperson_righthand":{"rotation":[0.0,0.0,0.0]},"thirdperson_lefthand":{"rotation":[0.0,-0.0,-0.0]},"firstperson_lefthand":{"rotation":[0.0,-0.0,-0.0]},"fixed":{"rotation":[0.0,0.0,0.0]},"ground":{"rotation":[0.0,0.0,0.0]},"thirdperson_righthand":{"rotation":[0.0,0.0,0.0]},"gui":{"rotation":[-150.0,-75.0,-180.0]}}}