{"credit":"Made with Blockbench","texture_size":[64,64],"textures":{"0":"lunar_studios:enderkariz/block_wars/blasters/blaster","particle":"lunar_studios:enderkariz/block_wars/blasters/blaster"},"elements":[{"from":[10,5.5,7.5],"to":[19,6.5,8.5],"rotation":{"angle":0,"axis":"y","origin":[13.5,5.85355,8]},"faces":{"north":{"uv":[2.25,0.25,0,0],"texture":"#0"},"east":{"uv":[0.25,0.25,0,0],"texture":"#0"},"south":{"uv":[2.25,0.25,0,0],"texture":"#0"},"west":{"uv":[2.25,0.25,2,0],"texture":"#0"},"up":{"uv":[2.25,0.25,0,0],"texture":"#0"},"down":{"uv":[2.25,0.25,0,0],"texture":"#0"}}},{"from":[19,4.5,6.5],"to":[20,7.5,9.5],"rotation":{"angle":45,"axis":"x","origin":[15.5,6,8]},"faces":{"north":{"uv":[1.25,2,1.5,2.75],"texture":"#0"},"east":{"uv":[0.75,2,1.5,2.75],"texture":"#0"},"south":{"uv":[0.75,2,1,2.75],"texture":"#0"},"west":{"uv":[1.5,2,0.75,2.75],"texture":"#0"},"up":{"uv":[1.25,2,1.5,2.75],"texture":"#0"},"down":{"uv":[0.75,2.75,1,2],"texture":"#0"}}},{"from":[-7,4.5,7],"to":[10,7.5,9],"rotation":{"angle":0,"axis":"y","origin":[13.5,6,8]},"faces":{"north":{"uv":[0,0.25,4.25,1],"texture":"#0"},"east":{"uv":[0,0.25,0.25,1],"texture":"#0"},"south":{"uv":[4.25,0.25,0,1],"texture":"#0"},"west":{"uv":[4,0.25,4.25,1],"texture":"#0"},"up":{"uv":[4.25,0.25,0,0.5],"texture":"#0"},"down":{"uv":[4.25,0.75,0,1],"texture":"#0"}}},{"from":[-3.5,7.5,7.5],"to":[8.5,8.5,8.5],"rotation":{"angle":45,"axis":"x","origin":[4.5,8,8]},"faces":{"north":{"uv":[3,4.25,0,4.5],"texture":"#0"},"east":{"uv":[0.25,4.25,0,4.5],"texture":"#0"},"south":{"uv":[0,4.25,3,4.5],"texture":"#0"},"west":{"uv":[0.25,4.25,0,4.5],"texture":"#0"},"up":{"uv":[0,4.25,3,4.5],"texture":"#0"},"down":{"uv":[0,4.25,3,4.5],"texture":"#0"}}},{"from":[11,5,7],"to":[12,7,9],"rotation":{"angle":45,"axis":"x","origin":[13.5,6,8]},"faces":{"north":{"uv":[0.25,2,0.5,2.5],"texture":"#0"},"east":{"uv":[0,2,0.5,2.5],"texture":"#0"},"south":{"uv":[0,2,0.25,2.5],"texture":"#0"},"west":{"uv":[0.5,2,0,2.5],"texture":"#0"},"up":{"uv":[0.25,2,0.5,2.5],"texture":"#0"},"down":{"uv":[0,2.5,0.25,2],"texture":"#0"}}},{"from":[-5,9.5,7],"to":[5,11.5,9],"rotation":{"angle":45,"axis":"x","origin":[0.5,10.5,8]},"faces":{"north":{"uv":[2,2.75,4.5,3.25],"texture":"#0"},"east":{"uv":[3.25,2,3.75,2.5],"texture":"#0"},"south":{"uv":[4.5,2.75,2,3.25],"texture":"#0"},"west":{"uv":[3.25,2,3.75,2.5],"rotation":90,"texture":"#0"},"up":{"uv":[4.5,2.75,2,3.25],"texture":"#0"},"down":{"uv":[4.5,2.75,2,3.25],"texture":"#0"}}},{"from":[-3,8.5,7.5],"to":[4,9.5,8.5],"rotation":{"angle":0,"axis":"y","origin":[11.5,6,8]},"faces":{"north":{"uv":[0,4,1.75,3.75],"texture":"#0"},"east":{"uv":[0.25,4,0,3.75],"texture":"#0"},"south":{"uv":[1.75,4,0,3.75],"texture":"#0"},"west":{"uv":[1.5,4,1.75,3.75],"texture":"#0"},"up":{"uv":[1.75,4,0,3.75],"texture":"#0"},"down":{"uv":[1.75,4,0,3.75],"texture":"#0"}}},{"from":[-2,5.5,6],"to":[4,6.5,7],"rotation":{"angle":45,"axis":"x","origin":[1,6,6.5]},"faces":{"north":{"uv":[0,3.25,1.5,3],"texture":"#0"},"east":{"uv":[0,3.25,0.25,3],"texture":"#0"},"south":{"uv":[0,3.25,1.5,3],"texture":"#0"},"west":{"uv":[1.25,3.25,1.5,3],"texture":"#0"},"up":{"uv":[0,3.25,1.5,3],"texture":"#0"},"down":{"uv":[1.5,3.25,0,3],"texture":"#0"}}},{"from":[-4,3.5,7],"to":[1,4.5,9],"rotation":{"angle":0,"axis":"y","origin":[10.5,6,8]},"faces":{"north":{"uv":[4.5,1.25,5.75,1.5],"texture":"#0"},"east":{"uv":[4.5,1.25,4.75,1.5],"texture":"#0"},"south":{"uv":[5.75,1.25,4.5,1.5],"texture":"#0"},"west":{"uv":[5.5,1.25,5.75,1.5],"texture":"#0"},"up":{"uv":[5.75,1.25,4.5,1.5],"texture":"#0"},"down":{"uv":[5.75,1.25,4.5,1.5],"texture":"#0"}}},{"from":[-3.5,2.5,7.4],"to":[0.5,4.5,8.6],"rotation":{"angle":22.5,"axis":"z","origin":[-2,3,8]},"faces":{"north":{"uv":[5.75,1.75,6.75,2.25],"texture":"#0"},"east":{"uv":[5.75,1.75,6,2.25],"texture":"#0"},"south":{"uv":[5.75,1.75,6.75,2.25],"texture":"#0"},"west":{"uv":[6.5,1.75,6.75,2.25],"texture":"#0"},"up":{"uv":[6.25,1.75,6.5,2],"texture":"#0"},"down":{"uv":[6.25,1.75,6.5,2],"texture":"#0"}}},{"from":[-3.11732,-4.64805,7.5],"to":[-0.11732,4.35195,8.5],"rotation":{"angle":-22.5,"axis":"z","origin":[-1.61732,1.85195,8]},"faces":{"north":{"uv":[4.75,1.75,5.5,4],"texture":"#0"},"east":{"uv":[4.75,1.75,5,4],"texture":"#0"},"south":{"uv":[4.75,1.75,5.5,4],"texture":"#0"},"west":{"uv":[5.25,1.75,5.5,4],"texture":"#0"},"up":{"uv":[5,1.75,5.25,2],"texture":"#0"},"down":{"uv":[5,1.75,5.25,2],"texture":"#0"}}},{"from":[-7.25,4.25,6.75],"to":[10.25,7.75,9.25],"rotation":{"angle":0,"axis":"y","origin":[13.5,6,8]},"faces":{"north":{"uv":[0,1,4.25,1.75],"texture":"#0"},"east":{"uv":[0,1,0.25,1.75],"texture":"#0"},"south":{"uv":[4.25,1,0,1.75],"texture":"#0"},"west":{"uv":[4,1,4.25,1.75],"texture":"#0"},"up":{"uv":[4.25,1,0,1.25],"texture":"#0"},"down":{"uv":[4.25,1.5,0,1.75],"texture":"#0"}}},{"from":[-3,6,5],"to":[3,6,6],"rotation":{"angle":0,"axis":"y","origin":[11.5,6,8]},"faces":{"north":{"uv":[0,0,1.5,0],"texture":"#missing"},"east":{"uv":[0,0,0.25,0],"texture":"#missing"},"south":{"uv":[0,0,1.5,0],"texture":"#missing"},"west":{"uv":[0,0,0.25,0],"texture":"#missing"},"up":{"uv":[1.75,3.5,0.25,3.25],"texture":"#0"},"down":{"uv":[1.75,3.5,0.25,3.25],"texture":"#0"}}},{"from":[17,5,7],"to":[18,7,9],"rotation":{"angle":45,"axis":"x","origin":[13.5,6,8]},"faces":{"north":{"uv":[0.25,2,0.5,2.5],"texture":"#0"},"east":{"uv":[0,2,0.5,2.5],"texture":"#0"},"south":{"uv":[0,2,0.25,2.5],"texture":"#0"},"west":{"uv":[0.5,2,0,2.5],"texture":"#0"},"up":{"uv":[0.25,2,0.5,2.5],"texture":"#0"},"down":{"uv":[0,2.5,0.25,2],"texture":"#0"}}},{"from":[20,5.5,6.5],"to":[22,7.5,8.5],"rotation":{"angle":45,"axis":"x","origin":[15.5,6,8]},"faces":{"north":{"uv":[2.5,2,3,2.5],"texture":"#0"},"east":{"uv":[1.75,2,2.25,2.5],"texture":"#0"},"south":{"uv":[2,2.25,2.25,2.75],"texture":"#0"},"west":{"uv":[1.75,2.5,2,2.25],"texture":"#0"},"up":{"uv":[2.5,2.5,3,2],"rotation":180,"texture":"#0"},"down":{"uv":[2,2.75,2.25,2.25],"texture":"#0"}}},{"from":[6,9,6.5],"to":[8,12,9.5],"rotation":{"angle":0,"axis":"y","origin":[17,6,8]},"faces":{"north":{"uv":[6.75,2.5,7.25,3.25],"texture":"#0"},"east":{"uv":[5.5,2.25,5.75,2.5],"texture":"#0"},"south":{"uv":[7.25,2.5,6.75,3.25],"texture":"#0"},"west":{"uv":[5.5,2.25,5.75,2.5],"texture":"#0"},"up":{"uv":[7.25,2.5,6.75,2.75],"texture":"#0"},"down":{"uv":[5.5,2.25,5.75,2.5],"texture":"#0"}}},{"from":[-6,9,6.5],"to":[-5,12,9.5],"rotation":{"angle":0,"axis":"y","origin":[17,6,8]},"faces":{"north":{"uv":[5.75,2.5,6,3.25],"texture":"#0"},"east":{"uv":[5.75,2.5,6.5,3.25],"texture":"#0"},"south":{"uv":[5.75,2.5,6,3.25],"texture":"#0"},"west":{"uv":[5.75,2.5,6.5,3.25],"texture":"#0"},"up":{"uv":[5.75,2.5,6.5,2.75],"rotation":90,"texture":"#0"},"down":{"uv":[5.75,3,6.5,3.25],"rotation":90,"texture":"#0"}}},{"from":[-3,6,10],"to":[3,6,11],"rotation":{"angle":0,"axis":"y","origin":[11.5,6,8]},"faces":{"north":{"uv":[1.5,0,0,0],"texture":"#missing"},"east":{"uv":[0.25,0,0,0],"texture":"#missing"},"south":{"uv":[1.5,0,0,0],"texture":"#missing"},"west":{"uv":[0.25,0,0,0],"texture":"#missing"},"up":{"uv":[1.75,3.25,0.25,3.5],"texture":"#0"},"down":{"uv":[1.75,3.25,0.25,3.5],"texture":"#0"}}},{"from":[-2,5.5,9],"to":[4,6.5,10],"rotation":{"angle":-45,"axis":"x","origin":[1,6,9.5]},"faces":{"north":{"uv":[1.5,3.25,0,3],"texture":"#0"},"east":{"uv":[0.25,3.25,0,3],"texture":"#0"},"south":{"uv":[1.5,3.25,0,3],"texture":"#0"},"west":{"uv":[1.5,3.25,1.25,3],"texture":"#0"},"up":{"uv":[0,3,1.5,3.25],"texture":"#0"},"down":{"uv":[1.5,3,0,3.25],"texture":"#0"}}},{"from":[-5.25,9.25,6.75],"to":[5.25,11.75,9.25],"rotation":{"angle":45,"axis":"x","origin":[0.5,10.5,8]},"faces":{"north":{"uv":[2,3.5,4.5,4],"texture":"#0"},"east":{"uv":[3.25,2,3.75,2.5],"texture":"#0"},"south":{"uv":[4.5,3.5,2,4],"texture":"#0"},"west":{"uv":[3.25,2,3.75,2.5],"rotation":90,"texture":"#0"},"up":{"uv":[4.5,3.5,2,4],"texture":"#0"},"down":{"uv":[4.5,3.5,2,4],"texture":"#0"}}},{"from":[0,12,6.5],"to":[1,13,9.5],"rotation":{"angle":45,"axis":"z","origin":[0.5,12.5,8]},"faces":{"north":{"uv":[0.5,0.5,0.25,0.75],"texture":"#0"},"east":{"uv":[1,0.5,0.25,0.75],"texture":"#0"},"south":{"uv":[0.5,0.5,0.25,0.75],"texture":"#0"},"west":{"uv":[1,0.5,0.25,0.75],"texture":"#0"},"up":{"uv":[0.25,0.75,1,0.5],"rotation":90,"texture":"#0"},"down":{"uv":[0.25,0.75,1,0.5],"rotation":90,"texture":"#0"}}},{"from":[-1,0.5,8],"to":[7,4.5,8],"rotation":{"angle":0,"axis":"y","origin":[10.5,6,8]},"faces":{"north":{"uv":[4.5,0,6.5,1],"texture":"#0"},"east":{"uv":[0,0,0,4],"texture":"#missing"},"south":{"uv":[6.5,0,4.5,1],"texture":"#0"},"west":{"uv":[0,0,0,4],"texture":"#missing"},"up":{"uv":[0,0,8,0],"texture":"#missing"},"down":{"uv":[0,0,8,0],"texture":"#missing"}}},{"from":[-7.32683,-5.34776,7],"to":[-3.32683,-3.34776,9],"rotation":{"angle":22.5,"axis":"z","origin":[-5.82683,1.15224,7.6]},"faces":{"north":{"uv":[5.75,1.75,6.75,2.25],"texture":"#0"},"east":{"uv":[5.75,1.75,6,2.25],"texture":"#0"},"south":{"uv":[5.75,1.75,6.75,2.25],"texture":"#0"},"west":{"uv":[6.5,1.75,6.75,2.25],"texture":"#0"},"up":{"uv":[6.25,1.75,6.5,2],"texture":"#0"},"down":{"uv":[6.25,1.75,6.5,2],"texture":"#0"}}},{"from":[5,9,6.5],"to":[6,12,9.5],"rotation":{"angle":0,"axis":"y","origin":[17,6,8]},"faces":{"north":{"uv":[5.75,2.5,6,3.25],"texture":"#0"},"east":{"uv":[5.75,2.5,6.5,3.25],"texture":"#0"},"south":{"uv":[5.75,2.5,6,3.25],"texture":"#0"},"west":{"uv":[5.75,2.5,6.5,3.25],"texture":"#0"},"up":{"uv":[5.75,2.5,6.5,2.75],"rotation":90,"texture":"#0"},"down":{"uv":[5.75,3,6.5,3.25],"rotation":90,"texture":"#0"}}}],"gui_light":"front","display":{"thirdperson_righthand":{"rotation":[0,90,0],"translation":[-0.5,2.75,-4.5],"scale":[0.6,0.6,0.6]},"thirdperson_lefthand":{"rotation":[0,-90,0],"translation":[-0.5,2.75,-4.5],"scale":[0.6,0.6,0.6]},"firstperson_righthand":{"rotation":[-180,80.75,-180],"translation":[3.75,3,-6],"scale":[0.8,0.8,0.8]},"firstperson_lefthand":{"rotation":[-180,-92.5,-180],"translation":[3.75,2.75,-6],"scale":[0.8,0.8,0.8]},"ground":{"translation":[0,6.5,0],"scale":[0.7,0.7,0.7]},"gui":{"rotation":[15.43,-24,1.46],"translation":[0.5,2,0],"scale":[0.5418,0.5418,0.5418]},"fixed":{"translation":[1.5,2.5,-1]}},"mcmodels":"8630017fd8ddb2649c493e1aae55d74e"}