{"textures":{"0":"modelengine:block/krokmou"},"elements":[{"from":[0.99,-0.01,17.99],"to":[15.01,16.01,28.01],"faces":{"east":{"uv":[4.375,8.75,5.0,9.75],"tintindex":0,"rotation":0,"texture":"#0"},"south":{"uv":[8.25,7.375,9.125,8.375],"tintindex":0,"rotation":0,"texture":"#0"},"north":{"uv":[0.0,8.1875,0.875,9.1875],"tintindex":0,"rotation":0,"texture":"#0"},"west":{"uv":[5.0,8.75,5.625,9.75],"tintindex":0,"rotation":0,"texture":"#0"},"up":{"uv":[1.25,10.0625,0.375,9.4375],"tintindex":0,"rotation":0,"texture":"#0"},"down":{"uv":[2.125,9.4375,1.25,10.0625],"tintindex":0,"rotation":0,"texture":"#0"}}},{"from":[-3.01,-2.01,-15.01],"to":[19.01,16.01,18.01],"faces":{"east":{"uv":[5.375,1.3125,7.4375,2.4375],"tintindex":0,"rotation":0,"texture":"#0"},"south":{"uv":[4.875,5.8125,6.25,6.9375],"tintindex":0,"rotation":0,"texture":"#0"},"north":{"uv":[3.5,5.125,4.875,6.25],"tintindex":0,"rotation":0,"texture":"#0"},"west":{"uv":[5.375,2.4375,7.4375,3.5625],"tintindex":0,"rotation":0,"texture":"#0"},"up":{"uv":[1.375,6.9375,0.0,4.875],"tintindex":0,"rotation":0,"texture":"#0"},"down":{"uv":[6.375,3.75,5.0,5.8125],"tintindex":0,"rotation":0,"texture":"#0"}}},{"from":[8.0,16.0,-15.0],"to":[8.0,25.0,28.0],"faces":{"east":{"uv":[6.25,5.8125,8.9375,6.375],"tintindex":0,"rotation":0,"texture":"#0"},"west":{"uv":[6.375,3.5625,9.0625,4.125],"tintindex":0,"rotation":0,"texture":"#0"}}}],"display":{"head":{"rotation":[0.0,0.0,0.0]},"firstperson_righthand":{"rotation":[0.0,0.0,0.0]},"thirdperson_lefthand":{"rotation":[0.0,-0.0,-0.0]},"firstperson_lefthand":{"rotation":[0.0,-0.0,-0.0]},"fixed":{"rotation":[0.0,0.0,0.0]},"ground":{"rotation":[0.0,0.0,0.0]},"thirdperson_righthand":{"rotation":[0.0,0.0,0.0]},"gui":{"rotation":[-150.0,-75.0,-180.0]}}}