{"textures":{"0":"modelengine:block/shroud_of_darkness"},"elements":[{"from":[8.272727,19.636364,8.272727],"to":[7.7272725,18.181818,7.7272725],"faces":{"east":{"uv":[0.0,16.0,3.0,8.0],"tintindex":0,"rotation":0,"texture":"#0"},"south":{"uv":[0.0,8.0,3.0,0.0],"tintindex":0,"rotation":0,"texture":"#0"},"north":{"uv":[6.0,8.0,9.0,0.0],"tintindex":0,"rotation":0,"texture":"#0"},"west":{"uv":[3.0,8.0,6.0,0.0],"tintindex":0,"rotation":0,"texture":"#0"},"up":{"uv":[6.0,8.0,9.0,11.0],"tintindex":0,"rotation":0,"texture":"#0"},"down":{"uv":[3.0,11.0,6.0,8.0],"tintindex":0,"rotation":0,"texture":"#0"}}},{"from":[8.272727,15.272728,8.272727],"to":[7.7272725,13.818182,7.7272725],"faces":{"east":{"uv":[0.0,16.0,3.0,8.0],"tintindex":0,"rotation":0,"texture":"#0"},"south":{"uv":[0.0,8.0,3.0,0.0],"tintindex":0,"rotation":0,"texture":"#0"},"north":{"uv":[6.0,8.0,9.0,0.0],"tintindex":0,"rotation":0,"texture":"#0"},"west":{"uv":[3.0,8.0,6.0,0.0],"tintindex":0,"rotation":0,"texture":"#0"},"up":{"uv":[6.0,8.0,9.0,11.0],"tintindex":0,"rotation":0,"texture":"#0"},"down":{"uv":[3.0,11.0,6.0,8.0],"tintindex":0,"rotation":0,"texture":"#0"}}},{"from":[7.7272725,19.636364,7.7272725],"to":[8.272727,21.09091,8.272727],"faces":{"east":{"uv":[3.0,0.0,6.0,8.0],"tintindex":0,"rotation":0,"texture":"#0"},"south":{"uv":[6.0,0.0,9.0,8.0],"tintindex":0,"rotation":0,"texture":"#0"},"north":{"uv":[0.0,0.0,3.0,8.0],"tintindex":0,"rotation":0,"texture":"#0"},"west":{"uv":[0.0,8.0,3.0,16.0],"tintindex":0,"rotation":0,"texture":"#0"},"up":{"uv":[6.0,11.0,3.0,8.0],"tintindex":0,"rotation":0,"texture":"#0"},"down":{"uv":[9.0,8.0,6.0,11.0],"tintindex":0,"rotation":0,"texture":"#0"}}},{"from":[8.272727,10.909091,8.272727],"to":[7.7272725,9.454546,7.7272725],"faces":{"east":{"uv":[0.0,16.0,3.0,8.0],"tintindex":0,"rotation":0,"texture":"#0"},"south":{"uv":[0.0,8.0,3.0,0.0],"tintindex":0,"rotation":0,"texture":"#0"},"north":{"uv":[6.0,8.0,9.0,0.0],"tintindex":0,"rotation":0,"texture":"#0"},"west":{"uv":[3.0,8.0,6.0,0.0],"tintindex":0,"rotation":0,"texture":"#0"},"up":{"uv":[6.0,8.0,9.0,11.0],"tintindex":0,"rotation":0,"texture":"#0"},"down":{"uv":[3.0,11.0,6.0,8.0],"tintindex":0,"rotation":0,"texture":"#0"}}},{"from":[7.7272725,16.727272,7.7272725],"to":[8.272727,18.181818,8.272727],"faces":{"east":{"uv":[3.0,0.0,6.0,8.0],"tintindex":0,"rotation":0,"texture":"#0"},"south":{"uv":[6.0,0.0,9.0,8.0],"tintindex":0,"rotation":0,"texture":"#0"},"north":{"uv":[0.0,0.0,3.0,8.0],"tintindex":0,"rotation":0,"texture":"#0"},"west":{"uv":[0.0,8.0,3.0,16.0],"tintindex":0,"rotation":0,"texture":"#0"},"up":{"uv":[6.0,11.0,3.0,8.0],"tintindex":0,"rotation":0,"texture":"#0"},"down":{"uv":[9.0,8.0,6.0,11.0],"tintindex":0,"rotation":0,"texture":"#0"}}},{"from":[7.7272725,29.818182,7.7272725],"to":[8.272727,31.272728,8.272727],"faces":{"east":{"uv":[3.0,0.0,6.0,8.0],"tintindex":0,"rotation":0,"texture":"#0"},"south":{"uv":[6.0,0.0,9.0,8.0],"tintindex":0,"rotation":0,"texture":"#0"},"north":{"uv":[0.0,0.0,3.0,8.0],"tintindex":0,"rotation":0,"texture":"#0"},"west":{"uv":[0.0,8.0,3.0,16.0],"tintindex":0,"rotation":0,"texture":"#0"},"up":{"uv":[6.0,11.0,3.0,8.0],"tintindex":0,"rotation":0,"texture":"#0"},"down":{"uv":[9.0,8.0,6.0,11.0],"tintindex":0,"rotation":0,"texture":"#0"}}},{"from":[7.7272725,12.363636,7.7272725],"to":[8.272727,13.818182,8.272727],"faces":{"east":{"uv":[3.0,0.0,6.0,8.0],"tintindex":0,"rotation":0,"texture":"#0"},"south":{"uv":[6.0,0.0,9.0,8.0],"tintindex":0,"rotation":0,"texture":"#0"},"north":{"uv":[0.0,0.0,3.0,8.0],"tintindex":0,"rotation":0,"texture":"#0"},"west":{"uv":[0.0,8.0,3.0,16.0],"tintindex":0,"rotation":0,"texture":"#0"},"up":{"uv":[6.0,11.0,3.0,8.0],"tintindex":0,"rotation":0,"texture":"#0"},"down":{"uv":[9.0,8.0,6.0,11.0],"tintindex":0,"rotation":0,"texture":"#0"}}},{"from":[8.272727,31.272728,8.272727],"to":[7.7272725,29.818182,7.7272725],"faces":{"east":{"uv":[0.0,16.0,3.0,8.0],"tintindex":0,"rotation":0,"texture":"#0"},"south":{"uv":[0.0,8.0,3.0,0.0],"tintindex":0,"rotation":0,"texture":"#0"},"north":{"uv":[6.0,8.0,9.0,0.0],"tintindex":0,"rotation":0,"texture":"#0"},"west":{"uv":[3.0,8.0,6.0,0.0],"tintindex":0,"rotation":0,"texture":"#0"},"up":{"uv":[6.0,8.0,9.0,11.0],"tintindex":0,"rotation":0,"texture":"#0"},"down":{"uv":[3.0,11.0,6.0,8.0],"tintindex":0,"rotation":0,"texture":"#0"}}},{"from":[7.7272725,28.363636,7.7272725],"to":[8.272727,29.818182,8.272727],"faces":{"east":{"uv":[3.0,0.0,6.0,8.0],"tintindex":0,"rotation":0,"texture":"#0"},"south":{"uv":[6.0,0.0,9.0,8.0],"tintindex":0,"rotation":0,"texture":"#0"},"north":{"uv":[0.0,0.0,3.0,8.0],"tintindex":0,"rotation":0,"texture":"#0"},"west":{"uv":[0.0,8.0,3.0,16.0],"tintindex":0,"rotation":0,"texture":"#0"},"up":{"uv":[6.0,11.0,3.0,8.0],"tintindex":0,"rotation":0,"texture":"#0"},"down":{"uv":[9.0,8.0,6.0,11.0],"tintindex":0,"rotation":0,"texture":"#0"}}},{"from":[7.7272725,22.545456,7.7272725],"to":[8.272727,24.0,8.272727],"faces":{"east":{"uv":[3.0,0.0,6.0,8.0],"tintindex":0,"rotation":0,"texture":"#0"},"south":{"uv":[6.0,0.0,9.0,8.0],"tintindex":0,"rotation":0,"texture":"#0"},"north":{"uv":[0.0,0.0,3.0,8.0],"tintindex":0,"rotation":0,"texture":"#0"},"west":{"uv":[0.0,8.0,3.0,16.0],"tintindex":0,"rotation":0,"texture":"#0"},"up":{"uv":[6.0,11.0,3.0,8.0],"tintindex":0,"rotation":0,"texture":"#0"},"down":{"uv":[9.0,8.0,6.0,11.0],"tintindex":0,"rotation":0,"texture":"#0"}}},{"from":[8.272727,21.09091,8.272727],"to":[7.7272725,19.636364,7.7272725],"faces":{"east":{"uv":[0.0,16.0,3.0,8.0],"tintindex":0,"rotation":0,"texture":"#0"},"south":{"uv":[0.0,8.0,3.0,0.0],"tintindex":0,"rotation":0,"texture":"#0"},"north":{"uv":[6.0,8.0,9.0,0.0],"tintindex":0,"rotation":0,"texture":"#0"},"west":{"uv":[3.0,8.0,6.0,0.0],"tintindex":0,"rotation":0,"texture":"#0"},"up":{"uv":[6.0,8.0,9.0,11.0],"tintindex":0,"rotation":0,"texture":"#0"},"down":{"uv":[3.0,11.0,6.0,8.0],"tintindex":0,"rotation":0,"texture":"#0"}}},{"from":[7.7272725,9.454546,7.7272725],"to":[8.272727,10.909091,8.272727],"faces":{"east":{"uv":[3.0,0.0,6.0,8.0],"tintindex":0,"rotation":0,"texture":"#0"},"south":{"uv":[6.0,0.0,9.0,8.0],"tintindex":0,"rotation":0,"texture":"#0"},"north":{"uv":[0.0,0.0,3.0,8.0],"tintindex":0,"rotation":0,"texture":"#0"},"west":{"uv":[0.0,8.0,3.0,16.0],"tintindex":0,"rotation":0,"texture":"#0"},"up":{"uv":[6.0,11.0,3.0,8.0],"tintindex":0,"rotation":0,"texture":"#0"},"down":{"uv":[9.0,8.0,6.0,11.0],"tintindex":0,"rotation":0,"texture":"#0"}}},{"from":[7.7272725,26.909092,7.7272725],"to":[8.272727,28.363636,8.272727],"faces":{"east":{"uv":[3.0,0.0,6.0,8.0],"tintindex":0,"rotation":0,"texture":"#0"},"south":{"uv":[6.0,0.0,9.0,8.0],"tintindex":0,"rotation":0,"texture":"#0"},"north":{"uv":[0.0,0.0,3.0,8.0],"tintindex":0,"rotation":0,"texture":"#0"},"west":{"uv":[0.0,8.0,3.0,16.0],"tintindex":0,"rotation":0,"texture":"#0"},"up":{"uv":[6.0,11.0,3.0,8.0],"tintindex":0,"rotation":0,"texture":"#0"},"down":{"uv":[9.0,8.0,6.0,11.0],"tintindex":0,"rotation":0,"texture":"#0"}}},{"from":[8.272727,18.181818,8.272727],"to":[7.7272725,16.727272,7.7272725],"faces":{"east":{"uv":[0.0,16.0,3.0,8.0],"tintindex":0,"rotation":0,"texture":"#0"},"south":{"uv":[0.0,8.0,3.0,0.0],"tintindex":0,"rotation":0,"texture":"#0"},"north":{"uv":[6.0,8.0,9.0,0.0],"tintindex":0,"rotation":0,"texture":"#0"},"west":{"uv":[3.0,8.0,6.0,0.0],"tintindex":0,"rotation":0,"texture":"#0"},"up":{"uv":[6.0,8.0,9.0,11.0],"tintindex":0,"rotation":0,"texture":"#0"},"down":{"uv":[3.0,11.0,6.0,8.0],"tintindex":0,"rotation":0,"texture":"#0"}}},{"from":[8.272727,16.727272,8.272727],"to":[7.7272725,15.272728,7.7272725],"faces":{"east":{"uv":[0.0,16.0,3.0,8.0],"tintindex":0,"rotation":0,"texture":"#0"},"south":{"uv":[0.0,8.0,3.0,0.0],"tintindex":0,"rotation":0,"texture":"#0"},"north":{"uv":[6.0,8.0,9.0,0.0],"tintindex":0,"rotation":0,"texture":"#0"},"west":{"uv":[3.0,8.0,6.0,0.0],"tintindex":0,"rotation":0,"texture":"#0"},"up":{"uv":[6.0,8.0,9.0,11.0],"tintindex":0,"rotation":0,"texture":"#0"},"down":{"uv":[3.0,11.0,6.0,8.0],"tintindex":0,"rotation":0,"texture":"#0"}}},{"from":[8.272727,9.454546,8.272727],"to":[7.7272725,8.0,7.7272725],"faces":{"east":{"uv":[0.0,16.0,3.0,8.0],"tintindex":0,"rotation":0,"texture":"#0"},"south":{"uv":[0.0,8.0,3.0,0.0],"tintindex":0,"rotation":0,"texture":"#0"},"north":{"uv":[6.0,8.0,9.0,0.0],"tintindex":0,"rotation":0,"texture":"#0"},"west":{"uv":[3.0,8.0,6.0,0.0],"tintindex":0,"rotation":0,"texture":"#0"},"up":{"uv":[6.0,8.0,9.0,11.0],"tintindex":0,"rotation":0,"texture":"#0"},"down":{"uv":[3.0,11.0,6.0,8.0],"tintindex":0,"rotation":0,"texture":"#0"}}},{"from":[7.7272725,15.272728,7.7272725],"to":[8.272727,16.727272,8.272727],"faces":{"east":{"uv":[3.0,0.0,6.0,8.0],"tintindex":0,"rotation":0,"texture":"#0"},"south":{"uv":[6.0,0.0,9.0,8.0],"tintindex":0,"rotation":0,"texture":"#0"},"north":{"uv":[0.0,0.0,3.0,8.0],"tintindex":0,"rotation":0,"texture":"#0"},"west":{"uv":[0.0,8.0,3.0,16.0],"tintindex":0,"rotation":0,"texture":"#0"},"up":{"uv":[6.0,11.0,3.0,8.0],"tintindex":0,"rotation":0,"texture":"#0"},"down":{"uv":[9.0,8.0,6.0,11.0],"tintindex":0,"rotation":0,"texture":"#0"}}},{"from":[7.7272725,10.909091,7.7272725],"to":[8.272727,12.363636,8.272727],"faces":{"east":{"uv":[3.0,0.0,6.0,8.0],"tintindex":0,"rotation":0,"texture":"#0"},"south":{"uv":[6.0,0.0,9.0,8.0],"tintindex":0,"rotation":0,"texture":"#0"},"north":{"uv":[0.0,0.0,3.0,8.0],"tintindex":0,"rotation":0,"texture":"#0"},"west":{"uv":[0.0,8.0,3.0,16.0],"tintindex":0,"rotation":0,"texture":"#0"},"up":{"uv":[6.0,11.0,3.0,8.0],"tintindex":0,"rotation":0,"texture":"#0"},"down":{"uv":[9.0,8.0,6.0,11.0],"tintindex":0,"rotation":0,"texture":"#0"}}},{"from":[8.272727,13.818182,8.272727],"to":[7.7272725,12.363636,7.7272725],"faces":{"east":{"uv":[0.0,16.0,3.0,8.0],"tintindex":0,"rotation":0,"texture":"#0"},"south":{"uv":[0.0,8.0,3.0,0.0],"tintindex":0,"rotation":0,"texture":"#0"},"north":{"uv":[6.0,8.0,9.0,0.0],"tintindex":0,"rotation":0,"texture":"#0"},"west":{"uv":[3.0,8.0,6.0,0.0],"tintindex":0,"rotation":0,"texture":"#0"},"up":{"uv":[6.0,8.0,9.0,11.0],"tintindex":0,"rotation":0,"texture":"#0"},"down":{"uv":[3.0,11.0,6.0,8.0],"tintindex":0,"rotation":0,"texture":"#0"}}},{"from":[7.7272725,21.09091,7.7272725],"to":[8.272727,22.545456,8.272727],"faces":{"east":{"uv":[3.0,0.0,6.0,8.0],"tintindex":0,"rotation":0,"texture":"#0"},"south":{"uv":[6.0,0.0,9.0,8.0],"tintindex":0,"rotation":0,"texture":"#0"},"north":{"uv":[0.0,0.0,3.0,8.0],"tintindex":0,"rotation":0,"texture":"#0"},"west":{"uv":[0.0,8.0,3.0,16.0],"tintindex":0,"rotation":0,"texture":"#0"},"up":{"uv":[6.0,11.0,3.0,8.0],"tintindex":0,"rotation":0,"texture":"#0"},"down":{"uv":[9.0,8.0,6.0,11.0],"tintindex":0,"rotation":0,"texture":"#0"}}},{"from":[7.7272725,24.0,7.7272725],"to":[8.272727,25.454546,8.272727],"faces":{"east":{"uv":[3.0,0.0,6.0,8.0],"tintindex":0,"rotation":0,"texture":"#0"},"south":{"uv":[6.0,0.0,9.0,8.0],"tintindex":0,"rotation":0,"texture":"#0"},"north":{"uv":[0.0,0.0,3.0,8.0],"tintindex":0,"rotation":0,"texture":"#0"},"west":{"uv":[0.0,8.0,3.0,16.0],"tintindex":0,"rotation":0,"texture":"#0"},"up":{"uv":[6.0,11.0,3.0,8.0],"tintindex":0,"rotation":0,"texture":"#0"},"down":{"uv":[9.0,8.0,6.0,11.0],"tintindex":0,"rotation":0,"texture":"#0"}}},{"from":[8.272727,12.363636,8.272727],"to":[7.7272725,10.909091,7.7272725],"faces":{"east":{"uv":[0.0,16.0,3.0,8.0],"tintindex":0,"rotation":0,"texture":"#0"},"south":{"uv":[0.0,8.0,3.0,0.0],"tintindex":0,"rotation":0,"texture":"#0"},"north":{"uv":[6.0,8.0,9.0,0.0],"tintindex":0,"rotation":0,"texture":"#0"},"west":{"uv":[3.0,8.0,6.0,0.0],"tintindex":0,"rotation":0,"texture":"#0"},"up":{"uv":[6.0,8.0,9.0,11.0],"tintindex":0,"rotation":0,"texture":"#0"},"down":{"uv":[3.0,11.0,6.0,8.0],"tintindex":0,"rotation":0,"texture":"#0"}}},{"from":[8.272727,29.818182,8.272727],"to":[7.7272725,28.363636,7.7272725],"faces":{"east":{"uv":[0.0,16.0,3.0,8.0],"tintindex":0,"rotation":0,"texture":"#0"},"south":{"uv":[0.0,8.0,3.0,0.0],"tintindex":0,"rotation":0,"texture":"#0"},"north":{"uv":[6.0,8.0,9.0,0.0],"tintindex":0,"rotation":0,"texture":"#0"},"west":{"uv":[3.0,8.0,6.0,0.0],"tintindex":0,"rotation":0,"texture":"#0"},"up":{"uv":[6.0,8.0,9.0,11.0],"tintindex":0,"rotation":0,"texture":"#0"},"down":{"uv":[3.0,11.0,6.0,8.0],"tintindex":0,"rotation":0,"texture":"#0"}}},{"from":[7.7272725,18.181818,7.7272725],"to":[8.272727,19.636364,8.272727],"faces":{"east":{"uv":[3.0,0.0,6.0,8.0],"tintindex":0,"rotation":0,"texture":"#0"},"south":{"uv":[6.0,0.0,9.0,8.0],"tintindex":0,"rotation":0,"texture":"#0"},"north":{"uv":[0.0,0.0,3.0,8.0],"tintindex":0,"rotation":0,"texture":"#0"},"west":{"uv":[0.0,8.0,3.0,16.0],"tintindex":0,"rotation":0,"texture":"#0"},"up":{"uv":[6.0,11.0,3.0,8.0],"tintindex":0,"rotation":0,"texture":"#0"},"down":{"uv":[9.0,8.0,6.0,11.0],"tintindex":0,"rotation":0,"texture":"#0"}}},{"from":[8.272727,25.454546,8.272727],"to":[7.7272725,24.0,7.7272725],"faces":{"east":{"uv":[0.0,16.0,3.0,8.0],"tintindex":0,"rotation":0,"texture":"#0"},"south":{"uv":[0.0,8.0,3.0,0.0],"tintindex":0,"rotation":0,"texture":"#0"},"north":{"uv":[6.0,8.0,9.0,0.0],"tintindex":0,"rotation":0,"texture":"#0"},"west":{"uv":[3.0,8.0,6.0,0.0],"tintindex":0,"rotation":0,"texture":"#0"},"up":{"uv":[6.0,8.0,9.0,11.0],"tintindex":0,"rotation":0,"texture":"#0"},"down":{"uv":[3.0,11.0,6.0,8.0],"tintindex":0,"rotation":0,"texture":"#0"}}},{"from":[7.7272725,13.818182,7.7272725],"to":[8.272727,15.272728,8.272727],"faces":{"east":{"uv":[3.0,0.0,6.0,8.0],"tintindex":0,"rotation":0,"texture":"#0"},"south":{"uv":[6.0,0.0,9.0,8.0],"tintindex":0,"rotation":0,"texture":"#0"},"north":{"uv":[0.0,0.0,3.0,8.0],"tintindex":0,"rotation":0,"texture":"#0"},"west":{"uv":[0.0,8.0,3.0,16.0],"tintindex":0,"rotation":0,"texture":"#0"},"up":{"uv":[6.0,11.0,3.0,8.0],"tintindex":0,"rotation":0,"texture":"#0"},"down":{"uv":[9.0,8.0,6.0,11.0],"tintindex":0,"rotation":0,"texture":"#0"}}},{"from":[8.272727,22.545456,8.272727],"to":[7.7272725,21.09091,7.7272725],"faces":{"east":{"uv":[0.0,16.0,3.0,8.0],"tintindex":0,"rotation":0,"texture":"#0"},"south":{"uv":[0.0,8.0,3.0,0.0],"tintindex":0,"rotation":0,"texture":"#0"},"north":{"uv":[6.0,8.0,9.0,0.0],"tintindex":0,"rotation":0,"texture":"#0"},"west":{"uv":[3.0,8.0,6.0,0.0],"tintindex":0,"rotation":0,"texture":"#0"},"up":{"uv":[6.0,8.0,9.0,11.0],"tintindex":0,"rotation":0,"texture":"#0"},"down":{"uv":[3.0,11.0,6.0,8.0],"tintindex":0,"rotation":0,"texture":"#0"}}},{"from":[8.272727,28.363636,8.272727],"to":[7.7272725,26.909092,7.7272725],"faces":{"east":{"uv":[0.0,16.0,3.0,8.0],"tintindex":0,"rotation":0,"texture":"#0"},"south":{"uv":[0.0,8.0,3.0,0.0],"tintindex":0,"rotation":0,"texture":"#0"},"north":{"uv":[6.0,8.0,9.0,0.0],"tintindex":0,"rotation":0,"texture":"#0"},"west":{"uv":[3.0,8.0,6.0,0.0],"tintindex":0,"rotation":0,"texture":"#0"},"up":{"uv":[6.0,8.0,9.0,11.0],"tintindex":0,"rotation":0,"texture":"#0"},"down":{"uv":[3.0,11.0,6.0,8.0],"tintindex":0,"rotation":0,"texture":"#0"}}},{"from":[8.272727,24.0,8.272727],"to":[7.7272725,22.545456,7.7272725],"faces":{"east":{"uv":[0.0,16.0,3.0,8.0],"tintindex":0,"rotation":0,"texture":"#0"},"south":{"uv":[0.0,8.0,3.0,0.0],"tintindex":0,"rotation":0,"texture":"#0"},"north":{"uv":[6.0,8.0,9.0,0.0],"tintindex":0,"rotation":0,"texture":"#0"},"west":{"uv":[3.0,8.0,6.0,0.0],"tintindex":0,"rotation":0,"texture":"#0"},"up":{"uv":[6.0,8.0,9.0,11.0],"tintindex":0,"rotation":0,"texture":"#0"},"down":{"uv":[3.0,11.0,6.0,8.0],"tintindex":0,"rotation":0,"texture":"#0"}}},{"from":[7.7272725,8.0,7.7272725],"to":[8.272727,9.454546,8.272727],"faces":{"east":{"uv":[3.0,0.0,6.0,8.0],"tintindex":0,"rotation":0,"texture":"#0"},"south":{"uv":[6.0,0.0,9.0,8.0],"tintindex":0,"rotation":0,"texture":"#0"},"north":{"uv":[0.0,0.0,3.0,8.0],"tintindex":0,"rotation":0,"texture":"#0"},"west":{"uv":[0.0,8.0,3.0,16.0],"tintindex":0,"rotation":0,"texture":"#0"},"up":{"uv":[6.0,11.0,3.0,8.0],"tintindex":0,"rotation":0,"texture":"#0"},"down":{"uv":[9.0,8.0,6.0,11.0],"tintindex":0,"rotation":0,"texture":"#0"}}},{"from":[8.272727,26.909092,8.272727],"to":[7.7272725,25.454546,7.7272725],"faces":{"east":{"uv":[0.0,16.0,3.0,8.0],"tintindex":0,"rotation":0,"texture":"#0"},"south":{"uv":[0.0,8.0,3.0,0.0],"tintindex":0,"rotation":0,"texture":"#0"},"north":{"uv":[6.0,8.0,9.0,0.0],"tintindex":0,"rotation":0,"texture":"#0"},"west":{"uv":[3.0,8.0,6.0,0.0],"tintindex":0,"rotation":0,"texture":"#0"},"up":{"uv":[6.0,8.0,9.0,11.0],"tintindex":0,"rotation":0,"texture":"#0"},"down":{"uv":[3.0,11.0,6.0,8.0],"tintindex":0,"rotation":0,"texture":"#0"}}},{"from":[7.7272725,25.454546,7.7272725],"to":[8.272727,26.909092,8.272727],"faces":{"east":{"uv":[3.0,0.0,6.0,8.0],"tintindex":0,"rotation":0,"texture":"#0"},"south":{"uv":[6.0,0.0,9.0,8.0],"tintindex":0,"rotation":0,"texture":"#0"},"north":{"uv":[0.0,0.0,3.0,8.0],"tintindex":0,"rotation":0,"texture":"#0"},"west":{"uv":[0.0,8.0,3.0,16.0],"tintindex":0,"rotation":0,"texture":"#0"},"up":{"uv":[6.0,11.0,3.0,8.0],"tintindex":0,"rotation":0,"texture":"#0"},"down":{"uv":[9.0,8.0,6.0,11.0],"tintindex":0,"rotation":0,"texture":"#0"}}}],"display":{"head":{"rotation":[0.0,0.0,0.0]},"firstperson_righthand":{"rotation":[0.0,0.0,0.0]},"thirdperson_lefthand":{"rotation":[0.0,-0.0,-0.0]},"firstperson_lefthand":{"rotation":[0.0,-0.0,-0.0]},"fixed":{"rotation":[0.0,0.0,0.0]},"ground":{"rotation":[0.0,0.0,0.0]},"thirdperson_righthand":{"rotation":[0.0,0.0,0.0]},"gui":{"rotation":[-150.0,-75.0,-180.0]}}}