{
	"credit": "Made with Blockbench",
	"ambientocclusion": false,
	"texture_size": [64, 64],
	"textures": {
		"0": "hmccosmetics:item/eagle_wings",
		"particle": "hmccosmetics:item/eagle_wings"
	},
	"elements": [
		{
			"from": [-6, 12, 10],
			"to": [7, 15, 13],
			"rotation": {"angle": 0, "axis": "y", "origin": [7, 21, -4]},
			"faces": {
				"north": {"uv": [8, 6, 11.25, 6.75], "texture": "#0"},
				"east": {"uv": [7.25, 6, 8, 6.75], "texture": "#0"},
				"south": {"uv": [12, 6, 15.25, 6.75], "texture": "#0"},
				"west": {"uv": [11.25, 6, 12, 6.75], "texture": "#0"},
				"up": {"uv": [11.25, 6, 8, 5.25], "texture": "#0"},
				"down": {"uv": [14.5, 5.25, 11.25, 6], "texture": "#0"}
			}
		},
		{
			"from": [-6, 0.5, 11],
			"to": [7, 12.5, 11],
			"rotation": {"angle": 0, "axis": "y", "origin": [7, 21, -4]},
			"faces": {
				"north": {"uv": [6.5, 1.5, 9.75, 4.5], "texture": "#0"},
				"east": {"uv": [6.5, 1.5, 6.5, 4.5], "texture": "#0"},
				"south": {"uv": [9.75, 1.5, 13, 4.5], "texture": "#0"},
				"west": {"uv": [9.75, 1.5, 9.75, 4.5], "texture": "#0"},
				"up": {"uv": [9.75, 1.5, 6.5, 1.5], "texture": "#0"},
				"down": {"uv": [13, 1.5, 9.75, 1.5], "texture": "#0"}
			}
		},
		{
			"from": [-11.88331, 7.63289, 10.0391],
			"to": [1.11669, 10.63289, 13.0391],
			"rotation": {"angle": -22.5, "axis": "z", "origin": [8, 26, -4]},
			"faces": {
				"north": {"uv": [0.75, 6.75, 4, 7.5], "texture": "#0"},
				"east": {"uv": [0, 6.75, 0.75, 7.5], "texture": "#0"},
				"south": {"uv": [4.75, 6.75, 8, 7.5], "texture": "#0"},
				"west": {"uv": [4, 6.75, 4.75, 7.5], "texture": "#0"},
				"up": {"uv": [4, 6.75, 0.75, 6], "texture": "#0"},
				"down": {"uv": [7.25, 6, 4, 6.75], "texture": "#0"}
			}
		},
		{
			"from": [-9.94657, 2.5, 11.0391],
			"to": [-6.94657, 14.5, 11.0391],
			"rotation": {"angle": 0, "axis": "y", "origin": [8, 26, -4]},
			"faces": {
				"north": {"uv": [7.5, 7.5, 8.25, 10.5], "texture": "#0"},
				"east": {"uv": [7.5, 7.5, 7.5, 10.5], "texture": "#0"},
				"south": {"uv": [8.25, 7.5, 9, 10.5], "texture": "#0"},
				"west": {"uv": [8.25, 7.5, 8.25, 10.5], "texture": "#0"},
				"up": {"uv": [8.25, 7.5, 7.5, 7.5], "texture": "#0"},
				"down": {"uv": [9, 7.5, 8.25, 7.5], "texture": "#0"}
			}
		},
		{
			"from": [-11.25836, -3.86711, 11.0891],
			"to": [-8.25836, 8.13289, 11.0891],
			"rotation": {"angle": -22.5, "axis": "z", "origin": [8, 26, -4]},
			"faces": {
				"north": {"uv": [7.5, 7.5, 8.25, 10.5], "texture": "#0"},
				"east": {"uv": [7.5, 7.5, 7.5, 10.5], "texture": "#0"},
				"south": {"uv": [8.25, 7.5, 9, 10.5], "texture": "#0"},
				"west": {"uv": [8.25, 7.5, 8.25, 10.5], "texture": "#0"},
				"up": {"uv": [8.25, 7.5, 7.5, 7.5], "texture": "#0"},
				"down": {"uv": [9, 7.5, 8.25, 7.5], "texture": "#0"}
			}
		},
		{
			"from": [-7.25836, -6.86711, 11.0391],
			"to": [-4.25836, 8.13289, 11.0391],
			"rotation": {"angle": -22.5, "axis": "z", "origin": [8, 26, -4]},
			"faces": {
				"north": {"uv": [1.5, 7.5, 2.25, 11.25], "texture": "#0"},
				"east": {"uv": [1.5, 7.5, 1.5, 11.25], "texture": "#0"},
				"south": {"uv": [2.25, 7.5, 3, 11.25], "texture": "#0"},
				"west": {"uv": [2.25, 7.5, 2.25, 11.25], "texture": "#0"},
				"up": {"uv": [2.25, 7.5, 1.5, 7.5], "texture": "#0"},
				"down": {"uv": [3, 7.5, 2.25, 7.5], "texture": "#0"}
			}
		},
		{
			"from": [-4.41421, -9.43799, 11.0391],
			"to": [-1.41421, 2.56201, 11.0391],
			"rotation": {"angle": -45, "axis": "z", "origin": [8, 26, -4]},
			"faces": {
				"north": {"uv": [7.5, 7.5, 8.25, 10.5], "texture": "#0"},
				"east": {"uv": [7.5, 7.5, 7.5, 10.5], "texture": "#0"},
				"south": {"uv": [8.25, 7.5, 9, 10.5], "texture": "#0"},
				"west": {"uv": [8.25, 7.5, 8.25, 10.5], "texture": "#0"},
				"up": {"uv": [8.25, 7.5, 7.5, 7.5], "texture": "#0"},
				"down": {"uv": [9, 7.5, 8.25, 7.5], "texture": "#0"}
			}
		},
		{
			"from": [9, 12, 10],
			"to": [22, 15, 13],
			"rotation": {"angle": 0, "axis": "y", "origin": [9, 21, -4]},
			"faces": {
				"north": {"uv": [11.25, 6, 8, 6.75], "texture": "#0"},
				"east": {"uv": [12, 6, 11.25, 6.75], "texture": "#0"},
				"south": {"uv": [15.25, 6, 12, 6.75], "texture": "#0"},
				"west": {"uv": [8, 6, 7.25, 6.75], "texture": "#0"},
				"up": {"uv": [8, 6, 11.25, 5.25], "texture": "#0"},
				"down": {"uv": [11.25, 5.25, 14.5, 6], "texture": "#0"}
			}
		},
		{
			"from": [9, 0.5, 11],
			"to": [22, 12.5, 11],
			"rotation": {"angle": 0, "axis": "y", "origin": [9, 21, -4]},
			"faces": {
				"north": {"uv": [9.75, 1.5, 6.5, 4.5], "texture": "#0"},
				"east": {"uv": [9.75, 1.5, 9.75, 4.5], "texture": "#0"},
				"south": {"uv": [13, 1.5, 9.75, 4.5], "texture": "#0"},
				"west": {"uv": [6.5, 1.5, 6.5, 4.5], "texture": "#0"},
				"up": {"uv": [6.5, 1.5, 9.75, 1.5], "texture": "#0"},
				"down": {"uv": [9.75, 1.5, 13, 1.5], "texture": "#0"}
			}
		},
		{
			"from": [14.88331, 7.63289, 10.0391],
			"to": [27.88331, 10.63289, 13.0391],
			"rotation": {"angle": 22.5, "axis": "z", "origin": [8, 26, -4]},
			"faces": {
				"north": {"uv": [4, 6.75, 0.75, 7.5], "texture": "#0"},
				"east": {"uv": [4.75, 6.75, 4, 7.5], "texture": "#0"},
				"south": {"uv": [8, 6.75, 4.75, 7.5], "texture": "#0"},
				"west": {"uv": [0.75, 6.75, 0, 7.5], "texture": "#0"},
				"up": {"uv": [0.75, 6.75, 4, 6], "texture": "#0"},
				"down": {"uv": [4, 6, 7.25, 6.75], "texture": "#0"}
			}
		},
		{
			"from": [22.94657, 2.5, 11.0391],
			"to": [25.94657, 14.5, 11.0391],
			"rotation": {"angle": 0, "axis": "y", "origin": [8, 26, -4]},
			"faces": {
				"north": {"uv": [8.25, 7.5, 7.5, 10.5], "texture": "#0"},
				"east": {"uv": [8.25, 7.5, 8.25, 10.5], "texture": "#0"},
				"south": {"uv": [9, 7.5, 8.25, 10.5], "texture": "#0"},
				"west": {"uv": [7.5, 7.5, 7.5, 10.5], "texture": "#0"},
				"up": {"uv": [7.5, 7.5, 8.25, 7.5], "texture": "#0"},
				"down": {"uv": [8.25, 7.5, 9, 7.5], "texture": "#0"}
			}
		},
		{
			"from": [24.25836, -3.86711, 11.0891],
			"to": [27.25836, 8.13289, 11.0891],
			"rotation": {"angle": 22.5, "axis": "z", "origin": [8, 26, -4]},
			"faces": {
				"north": {"uv": [8.25, 7.5, 7.5, 10.5], "texture": "#0"},
				"east": {"uv": [8.25, 7.5, 8.25, 10.5], "texture": "#0"},
				"south": {"uv": [9, 7.5, 8.25, 10.5], "texture": "#0"},
				"west": {"uv": [7.5, 7.5, 7.5, 10.5], "texture": "#0"},
				"up": {"uv": [7.5, 7.5, 8.25, 7.5], "texture": "#0"},
				"down": {"uv": [8.25, 7.5, 9, 7.5], "texture": "#0"}
			}
		},
		{
			"from": [20.25836, -6.86711, 11.0391],
			"to": [23.25836, 8.13289, 11.0391],
			"rotation": {"angle": 22.5, "axis": "z", "origin": [8, 26, -4]},
			"faces": {
				"north": {"uv": [2.25, 7.5, 1.5, 11.25], "texture": "#0"},
				"east": {"uv": [2.25, 7.5, 2.25, 11.25], "texture": "#0"},
				"south": {"uv": [3, 7.5, 2.25, 11.25], "texture": "#0"},
				"west": {"uv": [1.5, 7.5, 1.5, 11.25], "texture": "#0"},
				"up": {"uv": [1.5, 7.5, 2.25, 7.5], "texture": "#0"},
				"down": {"uv": [2.25, 7.5, 3, 7.5], "texture": "#0"}
			}
		},
		{
			"from": [17.41421, -9.43799, 11.0391],
			"to": [20.41421, 2.56201, 11.0391],
			"rotation": {"angle": 45, "axis": "z", "origin": [8, 26, -4]},
			"faces": {
				"north": {"uv": [8.25, 7.5, 7.5, 10.5], "texture": "#0"},
				"east": {"uv": [8.25, 7.5, 8.25, 10.5], "texture": "#0"},
				"south": {"uv": [9, 7.5, 8.25, 10.5], "texture": "#0"},
				"west": {"uv": [7.5, 7.5, 7.5, 10.5], "texture": "#0"},
				"up": {"uv": [7.5, 7.5, 8.25, 7.5], "texture": "#0"},
				"down": {"uv": [8.25, 7.5, 9, 7.5], "texture": "#0"}
			}
		}
	],
	"display": {
		"thirdperson_righthand": {
			"translation": [0, -1.5, 0],
			"scale": [0.2, 0.2, 0.2]
		},
		"thirdperson_lefthand": {
			"scale": [0.2, 0.2, 0.2]
		},
		"firstperson_righthand": {
			"rotation": [0, 96, 0],
			"translation": [0, -0.5, 9],
			"scale": [0.3, 0.3, 0.3]
		},
		"firstperson_lefthand": {
			"rotation": [0, -86, 0],
			"translation": [2.5, -0.75, 8.25],
			"scale": [0.3, 0.3, 0.3]
		},
		"ground": {
			"translation": [0, -5, 0],
			"scale": [0.3, 0.3, 0.3]
		},
		"gui": {
			"rotation": [17, -58, 0],
			"translation": [1.25, -6.5, 0],
			"scale": [0.5, 0.5, 0.5]
		},
		"head": {
			"translation": [0, -31.75, 0],
			"scale": [1.6, 1.6, 1.6]
		},
		"fixed": {
			"translation": [0, -7, -2.25],
			"scale": [0.5, 0.5, 0.5]
		}
	},
	"groups": [
		{
			"name": "left_wings",
			"origin": [15, 18, -5],
			"color": 0,
			"children": [
				0,
				1,
				{
					"name": "bone7",
					"origin": [-1.5, 19, -5],
					"rotation": [0, -22.5, 0],
					"color": 0,
					"children": [2, 3, 4, 5, 6]
				}
			]
		},
		{
			"name": "left_wings",
			"origin": [15, 18, -5],
			"color": 0,
			"children": [
				7,
				8,
				{
					"name": "bone7",
					"origin": [-1.5, 19, -5],
					"rotation": [0, -22.5, 0],
					"color": 0,
					"children": [9, 10, 11, 12, 13]
				}
			]
		}
	]
}