{"textures​":{"1":"\u0061\u006b\u0061\u006c\u0065\u0061\u0066_\u0064\u0065\u006d\u006f\u006e\u0069\u0063:\u0069\u0074\u0065\u006d/\u0061\u006b\u0061\u006c\u0065\u0061\u0066/\u0061\u006b\u0061\u006c\u0065\u0061\u0066_\u0064\u0065\u006d\u006f\u006e\u0069\u0063/\u0061\u006b\u0061\u006c\u0065\u0061\u0066_\u0064\u0065\u006d\u006f\u006e\u0069\u0063_\u0073\u0068\u0069\u0065\u006c\u0064","\u0070\u0061\u0072\u0074\u0069\u0063\u006c\u0065":"\u0061\u006b\u0061\u006c\u0065\u0061\u0066_\u0064\u0065\u006d\u006f\u006e\u0069\u0063:\u0069\u0074\u0065\u006d/\u0061\u006b\u0061\u006c\u0065\u0061\u0066/\u0061\u006b\u0061\u006c\u0065\u0061\u0066_\u0064\u0065\u006d\u006f\u006e\u0069\u0063/\u0061\u006b\u0061\u006c\u0065\u0061\u0066_\u0064\u0065\u006d\u006f\u006e\u0069\u0063_\u0073\u0068\u0069\u0065\u006c\u0064"},"texture_size":[64,64],"\u0074\u0065\u0078\u0074\u0075\u0072\u0065\u0073":{"1":"\u0061\u006b\u0061\u006c\u0065\u0061\u0066_\u0064\u0065\u006d\u006f\u006e\u0069\u0063:\u0069\u0074\u0065\u006d/\u0061\u006b\u0061\u006c\u0065\u0061\u0066/\u0061\u006b\u0061\u006c\u0065\u0061\u0066_\u0064\u0065\u006d\u006f\u006e\u0069\u0063/\u0061\u006b\u0061\u006c\u0065\u0061\u0066_\u0064\u0065\u006d\u006f\u006e\u0069\u0063_\u0073\u0068\u0069\u0065\u006c\u0064","\u0070\u0061\u0072\u0074\u0069\u0063\u006c\u0065":"\u0061\u006b\u0061\u006c\u0065\u0061\u0066_\u0064\u0065\u006d\u006f\u006e\u0069\u0063:\u0069\u0074\u0065\u006d/\u0061\u006b\u0061\u006c\u0065\u0061\u0066/\u0061\u006b\u0061\u006c\u0065\u0061\u0066_\u0064\u0065\u006d\u006f\u006e\u0069\u0063/\u0061\u006b\u0061\u006c\u0065\u0061\u0066_\u0064\u0065\u006d\u006f\u006e\u0069\u0063_\u0073\u0068\u0069\u0065\u006c\u0064"},"elements":[{"name":"handle","from":[7,8,13],"to":[9,14,19],"faces":{"east":{"uv":[10.75,6.25,12.25,7.75],"texture":"#1"},"south":{"uv":[12,6.25,12.25,7.75],"texture":"#1"},"west":{"uv":[12.25,6.25,10.75,7.75],"texture":"#1"},"up":{"uv":[12.25,6.5,10.75,6.25],"rotation":90,"texture":"#1"},"down":{"uv":[12.25,7.75,10.75,7.5],"rotation":90,"texture":"#1"}}},{"name":"shield","from":[0.5,3.5,12],"to":[15.5,18.5,13],"rotation":{"angle":45,"axis":"z","origin":[8,11,12.5]},"faces":{"north":{"uv":[7.25,8.75,11,12.5],"texture":"#1"},"east":{"uv":[7.5,8.75,7.25,12.5],"texture":"#1"},"south":{"uv":[11,8.75,7.25,12.5],"texture":"#1"},"west":{"uv":[11,8.75,10.75,12.5],"texture":"#1"},"up":{"uv":[11,8.75,7.25,9],"texture":"#1"},"down":{"uv":[11,12.25,7.25,12.5],"texture":"#1"}}},{"name":"shield","from":[5.5,8.5,11],"to":[10.5,13.5,12],"rotation":{"angle":45,"axis":"z","origin":[8,11,11.5]},"faces":{"north":{"uv":[8.5,10,9.75,11.25],"texture":"#1"},"east":{"uv":[8.5,10,8.75,11.25],"texture":"#1"},"west":{"uv":[9.75,10,9.5,11.25],"texture":"#1"},"up":{"uv":[9.75,10,8.5,10.25],"texture":"#1"},"down":{"uv":[9.75,11,8.5,11.25],"texture":"#1"}}},{"name":"shield","from":[0.5,13.5,12.01],"to":[5.5,18.5,12.99],"rotation":{"angle":0,"axis":"z","origin":[8,11,12.5]},"faces":{"north":{"uv":[8.5,7.5,9.75,8.75],"texture":"#1"},"south":{"uv":[9.75,7.5,8.5,8.75],"texture":"#1"},"west":{"uv":[9.5,7.5,9.75,8.75],"texture":"#1"},"up":{"uv":[9.75,7.5,8.5,7.75],"texture":"#1"}}},{"name":"shield","from":[2.12641,18.41969,12.5],"to":[6.12641,21.41969,12.52],"rotation":{"angle":-22.5,"axis":"z","origin":[3.62641,20.91969,12.5]},"faces":{"north":{"uv":[7.5,8,8.5,8.75],"texture":"#1"},"south":{"uv":[8.5,8,7.5,8.75],"texture":"#1"}}},{"name":"shield","from":[9.87359,18.41969,12.5],"to":[13.87359,21.41969,12.52],"rotation":{"angle":22.5,"axis":"z","origin":[12.37359,20.91969,12.5]},"faces":{"north":{"uv":[6.25,9.25,7.25,10],"texture":"#1"},"south":{"uv":[7.25,9.25,6.25,10],"texture":"#1"}}},{"name":"shield","from":[9.87359,0.58031,12.5],"to":[13.87359,3.58031,12.52],"rotation":{"angle":-22.5,"axis":"z","origin":[12.37359,1.08031,12.5]},"faces":{"north":{"uv":[9.75,12.5,10.75,13.25],"texture":"#1"},"south":{"uv":[10.75,12.5,9.75,13.25],"texture":"#1"}}},{"name":"shield","from":[2.12641,0.58031,12.5],"to":[6.12641,3.58031,12.52],"rotation":{"angle":22.5,"axis":"z","origin":[3.62641,1.08031,12.5]},"faces":{"north":{"uv":[11,11.25,12,12],"texture":"#1"},"south":{"uv":[12,11.25,11,12],"texture":"#1"}}},{"name":"shield","from":[15.26119,4.65957,12.5],"to":[18.26119,8.65957,12.52],"rotation":{"angle":22.5,"axis":"z","origin":[16.76119,6.65957,12.51]},"faces":{"north":{"uv":[8.5,13.5,7.75,12.5],"rotation":180,"texture":"#1"},"south":{"uv":[7.75,13.5,8.5,12.5],"rotation":180,"texture":"#1"}}},{"name":"shield","from":[15.26119,13.34043,12.5],"to":[18.26119,17.34043,12.52],"rotation":{"angle":-22.5,"axis":"z","origin":[16.76119,15.34043,12.51]},"faces":{"north":{"uv":[7.25,12.25,6.5,11.25],"rotation":180,"texture":"#1"},"south":{"uv":[6.5,12.25,7.25,11.25],"rotation":180,"texture":"#1"}}},{"name":"shield","from":[-2.26119,4.65957,12.5],"to":[0.73881,8.65957,12.52],"rotation":{"angle":-22.5,"axis":"z","origin":[-0.76119,6.65957,12.51]},"faces":{"north":{"uv":[11.75,10,11,9],"rotation":180,"texture":"#1"},"south":{"uv":[11,10,11.75,9],"rotation":180,"texture":"#1"}}},{"name":"shield","from":[-2.26119,13.34043,12.5],"to":[0.73881,17.34043,12.52],"rotation":{"angle":22.5,"axis":"z","origin":[-0.76119,15.34043,12.51]},"faces":{"north":{"uv":[10.5,8.75,9.75,7.75],"rotation":180,"texture":"#1"},"south":{"uv":[9.75,8.75,10.5,7.75],"rotation":180,"texture":"#1"}}},{"name":"shield","from":[10.5,13.5,12.01],"to":[15.5,18.5,12.99],"rotation":{"angle":0,"axis":"z","origin":[8,11,12.5]},"faces":{"north":{"uv":[6,10,7.25,11.25],"texture":"#1"},"east":{"uv":[6.25,10,6,11.25],"texture":"#1"},"south":{"uv":[7.25,10,6,11.25],"texture":"#1"},"up":{"uv":[7.25,10,6,10.25],"texture":"#1"}}},{"name":"shield","from":[0.5,3.5,12.01],"to":[5.5,8.5,12.99],"rotation":{"angle":0,"axis":"z","origin":[8,-1,12.5]},"faces":{"north":{"uv":[11,10,12.25,11.25],"texture":"#1"},"south":{"uv":[12.25,10,11,11.25],"texture":"#1"},"west":{"uv":[12,10,12.25,11.25],"texture":"#1"},"down":{"uv":[12.25,11,11,11.25],"texture":"#1"}}},{"name":"shield","from":[10.5,3.5,12.01],"to":[15.5,8.5,12.99],"rotation":{"angle":0,"axis":"z","origin":[20,-1,12.5]},"faces":{"north":{"uv":[8.5,12.5,9.75,13.75],"texture":"#1"},"east":{"uv":[8.75,12.5,8.5,13.75],"texture":"#1"},"south":{"uv":[9.75,12.5,8.5,13.75],"texture":"#1"},"down":{"uv":[9.75,13.5,8.5,13.75],"texture":"#1"}}}],"display":{"thirdperson_righthand":{"rotation":[90,-90,90],"translation":[8,-5,3]},"thirdperson_lefthand":{"rotation":[90,-90,90],"translation":[8,-5,3]},"firstperson_righthand":{"rotation":[75,-90,90],"translation":[8,-7,3]},"firstperson_lefthand":{"rotation":[75,-90,90],"translation":[8,-7,3]},"ground":{"rotation":[45,0,0],"translation":[0,5.75,-1.5],"scale":[0.5,0.5,0.5]},"gui":{"rotation":[-22.25,152.25,30.5],"translation":[-2.5,-0.75,0],"scale":[0.75,0.75,0.75]},"head":{"rotation":[90,0,0],"translation":[0,11.75,-3]},"fixed":{"translation":[0,-1.75,-3],"scale":[0.7,0.7,0.7]}},"mcmodels":"34bf1602c2f53f199c1f79bf5626a632"}