{"textures​":{"layer0":"minecraft:item/cobbled_deepslate_wall"},"texture_size":[64,64],"\u0074\u0065\u0078\u0074\u0075\u0072\u0065\u0073":{"2":"\u0061\u006b\u0061\u006c\u0065\u0061\u0066_\u0064\u0065\u006d\u006f\u006e\u0069\u0063:\u0069\u0074\u0065\u006d/\u0061\u006b\u0061\u006c\u0065\u0061\u0066/\u0061\u006b\u0061\u006c\u0065\u0061\u0066_\u0064\u0065\u006d\u006f\u006e\u0069\u0063/\u0061\u006b\u0061\u006c\u0065\u0061\u0066_\u0064\u0065\u006d\u006f\u006e\u0069\u0063_\u0073\u0077\u006f\u0072\u0064","\u0070\u0061\u0072\u0074\u0069\u0063\u006c\u0065":"\u0061\u006b\u0061\u006c\u0065\u0061\u0066_\u0064\u0065\u006d\u006f\u006e\u0069\u0063:\u0069\u0074\u0065\u006d/\u0061\u006b\u0061\u006c\u0065\u0061\u0066/\u0061\u006b\u0061\u006c\u0065\u0061\u0066_\u0064\u0065\u006d\u006f\u006e\u0069\u0063/\u0061\u006b\u0061\u006c\u0065\u0061\u0066_\u0064\u0065\u006d\u006f\u006e\u0069\u0063_\u0073\u0077\u006f\u0072\u0064"},"elements":[{"from":[10.34068,3.68537,7.23],"to":[12.38068,5.72537,8.77],"rotation":{"angle":-22.5,"axis":"z","origin":[11.36068,4.20537,8.02]},"faces":{"north":{"uv":[3.75,5.5,4.25,6],"texture":"#2"},"east":{"uv":[3.75,5.5,4,6],"texture":"#2"},"south":{"uv":[4.25,5.5,3.75,6],"texture":"#2"},"up":{"uv":[4.25,5.5,3.75,5.75],"texture":"#2"},"down":{"uv":[4.25,5.75,3.75,6],"texture":"#2"}}},{"from":[9.97283,2.38172,7.52],"to":[11.97283,5.38172,8.52],"rotation":{"angle":22.5,"axis":"z","origin":[11.97283,2.88172,8.02]},"faces":{"north":{"uv":[3.75,6,4.25,6.75],"texture":"#2"},"east":{"uv":[4,6,3.75,6.75],"texture":"#2"},"south":{"uv":[4.25,6,3.75,6.75],"texture":"#2"},"west":{"uv":[4,6,4.25,6.75],"texture":"#2"},"down":{"uv":[4.25,6.5,3.75,6.75],"texture":"#2"}}},{"from":[4.02717,2.38172,7.52],"to":[6.02717,5.38172,8.52],"rotation":{"angle":-22.5,"axis":"z","origin":[4.02717,2.88172,8.02]},"faces":{"north":{"uv":[5.75,6,6.25,6.75],"texture":"#2"},"east":{"uv":[5.75,6,6,6.75],"texture":"#2"},"south":{"uv":[6.25,6,5.75,6.75],"texture":"#2"},"west":{"uv":[6,6,6.25,6.75],"texture":"#2"},"down":{"uv":[6.25,6.5,5.75,6.75],"texture":"#2"}}},{"from":[3.61932,3.68537,7.23],"to":[5.65932,5.72537,8.77],"rotation":{"angle":22.5,"axis":"z","origin":[4.63932,4.20537,8.02]},"faces":{"north":{"uv":[5.75,5.5,6.25,6],"texture":"#2"},"south":{"uv":[6.25,5.5,5.75,6],"texture":"#2"},"west":{"uv":[6,5.5,6.25,6],"texture":"#2"},"up":{"uv":[6.25,5.5,5.75,5.75],"texture":"#2"},"down":{"uv":[6.25,5.75,5.75,6],"texture":"#2"}}},{"from":[6.5,2.5,6.75],"to":[9.5,6.5,9.25],"rotation":{"angle":0,"axis":"y","origin":[8,30,7.5]},"faces":{"north":{"uv":[4.5,6.25,5.25,7.25],"texture":"#2"},"east":{"uv":[4.5,6.25,4.75,7.25],"texture":"#2"},"south":{"uv":[5.25,6.25,4.5,7.25],"texture":"#2"},"west":{"uv":[5.25,6.25,5,7.25],"texture":"#2"},"up":{"uv":[5.25,6.25,4.5,6.5],"texture":"#2"},"down":{"uv":[5.25,7,4.5,7.25],"texture":"#2"}}},{"from":[5,3,7],"to":[11,6,9],"rotation":{"angle":0,"axis":"y","origin":[8,30.5,7.5]},"faces":{"north":{"uv":[4.25,5.5,5.75,6.25],"texture":"#2"},"east":{"uv":[4.25,5.5,4.5,6.25],"texture":"#2"},"south":{"uv":[5.75,5.5,4.25,6.25],"texture":"#2"},"west":{"uv":[5.5,5.5,5.75,6.25],"texture":"#2"},"up":{"uv":[5.75,5.5,4.25,5.75],"texture":"#2"},"down":{"uv":[5.75,6,4.25,6.25],"texture":"#2"}}},{"from":[7,-8.75,7],"to":[10,-5.75,9],"rotation":{"angle":-45,"axis":"z","origin":[8,-6.75,8]},"faces":{"north":{"uv":[4.5,9.75,5.25,10.5],"texture":"#2"},"east":{"uv":[4.5,9.75,4.75,10.5],"texture":"#2"},"south":{"uv":[5.25,9.75,4.5,10.5],"texture":"#2"},"west":{"uv":[5,9.75,5.25,10.5],"texture":"#2"},"up":{"uv":[5.25,9.75,4.5,10],"texture":"#2"},"down":{"uv":[5.25,10.25,4.5,10.5],"texture":"#2"}}},{"from":[7.02,-6.38,7.27],"to":[8.98,2.58,8.73],"rotation":{"angle":0,"axis":"y","origin":[8,27.1,7.5]},"faces":{"north":{"uv":[4.75,7.25,5.25,9.5],"texture":"#2"},"east":{"uv":[4.75,7.25,5,9.5],"texture":"#2"},"south":{"uv":[5.25,7.25,4.75,9.5],"texture":"#2"},"west":{"uv":[5,7.25,5.25,9.5],"texture":"#2"}}},{"from":[7.48,23.98,7.48],"to":[10.52,27.02,8.52],"rotation":{"angle":-45,"axis":"z","origin":[8,26.5,8]},"faces":{"north":{"uv":[4.75,0,5.5,0.75],"texture":"#2"},"south":{"uv":[5.5,0,4.75,0.75],"texture":"#2"},"west":{"uv":[5.25,0,5.5,0.75],"texture":"#2"},"up":{"uv":[4.75,0,5.5,0.25],"texture":"#2"}}},{"from":[8.5467,22.05476,7.52],"to":[10.5067,25.01476,8.48],"rotation":{"angle":-22.5,"axis":"z","origin":[10.0267,23.53476,7.96]},"faces":{"north":{"uv":[4,0.75,4.5,1.5],"texture":"#2"},"east":{"uv":[4,0.75,4.25,1.5],"texture":"#2"},"south":{"uv":[4.5,0.75,4,1.5],"texture":"#2"},"up":{"uv":[4.5,0.75,4,1],"texture":"#2"}}},{"from":[8.57,18.02,7.52],"to":[10.53,20.98,8.48],"rotation":{"angle":-22.5,"axis":"z","origin":[10.05,19.5,8]},"faces":{"north":{"uv":[4,1.75,4.5,2.5],"texture":"#2"},"east":{"uv":[4,1.75,4.25,2.5],"texture":"#2"},"south":{"uv":[4.5,1.75,4,2.5],"texture":"#2"},"up":{"uv":[4.5,1.75,4,2],"texture":"#2"}}},{"from":[8.60806,10.96134,7.52],"to":[10.56806,13.92134,8.48],"rotation":{"angle":22.5,"axis":"z","origin":[9.58806,12.44134,8]},"faces":{"north":{"uv":[4,3.25,4.5,4],"texture":"#2"},"east":{"uv":[4,3.25,4.25,4],"texture":"#2"},"south":{"uv":[4.5,3.25,4,4],"texture":"#2"},"down":{"uv":[4.5,3.75,4,4],"texture":"#2"}}},{"from":[8.60806,4.91134,7.52],"to":[10.56806,10.87134,8.48],"rotation":{"angle":22.5,"axis":"z","origin":[9.58806,8.69134,8]},"faces":{"north":{"uv":[4,4,4.5,5.5],"texture":"#2"},"east":{"uv":[4,4,4.25,5.5],"texture":"#2"},"south":{"uv":[4.5,4,4,5.5],"texture":"#2"},"down":{"uv":[4.5,5.25,4,5.5],"texture":"#2"}}},{"from":[4.5111,2.89665,8.02],"to":[8.5111,9.89665,8.04],"rotation":{"angle":-22.5,"axis":"z","origin":[1.9611,12.39665,7.02]},"faces":{"north":{"uv":[6,5.25,7,7],"texture":"#2"},"south":{"uv":[7,5.25,6,7],"texture":"#2"}}},{"from":[6.00136,-9.09504,8.02],"to":[8.00136,-5.09504,8.04],"rotation":{"angle":-22.5,"axis":"z","origin":[5.95136,-6.84504,8.03]},"faces":{"north":{"uv":[5.25,9.5,5.75,10.5],"texture":"#2"},"south":{"uv":[5.75,9.5,5.25,10.5],"texture":"#2"}}},{"from":[7.99864,-9.09504,8.02],"to":[9.99864,-5.09504,8.04],"rotation":{"angle":22.5,"axis":"z","origin":[10.04864,-6.84504,8.03]},"faces":{"north":{"uv":[4,9.5,4.5,10.5],"texture":"#2"},"south":{"uv":[4.5,9.5,4,10.5],"texture":"#2"}}},{"from":[7.4927,2.87752,8.02],"to":[11.4927,9.87752,8.04],"rotation":{"angle":22.5,"axis":"z","origin":[13.9927,12.37752,7.02]},"faces":{"north":{"uv":[3,5.25,4,7],"texture":"#2"},"south":{"uv":[4,5.25,3,7],"texture":"#2"}}},{"from":[5.43194,4.91134,7.52],"to":[7.39194,10.87134,8.48],"rotation":{"angle":-22.5,"axis":"z","origin":[6.41194,8.69134,8]},"faces":{"north":{"uv":[5.5,4,6,5.5],"texture":"#2"},"south":{"uv":[6,4,5.5,5.5],"texture":"#2"},"west":{"uv":[5.75,4,6,5.5],"texture":"#2"},"down":{"uv":[6,5.25,5.5,5.5],"texture":"#2"}}},{"from":[5.43194,10.96134,7.52],"to":[7.39194,13.92134,8.48],"rotation":{"angle":-22.5,"axis":"z","origin":[6.41194,12.44134,8]},"faces":{"north":{"uv":[5.5,3.25,6,4],"texture":"#2"},"south":{"uv":[6,3.25,5.5,4],"texture":"#2"},"west":{"uv":[5.75,3.25,6,4],"texture":"#2"},"down":{"uv":[6,3.75,5.5,4],"texture":"#2"}}},{"from":[5.4933,22.05476,7.52],"to":[7.4533,25.01476,8.48],"rotation":{"angle":22.5,"axis":"z","origin":[5.9733,23.53476,7.96]},"faces":{"north":{"uv":[5.5,0.75,6,1.5],"texture":"#2"},"south":{"uv":[6,0.75,5.5,1.5],"texture":"#2"},"west":{"uv":[5.75,0.75,6,1.5],"texture":"#2"},"up":{"uv":[6,0.75,5.5,1],"texture":"#2"}}},{"from":[5.47,18.02,7.52],"to":[7.43,20.98,8.48],"rotation":{"angle":22.5,"axis":"z","origin":[5.95,19.5,8]},"faces":{"north":{"uv":[5.5,1.75,6,2.5],"texture":"#2"},"south":{"uv":[6,1.75,5.5,2.5],"texture":"#2"},"west":{"uv":[5.75,1.75,6,2.5],"texture":"#2"},"up":{"uv":[6,1.75,5.5,2],"texture":"#2"}}},{"from":[6,6,7.5],"to":[10,25,8.5],"rotation":{"angle":0,"axis":"y","origin":[1,21,-0.25]},"faces":{"north":{"uv":[4.5,0.75,5.5,5.5],"texture":"#2"},"east":{"uv":[6.25,0.75,6.5,5.5],"texture":"#2"},"south":{"uv":[5.5,0.75,4.5,5.5],"texture":"#2"},"west":{"uv":[6,0.75,6.25,5.5],"texture":"#2"}}}],"gui_light":"front","display":{"thirdperson_righthand":{"rotation":[-10,-90,0],"translation":[0,3.25,1],"scale":[0.75,0.75,0.75]},"thirdperson_lefthand":{"rotation":[-10,90,0],"translation":[0,3.25,1],"scale":[0.75,0.75,0.75]},"firstperson_righthand":{"rotation":[21,-90,0],"translation":[4,0.5,-1.75],"scale":[0.6,0.6,0.6]},"firstperson_lefthand":{"rotation":[21,-90,0],"translation":[4,0.5,-1.75],"scale":[0.6,0.6,0.6]},"ground":{"rotation":[0,0,-45],"translation":[0,3,0],"scale":[0.35,0.35,0.35]},"gui":{"rotation":[0,0,-45],"translation":[-0.25,-0.25,0],"scale":[0.62,0.62,0.62]},"head":{"rotation":[0,0,-180],"translation":[0.25,15.25,0.75],"scale":[0.6,0.6,0.6]},"fixed":{"rotation":[0,-180,-45],"translation":[0.75,-0.75,0],"scale":[0.6,0.6,0.6]}},"mcmodels":"34bf1602c2f53f199c1f79bf5626a632"}