{"textures​":{"layer0":"minecraft:item/orange_stained_glass"},"texture_size":[64,64],"\u0074\u0065\u0078\u0074\u0075\u0072\u0065\u0073":{"3":"\u0061\u006b\u0061\u006c\u0065\u0061\u0066_\u0064\u0065\u006d\u006f\u006e\u0069\u0063:\u0069\u0074\u0065\u006d/\u0061\u006b\u0061\u006c\u0065\u0061\u0066/\u0061\u006b\u0061\u006c\u0065\u0061\u0066_\u0064\u0065\u006d\u006f\u006e\u0069\u0063/\u0061\u006b\u0061\u006c\u0065\u0061\u0066_\u0064\u0065\u006d\u006f\u006e\u0069\u0063_\u0066\u0069\u0073\u0068\u0069\u006e\u0067_\u0072\u006f\u0064","\u0070\u0061\u0072\u0074\u0069\u0063\u006c\u0065":"\u0061\u006b\u0061\u006c\u0065\u0061\u0066_\u0064\u0065\u006d\u006f\u006e\u0069\u0063:\u0069\u0074\u0065\u006d/\u0061\u006b\u0061\u006c\u0065\u0061\u0066/\u0061\u006b\u0061\u006c\u0065\u0061\u0066_\u0064\u0065\u006d\u006f\u006e\u0069\u0063/\u0061\u006b\u0061\u006c\u0065\u0061\u0066_\u0064\u0065\u006d\u006f\u006e\u0069\u0063_\u0066\u0069\u0073\u0068\u0069\u006e\u0067_\u0072\u006f\u0064"},"elements":[{"from":[6.5,16,6.5],"to":[9.5,19,9.5],"rotation":{"angle":0,"axis":"y","origin":[8,7,8]},"faces":{"north":{"uv":[12.5,5,13.25,5.75],"texture":"#3"},"east":{"uv":[11.75,5,12.5,5.75],"texture":"#3"},"south":{"uv":[13.25,5,12.5,5.75],"texture":"#3"},"west":{"uv":[11,4.25,11.75,5],"texture":"#3"},"up":{"uv":[11.75,4.25,12.5,5],"texture":"#3"},"down":{"uv":[11,5,11.75,5.75],"texture":"#3"}}},{"from":[6.5,9,6.5],"to":[9.5,12,9.5],"rotation":{"angle":0,"axis":"y","origin":[8,0,8]},"faces":{"north":{"uv":[12.5,6.75,13.25,7.5],"texture":"#3"},"east":{"uv":[11.75,6.75,12.5,7.5],"texture":"#3"},"south":{"uv":[13.25,6.75,12.5,7.5],"texture":"#3"},"west":{"uv":[11,6,11.75,6.75],"texture":"#3"},"up":{"uv":[11.75,6,12.5,6.75],"texture":"#3"},"down":{"uv":[11,6.75,11.75,7.5],"texture":"#3"}}},{"from":[7,-8.75,7],"to":[10,-5.75,9],"rotation":{"angle":-45,"axis":"z","origin":[8,-6.75,8]},"faces":{"north":{"uv":[12.25,12.5,13,13.25],"texture":"#3"},"east":{"uv":[12.25,12.5,12.5,13.25],"texture":"#3"},"south":{"uv":[13,12.5,12.25,13.25],"texture":"#3"},"west":{"uv":[12.75,12.5,13,13.25],"texture":"#3"},"up":{"uv":[13,12.5,12.25,12.75],"texture":"#3"},"down":{"uv":[13,13,12.25,13.25],"texture":"#3"}}},{"from":[6.00136,-9.09504,8.02],"to":[8.00136,-5.09504,8.04],"rotation":{"angle":-22.5,"axis":"z","origin":[5.95136,-6.84504,8.03]},"faces":{"north":{"uv":[13,12.25,13.5,13.25],"texture":"#3"},"south":{"uv":[13.5,12.25,13,13.25],"texture":"#3"}}},{"from":[7.99864,-9.09504,8.02],"to":[9.99864,-5.09504,8.04],"rotation":{"angle":22.5,"axis":"z","origin":[10.04864,-6.84504,8.03]},"faces":{"north":{"uv":[11.75,12.25,12.25,13.25],"texture":"#3"},"south":{"uv":[12.25,12.25,11.75,13.25],"texture":"#3"}}},{"from":[7.02,-6.38,7.27],"to":[8.98,2.58,8.73],"rotation":{"angle":0,"axis":"y","origin":[8,27.1,7.5]},"faces":{"north":{"uv":[12.5,10,13,12.25],"texture":"#3"},"east":{"uv":[12.5,10,12.75,12.25],"texture":"#3"},"south":{"uv":[13,10,12.5,12.25],"texture":"#3"},"west":{"uv":[12.75,10,13,12.25],"texture":"#3"}}},{"from":[4.61932,3.68537,7.23],"to":[6.65932,5.72537,8.77],"rotation":{"angle":22.5,"axis":"z","origin":[5.63932,4.20537,8.02]},"faces":{"north":{"uv":[13.25,8.25,13.75,8.75],"texture":"#3"},"south":{"uv":[13.75,8.25,13.25,8.75],"texture":"#3"},"west":{"uv":[13.5,8.25,13.75,8.75],"texture":"#3"},"up":{"uv":[13.75,8.25,13.25,8.5],"texture":"#3"},"down":{"uv":[13.75,8.5,13.25,8.75],"texture":"#3"}}},{"from":[6.5,2.5,6.75],"to":[9.5,6.5,9.25],"rotation":{"angle":0,"axis":"y","origin":[8,30,7.5]},"faces":{"north":{"uv":[12.25,9,13,10],"texture":"#3"},"east":{"uv":[12.25,9,12.5,10],"texture":"#3"},"south":{"uv":[13,9,12.25,10],"texture":"#3"},"west":{"uv":[13,9,12.75,10],"texture":"#3"},"up":{"uv":[13,9,12.25,9.25],"texture":"#3"},"down":{"uv":[13,9.75,12.25,10],"texture":"#3"}}},{"from":[6,3,7],"to":[10,6,9],"rotation":{"angle":0,"axis":"y","origin":[8,30.5,7.5]},"faces":{"north":{"uv":[12.25,8.25,13.25,9],"texture":"#3"},"east":{"uv":[12.25,8.25,12.5,9],"texture":"#3"},"south":{"uv":[13.25,8.25,12.25,9],"texture":"#3"},"west":{"uv":[13,8.25,13.25,9],"texture":"#3"},"up":{"uv":[13.25,8.25,12.25,8.5],"texture":"#3"},"down":{"uv":[13.25,8.75,12.25,9],"texture":"#3"}}},{"from":[9.34068,3.68537,7.23],"to":[11.38068,5.72537,8.77],"rotation":{"angle":-22.5,"axis":"z","origin":[10.36068,4.20537,8.02]},"faces":{"north":{"uv":[11.75,8.25,12.25,8.75],"texture":"#3"},"east":{"uv":[11.75,8.25,12,8.75],"texture":"#3"},"south":{"uv":[12.25,8.25,11.75,8.75],"texture":"#3"},"up":{"uv":[12.25,8.25,11.75,8.5],"texture":"#3"},"down":{"uv":[12.25,8.5,11.75,8.75],"texture":"#3"}}},{"from":[7.4927,3.87752,8.02],"to":[9.4927,8.87752,8.04],"rotation":{"angle":22.5,"axis":"z","origin":[11.9927,12.37752,7.02]},"faces":{"north":{"uv":[11.25,8,11.75,9.25],"texture":"#3"},"south":{"uv":[11.75,8,11.25,9.25],"texture":"#3"}}},{"from":[6.5111,3.89665,8.02],"to":[8.5111,8.89665,8.04],"rotation":{"angle":-22.5,"axis":"z","origin":[3.9611,12.39665,7.02]},"faces":{"north":{"uv":[13.75,8,14.25,9.25],"texture":"#3"},"south":{"uv":[14.25,8,13.75,9.25],"texture":"#3"}}},{"from":[7,6,7],"to":[9,20,9],"rotation":{"angle":0,"axis":"y","origin":[8,0.5,8]},"faces":{"north":{"uv":[12.5,3,13,6.5],"texture":"#3"},"east":{"uv":[12.5,3,12.75,6.5],"texture":"#3"},"south":{"uv":[13,3,12.5,6.5],"texture":"#3"},"west":{"uv":[13,3,12.75,6.5],"texture":"#3"},"up":{"uv":[13,3,12.5,3.25],"texture":"#3"}}},{"from":[7.70799,12.12374,8],"to":[10.70799,14.12374,8.02],"rotation":{"angle":-22.5,"axis":"z","origin":[10.70799,12.62374,7.5]},"faces":{"north":{"uv":[10.25,4.5,11,5],"texture":"#3"},"south":{"uv":[11,4.5,10.25,5],"texture":"#3"}}}],"gui_light":"front","display":{"thirdperson_righthand":{"rotation":[10,-90,0],"translation":[0,4,3.25],"scale":[0.7,0.7,0.7]},"thirdperson_lefthand":{"rotation":[10,90,0],"translation":[0,4,3.25],"scale":[0.7,0.7,0.7]},"firstperson_righthand":{"rotation":[-60,-90,0],"translation":[2,4,0.5],"scale":[0.6,0.6,0.6]},"firstperson_lefthand":{"rotation":[-60,90,0],"translation":[2,4,0.5],"scale":[0.6,0.6,0.6]},"ground":{"rotation":[0,0,45],"translation":[2.5,2.75,0],"scale":[0.3,0.3,0.3]},"gui":{"rotation":[0,0,45],"translation":[-1.75,1.75,-0.75],"scale":[0.7,0.7,0.7]},"head":{"rotation":[0,90,-45],"translation":[0,11.75,-11.75]},"fixed":{"rotation":[0,180,45],"translation":[-0.75,0.75,0.25],"scale":[0.425,0.425,0.425]}},"mcmodels":"34bf1602c2f53f199c1f79bf5626a632"}