{"textures​":{"layer0":"minecraft:item/polished_granite_stairs"},"texture_size":[64,64],"\u0074\u0065\u0078\u0074\u0075\u0072\u0065\u0073":{"1":"\u0061\u006b\u0061\u006c\u0065\u0061\u0066_\u0064\u0065\u006d\u006f\u006e\u0069\u0063:\u0069\u0074\u0065\u006d/\u0061\u006b\u0061\u006c\u0065\u0061\u0066/\u0061\u006b\u0061\u006c\u0065\u0061\u0066_\u0064\u0065\u006d\u006f\u006e\u0069\u0063/\u0061\u006b\u0061\u006c\u0065\u0061\u0066_\u0064\u0065\u006d\u006f\u006e\u0069\u0063_\u0063\u0072\u006f\u0073\u0073\u0062\u006f\u0077","\u0070\u0061\u0072\u0074\u0069\u0063\u006c\u0065":"\u0061\u006b\u0061\u006c\u0065\u0061\u0066_\u0064\u0065\u006d\u006f\u006e\u0069\u0063:\u0069\u0074\u0065\u006d/\u0061\u006b\u0061\u006c\u0065\u0061\u0066/\u0061\u006b\u0061\u006c\u0065\u0061\u0066_\u0064\u0065\u006d\u006f\u006e\u0069\u0063/\u0061\u006b\u0061\u006c\u0065\u0061\u0066_\u0064\u0065\u006d\u006f\u006e\u0069\u0063_\u0063\u0072\u006f\u0073\u0073\u0062\u006f\u0077"},"elements":[{"from":[6.56623,12.70533,7.52],"to":[8.52623,14.66533,8.48],"rotation":{"angle":22.5,"axis":"z","origin":[7.54623,13.68533,8]},"faces":{"north":{"uv":[8,8.5,7.5,9],"texture":"#1"},"south":{"uv":[7.5,8.5,8,9],"texture":"#1"},"west":{"uv":[7.5,8.5,7.75,9],"texture":"#1"},"up":{"uv":[7.5,8.5,8,8.75],"texture":"#1"}}},{"from":[3.0054,12.78535,7.502],"to":[6.0014,13.78135,8.498],"rotation":{"angle":-22.5,"axis":"z","origin":[-0.9966,13.78335,8.002]},"faces":{"north":{"uv":[10.25,9.25,9.5,9.5],"texture":"#1"},"south":{"uv":[9.5,9.25,10.25,9.5],"texture":"#1"},"up":{"uv":[9.5,9.25,10.25,9.5],"texture":"#1"},"down":{"uv":[9.5,9.25,10.25,9.5],"texture":"#1"}}},{"from":[3.0054,5.71865,7.502],"to":[6.0014,6.71465,8.498],"rotation":{"angle":22.5,"axis":"z","origin":[-0.9966,5.71665,8.002]},"faces":{"north":{"uv":[10.25,9.75,9.5,10],"texture":"#1"},"south":{"uv":[9.5,9.75,10.25,10],"texture":"#1"},"up":{"uv":[9.5,9.75,10.25,10],"texture":"#1"},"down":{"uv":[9.5,9.75,10.25,10],"texture":"#1"}}},{"from":[1.7,7.25,7.5],"to":[2.7,12.25,8.5],"rotation":{"angle":0,"axis":"y","origin":[13.46,6.74,7.99]},"faces":{"north":{"uv":[9.25,9,9.5,10.25],"texture":"#1"},"east":{"uv":[9.25,9,9.5,10.25],"texture":"#1"},"south":{"uv":[9.25,9,9.5,10.25],"texture":"#1"},"west":{"uv":[9.25,9,9.5,10.25],"texture":"#1"},"up":{"uv":[9.25,9,9.5,9.25],"texture":"#1"},"down":{"uv":[9.25,10,9.5,10.25],"texture":"#1"}}},{"from":[5,8.25,7.5],"to":[28,11.25,8.5],"rotation":{"angle":0,"axis":"y","origin":[14.01,7.24,7.99]},"faces":{"north":{"uv":[15.75,9.25,10,10],"texture":"#1"},"east":{"uv":[15.5,9.25,15.75,10],"texture":"#1"},"south":{"uv":[10,9.25,15.75,10],"texture":"#1"},"west":{"uv":[10,9.25,10.25,10],"texture":"#1"},"up":{"uv":[10,9.25,15.75,9.5],"texture":"#1"},"down":{"uv":[10,9.75,15.75,10],"texture":"#1"}}},{"from":[8.81623,18.10533,7.52],"to":[10.77623,20.06533,8.48],"rotation":{"angle":0,"axis":"y","origin":[9.79623,19.08533,8]},"faces":{"north":{"uv":[8,7,7.5,7.5],"texture":"#1"},"south":{"uv":[7.5,7,8,7.5],"texture":"#1"},"west":{"uv":[7.5,7,7.75,7.5],"texture":"#1"},"up":{"uv":[7.5,7,8,7.25],"texture":"#1"}}},{"from":[12.56623,22.10533,7.52],"to":[14.52623,24.06533,8.48],"rotation":{"angle":22.5,"axis":"z","origin":[13.54623,23.08533,8]},"faces":{"north":{"uv":[8,5.5,7.5,6],"texture":"#1"},"south":{"uv":[7.5,5.5,8,6],"texture":"#1"},"west":{"uv":[7.5,5.5,7.75,6],"texture":"#1"},"up":{"uv":[7.5,5.5,8,5.75],"texture":"#1"}}},{"from":[12.56623,-4.56533,7.52],"to":[14.52623,-2.60533,8.48],"rotation":{"angle":-22.5,"axis":"z","origin":[13.54623,-3.58533,8]},"faces":{"north":{"uv":[8,13.5,7.5,14],"texture":"#1"},"south":{"uv":[7.5,13.5,8,14],"texture":"#1"},"west":{"uv":[7.5,13.5,7.75,14],"texture":"#1"},"down":{"uv":[7.5,14,8,13.75],"texture":"#1"}}},{"from":[8.81623,-0.56533,7.52],"to":[10.77623,1.39467,8.48],"rotation":{"angle":0,"axis":"y","origin":[9.79623,0.41467,8]},"faces":{"north":{"uv":[8,11.75,7.5,12.25],"texture":"#1"},"south":{"uv":[7.5,11.75,8,12.25],"texture":"#1"},"west":{"uv":[7.5,11.75,7.75,12.25],"texture":"#1"},"down":{"uv":[7.5,12.25,8,12],"texture":"#1"}}},{"from":[6.56623,4.83467,7.52],"to":[8.52623,6.79467,8.48],"rotation":{"angle":-22.5,"axis":"z","origin":[7.54623,5.81467,8]},"faces":{"north":{"uv":[8,10.25,7.5,10.75],"texture":"#1"},"south":{"uv":[7.5,10.25,8,10.75],"texture":"#1"},"west":{"uv":[7.5,10.25,7.75,10.75],"texture":"#1"},"down":{"uv":[7.5,10.75,8,10.5],"texture":"#1"}}},{"from":[13.39624,-5.01135,6.98],"to":[15.43624,-2.97135,9.02],"rotation":{"angle":22.5,"axis":"z","origin":[14.41624,-3.99135,7.98]},"faces":{"north":{"uv":[8.5,13.75,8,14.25],"texture":"#1"},"east":{"uv":[8.25,13.75,8.5,14.25],"texture":"#1"},"south":{"uv":[8,13.75,8.5,14.25],"texture":"#1"},"west":{"uv":[8,13.75,8.25,14.25],"texture":"#1"},"down":{"uv":[8,14,8.5,14.25],"texture":"#1"}}},{"from":[7.00613,13.74082,6.98],"to":[9.04613,19.78082,9.02],"rotation":{"angle":-22.5,"axis":"z","origin":[7.02613,13.76082,7.98]},"faces":{"north":{"uv":[8.5,7.25,8,8.75],"texture":"#1"},"east":{"uv":[8.25,7.25,8.5,8.75],"texture":"#1"},"south":{"uv":[8,7.25,8.5,8.75],"texture":"#1"},"west":{"uv":[8,7.25,8.25,8.75],"texture":"#1"}}},{"from":[9.31141,19.33023,7],"to":[11.31141,25.33023,9],"rotation":{"angle":-45,"axis":"z","origin":[9.31141,19.33023,7.001]},"faces":{"north":{"uv":[8.5,5.75,8,7.25],"texture":"#1"},"east":{"uv":[8.25,5.75,8.5,7.25],"texture":"#1"},"south":{"uv":[8,5.75,8.5,7.25],"texture":"#1"},"west":{"uv":[8,5.75,8.25,7.25],"texture":"#1"}}},{"from":[8.48273,14.28023,7.5],"to":[11.48273,17.28023,8.5],"rotation":{"angle":22.5,"axis":"z","origin":[9.98273,15.78023,8]},"faces":{"north":{"uv":[9.25,7.5,8.5,8.25],"texture":"#1"},"east":{"uv":[9.25,7.5,9,8.25],"texture":"#1"},"south":{"uv":[8.5,7.5,9.25,8.25],"texture":"#1"},"down":{"uv":[8.5,8,9.25,8.25],"texture":"#1"}}},{"from":[10.7184,17.12276,7.98],"to":[12.7184,19.12276,8],"rotation":{"angle":22.5,"axis":"z","origin":[11.7184,18.12276,7.99]},"faces":{"north":{"uv":[9,6.75,8.5,7.25],"texture":"#1"},"south":{"uv":[8.5,6.75,9,7.25],"texture":"#1"}}},{"from":[12.7184,18.12276,7.98],"to":[14.7184,20.12276,8],"rotation":{"angle":22.5,"axis":"z","origin":[11.7184,18.12276,7.99]},"faces":{"north":{"uv":[9,6.25,8.5,6.75],"texture":"#1"},"south":{"uv":[8.5,6.25,9,6.75],"texture":"#1"}}},{"from":[8.40138,12.66188,7.98],"to":[10.40138,14.66188,8],"rotation":{"angle":22.5,"axis":"z","origin":[11.40138,13.66188,8.49]},"faces":{"north":{"uv":[9,8.75,8.5,9.25],"texture":"#1"},"south":{"uv":[8.5,8.75,9,9.25],"texture":"#1"}}},{"from":[11.48377,0.225,7.98],"to":[13.48377,2.225,8],"rotation":{"angle":-22.5,"axis":"z","origin":[12.48377,3.225,8.49]},"faces":{"north":{"uv":[9,12,8.5,12.5],"texture":"#1"},"south":{"uv":[8.5,12,9,12.5],"texture":"#1"}}},{"from":[13.48377,-0.775,7.98],"to":[15.48377,1.225,8],"rotation":{"angle":-22.5,"axis":"z","origin":[12.48377,3.225,8.49]},"faces":{"north":{"uv":[9,12.5,8.5,13],"texture":"#1"},"south":{"uv":[8.5,12.5,9,13],"texture":"#1"}}},{"from":[8.40138,4.83812,7.98],"to":[10.40138,6.83812,8],"rotation":{"angle":-22.5,"axis":"z","origin":[11.40138,5.83812,8.49]},"faces":{"north":{"uv":[9,10,8.5,10.5],"texture":"#1"},"south":{"uv":[8.5,10,9,10.5],"texture":"#1"}}},{"from":[8.48273,2.21977,7.5],"to":[11.48273,5.21977,8.5],"rotation":{"angle":-22.5,"axis":"z","origin":[9.98273,3.71977,8]},"faces":{"north":{"uv":[9.25,11,8.5,11.75],"texture":"#1"},"east":{"uv":[9.25,11,9,11.75],"texture":"#1"},"south":{"uv":[8.5,11,9.25,11.75],"texture":"#1"},"up":{"uv":[8.5,11.25,9.25,11],"texture":"#1"}}},{"from":[13.39624,22.47135,6.98],"to":[15.43624,24.51135,9.02],"rotation":{"angle":-22.5,"axis":"z","origin":[14.41624,23.49135,7.98]},"faces":{"north":{"uv":[8.5,5.25,8,5.75],"texture":"#1"},"east":{"uv":[8.25,5.25,8.5,5.75],"texture":"#1"},"south":{"uv":[8,5.25,8.5,5.75],"texture":"#1"},"west":{"uv":[8,5.25,8.25,5.75],"texture":"#1"},"up":{"uv":[8,5.25,8.5,5.5],"texture":"#1"}}},{"from":[7.00613,-0.28082,6.98],"to":[9.04613,5.75918,9.02],"rotation":{"angle":22.5,"axis":"z","origin":[7.02613,5.73918,7.98]},"faces":{"north":{"uv":[8.5,10.75,8,12.25],"texture":"#1"},"east":{"uv":[8.25,10.75,8.5,12.25],"texture":"#1"},"south":{"uv":[8,10.75,8.5,12.25],"texture":"#1"},"west":{"uv":[8,10.75,8.25,12.25],"texture":"#1"}}},{"from":[9.31141,-5.83023,7],"to":[11.31141,0.16977,9],"rotation":{"angle":45,"axis":"z","origin":[9.31141,0.16977,7.001]},"faces":{"north":{"uv":[8.5,12.25,8,13.75],"texture":"#1"},"east":{"uv":[8.25,12.25,8.5,13.75],"texture":"#1"},"south":{"uv":[8,12.25,8.5,13.75],"texture":"#1"},"west":{"uv":[8,12.25,8.25,13.75],"texture":"#1"}}},{"from":[7,5.75,7],"to":[9,13.75,9],"rotation":{"angle":0,"axis":"y","origin":[14.01,7.24,7.99]},"faces":{"north":{"uv":[8.5,8.75,8,10.75],"texture":"#1"},"east":{"uv":[8.25,8.75,8.5,10.75],"texture":"#1"},"south":{"uv":[8,8.75,8.5,10.75],"texture":"#1"},"west":{"uv":[8,8.75,8.25,10.75],"texture":"#1"}}},{"name":"string-high","from":[13.43241,9.10301,8.7],"to":[14.47241,22.14301,8.74],"rotation":{"angle":0,"axis":"z","origin":[13.95241,21.62301,8.701]},"faces":{"north":{"uv":[6,1,1.75,1.25],"rotation":270,"texture":"#1"},"south":{"uv":[1.75,1,6,1.25],"rotation":90,"texture":"#1"}}},{"name":"string-low","from":[13.43241,-2.64301,8.58],"to":[14.47241,9.39699,8.62],"rotation":{"angle":0,"axis":"z","origin":[13.95241,-2.12301,8.602]},"faces":{"north":{"uv":[1,1.75,1.25,6],"texture":"#1"},"south":{"uv":[1,1.75,1.25,6],"texture":"#1"}}}],"gui_light":"front","display":{"thirdperson_righthand":{"rotation":[-90,0,-105],"translation":[1,0.25,-5],"scale":[0.75,0.75,0.75]},"thirdperson_lefthand":{"rotation":[-90,0,75],"translation":[3,0.25,-4.5],"scale":[0.75,0.75,0.75]},"firstperson_righthand":{"rotation":[95,-179,80],"translation":[0.5,1.5,-1],"scale":[0.6,0.6,0.6]},"firstperson_lefthand":{"rotation":[95,-179,-100],"translation":[2.25,1.5,-0.75],"scale":[0.6,0.6,0.6]},"ground":{"rotation":[0,0,-45],"translation":[0,3.25,0],"scale":[0.3,0.3,0.3]},"gui":{"rotation":[0,0,-45],"translation":[-4,2.25,-0.75],"scale":[0.725,0.725,0.725]},"head":{"rotation":[0,0,-90],"translation":[-1,9,0.75],"scale":[0.6,0.6,0.6]},"fixed":{"rotation":[0,-180,-45],"translation":[2.5,1.25,0],"scale":[0.5,0.5,0.5]}},"mcmodels":"34bf1602c2f53f199c1f79bf5626a632"}