{"textures​":{"layer0":"minecraft:item/bone_block"},"texture_size":[64,64],"\u0074\u0065\u0078\u0074\u0075\u0072\u0065\u0073":{"3":"\u0061\u006b\u0061\u006c\u0065\u0061\u0066_\u0064\u0065\u006d\u006f\u006e\u0069\u0063:\u0069\u0074\u0065\u006d/\u0061\u006b\u0061\u006c\u0065\u0061\u0066/\u0061\u006b\u0061\u006c\u0065\u0061\u0066_\u0064\u0065\u006d\u006f\u006e\u0069\u0063/\u0061\u006b\u0061\u006c\u0065\u0061\u0066_\u0064\u0065\u006d\u006f\u006e\u0069\u0063_\u0061\u0078\u0065","\u0070\u0061\u0072\u0074\u0069\u0063\u006c\u0065":"\u0061\u006b\u0061\u006c\u0065\u0061\u0066_\u0064\u0065\u006d\u006f\u006e\u0069\u0063:\u0069\u0074\u0065\u006d/\u0061\u006b\u0061\u006c\u0065\u0061\u0066/\u0061\u006b\u0061\u006c\u0065\u0061\u0066_\u0064\u0065\u006d\u006f\u006e\u0069\u0063/\u0061\u006b\u0061\u006c\u0065\u0061\u0066_\u0064\u0065\u006d\u006f\u006e\u0069\u0063_\u0061\u0078\u0065"},"elements":[{"from":[7,-7,7.25],"to":[9,10,8.75],"rotation":{"angle":0,"axis":"y","origin":[8,27.5,7.5]},"faces":{"north":{"uv":[10.75,10.25,11.25,14.5],"texture":"#3"},"east":{"uv":[10.75,10.25,11,14.5],"texture":"#3"},"south":{"uv":[11.25,10.25,10.75,14.5],"texture":"#3"},"west":{"uv":[11,10.25,11.25,14.5],"texture":"#3"}}},{"from":[6.5,9.5,6.75],"to":[9.5,13.5,9.25],"rotation":{"angle":0,"axis":"y","origin":[8,30,7.5]},"faces":{"north":{"uv":[10.5,8.5,11.25,9.5],"texture":"#3"},"east":{"uv":[10.5,8.5,10.75,9.5],"texture":"#3"},"south":{"uv":[11.25,8.5,10.5,9.5],"texture":"#3"},"west":{"uv":[11.25,8.5,11,9.5],"texture":"#3"},"up":{"uv":[11.25,8.5,10.5,8.75],"texture":"#3"},"down":{"uv":[11.25,9.25,10.5,9.5],"texture":"#3"}}},{"from":[7,-9.35,6.99],"to":[10,-6.35,9.01],"rotation":{"angle":-45,"axis":"z","origin":[8,-7.35,8]},"faces":{"north":{"uv":[10.5,14.5,11.25,15.25],"texture":"#3"},"east":{"uv":[10.5,14.5,10.75,15.25],"texture":"#3"},"south":{"uv":[11.25,14.5,10.5,15.25],"texture":"#3"},"west":{"uv":[11,14.5,11.25,15.25],"texture":"#3"},"up":{"uv":[11.25,14.5,10.5,14.75],"texture":"#3"},"down":{"uv":[11.25,15,10.5,15.25],"texture":"#3"}}},{"from":[6.00136,-9.69504,8.02],"to":[8.00136,-5.69504,8.04],"rotation":{"angle":-22.5,"axis":"z","origin":[5.95136,-7.44504,8.03]},"faces":{"north":{"uv":[11.25,14.25,11.75,15.25],"texture":"#3"},"south":{"uv":[11.75,14.25,11.25,15.25],"texture":"#3"}}},{"from":[7.99864,-9.69504,8.02],"to":[9.99864,-5.69504,8.04],"rotation":{"angle":22.5,"axis":"z","origin":[10.04864,-7.44504,8.03]},"faces":{"north":{"uv":[10,14.25,10.5,15.25],"texture":"#3"},"south":{"uv":[10.5,14.25,10,15.25],"texture":"#3"}}},{"from":[0,7,7.5],"to":[3,13,8.5],"rotation":{"angle":0,"axis":"y","origin":[3.09524,13.93566,8.02]},"faces":{"north":{"uv":[12.25,9.5,13,11],"texture":"#3"},"east":{"uv":[12.25,9.5,12.5,11],"texture":"#3"},"south":{"uv":[13,9.5,12.25,11],"texture":"#3"},"west":{"uv":[13,9.5,13.25,11],"texture":"#3"},"up":{"uv":[13,9.5,12.25,9.75],"texture":"#3"}}},{"from":[0.62132,5.5,7.49],"to":[4.62132,6.5,8.51],"rotation":{"angle":45,"axis":"z","origin":[2.12132,7,8]},"faces":{"north":{"uv":[12,11.5,13,11.75],"texture":"#3"},"east":{"uv":[12.25,11.5,12,11.75],"texture":"#3"},"south":{"uv":[13,11.5,12,11.75],"texture":"#3"},"west":{"uv":[13,11.5,12.75,11.75],"texture":"#3"},"up":{"uv":[13,11.5,12,11.75],"texture":"#3"},"down":{"uv":[13,11.5,12,11.75],"texture":"#3"}}},{"from":[0.62132,6.5,7.49],"to":[3.62132,7.5,8.51],"rotation":{"angle":45,"axis":"z","origin":[2.12132,7,8]},"faces":{"north":{"uv":[12.25,11.25,13,11.5],"texture":"#3"},"east":{"uv":[12.5,11.25,12.25,11.5],"texture":"#3"},"south":{"uv":[13,11.25,12.25,11.5],"texture":"#3"},"west":{"uv":[13,11.25,12.75,11.5],"texture":"#3"}}},{"from":[0.62132,7.5,7.49],"to":[2.62132,8.5,8.51],"rotation":{"angle":45,"axis":"z","origin":[2.12132,7,8]},"faces":{"north":{"uv":[12.5,11,13,11.25],"texture":"#3"},"south":{"uv":[13,11,12.5,11.25],"texture":"#3"}}},{"from":[0.12132,12.70711,7.49],"to":[2.12132,14.70711,8.51],"rotation":{"angle":45,"axis":"z","origin":[2.12132,13.70711,8]},"faces":{"north":{"uv":[12.75,8.75,13.25,9.25],"texture":"#3"},"east":{"uv":[12.75,8.75,13,9.25],"texture":"#3"},"south":{"uv":[13.25,8.75,12.75,9.25],"texture":"#3"},"up":{"uv":[13.25,8.5,12.75,8.75],"texture":"#3"}}},{"from":[5,10,7],"to":[11,13,9],"rotation":{"angle":0,"axis":"y","origin":[8,6.5,17]},"faces":{"north":{"uv":[10.25,9.5,11.75,10.25],"texture":"#3"},"east":{"uv":[10.25,9.5,10.5,10.25],"texture":"#3"},"south":{"uv":[11.75,9.5,10.25,10.25],"texture":"#3"},"west":{"uv":[11.5,9.5,11.75,10.25],"texture":"#3"},"up":{"uv":[11.75,9.5,10.25,9.75],"texture":"#3"},"down":{"uv":[11.75,10,10.25,10.25],"texture":"#3"}}},{"from":[11,11,7.5],"to":[13,13,8.5],"rotation":{"angle":0,"axis":"y","origin":[8,6.5,17]},"faces":{"north":{"uv":[9.75,9.5,10.25,10],"texture":"#3"},"east":{"uv":[10,9.5,9.75,10],"texture":"#3"},"south":{"uv":[10.25,9.5,9.75,10],"texture":"#3"},"up":{"uv":[10.25,9.5,9.75,9.75],"texture":"#3"},"down":{"uv":[10.25,9.75,9.75,10],"texture":"#3"}}},{"from":[13,12,7.5],"to":[14,13,8.5],"rotation":{"angle":0,"axis":"y","origin":[9,6.5,17]},"faces":{"north":{"uv":[9.5,9.5,9.75,9.75],"texture":"#3"},"east":{"uv":[9.75,9.5,9.5,9.75],"texture":"#3"},"south":{"uv":[9.75,9.5,9.5,9.75],"texture":"#3"},"up":{"uv":[9.75,9.5,9.5,9.75],"texture":"#3"},"down":{"uv":[9.75,9.5,9.5,9.75],"texture":"#3"}}},{"from":[13,10,8],"to":[16,13,8.02],"rotation":{"angle":0,"axis":"y","origin":[9,6.5,17]},"faces":{"north":{"uv":[9,9.5,9.75,10.25],"texture":"#3"},"south":{"uv":[9.75,9.5,9,10.25],"texture":"#3"}}},{"from":[3,11,7.5],"to":[5,13,8.5],"rotation":{"angle":0,"axis":"y","origin":[0,6.5,17]},"faces":{"north":{"uv":[11.75,9.5,12.25,10],"texture":"#3"},"south":{"uv":[12.25,9.5,11.75,10],"texture":"#3"},"up":{"uv":[12.25,9.5,11.75,9.75],"texture":"#3"},"down":{"uv":[12.25,9.75,11.75,10],"texture":"#3"}}},{"from":[-0.15,6.15,7.51],"to":[1.85,8.15,8.49],"rotation":{"angle":-22.5,"axis":"z","origin":[0.85,7.9,8]},"faces":{"north":{"uv":[13,10.75,13.5,11.25],"texture":"#3"},"south":{"uv":[13.5,10.75,13,11.25],"texture":"#3"},"west":{"uv":[13.5,10.75,13.25,11.25],"texture":"#3"},"down":{"uv":[13.5,11,13,11.25],"texture":"#3"}}},{"from":[-0.43701,11.70709,7.51],"to":[1.56299,13.70709,8.49],"rotation":{"angle":22.5,"axis":"z","origin":[0.56299,12.70709,8]},"faces":{"north":{"uv":[13,9.25,13.5,9.75],"texture":"#3"},"south":{"uv":[13.5,9.25,13,9.75],"texture":"#3"},"west":{"uv":[13.5,9.25,13.25,9.75],"texture":"#3"},"up":{"uv":[13.5,9.25,13,9.5],"texture":"#3"}}},{"from":[8.45799,3.12374,8],"to":[11.45799,5.12374,8.02],"rotation":{"angle":-22.5,"axis":"z","origin":[11.45799,6.62374,7.5]},"faces":{"north":{"uv":[9.75,11.25,10.5,11.75],"texture":"#3"},"south":{"uv":[10.5,11.25,9.75,11.75],"texture":"#3"}}},{"from":[8.06903,7.94567,7.5],"to":[10.06903,8.94567,8.5],"rotation":{"angle":-22.5,"axis":"z","origin":[9.06903,8.44567,8]},"faces":{"north":{"uv":[10.75,10.75,10.25,11],"rotation":180,"texture":"#3"},"east":{"uv":[10.25,10.75,10.5,11],"rotation":180,"texture":"#3"},"south":{"uv":[10.25,10.75,10.75,11],"rotation":180,"texture":"#3"},"up":{"uv":[10.25,10.75,10.75,11],"rotation":180,"texture":"#3"},"down":{"uv":[10.25,10.75,10.75,11],"rotation":180,"texture":"#3"}}},{"from":[8.45799,5.87374,8],"to":[11.45799,7.87374,8.02],"rotation":{"angle":-22.5,"axis":"z","origin":[11.45799,6.37374,7.5]},"faces":{"north":{"uv":[9.75,10.75,10.5,11.25],"texture":"#3"},"south":{"uv":[10.5,10.75,9.75,11.25],"texture":"#3"}}}],"gui_light":"front","display":{"thirdperson_righthand":{"rotation":[-10,-90,0],"translation":[0,4,0.5],"scale":[0.75,0.75,0.75]},"thirdperson_lefthand":{"rotation":[-10,90,0],"translation":[0,4,0.5],"scale":[0.75,0.75,0.75]},"firstperson_righthand":{"rotation":[21,-90,0],"translation":[1.25,3.5,1.25],"scale":[0.6,0.6,0.6]},"firstperson_lefthand":{"rotation":[21,90,0],"translation":[1.25,3.5,1.25],"scale":[0.6,0.6,0.6]},"ground":{"rotation":[0,0,-45],"translation":[0,3,0],"scale":[0.35,0.35,0.35]},"gui":{"rotation":[0,0,-45],"translation":[2.25,1.5,0],"scale":[0.7,0.7,0.7]},"head":{"rotation":[0,0,-180],"translation":[0.25,15.25,0.75],"scale":[0.6,0.6,0.6]},"fixed":{"rotation":[0,-180,-45],"translation":[-2,2,0],"scale":[0.6,0.6,0.6]}},"mcmodels":"34bf1602c2f53f199c1f79bf5626a632"}