{"textures​":{"layer0":"minecraft:item/end_stone_bricks"},"texture_size":[64,64],"\u0074\u0065\u0078\u0074\u0075\u0072\u0065\u0073":{"3":"\u0061\u006b\u0061\u006c\u0065\u0061\u0066_\u0064\u0065\u006d\u006f\u006e\u0069\u0063:\u0069\u0074\u0065\u006d/\u0061\u006b\u0061\u006c\u0065\u0061\u0066/\u0061\u006b\u0061\u006c\u0065\u0061\u0066_\u0064\u0065\u006d\u006f\u006e\u0069\u0063/\u0061\u006b\u0061\u006c\u0065\u0061\u0066_\u0064\u0065\u006d\u006f\u006e\u0069\u0063_\u0073\u0068\u006f\u0076\u0065\u006c","\u0070\u0061\u0072\u0074\u0069\u0063\u006c\u0065":"\u0061\u006b\u0061\u006c\u0065\u0061\u0066_\u0064\u0065\u006d\u006f\u006e\u0069\u0063:\u0069\u0074\u0065\u006d/\u0061\u006b\u0061\u006c\u0065\u0061\u0066/\u0061\u006b\u0061\u006c\u0065\u0061\u0066_\u0064\u0065\u006d\u006f\u006e\u0069\u0063/\u0061\u006b\u0061\u006c\u0065\u0061\u0066_\u0064\u0065\u006d\u006f\u006e\u0069\u0063_\u0073\u0068\u006f\u0076\u0065\u006c"},"elements":[{"from":[4.87792,8.34254,8.01],"to":[6.87792,11.34254,8.03],"rotation":{"angle":22.5,"axis":"z","origin":[4.37792,7.59254,8.02]},"faces":{"north":{"uv":[4.75,9.5,5.25,10.25],"texture":"#3"},"south":{"uv":[5.25,9.5,4.75,10.25],"texture":"#3"}}},{"from":[9.12208,8.34254,8.01],"to":[11.12208,11.34254,8.03],"rotation":{"angle":-22.5,"axis":"z","origin":[11.62208,7.59254,8.02]},"faces":{"north":{"uv":[2,9.5,2.5,10.25],"texture":"#3"},"south":{"uv":[2.5,9.5,2,10.25],"texture":"#3"}}},{"from":[7,-7,7.25],"to":[9,10,8.75],"rotation":{"angle":0,"axis":"y","origin":[8,27.5,7.5]},"faces":{"north":{"uv":[3.5,10,4,14.25],"texture":"#3"},"east":{"uv":[3.5,10,3.75,14.25],"texture":"#3"},"south":{"uv":[4,10,3.5,14.25],"texture":"#3"},"west":{"uv":[3.75,10,4,14.25],"texture":"#3"}}},{"from":[7,-9.35,6.99],"to":[10,-6.35,9.01],"rotation":{"angle":-45,"axis":"z","origin":[8,-7.35,8]},"faces":{"north":{"uv":[3.25,14.25,4,15],"texture":"#3"},"east":{"uv":[3.25,14.25,3.5,15],"texture":"#3"},"south":{"uv":[4,14.25,3.25,15],"texture":"#3"},"west":{"uv":[3.75,14.25,4,15],"texture":"#3"},"up":{"uv":[4,14.25,3.25,14.5],"texture":"#3"},"down":{"uv":[4,14.75,3.25,15],"texture":"#3"}}},{"from":[6.00136,-9.69504,8.02],"to":[8.00136,-5.69504,8.04],"rotation":{"angle":-22.5,"axis":"z","origin":[5.95136,-7.44504,8.03]},"faces":{"north":{"uv":[4,14,4.5,15],"texture":"#3"},"south":{"uv":[4.5,14,4,15],"texture":"#3"}}},{"from":[7.99864,-9.69504,8.02],"to":[9.99864,-5.69504,8.04],"rotation":{"angle":22.5,"axis":"z","origin":[10.04864,-7.44504,8.03]},"faces":{"north":{"uv":[2.75,14,3.25,15],"texture":"#3"},"south":{"uv":[3.25,14,2.75,15],"texture":"#3"}}},{"from":[8.45799,5.87374,8],"to":[11.45799,7.87374,8.02],"rotation":{"angle":-22.5,"axis":"z","origin":[11.45799,6.37374,7.5]},"faces":{"north":{"uv":[2.5,10.5,3.25,11],"texture":"#3"},"south":{"uv":[3.25,10.5,2.5,11],"texture":"#3"}}},{"from":[8.06903,7.94567,7.5],"to":[10.06903,8.94567,8.5],"rotation":{"angle":-22.5,"axis":"z","origin":[9.06903,8.44567,8]},"faces":{"north":{"uv":[3.5,10.5,3,10.75],"rotation":180,"texture":"#3"},"east":{"uv":[3,10.5,3.25,10.75],"rotation":180,"texture":"#3"},"south":{"uv":[3,10.5,3.5,10.75],"rotation":180,"texture":"#3"},"up":{"uv":[3,10.5,3.5,10.75],"rotation":180,"texture":"#3"},"down":{"uv":[3,10.5,3.5,10.75],"rotation":180,"texture":"#3"}}},{"from":[8.45799,3.12374,8],"to":[11.45799,5.12374,8.02],"rotation":{"angle":-22.5,"axis":"z","origin":[11.45799,6.62374,7.5]},"faces":{"north":{"uv":[2.5,11,3.25,11.5],"texture":"#3"},"south":{"uv":[3.25,11,2.5,11.5],"texture":"#3"}}},{"from":[5.93097,7.94567,7.5],"to":[7.93097,8.94567,8.5],"rotation":{"angle":22.5,"axis":"z","origin":[6.93097,8.44567,8]},"faces":{"north":{"uv":[4.5,10.5,4,10.75],"rotation":180,"texture":"#3"},"south":{"uv":[4,10.5,4.5,10.75],"rotation":180,"texture":"#3"},"west":{"uv":[4.25,10.5,4,10.75],"rotation":180,"texture":"#3"},"up":{"uv":[4,10.5,4.5,10.75],"rotation":180,"texture":"#3"},"down":{"uv":[4,10.5,4.5,10.75],"rotation":180,"texture":"#3"}}},{"from":[4.54201,5.87374,8],"to":[7.54201,7.87374,8.02],"rotation":{"angle":22.5,"axis":"z","origin":[4.54201,6.37374,7.5]},"faces":{"north":{"uv":[4.25,10.5,5,11],"texture":"#3"},"south":{"uv":[5,10.5,4.25,11],"texture":"#3"}}},{"from":[4.54201,3.12374,8],"to":[7.54201,5.12374,8.02],"rotation":{"angle":22.5,"axis":"z","origin":[4.54201,6.62374,7.5]},"faces":{"north":{"uv":[4.25,11,5,11.5],"texture":"#3"},"south":{"uv":[5,11,4.25,11.5],"texture":"#3"}}},{"from":[6.5,9.5,7],"to":[9.5,13.5,9],"rotation":{"angle":0,"axis":"y","origin":[8,30,7.5]},"faces":{"north":{"uv":[1.75,8.25,2.5,9.25],"texture":"#3"},"east":{"uv":[1.75,8.25,2,9.25],"texture":"#3"},"south":{"uv":[2.5,8.25,1.75,9.25],"texture":"#3"},"west":{"uv":[2.5,8.25,2.25,9.25],"texture":"#3"},"up":{"uv":[2.5,8.25,1.75,8.5],"texture":"#3"},"down":{"uv":[2.5,9,1.75,9.25],"texture":"#3"}}},{"from":[5.5,10,7.25],"to":[10.5,12,8.75],"rotation":{"angle":0,"axis":"y","origin":[8,6.5,17]},"faces":{"north":{"uv":[3,9.5,4.25,10],"texture":"#3"},"east":{"uv":[3,9.5,3.25,10],"texture":"#3"},"south":{"uv":[4.25,9.5,3,10],"texture":"#3"},"west":{"uv":[4,9.5,4.25,10],"texture":"#3"},"up":{"uv":[4.25,9.5,3,9.75],"texture":"#3"},"down":{"uv":[4.25,9.75,3,10],"texture":"#3"}}},{"from":[5.5,12,7.5],"to":[10.5,16,8.5],"rotation":{"angle":0,"axis":"y","origin":[8,9.5,17]},"faces":{"north":{"uv":[3,8.5,4.25,9.5],"texture":"#3"},"east":{"uv":[3,8.5,3.25,9.5],"texture":"#3"},"south":{"uv":[4.25,8.5,3,9.5],"texture":"#3"},"west":{"uv":[4,8.5,4.25,9.5],"texture":"#3"}}},{"from":[5.1,9.75,7.51],"to":[8.1,12.75,8.49],"rotation":{"angle":-22.5,"axis":"z","origin":[6.1,11.75,8]},"faces":{"north":{"uv":[4,9.5,4.75,10.25],"texture":"#3"},"south":{"uv":[4.75,9.5,4,10.25],"texture":"#3"},"west":{"uv":[4.5,9.5,4.75,10.25],"texture":"#3"},"down":{"uv":[4.75,10,4,10.25],"texture":"#3"}}},{"from":[7.9,9.75,7.51],"to":[10.9,12.75,8.49],"rotation":{"angle":22.5,"axis":"z","origin":[9.9,11.75,8]},"faces":{"north":{"uv":[2.5,9.5,3.25,10.25],"texture":"#3"},"east":{"uv":[2.75,9.5,2.5,10.25],"texture":"#3"},"south":{"uv":[3.25,9.5,2.5,10.25],"texture":"#3"},"down":{"uv":[3.25,10,2.5,10.25],"texture":"#3"}}},{"from":[6.53553,14.96447,7.48],"to":[10.07107,18.5,8.52],"rotation":{"angle":45,"axis":"z","origin":[9.03553,16,8]},"faces":{"north":{"uv":[3,7.5,4,8.5],"texture":"#3"},"east":{"uv":[3,7.5,3.25,8.5],"texture":"#3"},"south":{"uv":[4,7.5,3,8.5],"texture":"#3"},"up":{"uv":[4,7.5,3,7.75],"texture":"#3"}}}],"gui_light":"front","display":{"thirdperson_righthand":{"rotation":[-10,-90,0],"translation":[0,4,0.5],"scale":[0.75,0.75,0.75]},"thirdperson_lefthand":{"rotation":[-10,90,0],"translation":[0,4,0.5],"scale":[0.75,0.75,0.75]},"firstperson_righthand":{"rotation":[21,-90,0],"translation":[1.25,3.5,1.25],"scale":[0.6,0.6,0.6]},"firstperson_lefthand":{"rotation":[21,90,0],"translation":[1.25,3.5,1.25],"scale":[0.6,0.6,0.6]},"ground":{"rotation":[0,0,-45],"translation":[0,3,0],"scale":[0.35,0.35,0.35]},"gui":{"rotation":[0,0,-45],"translation":[2.5,2.5,0],"scale":[0.75,0.75,0.75]},"head":{"rotation":[0,0,-180],"translation":[0.25,15.25,0.75],"scale":[0.6,0.6,0.6]},"fixed":{"rotation":[0,-180,-45],"translation":[-2,2,0],"scale":[0.6,0.6,0.6]}},"mcmodels":"34bf1602c2f53f199c1f79bf5626a632"}