{"credit":"Made with Blockbench","texture_size":[64,64],"textures":{"0":"lunar_studios:enderkariz/block_wars/stormtrooper/stormtrooper_helmet","particle":"lunar_studios:enderkariz/block_wars/stormtrooper/stormtrooper_helmet"},"elements":[{"from":[3,2,3],"to":[13,9,13],"rotation":{"angle":0,"axis":"y","origin":[0,1,0]},"faces":{"north":{"uv":[0,0,2.5,1.75],"texture":"#0"},"east":{"uv":[5,0,2.5,1.75],"texture":"#0"},"south":{"uv":[7.5,0,5,1.75],"texture":"#0"},"west":{"uv":[2.5,0,5,1.75],"texture":"#0"},"up":{"uv":[4.75,1.75,5,2],"texture":"#0"},"down":{"uv":[4.75,1.75,5,2],"texture":"#0"}}},{"from":[3,9,2.5],"to":[13,12,13.5],"rotation":{"angle":0,"axis":"y","origin":[8,10.5,8]},"faces":{"north":{"uv":[0,1.75,2.5,2.5],"texture":"#0"},"east":{"uv":[5,1.75,2.5,2.5],"texture":"#0"},"south":{"uv":[2.5,2.5,0,3.25],"texture":"#0"},"west":{"uv":[2.5,1.75,5,2.5],"texture":"#0"},"up":{"uv":[0,3.5,2.5,6.25],"texture":"#0"},"down":{"uv":[2.75,5.5,5.25,2.75],"texture":"#0"}}},{"from":[13,6,7],"to":[14,9,10],"rotation":{"angle":-45,"axis":"x","origin":[13.5,7,8]},"faces":{"north":{"uv":[6,1.75,6.25,2.5],"texture":"#0"},"east":{"uv":[5.5,1.75,6.25,2.5],"texture":"#0"},"south":{"uv":[5.5,1.75,5.75,2.5],"texture":"#0"},"west":{"uv":[6.25,1.75,5.5,2.5],"texture":"#0"},"up":{"uv":[5.5,1.75,6.25,2],"texture":"#0"},"down":{"uv":[5.5,2.25,6.25,2.5],"rotation":90,"texture":"#0"}}},{"from":[3.5,11.5,3.5],"to":[12.5,12.5,12.5],"rotation":{"angle":0,"axis":"y","origin":[8,10.5,8]},"faces":{"north":{"uv":[5.5,4.75,7.75,5],"texture":"#0"},"east":{"uv":[5.5,4.75,7.75,5],"texture":"#0"},"south":{"uv":[5.5,4.75,7.75,5],"texture":"#0"},"west":{"uv":[5.5,4.75,7.75,5],"texture":"#0"},"up":{"uv":[5.5,2.75,7.75,5],"texture":"#0"},"down":{"uv":[5.5,2.75,7.75,5],"texture":"#0"}}},{"from":[2.75,8.75,2.25],"to":[13.25,12.25,13.75],"rotation":{"angle":0,"axis":"y","origin":[8,10.5,8]},"faces":{"north":{"uv":[0,6.5,2.5,7.25],"texture":"#0"},"east":{"uv":[5,6.5,2.5,7.25],"texture":"#0"},"south":{"uv":[2.5,7.25,0,8],"texture":"#0"},"west":{"uv":[2.5,6.5,5,7.25],"texture":"#0"},"up":{"uv":[0,8.25,2.5,11],"texture":"#0"},"down":{"uv":[2.75,10.25,5.25,7.5],"texture":"#0"}}},{"from":[2.8,1.8,2.8],"to":[13.2,9.2,13.2],"rotation":{"angle":0,"axis":"y","origin":[0,1,0]},"faces":{"north":{"uv":[7.5,0,10,1.75],"texture":"#0"},"east":{"uv":[12.5,0,10,1.75],"texture":"#0"},"south":{"uv":[15,0,12.5,1.75],"texture":"#0"},"west":{"uv":[10,0,12.5,1.75],"texture":"#0"},"up":{"uv":[5.25,1.75,5.5,2],"texture":"#0"},"down":{"uv":[5.25,1.75,5.5,2],"texture":"#0"}}},{"from":[2,6,7],"to":[3,9,10],"rotation":{"angle":-45,"axis":"x","origin":[2.5,7,8]},"faces":{"north":{"uv":[6.25,1.75,6,2.5],"texture":"#0"},"east":{"uv":[5.5,1.75,6.25,2.5],"texture":"#0"},"south":{"uv":[5.75,1.75,5.5,2.5],"texture":"#0"},"west":{"uv":[6.25,1.75,5.5,2.5],"texture":"#0"},"up":{"uv":[6.25,1.75,5.5,2],"texture":"#0"},"down":{"uv":[5.5,2.5,6.25,2.25],"rotation":90,"texture":"#0"}}},{"from":[3.3,11.3,3.3],"to":[12.7,12.7,12.7],"rotation":{"angle":0,"axis":"y","origin":[8,10.5,8]},"faces":{"north":{"uv":[5.5,7.25,7.75,7.5],"texture":"#0"},"east":{"uv":[5.5,7.25,7.75,7.5],"texture":"#0"},"south":{"uv":[5.5,7.25,7.75,7.5],"texture":"#0"},"west":{"uv":[5.5,7.25,7.75,7.5],"texture":"#0"},"up":{"uv":[5.5,5.25,7.75,7.5],"texture":"#0"},"down":{"uv":[5.5,5.25,7.75,7.5],"texture":"#0"}}},{"from":[2,1,5],"to":[14,4,10],"rotation":{"angle":-22.5,"axis":"x","origin":[8,2.5,8.5]},"faces":{"north":{"uv":[5.5,1.5,5.75,1.75],"texture":"#0"},"east":{"uv":[9.25,3.25,8,4],"texture":"#0"},"south":{"uv":[5.5,1.5,5.75,1.75],"texture":"#0"},"west":{"uv":[8,3.25,9.25,4],"texture":"#0"},"up":{"uv":[8,2,11,3.25],"texture":"#0"},"down":{"uv":[8,4,11,5.25],"texture":"#0"}}},{"from":[1.81,0.81,4.81],"to":[14.19,4.19,10.19],"rotation":{"angle":-22.5,"axis":"x","origin":[8,2.5,8.5]},"faces":{"north":{"uv":[5.5,5,5.75,5.25],"texture":"#0"},"east":{"uv":[9.25,6.75,8,7.5],"texture":"#0"},"south":{"uv":[5.5,5,5.75,5.25],"texture":"#0"},"west":{"uv":[8,6.75,9.25,7.5],"texture":"#0"},"up":{"uv":[8,5.5,11,6.75],"texture":"#0"},"down":{"uv":[5.25,1.75,5.5,2],"texture":"#0"}}},{"from":[1.9,1.45984,9.31179],"to":[14.1,4.45984,14.31179],"rotation":{"angle":0,"axis":"y","origin":[8,2.95984,12.81179]},"faces":{"north":{"uv":[5.75,8.25,6,8.5],"texture":"#0"},"east":{"uv":[12.5,4,11.25,4.75],"texture":"#0"},"south":{"uv":[12.75,4.25,15.75,5],"texture":"#0"},"west":{"uv":[11.25,4,12.5,4.75],"texture":"#0"},"up":{"uv":[5.5,7.75,8.5,9],"texture":"#0"},"down":{"uv":[5.5,9.25,8.5,10.5],"texture":"#0"}}},{"from":[1.69,1.24984,9.10179],"to":[14.31,4.66984,14.52179],"rotation":{"angle":0,"axis":"y","origin":[8,2.95984,12.81179]},"faces":{"north":{"uv":[5.75,8.25,6,8.5],"texture":"#0"},"east":{"uv":[10,7.75,8.75,8.5],"texture":"#0"},"south":{"uv":[10.25,8,13.25,8.75],"texture":"#0"},"west":{"uv":[8.75,7.75,10,8.5],"texture":"#0"},"up":{"uv":[8.75,9,11.75,10.25],"texture":"#0"},"down":{"uv":[8.75,10.5,11.75,11.75],"texture":"#0"}}},{"from":[6,-0.95148,2.18926],"to":[10,3.04852,5.18926],"rotation":{"angle":-22.5,"axis":"x","origin":[8,1.04852,3.68926]},"faces":{"north":{"uv":[13.75,2,14.75,3],"texture":"#0"},"east":{"uv":[14.5,2,14.75,3],"texture":"#0"},"south":{"uv":[13.75,2,14,2.25],"texture":"#0"},"west":{"uv":[14.5,2,14.75,3],"texture":"#0"},"up":{"uv":[13.75,2,14.75,2.25],"texture":"#0"},"down":{"uv":[13.75,4,14.75,3.25],"texture":"#0"}}},{"from":[2,1,2],"to":[6,4,5],"rotation":{"angle":-22.5,"axis":"x","origin":[8,2.5,8.5]},"faces":{"north":{"uv":[11.25,2,12.25,2.75],"texture":"#0"},"east":{"uv":[5.5,1.5,5.75,1.75],"texture":"#0"},"south":{"uv":[5.5,1.5,5.75,1.75],"texture":"#0"},"west":{"uv":[12.25,2,13,2.75],"texture":"#0"},"up":{"uv":[11.25,3,12.25,3.75],"texture":"#0"},"down":{"uv":[12.5,3.75,13.5,3],"texture":"#0"}}},{"from":[10,1,2],"to":[14,4,5],"rotation":{"angle":-22.5,"axis":"x","origin":[8,2.5,8.5]},"faces":{"north":{"uv":[12.25,2,11.25,2.75],"texture":"#0"},"east":{"uv":[13,2,12.25,2.75],"texture":"#0"},"south":{"uv":[5.75,1.5,5.5,1.75],"texture":"#0"},"west":{"uv":[5.75,1.5,5.5,1.75],"texture":"#0"},"up":{"uv":[12.25,3,11.25,3.75],"texture":"#0"},"down":{"uv":[13.5,3.75,12.5,3],"texture":"#0"}}},{"from":[9.8,0.8,1.8],"to":[14.2,4.2,5.2],"rotation":{"angle":-22.5,"axis":"x","origin":[8,2.5,8.5]},"faces":{"north":{"uv":[12.25,5.5,11.25,6.25],"texture":"#0"},"east":{"uv":[13,5.5,12.25,6.25],"texture":"#0"},"south":{"uv":[5.75,5,5.5,5.25],"texture":"#0"},"west":{"uv":[5.75,5,5.5,5.25],"texture":"#0"},"up":{"uv":[12.25,6.5,11.25,7.25],"texture":"#0"},"down":{"uv":[13.5,7.25,12.5,6.5],"texture":"#0"}}},{"from":[1.8,0.8,1.8],"to":[6.2,4.2,5.2],"rotation":{"angle":-22.5,"axis":"x","origin":[8,2.5,8.5]},"faces":{"north":{"uv":[11.25,5.5,12.25,6.25],"texture":"#0"},"east":{"uv":[5.5,5,5.75,5.25],"texture":"#0"},"south":{"uv":[5.5,5,5.75,5.25],"texture":"#0"},"west":{"uv":[12.25,5.5,13,6.25],"texture":"#0"},"up":{"uv":[11.25,6.5,12.25,7.25],"texture":"#0"},"down":{"uv":[12.5,7.25,13.5,6.5],"texture":"#0"}}}],"display":{"thirdperson_righthand":{"translation":[0.75,1.5,0],"scale":[0.5,0.5,0.5]},"thirdperson_lefthand":{"translation":[0.75,1.5,0],"scale":[0.5,0.5,0.5]},"firstperson_righthand":{"translation":[1.75,2.75,0],"scale":[0.40234,0.40234,0.40234]},"firstperson_lefthand":{"translation":[1.75,2.75,0],"scale":[0.40234,0.40234,0.40234]},"ground":{"translation":[0,8,0],"scale":[0.67969,0.67969,0.67969]},"gui":{"rotation":[8,-144,0],"translation":[0,1.5,0],"scale":[0.65625,0.65625,0.65625]},"head":{"translation":[0,2,0],"scale":[1.4,1.4,1.4]},"fixed":{"rotation":[-67.5,0,0],"translation":[0.25,4.25,-14.25],"scale":[2,2,2]}},"mcmodels":"8630017fd8ddb2649c493e1aae55d74e"}