{"textures":{"0":"modelengine:block/medieval_box"},"elements":[{"from":[8.0,8.0,9.5],"to":[9.5,9.5,17.0],"faces":{"east":{"uv":[0.0,1.625,0.625,1.75],"tintindex":0,"rotation":0,"texture":"#0"},"south":{"uv":[1.375,1.625,1.5,1.75],"tintindex":0,"rotation":0,"texture":"#0"},"north":{"uv":[0.625,1.625,0.75,1.75],"tintindex":0,"rotation":0,"texture":"#0"},"west":{"uv":[0.75,1.625,1.375,1.75],"tintindex":0,"rotation":0,"texture":"#0"},"up":{"uv":[0.75,1.625,0.625,1.0],"tintindex":0,"rotation":0,"texture":"#0"},"down":{"uv":[0.875,1.0,0.75,1.625],"tintindex":0,"rotation":0,"texture":"#0"}}},{"from":[8.0,3.5,9.5],"to":[8.0,8.0,17.0],"faces":{"east":{"uv":[0.0,0.625,0.625,1.0],"tintindex":0,"rotation":0,"texture":"#0"},"west":{"uv":[0.625,0.625,1.25,1.0],"tintindex":0,"rotation":0,"texture":"#0"}}},{"from":[8.0,6.5,5.0],"to":[9.5,11.0,9.5],"faces":{"east":{"uv":[4.5,5.625,4.875,6.0],"tintindex":0,"rotation":0,"texture":"#0"},"south":{"uv":[5.375,5.625,5.5,6.0],"tintindex":0,"rotation":0,"texture":"#0"},"north":{"uv":[4.875,5.625,5.0,6.0],"tintindex":0,"rotation":0,"texture":"#0"},"west":{"uv":[5.0,5.625,5.375,6.0],"tintindex":0,"rotation":0,"texture":"#0"},"up":{"uv":[5.0,5.625,4.875,5.25],"tintindex":0,"rotation":0,"texture":"#0"},"down":{"uv":[5.125,5.25,5.0,5.625],"tintindex":0,"rotation":0,"texture":"#0"}}}],"display":{"head":{"rotation":[0.0,0.0,0.0]},"firstperson_righthand":{"rotation":[0.0,0.0,0.0]},"thirdperson_lefthand":{"rotation":[0.0,-0.0,-0.0]},"firstperson_lefthand":{"rotation":[0.0,-0.0,-0.0]},"fixed":{"rotation":[0.0,0.0,0.0]},"ground":{"rotation":[0.0,0.0,0.0]},"thirdperson_righthand":{"rotation":[0.0,0.0,0.0]},"gui":{"rotation":[-150.0,-75.0,-180.0]}}}