{"textures":{"0":"modelengine:block/medieval_box"},"elements":[{"from":[-1.0,8.0,-4.0],"to":[3.5,9.5,0.5],"faces":{"east":{"uv":[9.0,15.875,9.375,16.0],"tintindex":0,"rotation":0,"texture":"#0"},"south":{"uv":[10.125,15.875,10.5,16.0],"tintindex":0,"rotation":0,"texture":"#0"},"north":{"uv":[9.375,15.875,9.75,16.0],"tintindex":0,"rotation":0,"texture":"#0"},"west":{"uv":[9.75,15.875,10.125,16.0],"tintindex":0,"rotation":0,"texture":"#0"},"up":{"uv":[9.75,15.875,9.375,15.5],"tintindex":0,"rotation":0,"texture":"#0"},"down":{"uv":[10.125,15.5,9.75,15.875],"tintindex":0,"rotation":0,"texture":"#0"}}},{"from":[-7.0,8.0,5.0],"to":[-2.5,9.5,9.5],"faces":{"east":{"uv":[9.0,15.875,9.375,16.0],"tintindex":0,"rotation":0,"texture":"#0"},"south":{"uv":[10.125,15.875,10.5,16.0],"tintindex":0,"rotation":0,"texture":"#0"},"north":{"uv":[9.375,15.875,9.75,16.0],"tintindex":0,"rotation":0,"texture":"#0"},"west":{"uv":[9.75,15.875,10.125,16.0],"tintindex":0,"rotation":0,"texture":"#0"},"up":{"uv":[9.75,15.875,9.375,15.5],"tintindex":0,"rotation":0,"texture":"#0"},"down":{"uv":[10.125,15.5,9.75,15.875],"tintindex":0,"rotation":0,"texture":"#0"}}},{"from":[-4.0,11.0,-2.5],"to":[0.5,12.5,2.0],"faces":{"east":{"uv":[9.0,15.875,9.375,16.0],"tintindex":0,"rotation":0,"texture":"#0"},"south":{"uv":[10.125,15.875,10.5,16.0],"tintindex":0,"rotation":0,"texture":"#0"},"north":{"uv":[9.375,15.875,9.75,16.0],"tintindex":0,"rotation":0,"texture":"#0"},"west":{"uv":[9.75,15.875,10.125,16.0],"tintindex":0,"rotation":0,"texture":"#0"},"up":{"uv":[9.75,15.875,9.375,15.5],"tintindex":0,"rotation":0,"texture":"#0"},"down":{"uv":[10.125,15.5,9.75,15.875],"tintindex":0,"rotation":0,"texture":"#0"}},"rotation":{"origin":[3.5,11.0,9.5],"angle":22.5,"axis":"z"}}],"display":{"head":{"rotation":[0.0,0.0,0.0]},"firstperson_righthand":{"rotation":[0.0,0.0,0.0]},"thirdperson_lefthand":{"rotation":[0.0,-0.0,-0.0]},"firstperson_lefthand":{"rotation":[0.0,-0.0,-0.0]},"fixed":{"rotation":[0.0,0.0,0.0]},"ground":{"rotation":[0.0,0.0,0.0]},"thirdperson_righthand":{"rotation":[0.0,0.0,0.0]},"gui":{"rotation":[-150.0,-75.0,-180.0]}}}