{"textures":{"0":"modelengine:block/medieval_box"},"elements":[{"from":[-2.5,8.0,-10.0],"to":[18.5,9.5,11.0],"faces":{"east":{"uv":[0.0,1.75,1.75,1.875],"tintindex":0,"rotation":0,"texture":"#0"},"south":{"uv":[5.25,1.75,7.0,1.875],"tintindex":0,"rotation":0,"texture":"#0"},"north":{"uv":[1.75,1.75,3.5,1.875],"tintindex":0,"rotation":0,"texture":"#0"},"west":{"uv":[3.5,1.75,5.25,1.875],"tintindex":0,"rotation":0,"texture":"#0"},"up":{"uv":[3.5,1.75,1.75,0.0],"tintindex":0,"rotation":0,"texture":"#0"},"down":{"uv":[5.25,0.0,3.5,1.75],"tintindex":0,"rotation":0,"texture":"#0"}}}],"display":{"head":{"rotation":[0.0,0.0,0.0]},"firstperson_righthand":{"rotation":[0.0,0.0,0.0]},"thirdperson_lefthand":{"rotation":[0.0,-0.0,-0.0]},"firstperson_lefthand":{"rotation":[0.0,-0.0,-0.0]},"fixed":{"rotation":[0.0,0.0,0.0]},"ground":{"rotation":[0.0,0.0,0.0]},"thirdperson_righthand":{"rotation":[0.0,0.0,0.0]},"gui":{"rotation":[-150.0,-75.0,-180.0]}}}