{"credit":"Made with Blockbench","texture_size":[64,64],"textures":{"1":"dino_pack:item/dino_pack/ankylosaurus_tail"},"elements":[{"from":[6,3,14],"to":[10,7,20],"faces":{"north":{"uv":[7,6.5,8,7.5],"texture":"#1"},"east":{"uv":[5.5,6.5,7,7.5],"texture":"#1"},"south":{"uv":[9.5,6.5,10.5,7.5],"texture":"#1"},"west":{"uv":[8,6.5,9.5,7.5],"texture":"#1"},"up":{"uv":[8,6.5,7,5],"texture":"#1"},"down":{"uv":[9,5,8,6.5],"texture":"#1"}}},{"from":[3,2,20],"to":[13,8,26],"faces":{"north":{"uv":[1.5,1.5,4,3],"texture":"#1"},"east":{"uv":[0,1.5,1.5,3],"texture":"#1"},"south":{"uv":[5.5,1.5,8,3],"texture":"#1"},"west":{"uv":[4,1.5,5.5,3],"texture":"#1"},"up":{"uv":[4,1.5,1.5,0],"texture":"#1"},"down":{"uv":[6.5,0,4,1.5],"texture":"#1"}}},{"from":[5,5,7],"to":[11,11,15],"rotation":{"angle":22.5,"axis":"x","origin":[8,5,7.5]},"faces":{"north":{"uv":[2,5,3.5,6.5],"texture":"#1"},"east":{"uv":[0,5,2,6.5],"texture":"#1"},"south":{"uv":[5.5,5,7,6.5],"texture":"#1"},"west":{"uv":[3.5,5,5.5,6.5],"texture":"#1"},"up":{"uv":[3.5,5,2,3],"texture":"#1"},"down":{"uv":[5,3,3.5,5],"texture":"#1"}}}],"display":{"thirdperson_righthand":{"rotation":[65,135,0],"translation":[-2,0.75,1.75],"scale":[0.5,0.5,0.5]},"thirdperson_lefthand":{"rotation":[65,135,0],"translation":[-2,0.75,1.75],"scale":[0.5,0.5,0.5]},"firstperson_righthand":{"rotation":[0,121,0],"translation":[-1.25,1.25,0],"scale":[0.5,0.5,0.5]},"firstperson_lefthand":{"rotation":[0,121,0],"translation":[-1.25,1.25,0],"scale":[0.5,0.5,0.5]},"ground":{"translation":[0,3,0],"scale":[0.35,0.35,0.35]},"gui":{"rotation":[30,135,1],"translation":[-5.5,-1.5,0],"scale":[0.82226,0.82226,0.82226]},"head":{"translation":[0,-54,0.75],"scale":[1.85,1.85,1.85]},"fixed":{"rotation":[0,180,0],"translation":[0,0,2.75]}},"mcmodels":"9a8a437501795925a92023ac8f6d9504"}