{"credit":"Made with Blockbench","texture_size":[64,64],"textures":{"0":"dino_pack:item/dino_pack/brachiosaurus_tail","particle":"dino_pack:item/dino_pack/brachiosaurus_tail"},"elements":[{"from":[5,3.75,6.75],"to":[11,9.75,17.75],"rotation":{"angle":22.5,"axis":"x","origin":[8,3.75,10.25]},"faces":{"north":{"uv":[2.75,2.75,4.25,4.25],"texture":"#0"},"east":{"uv":[0,2.75,2.75,4.25],"texture":"#0"},"south":{"uv":[7,2.75,8.5,4.25],"texture":"#0"},"west":{"uv":[4.25,2.75,7,4.25],"texture":"#0"},"up":{"uv":[4.25,2.75,2.75,0],"texture":"#0"},"down":{"uv":[5.75,0,4.25,2.75],"texture":"#0"}}},{"from":[6,1.75,16.75],"to":[10,5.75,29.75],"rotation":{"angle":0,"axis":"y","origin":[0,-1.25,2.75]},"faces":{"north":{"uv":[3.25,7.5,4.25,8.5],"texture":"#0"},"east":{"uv":[0,7.5,3.25,8.5],"texture":"#0"},"south":{"uv":[7.5,7.5,8.5,8.5],"texture":"#0"},"west":{"uv":[4.25,7.5,7.5,8.5],"texture":"#0"},"up":{"uv":[4.25,7.5,3.25,4.25],"texture":"#0"},"down":{"uv":[5.25,4.25,4.25,7.5],"texture":"#0"}}}],"display":{"thirdperson_righthand":{"rotation":[65,135,0],"translation":[-0.5,3.5,1.75],"scale":[0.5,0.5,0.5]},"thirdperson_lefthand":{"rotation":[65,135,0],"translation":[-0.5,3.5,1.75],"scale":[0.5,0.5,0.5]},"firstperson_righthand":{"rotation":[0,121,0],"translation":[-1.25,1.25,0],"scale":[0.5,0.5,0.5]},"firstperson_lefthand":{"rotation":[0,121,0],"translation":[-1.25,1.25,0],"scale":[0.5,0.5,0.5]},"ground":{"translation":[0,3,0],"scale":[0.35,0.35,0.35]},"gui":{"rotation":[30,135,1],"translation":[-5.5,-1,0],"scale":[0.78125,0.78125,0.78125]},"head":{"translation":[0,-54,0.75],"scale":[1.85,1.85,1.85]},"fixed":{"rotation":[0,180,0],"translation":[0,0,-0.25]}},"mcmodels":"9a8a437501795925a92023ac8f6d9504"}