{"credit":"Made with Blockbench","texture_size":[64,64],"textures":{"0":"dino_pack:item/dino_pack/parasaurolophus_hat","particle":"dino_pack:item/dino_pack/parasaurolophus_hat"},"elements":[{"from":[4,0,3.5],"to":[12,7,12.5],"rotation":{"angle":0,"axis":"x","origin":[0,0,-0.5]},"faces":{"north":{"uv":[2.25,2.25,4.25,4],"texture":"#0"},"east":{"uv":[0,2.25,2.25,4],"texture":"#0"},"south":{"uv":[6.5,2.25,8.5,4],"texture":"#0"},"west":{"uv":[4.25,2.25,6.5,4],"texture":"#0"},"up":{"uv":[4.25,2.25,2.25,0],"texture":"#0"},"down":{"uv":[6.25,0,4.25,2.25],"texture":"#0"}}},{"from":[7.5,7,7.5],"to":[8.5,9,12.5],"rotation":{"angle":0,"axis":"x","origin":[0,0,-0.5]},"faces":{"north":{"uv":[1.25,5.25,1.5,5.75],"texture":"#0"},"east":{"uv":[0,5.25,1.25,5.75],"texture":"#0"},"south":{"uv":[2.75,5.25,3,5.75],"texture":"#0"},"west":{"uv":[1.5,5.25,2.75,5.75],"texture":"#0"},"up":{"uv":[1.5,5.25,1.25,4],"texture":"#0"},"down":{"uv":[1.75,4,1.5,5.25],"texture":"#0"}}},{"from":[6.5,0.25,4.65],"to":[9.5,5.25,8.65],"rotation":{"angle":22.5,"axis":"x","origin":[8,11,11.5]},"faces":{"north":{"uv":[7.25,1,8,2.25],"texture":"#0"},"east":{"uv":[6.25,1,7.25,2.25],"texture":"#0"},"south":{"uv":[9,1,9.75,2.25],"texture":"#0"},"west":{"uv":[8,1,9,2.25],"texture":"#0"},"up":{"uv":[8,1,7.25,0],"texture":"#0"},"down":{"uv":[8.75,0,8,1],"texture":"#0"}}},{"from":[6.475,6.41802,3.54606],"to":[9.525,9.41802,16.54606],"rotation":{"angle":-22.5,"axis":"x","origin":[8,7.41802,6.04606]},"faces":{"north":{"uv":[3.25,7.25,4,8],"rotation":180,"texture":"#0"},"east":{"uv":[4,8,7.25,7.25],"rotation":180,"texture":"#0"},"south":{"uv":[7.25,7.25,8,8],"texture":"#0"},"west":{"uv":[7.25,8,4,7.25],"rotation":180,"texture":"#0"},"up":{"uv":[4,4,3.25,7.25],"rotation":180,"texture":"#0"},"down":{"uv":[4.75,4,4,7.25],"texture":"#0"}}},{"from":[5,-2,-1],"to":[11,3,6],"rotation":{"angle":-22.5,"axis":"x","origin":[0,0,-0.5]},"faces":{"north":{"uv":[6.5,5.75,8,7],"texture":"#0"},"east":{"uv":[4.75,5.75,6.5,7],"texture":"#0"},"south":{"uv":[9.75,5.75,11.25,7],"texture":"#0"},"west":{"uv":[8,5.75,9.75,7],"texture":"#0"},"up":{"uv":[8,5.75,6.5,4],"texture":"#0"},"down":{"uv":[9.5,4,8,5.75],"texture":"#0"}}}],"display":{"thirdperson_righthand":{"rotation":[65,135,0],"translation":[-0.5,3.5,1.75],"scale":[0.5,0.5,0.5]},"thirdperson_lefthand":{"rotation":[65,135,0],"translation":[-0.5,3.5,1.75],"scale":[0.5,0.5,0.5]},"firstperson_righthand":{"rotation":[0,121,0],"translation":[0.25,5,0],"scale":[0.5,0.5,0.5]},"firstperson_lefthand":{"rotation":[0,121,0],"translation":[0.25,5,0],"scale":[0.5,0.5,0.5]},"ground":{"translation":[0,3,0],"scale":[0.35,0.35,0.35]},"gui":{"rotation":[30,135,1],"translation":[0.75,2,0],"scale":[0.76562,0.76562,0.76562]},"head":{"translation":[0,13.25,0.25],"scale":[1.83,1.83,1.83]},"fixed":{"translation":[0,4,-3.5]}},"mcmodels":"9a8a437501795925a92023ac8f6d9504"}