{"credit":"Made with Blockbench","texture_size":[64,64],"textures":{"1":"dino_pack:item/dino_pack/triceratops_hat"},"elements":[{"from":[3.5,0,3.5],"to":[12.5,9,12.5],"rotation":{"angle":0,"axis":"y","origin":[0,0,-3.5]},"faces":{"north":{"uv":[2.25,6.75,4.5,9],"texture":"#1"},"east":{"uv":[0,6.75,2.25,9],"texture":"#1"},"south":{"uv":[6.75,6.75,9,9],"texture":"#1"},"west":{"uv":[4.5,6.75,6.75,9],"texture":"#1"},"up":{"uv":[4.5,6.75,2.25,4.5],"texture":"#1"},"down":{"uv":[6.75,4.5,4.5,6.75],"texture":"#1"}}},{"from":[-1,0,11.5],"to":[17,16,13.5],"rotation":{"angle":22.5,"axis":"x","origin":[8,8,13.5]},"faces":{"north":{"uv":[0.5,0.5,5,4.5],"texture":"#1"},"east":{"uv":[0,0.5,0.5,4.5],"texture":"#1"},"south":{"uv":[5.5,0.5,10,4.5],"texture":"#1"},"west":{"uv":[5,0.5,5.5,4.5],"texture":"#1"},"up":{"uv":[5,0.5,0.5,0],"texture":"#1"},"down":{"uv":[9.5,0,5,0.5],"texture":"#1"}}},{"from":[2,9.21879,9.16186],"to":[5,16.21879,12.16186],"rotation":{"angle":-45,"axis":"x","origin":[8,11.06879,11.88686]},"faces":{"north":{"uv":[3.75,9.75,4.5,11.5],"texture":"#1"},"east":{"uv":[3,9.75,3.75,11.5],"texture":"#1"},"south":{"uv":[5.25,9.75,6,11.5],"texture":"#1"},"west":{"uv":[4.5,9.75,5.25,11.5],"texture":"#1"},"up":{"uv":[4.5,9.75,3.75,9],"texture":"#1"},"down":{"uv":[5.25,9,4.5,9.75],"texture":"#1"}}},{"from":[5,2.73324,-2.07654],"to":[11,6.73324,4.92346],"rotation":{"angle":-22.5,"axis":"x","origin":[8,3.49238,3.50522]},"faces":{"north":{"uv":[9,9,10.5,10],"texture":"#1"},"east":{"uv":[7.25,9,9,10],"texture":"#1"},"south":{"uv":[12.25,9,13.75,10],"texture":"#1"},"west":{"uv":[10.5,9,12.25,10],"texture":"#1"},"up":{"uv":[10.5,9,9,7.25],"texture":"#1"},"down":{"uv":[12,7.25,10.5,9],"texture":"#1"}}},{"from":[6.5,5.21967,-2.52227],"to":[9.5,9.21967,0.47773],"rotation":{"angle":-22.5,"axis":"x","origin":[8,6.36967,-1.02227]},"faces":{"north":{"uv":[10.75,0.75,11.5,1.75],"texture":"#1"},"east":{"uv":[10,0.75,10.75,1.75],"texture":"#1"},"south":{"uv":[12.25,0.75,13,1.75],"texture":"#1"},"west":{"uv":[11.5,0.75,12.25,1.75],"texture":"#1"},"up":{"uv":[11.5,0.75,10.75,0],"texture":"#1"},"down":{"uv":[12.25,0,11.5,0.75],"texture":"#1"}}},{"from":[5,-0.26676,-2.07654],"to":[11,2.73324,2.92346],"rotation":{"angle":-22.5,"axis":"x","origin":[8,3.49238,3.50522]},"faces":{"north":{"uv":[8,5.75,9.5,6.5],"texture":"#1"},"east":{"uv":[6.75,5.75,8,6.5],"texture":"#1"},"west":{"uv":[9.5,5.75,10.75,6.5],"texture":"#1"}}},{"from":[11,9.21879,9.16186],"to":[14,16.21879,12.16186],"rotation":{"angle":-45,"axis":"x","origin":[8,11.06879,11.88686]},"faces":{"north":{"uv":[0.75,9.75,1.5,11.5],"texture":"#1"},"east":{"uv":[0,9.75,0.75,11.5],"texture":"#1"},"south":{"uv":[2.25,9.75,3,11.5],"texture":"#1"},"west":{"uv":[1.5,9.75,2.25,11.5],"texture":"#1"},"up":{"uv":[1.5,9.75,0.75,9],"texture":"#1"},"down":{"uv":[2.25,9,1.5,9.75],"texture":"#1"}}},{"name":"cube inverted","from":[11,2.73324,2.92346],"to":[5,-0.26676,-2.07654],"rotation":{"angle":-22.5,"axis":"x","origin":[8,3.49238,3.50522]},"faces":{"east":{"uv":[9.5,6.5,10.75,5.75],"texture":"#1"},"south":{"uv":[8,6.5,9.5,5.75],"texture":"#1"},"west":{"uv":[6.75,6.5,8,5.75],"texture":"#1"}}},{"name":"cube inverted","from":[12.5,9,12.5],"to":[3.5,0,3.5],"rotation":{"angle":0,"axis":"y","origin":[0,0,-3.5]},"faces":{"north":{"uv":[6.75,9,9,6.75],"texture":"#1"},"east":{"uv":[4.5,9,6.75,6.75],"texture":"#1"},"south":{"uv":[2.25,9,4.5,6.75],"texture":"#1"},"west":{"uv":[0,9,2.25,6.75],"texture":"#1"},"up":{"uv":[4.5,4.5,6.75,6.75],"texture":"#1"},"down":{"uv":[2.25,6.75,4.5,4.5],"texture":"#1"}}}],"display":{"thirdperson_righthand":{"rotation":[65,135,0],"translation":[-0.5,3.5,1.75],"scale":[0.5,0.5,0.5]},"thirdperson_lefthand":{"rotation":[65,135,0],"translation":[-0.5,3.5,1.75],"scale":[0.5,0.5,0.5]},"firstperson_righthand":{"rotation":[0,121,0],"translation":[0.25,5,0],"scale":[0.5,0.5,0.5]},"firstperson_lefthand":{"rotation":[0,121,0],"translation":[0.25,5,0],"scale":[0.5,0.5,0.5]},"ground":{"translation":[0,3,0],"scale":[0.35,0.35,0.35]},"gui":{"rotation":[30,135,1],"translation":[-1,-0.25,0],"scale":[0.63867,0.63867,0.63867]},"head":{"translation":[0,6.75,0],"scale":[1.83,1.83,1.83]},"fixed":{"rotation":[-22.5,0,0],"translation":[0,-1.5,-4.5]}},"mcmodels":"9a8a437501795925a92023ac8f6d9504"}