{"credit":"Made with Blockbench","texture_size":[64,64],"textures":{"1":"dino_pack:item/dino_pack/tyrannosaurus_rex_hat"},"elements":[{"from":[3,0,5],"to":[13,10,13],"faces":{"north":{"uv":[2,2,4.5,4.5],"texture":"#1"},"east":{"uv":[0,2,2,4.5],"texture":"#1"},"south":{"uv":[6.5,2,9,4.5],"texture":"#1"},"west":{"uv":[4.5,2,6.5,4.5],"texture":"#1"},"up":{"uv":[4.5,2,2,0],"texture":"#1"},"down":{"uv":[7,0,4.5,2],"texture":"#1"}}},{"from":[4,3,-3],"to":[12,5,5],"rotation":{"angle":22.5,"axis":"x","origin":[8,5,5]},"faces":{"north":{"uv":[9,4.5,11,5],"texture":"#1"},"east":{"uv":[7,4.5,9,5],"texture":"#1"},"south":{"uv":[13,4.5,15,5],"texture":"#1"},"west":{"uv":[11,4.5,13,5],"texture":"#1"}}},{"from":[4,5,-3],"to":[12,9,5],"rotation":{"angle":22.5,"axis":"x","origin":[8,5,5]},"faces":{"north":{"uv":[2,6.5,4,7.5],"texture":"#1"},"east":{"uv":[0,6.5,2,7.5],"texture":"#1"},"south":{"uv":[6,6.5,8,7.5],"texture":"#1"},"west":{"uv":[4,6.5,6,7.5],"texture":"#1"},"up":{"uv":[4,6.5,2,4.5],"texture":"#1"},"down":{"uv":[6,4.5,4,6.5],"texture":"#1"}}},{"name":"cube inverted","from":[12,5,5],"to":[4,3,-3],"rotation":{"angle":22.5,"axis":"x","origin":[8,5,5]},"faces":{"north":{"uv":[13,5,15,4.5],"texture":"#1"},"east":{"uv":[11,5,13,4.5],"texture":"#1"},"south":{"uv":[9,5,11,4.5],"texture":"#1"},"west":{"uv":[7,5,9,4.5],"texture":"#1"}}},{"from":[4,0,-2],"to":[12,2,6],"rotation":{"angle":-22.5,"axis":"x","origin":[8,2,5]},"faces":{"north":{"uv":[8,7.5,10,8],"texture":"#1"},"east":{"uv":[6,7.5,8,8],"texture":"#1"},"south":{"uv":[12,7.5,14,8],"texture":"#1"},"west":{"uv":[10,7.5,12,8],"texture":"#1"},"up":{"uv":[10,7.5,8,5.5],"texture":"#1"},"down":{"uv":[12,5.5,10,7.5],"texture":"#1"}}},{"from":[4,2,-2],"to":[12,4,4],"rotation":{"angle":-22.5,"axis":"x","origin":[8,2,5]},"faces":{"north":{"uv":[8.5,1.5,10.5,2],"texture":"#1"},"east":{"uv":[7,1.5,8.5,2],"texture":"#1"},"south":{"uv":[12,1.5,14,2],"texture":"#1"},"west":{"uv":[10.5,1.5,12,2],"texture":"#1"}}},{"name":"cube inverted","from":[12,4,4],"to":[4,2,-2],"rotation":{"angle":-22.5,"axis":"x","origin":[8,2,5]},"faces":{"north":{"uv":[12,2,14,1.5],"texture":"#1"},"east":{"uv":[10.5,2,12,1.5],"texture":"#1"},"south":{"uv":[8.5,2,10.5,1.5],"texture":"#1"},"west":{"uv":[7,2,8.5,1.5],"texture":"#1"}}},{"from":[7,4,7],"to":[9,12,14],"rotation":{"angle":-22.5,"axis":"x","origin":[8,8.5,11.5]},"faces":{"north":{"uv":[1.75,9.25,2.25,11.25],"texture":"#1"},"east":{"uv":[0,9.25,1.75,11.25],"texture":"#1"},"south":{"uv":[4,9.25,4.5,11.25],"texture":"#1"},"west":{"uv":[2.25,9.25,4,11.25],"texture":"#1"},"up":{"uv":[2.25,9.25,1.75,7.5],"texture":"#1"},"down":{"uv":[2.75,7.5,2.25,9.25],"texture":"#1"}}}],"display":{"thirdperson_righthand":{"rotation":[65,135,0],"translation":[-0.5,3.5,1.75],"scale":[0.5,0.5,0.5]},"thirdperson_lefthand":{"rotation":[65,135,0],"translation":[-0.5,3.5,1.75],"scale":[0.5,0.5,0.5]},"firstperson_righthand":{"rotation":[0,121,0],"translation":[0.25,5,0],"scale":[0.5,0.5,0.5]},"firstperson_lefthand":{"rotation":[0,121,0],"translation":[0.25,5,0],"scale":[0.5,0.5,0.5]},"ground":{"translation":[0,3,0],"scale":[0.35,0.35,0.35]},"gui":{"rotation":[30,135,1],"translation":[1.25,3,0],"scale":[0.79297,0.79297,0.79297]},"head":{"translation":[0,7,0],"scale":[1.85,1.85,1.85]},"fixed":{"translation":[0,3,-4]}},"mcmodels":"9a8a437501795925a92023ac8f6d9504"}