{"textures":{"0":"modelengine:block/clone"},"elements":[{"from":[4.0,8.064869,5.0083475],"to":[12.0,16.064869,13.0083475],"faces":{"east":{"uv":[0.0,2.0,2.0,4.0],"tintindex":0,"rotation":0,"texture":"#0"},"south":{"uv":[2.0,0.0,4.0,2.0],"tintindex":0,"rotation":0,"texture":"#0"},"north":{"uv":[0.0,0.0,2.0,2.0],"tintindex":0,"rotation":0,"texture":"#0"},"west":{"uv":[2.0,2.0,4.0,4.0],"tintindex":0,"rotation":0,"texture":"#0"},"up":{"uv":[2.0,6.0,0.0,4.0],"tintindex":0,"rotation":0,"texture":"#0"},"down":{"uv":[6.0,0.0,4.0,2.0],"tintindex":0,"rotation":0,"texture":"#0"}}},{"from":[7.0,14.764869,13.708347],"to":[9.0,15.764869,14.708347],"faces":{"east":{"uv":[8.5,4.5,8.75,4.75],"tintindex":0,"rotation":0,"texture":"#0"},"south":{"uv":[8.0,5.0,8.5,5.25],"tintindex":0,"rotation":0,"texture":"#0"},"north":{"uv":[7.5,4.0,8.0,4.25],"tintindex":0,"rotation":0,"texture":"#0"},"west":{"uv":[8.5,4.75,8.75,5.0],"tintindex":0,"rotation":0,"texture":"#0"},"up":{"uv":[9.0,4.25,8.5,4.0],"tintindex":0,"rotation":0,"texture":"#0"},"down":{"uv":[9.0,4.25,8.5,4.5],"tintindex":0,"rotation":0,"texture":"#0"}},"rotation":{"origin":[8.0,16.564869,9.0083475],"angle":-22.5,"axis":"x"}},{"from":[3.9,7.964869,4.9083476],"to":[12.1,16.16487,13.108348],"faces":{"east":{"uv":[4.0,2.0,6.0,4.0],"tintindex":0,"rotation":0,"texture":"#0"},"south":{"uv":[4.0,4.0,6.0,6.0],"tintindex":0,"rotation":0,"texture":"#0"},"north":{"uv":[2.0,4.0,4.0,6.0],"tintindex":0,"rotation":0,"texture":"#0"},"west":{"uv":[0.0,6.0,2.0,8.0],"tintindex":0,"rotation":0,"texture":"#0"},"up":{"uv":[8.0,2.0,6.0,0.0],"tintindex":0,"rotation":0,"texture":"#0"},"down":{"uv":[4.0,6.0,2.0,8.0],"tintindex":0,"rotation":0,"texture":"#0"}}},{"from":[7.0,12.764869,4.7083473],"to":[9.0,15.764869,13.708347],"faces":{"east":{"uv":[6.0,2.0,8.25,2.75],"tintindex":0,"rotation":0,"texture":"#0"},"south":{"uv":[8.0,0.0,8.5,0.75],"tintindex":0,"rotation":0,"texture":"#0"},"north":{"uv":[0.0,8.0,0.5,8.75],"tintindex":0,"rotation":0,"texture":"#0"},"west":{"uv":[6.0,2.75,8.25,3.5],"tintindex":0,"rotation":0,"texture":"#0"},"up":{"uv":[6.5,6.5,6.0,4.25],"tintindex":0,"rotation":0,"texture":"#0"},"down":{"uv":[6.0,6.0,5.5,8.25],"tintindex":0,"rotation":0,"texture":"#0"}},"rotation":{"origin":[8.0,16.564869,9.0083475],"angle":-22.5,"axis":"x"}}],"display":{"head":{"rotation":[0.0,0.0,0.0]},"firstperson_righthand":{"rotation":[0.0,0.0,0.0]},"thirdperson_lefthand":{"rotation":[0.0,-0.0,-0.0]},"firstperson_lefthand":{"rotation":[0.0,-0.0,-0.0]},"fixed":{"rotation":[0.0,0.0,0.0]},"ground":{"rotation":[0.0,0.0,0.0]},"thirdperson_righthand":{"rotation":[0.0,0.0,0.0]},"gui":{"rotation":[-150.0,-75.0,-180.0]}}}