{"textures":{"0":"modelengine:block/clone"},"elements":[{"from":[6.51,4.51,7.11],"to":[8.79,7.5899997,9.29],"faces":{"east":{"uv":[2.5,8.0,3.0,8.75],"tintindex":0,"rotation":0,"texture":"#0"},"south":{"uv":[3.0,8.0,3.5,8.75],"tintindex":0,"rotation":0,"texture":"#0"},"north":{"uv":[2.0,8.0,2.5,8.75],"tintindex":0,"rotation":0,"texture":"#0"},"west":{"uv":[3.5,8.0,4.0,8.75],"tintindex":0,"rotation":0,"texture":"#0"},"up":{"uv":[7.0,8.75,6.5,8.25],"tintindex":0,"rotation":0,"texture":"#0"},"down":{"uv":[7.5,8.25,7.0,8.75],"tintindex":0,"rotation":0,"texture":"#0"}}}],"display":{"head":{"rotation":[0.0,0.0,0.0]},"firstperson_righthand":{"rotation":[0.0,0.0,0.0]},"thirdperson_lefthand":{"rotation":[0.0,-0.0,-0.0]},"firstperson_lefthand":{"rotation":[0.0,-0.0,-0.0]},"fixed":{"rotation":[0.0,0.0,0.0]},"ground":{"rotation":[0.0,0.0,0.0]},"thirdperson_righthand":{"rotation":[0.0,0.0,0.0]},"gui":{"rotation":[-150.0,-75.0,-180.0]}}}