{"textures":{"0":"modelengine:block/clone"},"elements":[{"from":[6.815,7.2149997,7.015],"to":[9.085,9.184999,8.985],"faces":{"east":{"uv":[8.0,8.25,8.5,8.75],"tintindex":0,"rotation":0,"texture":"#0"},"south":{"uv":[8.5,0.0,9.0,0.5],"tintindex":0,"rotation":0,"texture":"#0"},"north":{"uv":[7.5,8.25,8.0,8.75],"tintindex":0,"rotation":0,"texture":"#0"},"west":{"uv":[8.5,0.5,9.0,1.0],"tintindex":0,"rotation":0,"texture":"#0"},"up":{"uv":[9.0,1.5,8.5,1.0],"tintindex":0,"rotation":0,"texture":"#0"},"down":{"uv":[9.0,1.5,8.5,2.0],"tintindex":0,"rotation":0,"texture":"#0"}}}],"display":{"head":{"rotation":[0.0,0.0,0.0]},"firstperson_righthand":{"rotation":[0.0,0.0,0.0]},"thirdperson_lefthand":{"rotation":[0.0,-0.0,-0.0]},"firstperson_lefthand":{"rotation":[0.0,-0.0,-0.0]},"fixed":{"rotation":[0.0,0.0,0.0]},"ground":{"rotation":[0.0,0.0,0.0]},"thirdperson_righthand":{"rotation":[0.0,0.0,0.0]},"gui":{"rotation":[-150.0,-75.0,-180.0]}}}