{"textures":{"0":"modelengine:block/lady_of_the_forest"},"elements":[{"from":[4.0,8.0,4.0],"to":[12.0,16.0,12.0],"faces":{"east":{"uv":[3.625,0.0,4.625,1.0],"tintindex":0,"rotation":0,"texture":"#0"},"south":{"uv":[3.625,1.0,4.625,2.0],"tintindex":0,"rotation":0,"texture":"#0"},"north":{"uv":[3.0,3.0,4.0,4.0],"tintindex":0,"rotation":0,"texture":"#0"},"west":{"uv":[3.625,2.0,4.625,3.0],"tintindex":0,"rotation":0,"texture":"#0"},"up":{"uv":[3.25,5.0,2.25,4.0],"tintindex":0,"rotation":0,"texture":"#0"},"down":{"uv":[5.0,3.0,4.0,4.0],"tintindex":0,"rotation":0,"texture":"#0"}}}],"display":{"head":{"rotation":[0.0,0.0,0.0]},"firstperson_righthand":{"rotation":[0.0,0.0,0.0]},"thirdperson_lefthand":{"rotation":[0.0,-0.0,-0.0]},"firstperson_lefthand":{"rotation":[0.0,-0.0,-0.0]},"fixed":{"rotation":[0.0,0.0,0.0]},"ground":{"rotation":[0.0,0.0,0.0]},"thirdperson_righthand":{"rotation":[0.0,0.0,0.0]},"gui":{"rotation":[-150.0,-75.0,-180.0]}}}