{"providers":[{"file":"char/black.png","chars":[""],"height":1,"ascent":-5000,"type":"bitmap"},{"file":"char/black.png","chars":[""],"height":2,"ascent":-5000,"type":"bitmap"},{"file":"char/black.png","chars":[""],"height":3,"ascent":-5000,"type":"bitmap"},{"file":"char/black.png","chars":[""],"height":4,"ascent":-5000,"type":"bitmap"},{"file":"char/black.png","chars":[""],"height":5,"ascent":-5000,"type":"bitmap"},{"file":"char/black.png","chars":[""],"height":6,"ascent":-5000,"type":"bitmap"},{"file":"char/black.png","chars":[""],"height":7,"ascent":-5000,"type":"bitmap"},{"file":"char/black.png","chars":[""],"height":15,"ascent":-5000,"type":"bitmap"},{"file":"char/black.png","chars":[""],"height":31,"ascent":-5000,"type":"bitmap"},{"file":"char/black.png","chars":[""],"height":63,"ascent":-5000,"type":"bitmap"},{"file":"char/black.png","chars":[""],"height":127,"ascent":-5000,"type":"bitmap"},{"file":"char/black.png","chars":[""],"height":256,"ascent":-5000,"type":"bitmap"},{"file":"char/black.png","chars":[""],"height":512,"ascent":-5000,"type":"bitmap"},{"file":"char/black.png","chars":[""],"height":1024,"ascent":-5000,"type":"bitmap"},{"file":"char/black.png","chars":[""],"height":-3,"ascent":-5000,"type":"bitmap"},{"file":"char/black.png","chars":[""],"height":-4,"ascent":-5000,"type":"bitmap"},{"file":"char/black.png","chars":[""],"height":-5,"ascent":-5000,"type":"bitmap"},{"file":"char/black.png","chars":[""],"height":-6,"ascent":-5000,"type":"bitmap"},{"file":"char/black.png","chars":[""],"height":-7,"ascent":-5000,"type":"bitmap"},{"file":"char/black.png","chars":[""],"height":-8,"ascent":-5000,"type":"bitmap"},{"file":"char/black.png","chars":[""],"height":-9,"ascent":-5000,"type":"bitmap"},{"file":"char/black.png","chars":[""],"height":-10,"ascent":-5000,"type":"bitmap"},{"file":"char/black.png","chars":[""],"height":-18,"ascent":-5000,"type":"bitmap"},{"file":"char/black.png","chars":[""],"height":-34,"ascent":-5000,"type":"bitmap"},{"file":"char/black.png","chars":[""],"height":-66,"ascent":-5000,"type":"bitmap"},{"file":"char/black.png","chars":[""],"height":-130,"ascent":-5000,"type":"bitmap"},{"file":"char/black.png","chars":[""],"height":-259,"ascent":-5000,"type":"bitmap"},{"file":"char/black.png","chars":[""],"height":-515,"ascent":-5000,"type":"bitmap"},{"file":"char/black.png","chars":[""],"height":-1027,"ascent":-5000,"type":"bitmap"},{"file":"hmccosmetics:icons/cosmetics_gui.png","chars":[""],"height":256,"ascent":14,"type":"bitmap"},{"file":"hmccosmetics:icons/dye_menu.png","chars":[""],"height":256,"ascent":14,"type":"bitmap"},{"file":"hmccosmetics:icons/colorful.png","chars":[""],"height":8,"ascent":8,"type":"bitmap"},{"file":"hmccosmetics:icons/title.png","chars":[""],"height":256,"ascent":128,"type":"bitmap"},{"file":"hmccosmetics:icons/shade.png","chars":[""],"height":16,"ascent":-5,"type":"bitmap"},{"file":"hmccosmetics:icons/shade.png","chars":[""],"height":16,"ascent":-23,"type":"bitmap"},{"file":"hmccosmetics:icons/shade.png","chars":[""],"height":16,"ascent":-41,"type":"bitmap"},{"file":"hmccosmetics:icons/shade.png","chars":[""],"height":16,"ascent":-59,"type":"bitmap"},{"file":"hmccosmetics:icons/shade.png","chars":[""],"height":16,"ascent":-77,"type":"bitmap"},{"file":"hmccosmetics:icons/shade.png","chars":[""],"height":16,"ascent":-95,"type":"bitmap"},{"file":"hmccosmetics:icons/clear_image.png","chars":[""],"height":16,"ascent":-5,"type":"bitmap"},{"file":"hmccosmetics:icons/clear_image.png","chars":[""],"height":16,"ascent":-23,"type":"bitmap"},{"file":"hmccosmetics:icons/clear_image.png","chars":[""],"height":16,"ascent":-41,"type":"bitmap"},{"file":"hmccosmetics:icons/clear_image.png","chars":[""],"height":16,"ascent":-59,"type":"bitmap"},{"file":"hmccosmetics:icons/clear_image.png","chars":[""],"height":16,"ascent":-77,"type":"bitmap"},{"file":"hmccosmetics:icons/clear_image.png","chars":[""],"height":16,"ascent":-95,"type":"bitmap"},{"file":"_iainternal:gui/no_recipe.png","chars":[""],"height":170,"ascent":47,"type":"bitmap"},{"file":"_iainternal:gui/crafting.png","chars":[""],"height":170,"ascent":47,"type":"bitmap"},{"file":"_iainternal:gui/cooking.png","chars":[""],"height":170,"ascent":47,"type":"bitmap"},{"file":"_iainternal:gui/blank_menu.png","chars":[""],"height":170,"ascent":47,"type":"bitmap"},{"file":"_iainternal:gui/anvil_repair.png","chars":[""],"height":170,"ascent":47,"type":"bitmap"},{"file":"_iainternal:gui/smithing.png","chars":[""],"height":170,"ascent":47,"type":"bitmap"},{"file":"daily_quest:daily_quest.png","chars":[""],"height":256,"ascent":21,"type":"bitmap"},{"file":"daily_quest:quest_leaderboard.png","chars":[""],"height":256,"ascent":23,"type":"bitmap"},{"file":"daily_quest:quest_badges.png","chars":[""],"height":256,"ascent":23,"type":"bitmap"},{"file":"daily_quest:xp_bar_white.png","chars":[""],"height":5,"ascent":5,"type":"bitmap"},{"file":"daily_quest:badges_progress_bar.png","chars":[""],"height":3,"ascent":-50,"type":"bitmap"},{"file":"advancedenchantments:font/advancedenchantments/enchanter.png","chars":[""],"height":170,"ascent":49,"type":"bitmap"},{"file":"advancedenchantments:font/advancedenchantments/tinkerer.png","chars":[""],"height":170,"ascent":47,"type":"bitmap"},{"file":"advancedenchantments:font/advancedenchantments/alchemist.png","chars":[""],"height":170,"ascent":47,"type":"bitmap"},{"file":"advancedenchantments:font/advancedenchantments/confirm.png","chars":[""],"height":170,"ascent":47,"type":"bitmap"},{"file":"betterranks:owner.png","chars":[""],"height":9,"ascent":8,"type":"bitmap"},{"file":"betterranks:manager.png","chars":[""],"height":9,"ascent":8,"type":"bitmap"},{"file":"betterranks:sradmin.png","chars":[""],"height":9,"ascent":8,"type":"bitmap"},{"file":"betterranks:admin.png","chars":[""],"height":9,"ascent":8,"type":"bitmap"},{"file":"betterranks:srmod.png","chars":[""],"height":9,"ascent":8,"type":"bitmap"},{"file":"betterranks:mod.png","chars":[""],"height":9,"ascent":8,"type":"bitmap"},{"file":"betterranks:tmod.png","chars":[""],"height":9,"ascent":8,"type":"bitmap"},{"file":"betterranks:champion.png","chars":[""],"height":9,"ascent":8,"type":"bitmap"},{"file":"betterranks:mage.png","chars":[""],"height":9,"ascent":8,"type":"bitmap"},{"file":"betterranks:guardian.png","chars":[""],"height":9,"ascent":8,"type":"bitmap"},{"file":"betterranks:ranger.png","chars":[""],"height":9,"ascent":8,"type":"bitmap"},{"file":"betterranks:warrior.png","chars":[""],"height":9,"ascent":8,"type":"bitmap"},{"file":"betterranks:member.png","chars":[""],"height":9,"ascent":8,"type":"bitmap"},{"file":"_iainternal:hud/small_cooldown_bar/0.png","chars":[""],"height":22,"ascent":-42,"type":"bitmap"},{"file":"_iainternal:hud/small_cooldown_bar/1.png","chars":[""],"height":22,"ascent":-42,"type":"bitmap"},{"file":"_iainternal:hud/small_cooldown_bar/2.png","chars":[""],"height":22,"ascent":-42,"type":"bitmap"},{"file":"_iainternal:hud/small_cooldown_bar/3.png","chars":[""],"height":22,"ascent":-42,"type":"bitmap"},{"file":"_iainternal:hud/small_cooldown_bar/4.png","chars":[""],"height":22,"ascent":-42,"type":"bitmap"},{"file":"_iainternal:hud/small_cooldown_bar/5.png","chars":[""],"height":22,"ascent":-42,"type":"bitmap"},{"file":"_iainternal:hud/small_cooldown_bar/6.png","chars":[""],"height":22,"ascent":-42,"type":"bitmap"},{"file":"_iainternal:hud/small_cooldown_bar/7.png","chars":[""],"height":22,"ascent":-42,"type":"bitmap"},{"file":"_iainternal:hud/small_cooldown_bar/8.png","chars":[""],"height":22,"ascent":-42,"type":"bitmap"},{"file":"_iainternal:hud/small_cooldown_bar/9.png","chars":[""],"height":22,"ascent":-42,"type":"bitmap"},{"file":"_iainternal:hud/small_cooldown_bar/10.png","chars":[""],"height":22,"ascent":-42,"type":"bitmap"},{"file":"_iainternal:hud/small_cooldown_bar/11.png","chars":[""],"height":22,"ascent":-42,"type":"bitmap"},{"file":"_iainternal:hud/small_cooldown_bar/12.png","chars":[""],"height":22,"ascent":-42,"type":"bitmap"},{"file":"_iainternal:hud/small_cooldown_bar/13.png","chars":[""],"height":22,"ascent":-42,"type":"bitmap"},{"file":"_iainternal:hud/small_cooldown_bar/14.png","chars":[""],"height":22,"ascent":-42,"type":"bitmap"},{"file":"_iainternal:hud/small_cooldown_bar/15.png","chars":[""],"height":22,"ascent":-42,"type":"bitmap"},{"file":"_iainternal:hud/small_cooldown_bar/16.png","chars":[""],"height":22,"ascent":-42,"type":"bitmap"},{"file":"_iainternal:hud/small_cooldown_bar/17.png","chars":[""],"height":22,"ascent":-42,"type":"bitmap"},{"file":"_iainternal:hud/small_cooldown_bar/18.png","chars":[""],"height":22,"ascent":-42,"type":"bitmap"},{"file":"_iainternal:hud/small_cooldown_bar/19.png","chars":[""],"height":22,"ascent":-42,"type":"bitmap"},{"file":"_iainternal:hud/small_cooldown_bar/20.png","chars":[""],"height":22,"ascent":-42,"type":"bitmap"},{"type":"bitmap","file":"minecraft:guis/menus/pixel.png","ascent":-2000,"height":-3,"chars":["七"]},{"type":"bitmap","file":"minecraft:guis/menus/skyblock/createisland.png","ascent":13,"height":74,"chars":["⬰"]},{"type":"bitmap","file":"minecraft:guis/menus/skyblock/islandmenu.png","ascent":18,"height":95,"chars":["⥻"]},{"type":"bitmap","file":"minecraft:guis/menus/skyblock/confirmdisband.png","ascent":27,"height":70,"chars":["⥹"]},{"type":"bitmap","file":"minecraft:guis/menus/skyblock/islandbiome.png","ascent":18,"height":62,"chars":["⥉"]},{"type":"bitmap","file":"minecraft:guis/menus/skyblock/islandsettings.png","ascent":18,"height":98,"chars":["⥰"]},{"type":"bitmap","file":"minecraft:guis/menus/skyblock/islandpermissions.png","ascent":18,"height":98,"chars":["⬿"]},{"type":"bitmap","file":"minecraft:guis/menus/skyblock/islandblockcounts.png","ascent":18,"height":98,"chars":["⤳"]},{"type":"bitmap","file":"minecraft:guis/menus/skyblock/islandmembers.png","ascent":18,"height":98,"chars":["⥊"]},{"type":"bitmap","file":"minecraft:guis/menus/skyblock/islandvisitors.png","ascent":18,"height":98,"chars":["⥋"]},{"type":"bitmap","file":"minecraft:guis/menus/skyblock/islandalltimevisitors.png","ascent":18,"height":98,"chars":["⥌"]},{"type":"bitmap","file":"minecraft:guis/menus/skyblock/membermanage.png","ascent":18,"height":98,"chars":["⥎"]},{"type":"bitmap","file":"minecraft:guis/menus/skyblock/memberrole.png","ascent":18,"height":98,"chars":["⥏"]},{"type":"bitmap","file":"minecraft:guis/menus/skyblock/topislands.png","ascent":18,"height":98,"chars":["⥐"]},{"type":"bitmap","file":"minecraft:guis/menus/skyblock/islandvalue.png","ascent":29,"height":109,"chars":["⥑"]},{"type":"bitmap","file":"minecraft:guis/menus/skyblock/upgrades.png","ascent":36,"height":131,"chars":["⥒"]},{"type":"bitmap","file":"minecraft:guis/menus/skyblock/islandbank.png","ascent":36,"height":95,"chars":["⥓"]},{"type":"bitmap","file":"minecraft:guis/menus/skyblock/missions.png","ascent":36,"height":95,"chars":["⥔"]},{"type":"bitmap","file":"minecraft:guis/menus/skyblock/minermissions.png","ascent":36,"height":95,"chars":["⥕"]},{"type":"bitmap","file":"minecraft:guis/menus/skyblock/slayermissions.png","ascent":36,"height":95,"chars":["⥖"]},{"type":"bitmap","file":"minecraft:guis/menus/skyblock/farmermissions.png","ascent":36,"height":95,"chars":["⥗"]},{"type":"bitmap","file":"minecraft:guis/menus/skyblock/fishermissions.png","ascent":36,"height":95,"chars":["⥘"]},{"type":"bitmap","file":"minecraft:guis/menus/skyblock/explorermission.png","ascent":36,"height":95,"chars":["⥙"]},{"type":"bitmap","file":"minecraft:guis/menus/skyblock/islandborder.png","ascent":36,"height":95,"chars":["⥚"]},{"type":"bitmap","file":"minecraft:guis/menus/skyblock/islandglobalwarps.png","ascent":36,"height":131,"chars":["⥛"]},{"type":"bitmap","file":"minecraft:guis/menus/skyblock/islandwarps.png","ascent":36,"height":131,"chars":["⥜"]},{"type":"bitmap","file":"minecraft:guis/menus/skyblock/islandwarpmanage.png","ascent":36,"height":98,"chars":["⥝"]},{"type":"bitmap","file":"minecraft:guis/menus/skyblock/islandiconsettings.png","ascent":36,"height":98,"chars":["⥞"]},{"type":"bitmap","file":"minecraft:guis/menus/skyblock/rateisland.png","ascent":33,"height":76,"chars":["⥟"]},{"type":"bitmap","file":"minecraft:guis/menus/skyblock/islandratings.png","ascent":36,"height":131,"chars":["⥠"]},{"type":"bitmap","file":"minecraft:guis/menus/skyblock/coopplayers.png","ascent":36,"height":131,"chars":["⥡"]},{"type":"bitmap","file":"minecraft:images/tab.png","ascent":20,"height":30,"chars":["字"]},{"type":"bitmap","file":"minecraft:guis/menus/jetsminions/minerminion.png","ascent":19,"height":96,"chars":["⥣"]},{"type":"bitmap","file":"minecraft:guis/menus/jetsminions/lumberjackminion.png","ascent":19,"height":96,"chars":["⥥"]},{"type":"bitmap","file":"minecraft:guis/menus/jetsminions/fisherminion.png","ascent":19,"height":96,"chars":["⥦"]},{"type":"bitmap","file":"minecraft:guis/menus/jetsminions/farmerminion.png","ascent":19,"height":96,"chars":["⥨"]},{"type":"bitmap","file":"minecraft:guis/menus/jetsminions/slayerminion.png","ascent":19,"height":96,"chars":["⥧"]},{"type":"bitmap","file":"minecraft:guis/menus/jetsminions/feederminion.png","ascent":19,"height":96,"chars":["⥩"]},{"type":"bitmap","file":"minecraft:guis/menus/jetsminions/collectorminion.png","ascent":19,"height":96,"chars":["⥮"]},{"type":"bitmap","file":"minecraft:guis/menus/jetsminions/sellerminion.png","ascent":19,"height":96,"chars":["⥯"]},{"type":"bitmap","file":"minecraft:guis/menus/jetsminions/minionskins.png","ascent":18,"height":62,"chars":["⥪"]},{"type":"bitmap","file":"minecraft:guis/menus/jetsminions/minionstore.png","ascent":33,"height":94,"chars":["﷼"]},{"type":"bitmap","file":"minecraft:guis/menus/leaderboards/leaderboards.png","ascent":33,"height":112,"chars":["↩"]},{"type":"bitmap","file":"minecraft:guis/menus/misc/skyblock_help.png","ascent":30,"height":256,"chars":["们"]},{"chars":["上"],"type":"bitmap","ascent":-32768,"height":-6,"file":"minecraft:guis/menus/misc/empty_character.png"}]}