{"credit":"Made with Blockbench","textures":{"2":"ero_sci_fi_cosmetic:astronaut_helm_1","4":"ero_sci_fi_cosmetic:astronaut_helm_2"},"elements":[{"from":[-1,2,6],"to":[0,8,12],"rotation":{"angle":0,"axis":"y","origin":[-1,2,1]},"faces":{"north":{"uv":[7,6,6,12],"texture":"#4","tintindex":0},"south":{"uv":[7,0,6,6],"texture":"#4","tintindex":0},"west":{"uv":[6,6,0,12],"texture":"#4","tintindex":0},"up":{"uv":[8,0,7,6],"texture":"#4","tintindex":0},"down":{"uv":[8,12,7,6],"texture":"#4","tintindex":0}}},{"from":[16,2,6],"to":[17,8,12],"rotation":{"angle":0,"axis":"y","origin":[17,2,1]},"faces":{"north":{"uv":[6,6,7,12],"texture":"#4","tintindex":0},"east":{"uv":[0,6,6,12],"texture":"#4","tintindex":0},"south":{"uv":[6,0,7,6],"texture":"#4","tintindex":0},"up":{"uv":[7,0,8,6],"texture":"#4","tintindex":0},"down":{"uv":[7,12,8,6],"texture":"#4","tintindex":0}}},{"from":[0,0,0],"to":[16,2,16],"faces":{"north":{"uv":[10.75,8,14.75,8.5],"texture":"#2","tintindex":0},"east":{"uv":[10.75,8.5,14.75,9],"texture":"#2","tintindex":0},"south":{"uv":[10.75,9,14.75,9.5],"texture":"#2","tintindex":0},"west":{"uv":[10.75,9.5,14.75,10],"texture":"#2","tintindex":0},"up":{"uv":[4,4,0,0],"texture":"#2","tintindex":0},"down":{"uv":[4,4,0,8],"texture":"#2","tintindex":0}}},{"from":[0,2,5],"to":[16,9,16],"rotation":{"angle":0,"axis":"y","origin":[0,2,0]},"faces":{"north":{"uv":[4,6.25,8,8],"texture":"#2","tintindex":0},"east":{"uv":[8,6.25,10.75,8],"texture":"#2","tintindex":0},"south":{"uv":[0,8,4,9.75],"texture":"#2","tintindex":0},"west":{"uv":[8,8,10.75,9.75],"texture":"#2","tintindex":0},"up":{"uv":[8,6.25,4,3.5],"texture":"#2","tintindex":0}}},{"from":[0,9,10],"to":[16,16,16],"rotation":{"angle":0,"axis":"y","origin":[0,2,24]},"faces":{"north":{"uv":[8,0,12,1.75],"texture":"#2","tintindex":0},"east":{"uv":[8,0,14,7],"texture":"#4","tintindex":0},"south":{"uv":[8,1.75,12,3.5],"texture":"#2","tintindex":0},"west":{"uv":[14,0,8,7],"texture":"#4","tintindex":0},"up":{"uv":[12,5,8,3.5],"texture":"#2","tintindex":0}}},{"name":"cube inverted","from":[16,16,10],"to":[0,9,5],"rotation":{"angle":0,"axis":"y","origin":[0,2,18]},"faces":{"east":{"uv":[10.75,8,12,6.25],"texture":"#2","tintindex":0},"west":{"uv":[9.5,11.5,10.75,9.75],"texture":"#2","tintindex":0},"down":{"uv":[8,6.25,12,5],"texture":"#2","tintindex":0}}},{"name":"cube inverted","from":[16,16,5],"to":[0,2,0],"rotation":{"angle":0,"axis":"y","origin":[0,2,13]},"faces":{"east":{"uv":[5.25,12.75,6.5,9.25],"texture":"#2","tintindex":0},"south":{"uv":[4,3.5,8,0],"texture":"#2","tintindex":0},"west":{"uv":[4,12.75,5.25,9.25],"texture":"#2","tintindex":0},"down":{"uv":[4,9.25,8,8],"texture":"#2","tintindex":0}}},{"from":[0,2,0],"to":[16,16,0],"rotation":{"angle":0,"axis":"y","origin":[7,8,0]},"faces":{"north":{"uv":[12,0,16,3.5],"texture":"#2","tintindex":0}}},{"from":[4,0,-1],"to":[12,3,2],"rotation":{"angle":0,"axis":"y","origin":[7,0,-1]},"faces":{"north":{"uv":[14,4.25,16,5],"texture":"#2","tintindex":0},"east":{"uv":[12.75,5,13.5,5.75],"texture":"#2","tintindex":0},"south":{"uv":[12,4.25,14,5],"texture":"#2","tintindex":0},"west":{"uv":[12,5,12.75,5.75],"texture":"#2","tintindex":0},"up":{"uv":[14,3.5,16,4.25],"texture":"#2","tintindex":0},"down":{"uv":[12,3.5,14,4.25],"texture":"#2","tintindex":0}}}],"gui_light":"front","display":{"thirdperson_righthand":{"rotation":[48.25,88,0],"translation":[0,3.25,1],"scale":[0.3,0.3,0.3]},"thirdperson_lefthand":{"rotation":[48.25,88,0],"translation":[0,3.25,1],"scale":[0.3,0.3,0.3]},"firstperson_righthand":{"rotation":[126.07,83.21,-122.88],"translation":[1.25,3.5,1.5],"scale":[0.2,0.2,0.2]},"firstperson_lefthand":{"rotation":[126.07,83.21,-122.88],"translation":[1.25,3.5,1.5],"scale":[0.2,0.2,0.2]},"ground":{"translation":[0,3.25,0],"scale":[0.7,0.7,0.7]},"gui":{"rotation":[33,128,0],"scale":[0.6,0.6,0.6]},"fixed":{"rotation":[-90,0,0],"translation":[0,0,-12],"scale":[1.5,1.5,1.5]}},"USER":"{{USER}}","NONCE":"{{NONCE}}","TIMESTAMP":"{{TIMESTAMP}}","RESOURCE":"{{RESOURCE}}","MCMODELS":"{{MCMODELS}}","mcmodels":"e888d2498f4d7b528bcf7598e6ce8db7"}