{"credit":"Made with Blockbench","texture_size":[32,32],"textures":{"1":"ero_sci_fi_cosmetic:astronaut_oxygen_tank_1","2":"ero_sci_fi_cosmetic:astronaut_oxygen_tank_2","particle":"ero_sci_fi_cosmetic:astronaut_oxygen_tank_2"},"elements":[{"from":[4.875,-12.375,8.375],"to":[7.625,-5.125,11.125],"rotation":{"angle":0,"axis":"y","origin":[5.5,-12.25,8.5]},"faces":{"north":{"uv":[0,7.5,1.25,11],"texture":"#1","tintindex":0},"east":{"uv":[1.25,7.5,2.5,11],"texture":"#1","tintindex":0},"south":{"uv":[2.5,7.5,3.75,11],"texture":"#1","tintindex":0},"west":{"uv":[3.75,7.5,5,11],"texture":"#1","tintindex":0},"up":{"uv":[11.75,3.5,10.5,2.25],"texture":"#1","tintindex":0},"down":{"uv":[12,3.5,10.75,4.75],"texture":"#1","tintindex":0}}},{"from":[5,-13.75,7],"to":[11,-5.75,8],"rotation":{"angle":0,"axis":"y","origin":[5.5,-12.25,7]},"faces":{"north":{"uv":[0,0,3,4],"texture":"#1","tintindex":0},"east":{"uv":[10,0,10.5,4],"texture":"#1","tintindex":0},"south":{"uv":[3,0,6,4],"texture":"#1","tintindex":0},"west":{"uv":[10.25,8,10.75,12],"texture":"#1","tintindex":0},"up":{"uv":[13.75,6.5,10.75,6],"texture":"#1","tintindex":0},"down":{"uv":[13.75,9.25,10.75,9.75],"texture":"#1","tintindex":0}}},{"from":[4.5,-12.75,2.5],"to":[6,-5.75,7],"rotation":{"angle":0,"axis":"y","origin":[5.5,-12.25,6]},"faces":{"north":{"uv":[8.75,8,9.5,11.5],"texture":"#1","tintindex":0},"east":{"uv":[0,4,2.25,7.5],"texture":"#1","tintindex":0},"south":{"uv":[9.25,0,10,3.5],"texture":"#1","tintindex":0},"west":{"uv":[2.25,4,4.5,7.5],"texture":"#1","tintindex":0},"up":{"uv":[10.75,6.25,10,4],"texture":"#1","tintindex":0},"down":{"uv":[11.25,0,10.5,2.25],"texture":"#1","tintindex":0}}},{"from":[4.5,-11.75,8],"to":[11.5,-10.25,11.5],"rotation":{"angle":0,"axis":"y","origin":[5.5,-15.75,10]},"faces":{"north":{"uv":[8,6.5,11.5,7.25],"texture":"#1","tintindex":0},"east":{"uv":[6,3,7.75,3.75],"texture":"#1","tintindex":0},"south":{"uv":[8.75,7.25,12.25,8],"texture":"#1","tintindex":0},"west":{"uv":[10.75,10.25,12.5,11],"texture":"#1","tintindex":0},"up":{"uv":[8,5.75,4.5,4],"texture":"#1","tintindex":0},"down":{"uv":[8,5.75,4.5,7.5],"texture":"#1","tintindex":0}}},{"from":[5.5,-12.75,9],"to":[7,-12.25,10.5],"rotation":{"angle":0,"axis":"y","origin":[5.5,-12.75,8.5]},"faces":{"north":{"uv":[6,3.75,6.75,4],"texture":"#1","tintindex":0},"east":{"uv":[6.75,3.75,7.5,4],"texture":"#1","tintindex":0},"south":{"uv":[8,7.25,8.75,7.5],"texture":"#1","tintindex":0},"west":{"uv":[10,6.25,10.75,6.5],"texture":"#1","tintindex":0}}},{"from":[5,-13.75,8],"to":[11,-12.75,11],"rotation":{"angle":0,"axis":"y","origin":[5.5,-12.25,8]},"faces":{"east":{"uv":[1.5,11,3,11.5],"texture":"#1","tintindex":0},"south":{"uv":[10.75,9.75,13.75,10.25],"texture":"#1","tintindex":0},"west":{"uv":[3,11,4.5,11.5],"texture":"#1","tintindex":0},"up":{"uv":[9,1.5,6,0],"texture":"#1","tintindex":0},"down":{"uv":[9,1.5,6,3],"texture":"#1","tintindex":0}}},{"from":[5,-12.25,8.5],"to":[7.5,-5.25,11],"rotation":{"angle":0,"axis":"y","origin":[5.5,-12.25,8.5]},"faces":{"north":{"uv":[0,0,2.5,7],"texture":"#2","tintindex":0},"east":{"uv":[2.5,0,5,7],"texture":"#2","tintindex":0},"south":{"uv":[2.5,0,5,7],"texture":"#2","tintindex":0},"west":{"uv":[2.5,0,5,7],"texture":"#2","tintindex":0},"up":{"uv":[5,9.5,2.5,7],"texture":"#2","tintindex":0},"down":{"uv":[7.5,7,5,9.5],"texture":"#2","tintindex":0}}},{"from":[8.375,-12.375,8.375],"to":[11.125,-5.125,11.125],"rotation":{"angle":0,"axis":"y","origin":[10.5,-12.25,8.5]},"faces":{"north":{"uv":[1.25,7.5,0,11],"texture":"#1","tintindex":0},"east":{"uv":[5,7.5,3.75,11],"texture":"#1","tintindex":0},"south":{"uv":[3.75,7.5,2.5,11],"texture":"#1","tintindex":0},"west":{"uv":[2.5,7.5,1.25,11],"texture":"#1","tintindex":0},"up":{"uv":[10.5,3.5,11.75,2.25],"texture":"#1","tintindex":0},"down":{"uv":[10.75,3.5,12,4.75],"texture":"#1","tintindex":0}}},{"from":[8.5,-12.25,8.5],"to":[11,-5.25,11],"rotation":{"angle":0,"axis":"y","origin":[10.5,-12.25,8.5]},"faces":{"north":{"uv":[2.5,0,0,7],"texture":"#2","tintindex":0},"east":{"uv":[5,0,2.5,7],"texture":"#2","tintindex":0},"south":{"uv":[5,0,2.5,7],"texture":"#2","tintindex":0},"west":{"uv":[5,0,2.5,7],"texture":"#2","tintindex":0},"up":{"uv":[2.5,9.5,5,7],"texture":"#2","tintindex":0},"down":{"uv":[5,7,7.5,9.5],"texture":"#2","tintindex":0}}},{"from":[9,-12.75,9],"to":[10.5,-12.25,10.5],"rotation":{"angle":0,"axis":"y","origin":[10.5,-12.75,8.5]},"faces":{"north":{"uv":[6.75,3.75,6,4],"texture":"#1","tintindex":0},"east":{"uv":[10.75,6.25,10,6.5],"texture":"#1","tintindex":0},"south":{"uv":[8.75,7.25,8,7.5],"texture":"#1","tintindex":0},"west":{"uv":[7.5,3.75,6.75,4],"texture":"#1","tintindex":0}}},{"name":"cube inverted","from":[6,-6.25,6.5],"to":[4.5,-12.25,3],"rotation":{"angle":0,"axis":"y","origin":[5.5,-12.25,6]},"faces":{"north":{"uv":[9.25,3.5,10,6.5],"texture":"#1","tintindex":0},"south":{"uv":[9.5,8,10.25,11],"texture":"#1","tintindex":0},"up":{"uv":[0.75,12.75,0,11],"texture":"#1","tintindex":0},"down":{"uv":[1.5,11,0.75,12.75],"texture":"#1","tintindex":0}}},{"from":[10,-12.75,2.5],"to":[11.5,-5.75,7],"rotation":{"angle":0,"axis":"y","origin":[10.5,-12.25,6]},"faces":{"north":{"uv":[9.5,8,8.75,11.5],"texture":"#1","tintindex":0},"east":{"uv":[4.5,4,2.25,7.5],"texture":"#1","tintindex":0},"south":{"uv":[10,0,9.25,3.5],"texture":"#1","tintindex":0},"west":{"uv":[2.25,4,0,7.5],"texture":"#1","tintindex":0},"up":{"uv":[10,6.25,10.75,4],"texture":"#1","tintindex":0},"down":{"uv":[10.5,0,11.25,2.25],"texture":"#1","tintindex":0}}},{"name":"cube inverted","from":[11.5,-6.25,6.5],"to":[10,-12.25,3],"rotation":{"angle":0,"axis":"y","origin":[10.5,-12.25,6]},"faces":{"north":{"uv":[10,3.5,9.25,6.5],"texture":"#1","tintindex":0},"south":{"uv":[10.25,8,9.5,11],"texture":"#1","tintindex":0},"up":{"uv":[0,12.75,0.75,11],"texture":"#1","tintindex":0},"down":{"uv":[0.75,11,1.5,12.75],"texture":"#1","tintindex":0}}},{"name":"cube inverted","from":[11.125,-5.125,11.125],"to":[8.375,-12.375,8.375],"rotation":{"angle":0,"axis":"y","origin":[10.5,-12.25,8.5]},"faces":{"north":{"uv":[3.75,11,2.5,7.5],"texture":"#1","tintindex":0},"east":{"uv":[2.5,11,1.25,7.5],"texture":"#1","tintindex":0},"south":{"uv":[1.25,11,0,7.5],"texture":"#1","tintindex":0},"west":{"uv":[5,11,3.75,7.5],"texture":"#1","tintindex":0},"up":{"uv":[12,3.5,10.75,4.75],"texture":"#1","tintindex":0},"down":{"uv":[11.75,3.5,10.5,2.25],"texture":"#1","tintindex":0}}},{"name":"cube inverted","from":[7.625,-5.125,11.125],"to":[4.875,-12.375,8.375],"rotation":{"angle":0,"axis":"y","origin":[5.5,-12.25,8.5]},"faces":{"north":{"uv":[2.5,11,3.75,7.5],"texture":"#1","tintindex":0},"east":{"uv":[3.75,11,5,7.5],"texture":"#1","tintindex":0},"south":{"uv":[0,11,1.25,7.5],"texture":"#1","tintindex":0},"west":{"uv":[1.25,11,2.5,7.5],"texture":"#1","tintindex":0},"up":{"uv":[10.75,3.5,12,4.75],"texture":"#1","tintindex":0},"down":{"uv":[10.5,3.5,11.75,2.25],"texture":"#1","tintindex":0}}}],"gui_light":"front","display":{"thirdperson_righthand":{"rotation":[48.25,-90,0],"translation":[-1,3.5,1],"scale":[0.4,0.4,0.4]},"thirdperson_lefthand":{"rotation":[66.75,0,0],"translation":[-5.5,-7.5,8.5],"scale":[0.65,0.65,0.65]},"firstperson_righthand":{"rotation":[2,-129,-12],"translation":[1.5,4,0.25],"scale":[0.3,0.3,0.3]},"firstperson_lefthand":{"scale":[0,0,0]},"ground":{"rotation":[-45,0,0],"translation":[0,8.5,0]},"gui":{"rotation":[23,-52,0],"translation":[-0.75,19.5,0],"scale":[1.2,1.2,1.2]},"head":{"translation":[0,-71.25,7],"scale":[2,2,2]},"fixed":{"rotation":[-90,180,0],"translation":[0,-3.75,-15],"scale":[2,2,2]}},"USER":"{{USER}}","NONCE":"{{NONCE}}","TIMESTAMP":"{{TIMESTAMP}}","RESOURCE":"{{RESOURCE}}","MCMODELS":"{{MCMODELS}}","mcmodels":"e888d2498f4d7b528bcf7598e6ce8db7"}