{"credit":"Made with Blockbench","texture_size":[32,32],"textures":{"1":"ero_sci_fi_cosmetic:boom_box_speaker_2","2":"ero_sci_fi_cosmetic:boom_box_speaker_1","particle":"ero_sci_fi_cosmetic:boom_box_speaker_1"},"elements":[{"from":[3,0,5],"to":[13,10,11],"rotation":{"angle":0,"axis":"y","origin":[8,1,8]},"faces":{"north":{"uv":[7,2,12,7],"texture":"#1","tintindex":0},"south":{"uv":[6.75,0,9.25,2.5],"texture":"#2","tintindex":0},"up":{"uv":[10.75,9.25,8.25,7.75],"texture":"#2","tintindex":0},"down":{"uv":[11,2.5,8.5,4],"texture":"#2","tintindex":0}}},{"from":[13,-2,5],"to":[27,12,12],"rotation":{"angle":0,"axis":"y","origin":[22,1,8]},"faces":{"north":{"uv":[0,1,7,8],"texture":"#1","tintindex":0},"east":{"uv":[6.5,2.5,8.25,6],"texture":"#2","tintindex":0},"south":{"uv":[3,0,6.5,3.5],"texture":"#2","tintindex":0},"west":{"uv":[3,6.5,4.75,10],"texture":"#2","tintindex":0},"up":{"uv":[14.75,4.25,11.25,2.5],"texture":"#2","tintindex":0},"down":{"uv":[11.5,6,8,7.75],"texture":"#2","tintindex":0}}},{"from":[16,1,4],"to":[24,9,5],"rotation":{"angle":0,"axis":"y","origin":[23,1,8]},"faces":{"north":{"uv":[1,9,5,13],"texture":"#1","tintindex":0},"east":{"uv":[0,9,0.5,13],"texture":"#1","tintindex":0},"west":{"uv":[0.5,9,1,13],"texture":"#1","tintindex":0},"up":{"uv":[4,9,0,8.5],"texture":"#1","tintindex":0},"down":{"uv":[4,8,0,8.5],"texture":"#1","tintindex":0}}},{"from":[-11,-2,5],"to":[3,12,12],"rotation":{"angle":0,"axis":"y","origin":[-6,1,8]},"faces":{"north":{"uv":[7,1,0,8],"texture":"#1","tintindex":0},"east":{"uv":[4.75,6.5,3,10],"texture":"#2","tintindex":0},"south":{"uv":[6.5,0,3,3.5],"texture":"#2","tintindex":0},"west":{"uv":[8.25,2.5,6.5,6],"texture":"#2","tintindex":0},"up":{"uv":[11.25,4.25,14.75,2.5],"texture":"#2","tintindex":0},"down":{"uv":[8,6,11.5,7.75],"texture":"#2","tintindex":0}}},{"from":[-8,1,4],"to":[0,9,5],"rotation":{"angle":0,"axis":"y","origin":[-7,1,8]},"faces":{"north":{"uv":[5,9,1,13],"texture":"#1","tintindex":0},"east":{"uv":[1,9,0.5,13],"texture":"#1","tintindex":0},"west":{"uv":[0.5,9,0,13],"texture":"#1","tintindex":0},"up":{"uv":[0,9,4,8.5],"texture":"#1","tintindex":0},"down":{"uv":[0,8,4,8.5],"texture":"#1","tintindex":0}}},{"from":[1.5,-1,6],"to":[14.5,11,10],"rotation":{"angle":0,"axis":"y","origin":[9.5,1,8]},"faces":{"north":{"uv":[0,3.5,3.25,6.5],"texture":"#2","tintindex":0},"south":{"uv":[3.25,3.5,6.5,6.5],"texture":"#2","tintindex":0},"west":{"uv":[0,9,1,12],"texture":"#2","tintindex":0},"up":{"uv":[9.5,10.25,6.25,9.25],"texture":"#2","tintindex":0},"down":{"uv":[12.75,0,9.5,1],"texture":"#2","tintindex":0}}},{"from":[1.5,11,7],"to":[14.5,15,9],"rotation":{"angle":0,"axis":"y","origin":[14.5,4,8]},"faces":{"north":{"uv":[9.5,1,12.75,2],"texture":"#2","tintindex":0},"east":{"uv":[6.25,8.25,6.75,9.25],"texture":"#2","tintindex":0},"south":{"uv":[9.5,9.25,12.75,10.25],"texture":"#2","tintindex":0},"west":{"uv":[6.75,8.25,7.25,9.25],"texture":"#2","tintindex":0},"up":{"uv":[12.75,2.5,9.5,2],"texture":"#2","tintindex":0}}},{"name":"cube inverted","from":[12.5,13,9],"to":[3.5,11,7],"rotation":{"angle":0,"axis":"y","origin":[14.5,4,8]},"faces":{"east":{"uv":[6.5,6,7,6.5],"texture":"#2","tintindex":0},"west":{"uv":[7,6,7.5,6.5],"texture":"#2","tintindex":0},"down":{"uv":[3.25,10,1,10.5],"texture":"#2","tintindex":0}}}],"gui_light":"front","display":{"thirdperson_righthand":{"rotation":[67,-69,2],"translation":[0.5,-3,-3.75],"scale":[0.7,0.7,0.7]},"thirdperson_lefthand":{"rotation":[70,180,0],"translation":[-5.5,-10.25,8],"scale":[0.6,0.6,0.6]},"firstperson_righthand":{"rotation":[0,126,0],"translation":[3.75,2.25,-3.5],"scale":[0.4,0.4,0.4]},"firstperson_lefthand":{"scale":[0,0,0]},"ground":{"translation":[0,7,0]},"gui":{"rotation":[22,133,0],"translation":[-0.25,1.5,0],"scale":[0.5,0.5,0.5]},"head":{"rotation":[0,-180,0],"translation":[0,-62,11.5]},"fixed":{"rotation":[-90,0,0],"translation":[0,0,-20],"scale":[2,2,2]}},"USER":"{{USER}}","NONCE":"{{NONCE}}","TIMESTAMP":"{{TIMESTAMP}}","RESOURCE":"{{RESOURCE}}","MCMODELS":"{{MCMODELS}}","mcmodels":"e888d2498f4d7b528bcf7598e6ce8db7"}