{"credit":"Made with Blockbench","texture_size":[64,64],"textures":{"1":"ero_sci_fi_cosmetic:enegy_storage_canister_1","2":"ero_sci_fi_cosmetic:enegy_storage_canister_2"},"elements":[{"from":[4.5,-13.5,4.5],"to":[11.5,-7.5,11.5],"rotation":{"angle":0,"axis":"y","origin":[7.5,-14,7.5]},"faces":{"north":{"uv":[0,7,3.5,10],"texture":"#1","tintindex":0},"east":{"uv":[7,0,10.5,3],"texture":"#1","tintindex":0},"south":{"uv":[7,3,10.5,6],"texture":"#1","tintindex":0},"west":{"uv":[3.5,7,7,10],"texture":"#1","tintindex":0},"up":{"uv":[3.5,3.5,0,0],"texture":"#1","tintindex":0},"down":{"uv":[3.5,3.5,0,7],"texture":"#1","tintindex":0}}},{"from":[4.25,-13.75,4.25],"to":[11.75,-7.25,11.75],"rotation":{"angle":0,"axis":"y","origin":[7.5,-14,7.5]},"faces":{"north":{"uv":[0,13,0.875,13.75],"texture":"#2","tintindex":0},"east":{"uv":[0,13,0.875,13.75],"texture":"#2","tintindex":0},"south":{"uv":[0,13,0.875,13.75],"texture":"#2","tintindex":0},"west":{"uv":[0,13,0.875,13.75],"texture":"#2","tintindex":0},"up":{"uv":[7,3.5,3.5,0],"texture":"#1","tintindex":0},"down":{"uv":[7,3.5,3.5,7],"texture":"#1","tintindex":0}}},{"from":[0,-11.5,6],"to":[4,-7.5,6],"rotation":{"angle":-22.5,"axis":"y","origin":[4,-9.5,6]},"faces":{"north":{"uv":[0.5,12.25,0,12.75],"texture":"#2","tintindex":0},"east":{"uv":[0,0,0,0.5],"texture":"#2","tintindex":0},"south":{"uv":[0,12.25,0.5,12.75],"texture":"#2","tintindex":0},"west":{"uv":[0,0,0,0.5],"texture":"#2","tintindex":0},"up":{"uv":[0.5,0,0,0],"texture":"#2","tintindex":0},"down":{"uv":[0.5,0,0,0],"texture":"#2","tintindex":0}}},{"from":[0,-11.5,10],"to":[4,-7.5,10],"rotation":{"angle":22.5,"axis":"y","origin":[4,-9.5,10]},"faces":{"north":{"uv":[0.5,12.25,0,12.75],"texture":"#2","tintindex":0},"east":{"uv":[0,0,0,0.5],"texture":"#2","tintindex":0},"south":{"uv":[0,12.25,0.5,12.75],"texture":"#2","tintindex":0},"west":{"uv":[0,0,0,0.5],"texture":"#2","tintindex":0},"up":{"uv":[0.5,0,0,0],"texture":"#2","tintindex":0},"down":{"uv":[0.5,0,0,0],"texture":"#2","tintindex":0}}},{"from":[12,-11.5,10],"to":[16,-7.5,10],"rotation":{"angle":-22.5,"axis":"y","origin":[12,-9.5,10]},"faces":{"north":{"uv":[0,12.25,0.5,12.75],"texture":"#2","tintindex":0},"east":{"uv":[0,0,0,0.5],"texture":"#2","tintindex":0},"south":{"uv":[0.5,12.25,0,12.75],"texture":"#2","tintindex":0},"west":{"uv":[0,0,0,0.5],"texture":"#2","tintindex":0},"up":{"uv":[0,0,0.5,0],"texture":"#2","tintindex":0},"down":{"uv":[0,0,0.5,0],"texture":"#2","tintindex":0}}},{"from":[12,-11.5,6],"to":[16,-7.5,6],"rotation":{"angle":22.5,"axis":"y","origin":[12,-9.5,6]},"faces":{"north":{"uv":[0,12.25,0.5,12.75],"texture":"#2","tintindex":0},"east":{"uv":[0,0,0,0.5],"texture":"#2","tintindex":0},"south":{"uv":[0.5,12.25,0,12.75],"texture":"#2","tintindex":0},"west":{"uv":[0,0,0,0.5],"texture":"#2","tintindex":0},"up":{"uv":[0,0,0.5,0],"texture":"#2","tintindex":0},"down":{"uv":[0,0,0.5,0],"texture":"#2","tintindex":0}}},{"name":"cube inverted","from":[11.75,-7.25,11.75],"to":[4.25,-13.75,4.25],"rotation":{"angle":0,"axis":"y","origin":[7.5,-14,7.5]},"faces":{"north":{"uv":[0,13.75,0.875,13],"texture":"#2","tintindex":0},"east":{"uv":[0,13.75,0.875,13],"texture":"#2","tintindex":0},"south":{"uv":[0,13.75,0.875,13],"texture":"#2","tintindex":0},"west":{"uv":[0,13.75,0.875,13],"texture":"#2","tintindex":0},"up":{"uv":[3.5,3.5,7,7],"texture":"#1","tintindex":0},"down":{"uv":[3.5,3.5,7,0],"texture":"#1","tintindex":0}}},{"from":[4.5,-7.5,4.5],"to":[11.5,-4.5,11.5],"rotation":{"angle":0,"axis":"y","origin":[8,-4.925,8]},"faces":{"north":{"uv":[0,1.75,0.875,2.125],"texture":"#2","tintindex":0},"east":{"uv":[1.75,0,2.625,0.375],"texture":"#2","tintindex":0},"south":{"uv":[1.75,0.375,2.625,0.75],"texture":"#2","tintindex":0},"west":{"uv":[1.75,0.75,2.625,1.125],"texture":"#2","tintindex":0},"up":{"uv":[0.875,0.875,0,0],"texture":"#2","tintindex":0},"down":{"uv":[0.875,0.875,0,1.75],"texture":"#2","tintindex":0}}},{"from":[5,-4.5,6],"to":[6,-3,10],"rotation":{"angle":0,"axis":"y","origin":[8,-4.925,8]},"faces":{"north":{"uv":[2.25,2.125,2.375,2.3125],"texture":"#2","tintindex":0},"east":{"uv":[0,2.125,0.5,2.3125],"texture":"#2","tintindex":0},"south":{"uv":[0,2.3125,0.125,2.5],"texture":"#2","tintindex":0},"west":{"uv":[0.5,2.125,1,2.3125],"texture":"#2","tintindex":0},"up":{"uv":[2.125,2.625,2,2.125],"texture":"#2","tintindex":0},"down":{"uv":[2.25,2.125,2.125,2.625],"texture":"#2","tintindex":0}}},{"from":[10,-4.5,6],"to":[11,-3,10],"rotation":{"angle":0,"axis":"y","origin":[8,-4.925,8]},"faces":{"north":{"uv":[0.125,2.3125,0.25,2.5],"texture":"#2","tintindex":0},"east":{"uv":[1,2.125,1.5,2.3125],"texture":"#2","tintindex":0},"south":{"uv":[0.25,2.3125,0.375,2.5],"texture":"#2","tintindex":0},"west":{"uv":[1.5,2.125,2,2.3125],"texture":"#2","tintindex":0},"up":{"uv":[2.375,1.625,2.25,1.125],"texture":"#2","tintindex":0},"down":{"uv":[2.375,1.625,2.25,2.125],"texture":"#2","tintindex":0}}},{"from":[4.25,-7.85,4.25],"to":[11.75,-4.35,11.75],"rotation":{"angle":0,"axis":"y","origin":[8,-4.925,8]},"faces":{"north":{"uv":[0.875,1.75,1.75,2.125],"texture":"#2","tintindex":0},"east":{"uv":[0.875,1.75,1.75,2.125],"texture":"#2","tintindex":0},"south":{"uv":[0.875,1.75,1.75,2.125],"texture":"#2","tintindex":0},"west":{"uv":[0.875,1.75,1.75,2.125],"texture":"#2","tintindex":0},"down":{"uv":[1.75,0.875,0.875,1.75],"texture":"#2","tintindex":0}}},{"name":"cube inverted","from":[11.75,-4.35,11.75],"to":[4.25,-7.85,4.25],"rotation":{"angle":0,"axis":"y","origin":[8,-4.925,8]},"faces":{"north":{"uv":[0.875,2.125,1.75,1.75],"texture":"#2","tintindex":0},"east":{"uv":[0.875,2.125,1.75,1.75],"texture":"#2","tintindex":0},"south":{"uv":[0.875,2.125,1.75,1.75],"texture":"#2","tintindex":0},"west":{"uv":[0.875,2.125,1.75,1.75],"texture":"#2","tintindex":0},"up":{"uv":[0.875,0.875,1.75,1.75],"texture":"#2","tintindex":0}}},{"from":[4.5,-7.375,4.5],"to":[11.5,-4.375,11.5],"rotation":{"angle":0,"axis":"y","origin":[8,-4.8,8]},"faces":{"north":{"uv":[2.6875,1.75,3.5625,2.125],"texture":"#2","tintindex":0},"east":{"uv":[4.4375,0,5.3125,0.375],"texture":"#2","tintindex":0},"south":{"uv":[4.4375,0.375,5.3125,0.75],"texture":"#2","tintindex":0},"west":{"uv":[4.4375,0.75,5.3125,1.125],"texture":"#2","tintindex":0},"up":{"uv":[3.5625,0.875,2.6875,0],"texture":"#2","tintindex":0},"down":{"uv":[3.5625,0.875,2.6875,1.75],"texture":"#2","tintindex":0}}},{"from":[5,-4.375,6],"to":[6,-2.875,10],"rotation":{"angle":0,"axis":"y","origin":[8,-4.8,8]},"faces":{"north":{"uv":[4.9375,2.125,5.0625,2.3125],"texture":"#2","tintindex":0},"east":{"uv":[2.6875,2.125,3.1875,2.3125],"texture":"#2","tintindex":0},"south":{"uv":[2.6875,2.3125,2.8125,2.5],"texture":"#2","tintindex":0},"west":{"uv":[3.1875,2.125,3.6875,2.3125],"texture":"#2","tintindex":0},"up":{"uv":[4.8125,2.625,4.6875,2.125],"texture":"#2","tintindex":0},"down":{"uv":[4.9375,2.125,4.8125,2.625],"texture":"#2","tintindex":0}}},{"from":[10,-4.375,6],"to":[11,-2.875,10],"rotation":{"angle":0,"axis":"y","origin":[8,-4.8,8]},"faces":{"north":{"uv":[2.8125,2.3125,2.9375,2.5],"texture":"#2","tintindex":0},"east":{"uv":[3.6875,2.125,4.1875,2.3125],"texture":"#2","tintindex":0},"south":{"uv":[2.9375,2.3125,3.0625,2.5],"texture":"#2","tintindex":0},"west":{"uv":[4.1875,2.125,4.6875,2.3125],"texture":"#2","tintindex":0},"up":{"uv":[5.0625,1.625,4.9375,1.125],"texture":"#2","tintindex":0},"down":{"uv":[5.0625,1.625,4.9375,2.125],"texture":"#2","tintindex":0}}},{"from":[4.25,-7.725,4.25],"to":[11.75,-4.225,11.75],"rotation":{"angle":0,"axis":"y","origin":[8,-4.8,8]},"faces":{"north":{"uv":[3.5625,1.75,4.4375,2.125],"texture":"#2","tintindex":0},"east":{"uv":[3.5625,1.75,4.4375,2.125],"texture":"#2","tintindex":0},"south":{"uv":[3.5625,1.75,4.4375,2.125],"texture":"#2","tintindex":0},"west":{"uv":[3.5625,1.75,4.4375,2.125],"texture":"#2","tintindex":0},"up":{"uv":[4.4375,0.875,3.5625,0],"texture":"#2","tintindex":0},"down":{"uv":[4.4375,0.875,3.5625,1.75],"texture":"#2","tintindex":0}}},{"name":"cube inverted","from":[11.75,-4.225,11.75],"to":[4.25,-7.725,4.25],"rotation":{"angle":0,"axis":"y","origin":[8,-4.8,8]},"faces":{"north":{"uv":[3.5625,2.125,4.4375,1.75],"texture":"#2","tintindex":0},"east":{"uv":[3.5625,2.125,4.4375,1.75],"texture":"#2","tintindex":0},"south":{"uv":[3.5625,2.125,4.4375,1.75],"texture":"#2","tintindex":0},"west":{"uv":[3.5625,2.125,4.4375,1.75],"texture":"#2","tintindex":0},"up":{"uv":[3.5625,0.875,4.4375,1.75],"texture":"#2","tintindex":0},"down":{"uv":[3.5625,0.875,4.4375,0],"texture":"#2","tintindex":0}}},{"from":[4.5,-7.25,4.5],"to":[11.5,-4.25,11.5],"rotation":{"angle":0,"axis":"y","origin":[8,-4.675,8]},"faces":{"north":{"uv":[5.375,1.75,6.25,2.125],"texture":"#2","tintindex":0},"east":{"uv":[7.125,0,8,0.375],"texture":"#2","tintindex":0},"south":{"uv":[7.125,0.375,8,0.75],"texture":"#2","tintindex":0},"west":{"uv":[7.125,0.75,8,1.125],"texture":"#2","tintindex":0},"up":{"uv":[6.25,0.875,5.375,0],"texture":"#2","tintindex":0},"down":{"uv":[6.25,0.875,5.375,1.75],"texture":"#2","tintindex":0}}},{"from":[5,-4.25,6],"to":[6,-2.75,10],"rotation":{"angle":0,"axis":"y","origin":[8,-4.675,8]},"faces":{"north":{"uv":[7.625,2.125,7.75,2.3125],"texture":"#2","tintindex":0},"east":{"uv":[5.375,2.125,5.875,2.3125],"texture":"#2","tintindex":0},"south":{"uv":[5.375,2.3125,5.5,2.5],"texture":"#2","tintindex":0},"west":{"uv":[5.875,2.125,6.375,2.3125],"texture":"#2","tintindex":0},"up":{"uv":[7.5,2.625,7.375,2.125],"texture":"#2","tintindex":0},"down":{"uv":[7.625,2.125,7.5,2.625],"texture":"#2","tintindex":0}}},{"from":[10,-4.25,6],"to":[11,-2.75,10],"rotation":{"angle":0,"axis":"y","origin":[8,-4.675,8]},"faces":{"north":{"uv":[5.5,2.3125,5.625,2.5],"texture":"#2","tintindex":0},"east":{"uv":[6.375,2.125,6.875,2.3125],"texture":"#2","tintindex":0},"south":{"uv":[5.625,2.3125,5.75,2.5],"texture":"#2","tintindex":0},"west":{"uv":[6.875,2.125,7.375,2.3125],"texture":"#2","tintindex":0},"up":{"uv":[7.75,1.625,7.625,1.125],"texture":"#2","tintindex":0},"down":{"uv":[7.75,1.625,7.625,2.125],"texture":"#2","tintindex":0}}},{"from":[4.25,-7.6,4.25],"to":[11.75,-4.1,11.75],"rotation":{"angle":0,"axis":"y","origin":[8,-4.675,8]},"faces":{"north":{"uv":[6.25,1.75,7.125,2.125],"texture":"#2","tintindex":0},"east":{"uv":[6.25,1.75,7.125,2.125],"texture":"#2","tintindex":0},"south":{"uv":[6.25,1.75,7.125,2.125],"texture":"#2","tintindex":0},"west":{"uv":[6.25,1.75,7.125,2.125],"texture":"#2","tintindex":0},"up":{"uv":[7.125,0.875,6.25,0],"texture":"#2","tintindex":0},"down":{"uv":[7.125,0.875,6.25,1.75],"texture":"#2","tintindex":0}}},{"name":"cube inverted","from":[11.75,-4.1,11.75],"to":[4.25,-7.6,4.25],"rotation":{"angle":0,"axis":"y","origin":[8,-4.675,8]},"faces":{"north":{"uv":[6.25,2.125,7.125,1.75],"texture":"#2","tintindex":0},"east":{"uv":[6.25,2.125,7.125,1.75],"texture":"#2","tintindex":0},"south":{"uv":[6.25,2.125,7.125,1.75],"texture":"#2","tintindex":0},"west":{"uv":[6.25,2.125,7.125,1.75],"texture":"#2","tintindex":0},"up":{"uv":[6.25,0.875,7.125,1.75],"texture":"#2","tintindex":0},"down":{"uv":[6.25,0.875,7.125,0],"texture":"#2","tintindex":0}}},{"from":[4.5,-7.125,4.5],"to":[11.5,-4.125,11.5],"rotation":{"angle":0,"axis":"y","origin":[8,-4.55,8]},"faces":{"north":{"uv":[8.0625,1.75,8.9375,2.125],"texture":"#2","tintindex":0},"east":{"uv":[9.8125,0,10.6875,0.375],"texture":"#2","tintindex":0},"south":{"uv":[9.8125,0.375,10.6875,0.75],"texture":"#2","tintindex":0},"west":{"uv":[9.8125,0.75,10.6875,1.125],"texture":"#2","tintindex":0},"up":{"uv":[8.9375,0.875,8.0625,0],"texture":"#2","tintindex":0},"down":{"uv":[8.9375,0.875,8.0625,1.75],"texture":"#2","tintindex":0}}},{"from":[5,-4.125,6],"to":[6,-2.625,10],"rotation":{"angle":0,"axis":"y","origin":[8,-4.55,8]},"faces":{"north":{"uv":[10.3125,2.125,10.4375,2.3125],"texture":"#2","tintindex":0},"east":{"uv":[8.0625,2.125,8.5625,2.3125],"texture":"#2","tintindex":0},"south":{"uv":[8.0625,2.3125,8.1875,2.5],"texture":"#2","tintindex":0},"west":{"uv":[8.5625,2.125,9.0625,2.3125],"texture":"#2","tintindex":0},"up":{"uv":[10.1875,2.625,10.0625,2.125],"texture":"#2","tintindex":0},"down":{"uv":[10.3125,2.125,10.1875,2.625],"texture":"#2","tintindex":0}}},{"from":[10,-4.125,6],"to":[11,-2.625,10],"rotation":{"angle":0,"axis":"y","origin":[8,-4.55,8]},"faces":{"north":{"uv":[8.1875,2.3125,8.3125,2.5],"texture":"#2","tintindex":0},"east":{"uv":[9.0625,2.125,9.5625,2.3125],"texture":"#2","tintindex":0},"south":{"uv":[8.3125,2.3125,8.4375,2.5],"texture":"#2","tintindex":0},"west":{"uv":[9.5625,2.125,10.0625,2.3125],"texture":"#2","tintindex":0},"up":{"uv":[10.4375,1.625,10.3125,1.125],"texture":"#2","tintindex":0},"down":{"uv":[10.4375,1.625,10.3125,2.125],"texture":"#2","tintindex":0}}},{"from":[4.25,-7.475,4.25],"to":[11.75,-3.975,11.75],"rotation":{"angle":0,"axis":"y","origin":[8,-4.55,8]},"faces":{"north":{"uv":[8.9375,1.75,9.8125,2.125],"texture":"#2","tintindex":0},"east":{"uv":[8.9375,1.75,9.8125,2.125],"texture":"#2","tintindex":0},"south":{"uv":[8.9375,1.75,9.8125,2.125],"texture":"#2","tintindex":0},"west":{"uv":[8.9375,1.75,9.8125,2.125],"texture":"#2","tintindex":0},"up":{"uv":[9.8125,0.875,8.9375,0],"texture":"#2","tintindex":0},"down":{"uv":[9.8125,0.875,8.9375,1.75],"texture":"#2","tintindex":0}}},{"name":"cube inverted","from":[11.75,-3.975,11.75],"to":[4.25,-7.475,4.25],"rotation":{"angle":0,"axis":"y","origin":[8,-4.55,8]},"faces":{"north":{"uv":[8.9375,2.125,9.8125,1.75],"texture":"#2","tintindex":0},"east":{"uv":[8.9375,2.125,9.8125,1.75],"texture":"#2","tintindex":0},"south":{"uv":[8.9375,2.125,9.8125,1.75],"texture":"#2","tintindex":0},"west":{"uv":[8.9375,2.125,9.8125,1.75],"texture":"#2","tintindex":0},"up":{"uv":[8.9375,0.875,9.8125,1.75],"texture":"#2","tintindex":0},"down":{"uv":[8.9375,0.875,9.8125,0],"texture":"#2","tintindex":0}}},{"from":[4.5,-7,4.5],"to":[11.5,-4,11.5],"rotation":{"angle":0,"axis":"y","origin":[8,-4.425,8]},"faces":{"north":{"uv":[10.75,1.75,11.625,2.125],"texture":"#2","tintindex":0},"east":{"uv":[12.5,0,13.375,0.375],"texture":"#2","tintindex":0},"south":{"uv":[12.5,0.375,13.375,0.75],"texture":"#2","tintindex":0},"west":{"uv":[12.5,0.75,13.375,1.125],"texture":"#2","tintindex":0},"up":{"uv":[11.625,0.875,10.75,0],"texture":"#2","tintindex":0},"down":{"uv":[11.625,0.875,10.75,1.75],"texture":"#2","tintindex":0}}},{"from":[5,-4,6],"to":[6,-2.5,10],"rotation":{"angle":0,"axis":"y","origin":[8,-4.425,8]},"faces":{"north":{"uv":[13,2.125,13.125,2.3125],"texture":"#2","tintindex":0},"east":{"uv":[10.75,2.125,11.25,2.3125],"texture":"#2","tintindex":0},"south":{"uv":[10.75,2.3125,10.875,2.5],"texture":"#2","tintindex":0},"west":{"uv":[11.25,2.125,11.75,2.3125],"texture":"#2","tintindex":0},"up":{"uv":[12.875,2.625,12.75,2.125],"texture":"#2","tintindex":0},"down":{"uv":[13,2.125,12.875,2.625],"texture":"#2","tintindex":0}}},{"from":[10,-4,6],"to":[11,-2.5,10],"rotation":{"angle":0,"axis":"y","origin":[8,-4.425,8]},"faces":{"north":{"uv":[10.875,2.3125,11,2.5],"texture":"#2","tintindex":0},"east":{"uv":[11.75,2.125,12.25,2.3125],"texture":"#2","tintindex":0},"south":{"uv":[11,2.3125,11.125,2.5],"texture":"#2","tintindex":0},"west":{"uv":[12.25,2.125,12.75,2.3125],"texture":"#2","tintindex":0},"up":{"uv":[13.125,1.625,13,1.125],"texture":"#2","tintindex":0},"down":{"uv":[13.125,1.625,13,2.125],"texture":"#2","tintindex":0}}},{"from":[4.25,-7.35,4.25],"to":[11.75,-3.85,11.75],"rotation":{"angle":0,"axis":"y","origin":[8,-4.425,8]},"faces":{"north":{"uv":[11.625,1.75,12.5,2.125],"texture":"#2","tintindex":0},"east":{"uv":[11.625,1.75,12.5,2.125],"texture":"#2","tintindex":0},"south":{"uv":[11.625,1.75,12.5,2.125],"texture":"#2","tintindex":0},"west":{"uv":[11.625,1.75,12.5,2.125],"texture":"#2","tintindex":0},"up":{"uv":[12.5,0.875,11.625,0],"texture":"#2","tintindex":0},"down":{"uv":[12.5,0.875,11.625,1.75],"texture":"#2","tintindex":0}}},{"name":"cube inverted","from":[11.75,-3.85,11.75],"to":[4.25,-7.35,4.25],"rotation":{"angle":0,"axis":"y","origin":[8,-4.425,8]},"faces":{"north":{"uv":[11.625,2.125,12.5,1.75],"texture":"#2","tintindex":0},"east":{"uv":[11.625,2.125,12.5,1.75],"texture":"#2","tintindex":0},"south":{"uv":[11.625,2.125,12.5,1.75],"texture":"#2","tintindex":0},"west":{"uv":[11.625,2.125,12.5,1.75],"texture":"#2","tintindex":0},"up":{"uv":[11.625,0.875,12.5,1.75],"texture":"#2","tintindex":0},"down":{"uv":[11.625,0.875,12.5,0],"texture":"#2","tintindex":0}}},{"from":[4.5,-6.875,4.5],"to":[11.5,-3.875,11.5],"rotation":{"angle":0,"axis":"y","origin":[8,-4.3,8]},"faces":{"north":{"uv":[0,4.4375,0.875,4.8125],"texture":"#2","tintindex":0},"east":{"uv":[1.75,2.6875,2.625,3.0625],"texture":"#2","tintindex":0},"south":{"uv":[1.75,3.0625,2.625,3.4375],"texture":"#2","tintindex":0},"west":{"uv":[1.75,3.4375,2.625,3.8125],"texture":"#2","tintindex":0},"up":{"uv":[0.875,3.5625,0,2.6875],"texture":"#2","tintindex":0},"down":{"uv":[0.875,3.5625,0,4.4375],"texture":"#2","tintindex":0}}},{"from":[5,-3.875,6],"to":[6,-2.375,10],"rotation":{"angle":0,"axis":"y","origin":[8,-4.3,8]},"faces":{"north":{"uv":[2.25,4.8125,2.375,5],"texture":"#2","tintindex":0},"east":{"uv":[0,4.8125,0.5,5],"texture":"#2","tintindex":0},"south":{"uv":[0,5,0.125,5.1875],"texture":"#2","tintindex":0},"west":{"uv":[0.5,4.8125,1,5],"texture":"#2","tintindex":0},"up":{"uv":[2.125,5.3125,2,4.8125],"texture":"#2","tintindex":0},"down":{"uv":[2.25,4.8125,2.125,5.3125],"texture":"#2","tintindex":0}}},{"from":[10,-3.875,6],"to":[11,-2.375,10],"rotation":{"angle":0,"axis":"y","origin":[8,-4.3,8]},"faces":{"north":{"uv":[0.125,5,0.25,5.1875],"texture":"#2","tintindex":0},"east":{"uv":[1,4.8125,1.5,5],"texture":"#2","tintindex":0},"south":{"uv":[0.25,5,0.375,5.1875],"texture":"#2","tintindex":0},"west":{"uv":[1.5,4.8125,2,5],"texture":"#2","tintindex":0},"up":{"uv":[2.375,4.3125,2.25,3.8125],"texture":"#2","tintindex":0},"down":{"uv":[2.375,4.3125,2.25,4.8125],"texture":"#2","tintindex":0}}},{"from":[4.25,-7.225,4.25],"to":[11.75,-3.725,11.75],"rotation":{"angle":0,"axis":"y","origin":[8,-4.3,8]},"faces":{"north":{"uv":[0.875,4.4375,1.75,4.8125],"texture":"#2","tintindex":0},"east":{"uv":[0.875,4.4375,1.75,4.8125],"texture":"#2","tintindex":0},"south":{"uv":[0.875,4.4375,1.75,4.8125],"texture":"#2","tintindex":0},"west":{"uv":[0.875,4.4375,1.75,4.8125],"texture":"#2","tintindex":0},"up":{"uv":[1.75,3.5625,0.875,2.6875],"texture":"#2","tintindex":0},"down":{"uv":[1.75,3.5625,0.875,4.4375],"texture":"#2","tintindex":0}}},{"name":"cube inverted","from":[11.75,-3.725,11.75],"to":[4.25,-7.225,4.25],"rotation":{"angle":0,"axis":"y","origin":[8,-4.3,8]},"faces":{"north":{"uv":[0.875,4.8125,1.75,4.4375],"texture":"#2","tintindex":0},"east":{"uv":[0.875,4.8125,1.75,4.4375],"texture":"#2","tintindex":0},"south":{"uv":[0.875,4.8125,1.75,4.4375],"texture":"#2","tintindex":0},"west":{"uv":[0.875,4.8125,1.75,4.4375],"texture":"#2","tintindex":0},"up":{"uv":[0.875,3.5625,1.75,4.4375],"texture":"#2","tintindex":0},"down":{"uv":[0.875,3.5625,1.75,2.6875],"texture":"#2","tintindex":0}}},{"from":[4.5,-6.75,4.5],"to":[11.5,-3.75,11.5],"rotation":{"angle":0,"axis":"y","origin":[8,-4.175,8]},"faces":{"north":{"uv":[2.6875,4.4375,3.5625,4.8125],"texture":"#2","tintindex":0},"east":{"uv":[4.4375,2.6875,5.3125,3.0625],"texture":"#2","tintindex":0},"south":{"uv":[4.4375,3.0625,5.3125,3.4375],"texture":"#2","tintindex":0},"west":{"uv":[4.4375,3.4375,5.3125,3.8125],"texture":"#2","tintindex":0},"up":{"uv":[3.5625,3.5625,2.6875,2.6875],"texture":"#2","tintindex":0},"down":{"uv":[3.5625,3.5625,2.6875,4.4375],"texture":"#2","tintindex":0}}},{"from":[5,-3.75,6],"to":[6,-2.25,10],"rotation":{"angle":0,"axis":"y","origin":[8,-4.175,8]},"faces":{"north":{"uv":[4.9375,4.8125,5.0625,5],"texture":"#2","tintindex":0},"east":{"uv":[2.6875,4.8125,3.1875,5],"texture":"#2","tintindex":0},"south":{"uv":[2.6875,5,2.8125,5.1875],"texture":"#2","tintindex":0},"west":{"uv":[3.1875,4.8125,3.6875,5],"texture":"#2","tintindex":0},"up":{"uv":[4.8125,5.3125,4.6875,4.8125],"texture":"#2","tintindex":0},"down":{"uv":[4.9375,4.8125,4.8125,5.3125],"texture":"#2","tintindex":0}}},{"from":[10,-3.75,6],"to":[11,-2.25,10],"rotation":{"angle":0,"axis":"y","origin":[8,-4.175,8]},"faces":{"north":{"uv":[2.8125,5,2.9375,5.1875],"texture":"#2","tintindex":0},"east":{"uv":[3.6875,4.8125,4.1875,5],"texture":"#2","tintindex":0},"south":{"uv":[2.9375,5,3.0625,5.1875],"texture":"#2","tintindex":0},"west":{"uv":[4.1875,4.8125,4.6875,5],"texture":"#2","tintindex":0},"up":{"uv":[5.0625,4.3125,4.9375,3.8125],"texture":"#2","tintindex":0},"down":{"uv":[5.0625,4.3125,4.9375,4.8125],"texture":"#2","tintindex":0}}},{"from":[4.25,-7.1,4.25],"to":[11.75,-3.6,11.75],"rotation":{"angle":0,"axis":"y","origin":[8,-4.175,8]},"faces":{"north":{"uv":[3.5625,4.4375,4.4375,4.8125],"texture":"#2","tintindex":0},"east":{"uv":[3.5625,4.4375,4.4375,4.8125],"texture":"#2","tintindex":0},"south":{"uv":[3.5625,4.4375,4.4375,4.8125],"texture":"#2","tintindex":0},"west":{"uv":[3.5625,4.4375,4.4375,4.8125],"texture":"#2","tintindex":0},"up":{"uv":[4.4375,3.5625,3.5625,2.6875],"texture":"#2","tintindex":0},"down":{"uv":[4.4375,3.5625,3.5625,4.4375],"texture":"#2","tintindex":0}}},{"name":"cube inverted","from":[11.75,-3.6,11.75],"to":[4.25,-7.1,4.25],"rotation":{"angle":0,"axis":"y","origin":[8,-4.175,8]},"faces":{"north":{"uv":[3.5625,4.8125,4.4375,4.4375],"texture":"#2","tintindex":0},"east":{"uv":[3.5625,4.8125,4.4375,4.4375],"texture":"#2","tintindex":0},"south":{"uv":[3.5625,4.8125,4.4375,4.4375],"texture":"#2","tintindex":0},"west":{"uv":[3.5625,4.8125,4.4375,4.4375],"texture":"#2","tintindex":0},"up":{"uv":[3.5625,3.5625,4.4375,4.4375],"texture":"#2","tintindex":0},"down":{"uv":[3.5625,3.5625,4.4375,2.6875],"texture":"#2","tintindex":0}}},{"from":[4.5,-6.625,4.5],"to":[11.5,-3.625,11.5],"rotation":{"angle":0,"axis":"y","origin":[8,-4.05,8]},"faces":{"north":{"uv":[5.375,4.4375,6.25,4.8125],"texture":"#2","tintindex":0},"east":{"uv":[7.125,2.6875,8,3.0625],"texture":"#2","tintindex":0},"south":{"uv":[7.125,3.0625,8,3.4375],"texture":"#2","tintindex":0},"west":{"uv":[7.125,3.4375,8,3.8125],"texture":"#2","tintindex":0},"up":{"uv":[6.25,3.5625,5.375,2.6875],"texture":"#2","tintindex":0},"down":{"uv":[6.25,3.5625,5.375,4.4375],"texture":"#2","tintindex":0}}},{"from":[5,-3.625,6],"to":[6,-2.125,10],"rotation":{"angle":0,"axis":"y","origin":[8,-4.05,8]},"faces":{"north":{"uv":[7.625,4.8125,7.75,5],"texture":"#2","tintindex":0},"east":{"uv":[5.375,4.8125,5.875,5],"texture":"#2","tintindex":0},"south":{"uv":[5.375,5,5.5,5.1875],"texture":"#2","tintindex":0},"west":{"uv":[5.875,4.8125,6.375,5],"texture":"#2","tintindex":0},"up":{"uv":[7.5,5.3125,7.375,4.8125],"texture":"#2","tintindex":0},"down":{"uv":[7.625,4.8125,7.5,5.3125],"texture":"#2","tintindex":0}}},{"from":[10,-3.625,6],"to":[11,-2.125,10],"rotation":{"angle":0,"axis":"y","origin":[8,-4.05,8]},"faces":{"north":{"uv":[5.5,5,5.625,5.1875],"texture":"#2","tintindex":0},"east":{"uv":[6.375,4.8125,6.875,5],"texture":"#2","tintindex":0},"south":{"uv":[5.625,5,5.75,5.1875],"texture":"#2","tintindex":0},"west":{"uv":[6.875,4.8125,7.375,5],"texture":"#2","tintindex":0},"up":{"uv":[7.75,4.3125,7.625,3.8125],"texture":"#2","tintindex":0},"down":{"uv":[7.75,4.3125,7.625,4.8125],"texture":"#2","tintindex":0}}},{"from":[4.25,-6.975,4.25],"to":[11.75,-3.475,11.75],"rotation":{"angle":0,"axis":"y","origin":[8,-4.05,8]},"faces":{"north":{"uv":[6.25,4.4375,7.125,4.8125],"texture":"#2","tintindex":0},"east":{"uv":[6.25,4.4375,7.125,4.8125],"texture":"#2","tintindex":0},"south":{"uv":[6.25,4.4375,7.125,4.8125],"texture":"#2","tintindex":0},"west":{"uv":[6.25,4.4375,7.125,4.8125],"texture":"#2","tintindex":0},"up":{"uv":[7.125,3.5625,6.25,2.6875],"texture":"#2","tintindex":0},"down":{"uv":[7.125,3.5625,6.25,4.4375],"texture":"#2","tintindex":0}}},{"name":"cube inverted","from":[11.75,-3.475,11.75],"to":[4.25,-6.975,4.25],"rotation":{"angle":0,"axis":"y","origin":[8,-4.05,8]},"faces":{"north":{"uv":[6.25,4.8125,7.125,4.4375],"texture":"#2","tintindex":0},"east":{"uv":[6.25,4.8125,7.125,4.4375],"texture":"#2","tintindex":0},"south":{"uv":[6.25,4.8125,7.125,4.4375],"texture":"#2","tintindex":0},"west":{"uv":[6.25,4.8125,7.125,4.4375],"texture":"#2","tintindex":0},"up":{"uv":[6.25,3.5625,7.125,4.4375],"texture":"#2","tintindex":0},"down":{"uv":[6.25,3.5625,7.125,2.6875],"texture":"#2","tintindex":0}}},{"from":[4.5,-6.5,4.5],"to":[11.5,-3.5,11.5],"rotation":{"angle":0,"axis":"y","origin":[8,-3.925,8]},"faces":{"north":{"uv":[8.0625,4.4375,8.9375,4.8125],"texture":"#2","tintindex":0},"east":{"uv":[9.8125,2.6875,10.6875,3.0625],"texture":"#2","tintindex":0},"south":{"uv":[9.8125,3.0625,10.6875,3.4375],"texture":"#2","tintindex":0},"west":{"uv":[9.8125,3.4375,10.6875,3.8125],"texture":"#2","tintindex":0},"up":{"uv":[8.9375,3.5625,8.0625,2.6875],"texture":"#2","tintindex":0},"down":{"uv":[8.9375,3.5625,8.0625,4.4375],"texture":"#2","tintindex":0}}},{"from":[5,-3.5,6],"to":[6,-2,10],"rotation":{"angle":0,"axis":"y","origin":[8,-3.925,8]},"faces":{"north":{"uv":[10.3125,4.8125,10.4375,5],"texture":"#2","tintindex":0},"east":{"uv":[8.0625,4.8125,8.5625,5],"texture":"#2","tintindex":0},"south":{"uv":[8.0625,5,8.1875,5.1875],"texture":"#2","tintindex":0},"west":{"uv":[8.5625,4.8125,9.0625,5],"texture":"#2","tintindex":0},"up":{"uv":[10.1875,5.3125,10.0625,4.8125],"texture":"#2","tintindex":0},"down":{"uv":[10.3125,4.8125,10.1875,5.3125],"texture":"#2","tintindex":0}}},{"from":[10,-3.5,6],"to":[11,-2,10],"rotation":{"angle":0,"axis":"y","origin":[8,-3.925,8]},"faces":{"north":{"uv":[8.1875,5,8.3125,5.1875],"texture":"#2","tintindex":0},"east":{"uv":[9.0625,4.8125,9.5625,5],"texture":"#2","tintindex":0},"south":{"uv":[8.3125,5,8.4375,5.1875],"texture":"#2","tintindex":0},"west":{"uv":[9.5625,4.8125,10.0625,5],"texture":"#2","tintindex":0},"up":{"uv":[10.4375,4.3125,10.3125,3.8125],"texture":"#2","tintindex":0},"down":{"uv":[10.4375,4.3125,10.3125,4.8125],"texture":"#2","tintindex":0}}},{"from":[4.25,-6.85,4.25],"to":[11.75,-3.35,11.75],"rotation":{"angle":0,"axis":"y","origin":[8,-3.925,8]},"faces":{"north":{"uv":[8.9375,4.4375,9.8125,4.8125],"texture":"#2","tintindex":0},"east":{"uv":[8.9375,4.4375,9.8125,4.8125],"texture":"#2","tintindex":0},"south":{"uv":[8.9375,4.4375,9.8125,4.8125],"texture":"#2","tintindex":0},"west":{"uv":[8.9375,4.4375,9.8125,4.8125],"texture":"#2","tintindex":0},"up":{"uv":[9.8125,3.5625,8.9375,2.6875],"texture":"#2","tintindex":0},"down":{"uv":[9.8125,3.5625,8.9375,4.4375],"texture":"#2","tintindex":0}}},{"name":"cube inverted","from":[11.75,-3.35,11.75],"to":[4.25,-6.85,4.25],"rotation":{"angle":0,"axis":"y","origin":[8,-3.925,8]},"faces":{"north":{"uv":[8.9375,4.8125,9.8125,4.4375],"texture":"#2","tintindex":0},"east":{"uv":[8.9375,4.8125,9.8125,4.4375],"texture":"#2","tintindex":0},"south":{"uv":[8.9375,4.8125,9.8125,4.4375],"texture":"#2","tintindex":0},"west":{"uv":[8.9375,4.8125,9.8125,4.4375],"texture":"#2","tintindex":0},"up":{"uv":[8.9375,3.5625,9.8125,4.4375],"texture":"#2","tintindex":0},"down":{"uv":[8.9375,3.5625,9.8125,2.6875],"texture":"#2","tintindex":0}}},{"from":[4.5,-6.375,4.5],"to":[11.5,-3.375,11.5],"rotation":{"angle":0,"axis":"y","origin":[8,-3.8,8]},"faces":{"north":{"uv":[10.75,4.4375,11.625,4.8125],"texture":"#2","tintindex":0},"east":{"uv":[12.5,2.6875,13.375,3.0625],"texture":"#2","tintindex":0},"south":{"uv":[12.5,3.0625,13.375,3.4375],"texture":"#2","tintindex":0},"west":{"uv":[12.5,3.4375,13.375,3.8125],"texture":"#2","tintindex":0},"up":{"uv":[11.625,3.5625,10.75,2.6875],"texture":"#2","tintindex":0},"down":{"uv":[11.625,3.5625,10.75,4.4375],"texture":"#2","tintindex":0}}},{"from":[5,-3.375,6],"to":[6,-1.875,10],"rotation":{"angle":0,"axis":"y","origin":[8,-3.8,8]},"faces":{"north":{"uv":[13,4.8125,13.125,5],"texture":"#2","tintindex":0},"east":{"uv":[10.75,4.8125,11.25,5],"texture":"#2","tintindex":0},"south":{"uv":[10.75,5,10.875,5.1875],"texture":"#2","tintindex":0},"west":{"uv":[11.25,4.8125,11.75,5],"texture":"#2","tintindex":0},"up":{"uv":[12.875,5.3125,12.75,4.8125],"texture":"#2","tintindex":0},"down":{"uv":[13,4.8125,12.875,5.3125],"texture":"#2","tintindex":0}}},{"from":[10,-3.375,6],"to":[11,-1.875,10],"rotation":{"angle":0,"axis":"y","origin":[8,-3.8,8]},"faces":{"north":{"uv":[10.875,5,11,5.1875],"texture":"#2","tintindex":0},"east":{"uv":[11.75,4.8125,12.25,5],"texture":"#2","tintindex":0},"south":{"uv":[11,5,11.125,5.1875],"texture":"#2","tintindex":0},"west":{"uv":[12.25,4.8125,12.75,5],"texture":"#2","tintindex":0},"up":{"uv":[13.125,4.3125,13,3.8125],"texture":"#2","tintindex":0},"down":{"uv":[13.125,4.3125,13,4.8125],"texture":"#2","tintindex":0}}},{"from":[4.25,-6.725,4.25],"to":[11.75,-3.225,11.75],"rotation":{"angle":0,"axis":"y","origin":[8,-3.8,8]},"faces":{"north":{"uv":[11.625,4.4375,12.5,4.8125],"texture":"#2","tintindex":0},"east":{"uv":[11.625,4.4375,12.5,4.8125],"texture":"#2","tintindex":0},"south":{"uv":[11.625,4.4375,12.5,4.8125],"texture":"#2","tintindex":0},"west":{"uv":[11.625,4.4375,12.5,4.8125],"texture":"#2","tintindex":0},"up":{"uv":[12.5,3.5625,11.625,2.6875],"texture":"#2","tintindex":0},"down":{"uv":[12.5,3.5625,11.625,4.4375],"texture":"#2","tintindex":0}}},{"name":"cube inverted","from":[11.75,-3.225,11.75],"to":[4.25,-6.725,4.25],"rotation":{"angle":0,"axis":"y","origin":[8,-3.8,8]},"faces":{"north":{"uv":[11.625,4.8125,12.5,4.4375],"texture":"#2","tintindex":0},"east":{"uv":[11.625,4.8125,12.5,4.4375],"texture":"#2","tintindex":0},"south":{"uv":[11.625,4.8125,12.5,4.4375],"texture":"#2","tintindex":0},"west":{"uv":[11.625,4.8125,12.5,4.4375],"texture":"#2","tintindex":0},"up":{"uv":[11.625,3.5625,12.5,4.4375],"texture":"#2","tintindex":0},"down":{"uv":[11.625,3.5625,12.5,2.6875],"texture":"#2","tintindex":0}}},{"from":[4.5,-6.25,4.5],"to":[11.5,-3.25,11.5],"rotation":{"angle":0,"axis":"y","origin":[8,-3.675,8]},"faces":{"north":{"uv":[0,7.125,0.875,7.5],"texture":"#2","tintindex":0},"east":{"uv":[1.75,5.375,2.625,5.75],"texture":"#2","tintindex":0},"south":{"uv":[1.75,5.75,2.625,6.125],"texture":"#2","tintindex":0},"west":{"uv":[1.75,6.125,2.625,6.5],"texture":"#2","tintindex":0},"up":{"uv":[0.875,6.25,0,5.375],"texture":"#2","tintindex":0},"down":{"uv":[0.875,6.25,0,7.125],"texture":"#2","tintindex":0}}},{"from":[5,-3.25,6],"to":[6,-1.75,10],"rotation":{"angle":0,"axis":"y","origin":[8,-3.675,8]},"faces":{"north":{"uv":[2.25,7.5,2.375,7.6875],"texture":"#2","tintindex":0},"east":{"uv":[0,7.5,0.5,7.6875],"texture":"#2","tintindex":0},"south":{"uv":[0,7.6875,0.125,7.875],"texture":"#2","tintindex":0},"west":{"uv":[0.5,7.5,1,7.6875],"texture":"#2","tintindex":0},"up":{"uv":[2.125,8,2,7.5],"texture":"#2","tintindex":0},"down":{"uv":[2.25,7.5,2.125,8],"texture":"#2","tintindex":0}}},{"from":[10,-3.25,6],"to":[11,-1.75,10],"rotation":{"angle":0,"axis":"y","origin":[8,-3.675,8]},"faces":{"north":{"uv":[0.125,7.6875,0.25,7.875],"texture":"#2","tintindex":0},"east":{"uv":[1,7.5,1.5,7.6875],"texture":"#2","tintindex":0},"south":{"uv":[0.25,7.6875,0.375,7.875],"texture":"#2","tintindex":0},"west":{"uv":[1.5,7.5,2,7.6875],"texture":"#2","tintindex":0},"up":{"uv":[2.375,7,2.25,6.5],"texture":"#2","tintindex":0},"down":{"uv":[2.375,7,2.25,7.5],"texture":"#2","tintindex":0}}},{"from":[4.25,-6.6,4.25],"to":[11.75,-3.1,11.75],"rotation":{"angle":0,"axis":"y","origin":[8,-3.675,8]},"faces":{"north":{"uv":[0.875,7.125,1.75,7.5],"texture":"#2","tintindex":0},"east":{"uv":[0.875,7.125,1.75,7.5],"texture":"#2","tintindex":0},"south":{"uv":[0.875,7.125,1.75,7.5],"texture":"#2","tintindex":0},"west":{"uv":[0.875,7.125,1.75,7.5],"texture":"#2","tintindex":0},"up":{"uv":[1.75,6.25,0.875,5.375],"texture":"#2","tintindex":0},"down":{"uv":[1.75,6.25,0.875,7.125],"texture":"#2","tintindex":0}}},{"name":"cube inverted","from":[11.75,-3.1,11.75],"to":[4.25,-6.6,4.25],"rotation":{"angle":0,"axis":"y","origin":[8,-3.675,8]},"faces":{"north":{"uv":[0.875,7.5,1.75,7.125],"texture":"#2","tintindex":0},"east":{"uv":[0.875,7.5,1.75,7.125],"texture":"#2","tintindex":0},"south":{"uv":[0.875,7.5,1.75,7.125],"texture":"#2","tintindex":0},"west":{"uv":[0.875,7.5,1.75,7.125],"texture":"#2","tintindex":0},"up":{"uv":[0.875,6.25,1.75,7.125],"texture":"#2","tintindex":0},"down":{"uv":[0.875,6.25,1.75,5.375],"texture":"#2","tintindex":0}}},{"from":[4.5,-6.125,4.5],"to":[11.5,-3.125,11.5],"rotation":{"angle":0,"axis":"y","origin":[8,-3.55,8]},"faces":{"north":{"uv":[2.6875,7.125,3.5625,7.5],"texture":"#2","tintindex":0},"east":{"uv":[4.4375,5.375,5.3125,5.75],"texture":"#2","tintindex":0},"south":{"uv":[4.4375,5.75,5.3125,6.125],"texture":"#2","tintindex":0},"west":{"uv":[4.4375,6.125,5.3125,6.5],"texture":"#2","tintindex":0},"up":{"uv":[3.5625,6.25,2.6875,5.375],"texture":"#2","tintindex":0},"down":{"uv":[3.5625,6.25,2.6875,7.125],"texture":"#2","tintindex":0}}},{"from":[5,-3.125,6],"to":[6,-1.625,10],"rotation":{"angle":0,"axis":"y","origin":[8,-3.55,8]},"faces":{"north":{"uv":[4.9375,7.5,5.0625,7.6875],"texture":"#2","tintindex":0},"east":{"uv":[2.6875,7.5,3.1875,7.6875],"texture":"#2","tintindex":0},"south":{"uv":[2.6875,7.6875,2.8125,7.875],"texture":"#2","tintindex":0},"west":{"uv":[3.1875,7.5,3.6875,7.6875],"texture":"#2","tintindex":0},"up":{"uv":[4.8125,8,4.6875,7.5],"texture":"#2","tintindex":0},"down":{"uv":[4.9375,7.5,4.8125,8],"texture":"#2","tintindex":0}}},{"from":[10,-3.125,6],"to":[11,-1.625,10],"rotation":{"angle":0,"axis":"y","origin":[8,-3.55,8]},"faces":{"north":{"uv":[2.8125,7.6875,2.9375,7.875],"texture":"#2","tintindex":0},"east":{"uv":[3.6875,7.5,4.1875,7.6875],"texture":"#2","tintindex":0},"south":{"uv":[2.9375,7.6875,3.0625,7.875],"texture":"#2","tintindex":0},"west":{"uv":[4.1875,7.5,4.6875,7.6875],"texture":"#2","tintindex":0},"up":{"uv":[5.0625,7,4.9375,6.5],"texture":"#2","tintindex":0},"down":{"uv":[5.0625,7,4.9375,7.5],"texture":"#2","tintindex":0}}},{"from":[4.25,-6.475,4.25],"to":[11.75,-2.975,11.75],"rotation":{"angle":0,"axis":"y","origin":[8,-3.55,8]},"faces":{"north":{"uv":[3.5625,7.125,4.4375,7.5],"texture":"#2","tintindex":0},"east":{"uv":[3.5625,7.125,4.4375,7.5],"texture":"#2","tintindex":0},"south":{"uv":[3.5625,7.125,4.4375,7.5],"texture":"#2","tintindex":0},"west":{"uv":[3.5625,7.125,4.4375,7.5],"texture":"#2","tintindex":0},"up":{"uv":[4.4375,6.25,3.5625,5.375],"texture":"#2","tintindex":0},"down":{"uv":[4.4375,6.25,3.5625,7.125],"texture":"#2","tintindex":0}}},{"name":"cube inverted","from":[11.75,-2.975,11.75],"to":[4.25,-6.475,4.25],"rotation":{"angle":0,"axis":"y","origin":[8,-3.55,8]},"faces":{"north":{"uv":[3.5625,7.5,4.4375,7.125],"texture":"#2","tintindex":0},"east":{"uv":[3.5625,7.5,4.4375,7.125],"texture":"#2","tintindex":0},"south":{"uv":[3.5625,7.5,4.4375,7.125],"texture":"#2","tintindex":0},"west":{"uv":[3.5625,7.5,4.4375,7.125],"texture":"#2","tintindex":0},"up":{"uv":[3.5625,6.25,4.4375,7.125],"texture":"#2","tintindex":0},"down":{"uv":[3.5625,6.25,4.4375,5.375],"texture":"#2","tintindex":0}}},{"from":[4.5,-6,4.5],"to":[11.5,-3,11.5],"rotation":{"angle":0,"axis":"y","origin":[8,-3.425,8]},"faces":{"north":{"uv":[5.375,7.125,6.25,7.5],"texture":"#2","tintindex":0},"east":{"uv":[7.125,5.375,8,5.75],"texture":"#2","tintindex":0},"south":{"uv":[7.125,5.75,8,6.125],"texture":"#2","tintindex":0},"west":{"uv":[7.125,6.125,8,6.5],"texture":"#2","tintindex":0},"up":{"uv":[6.25,6.25,5.375,5.375],"texture":"#2","tintindex":0},"down":{"uv":[6.25,6.25,5.375,7.125],"texture":"#2","tintindex":0}}},{"from":[5,-3,6],"to":[6,-1.5,10],"rotation":{"angle":0,"axis":"y","origin":[8,-3.425,8]},"faces":{"north":{"uv":[7.625,7.5,7.75,7.6875],"texture":"#2","tintindex":0},"east":{"uv":[5.375,7.5,5.875,7.6875],"texture":"#2","tintindex":0},"south":{"uv":[5.375,7.6875,5.5,7.875],"texture":"#2","tintindex":0},"west":{"uv":[5.875,7.5,6.375,7.6875],"texture":"#2","tintindex":0},"up":{"uv":[7.5,8,7.375,7.5],"texture":"#2","tintindex":0},"down":{"uv":[7.625,7.5,7.5,8],"texture":"#2","tintindex":0}}},{"from":[10,-3,6],"to":[11,-1.5,10],"rotation":{"angle":0,"axis":"y","origin":[8,-3.425,8]},"faces":{"north":{"uv":[5.5,7.6875,5.625,7.875],"texture":"#2","tintindex":0},"east":{"uv":[6.375,7.5,6.875,7.6875],"texture":"#2","tintindex":0},"south":{"uv":[5.625,7.6875,5.75,7.875],"texture":"#2","tintindex":0},"west":{"uv":[6.875,7.5,7.375,7.6875],"texture":"#2","tintindex":0},"up":{"uv":[7.75,7,7.625,6.5],"texture":"#2","tintindex":0},"down":{"uv":[7.75,7,7.625,7.5],"texture":"#2","tintindex":0}}},{"from":[4.25,-6.35,4.25],"to":[11.75,-2.85,11.75],"rotation":{"angle":0,"axis":"y","origin":[8,-3.425,8]},"faces":{"north":{"uv":[6.25,7.125,7.125,7.5],"texture":"#2","tintindex":0},"east":{"uv":[6.25,7.125,7.125,7.5],"texture":"#2","tintindex":0},"south":{"uv":[6.25,7.125,7.125,7.5],"texture":"#2","tintindex":0},"west":{"uv":[6.25,7.125,7.125,7.5],"texture":"#2","tintindex":0},"up":{"uv":[7.125,6.25,6.25,5.375],"texture":"#2","tintindex":0},"down":{"uv":[7.125,6.25,6.25,7.125],"texture":"#2","tintindex":0}}},{"name":"cube inverted","from":[11.75,-2.85,11.75],"to":[4.25,-6.35,4.25],"rotation":{"angle":0,"axis":"y","origin":[8,-3.425,8]},"faces":{"north":{"uv":[6.25,7.5,7.125,7.125],"texture":"#2","tintindex":0},"east":{"uv":[6.25,7.5,7.125,7.125],"texture":"#2","tintindex":0},"south":{"uv":[6.25,7.5,7.125,7.125],"texture":"#2","tintindex":0},"west":{"uv":[6.25,7.5,7.125,7.125],"texture":"#2","tintindex":0},"up":{"uv":[6.25,6.25,7.125,7.125],"texture":"#2","tintindex":0},"down":{"uv":[6.25,6.25,7.125,5.375],"texture":"#2","tintindex":0}}}],"gui_light":"front","display":{"thirdperson_righthand":{"rotation":[53,0,0],"translation":[0,3.25,1.25],"scale":[0.4,0.4,0.4]},"thirdperson_lefthand":{"rotation":[68,0,0],"translation":[-5.55,-14.25,7],"scale":[0.7,0.7,0.7]},"firstperson_righthand":{"rotation":[12,8,4],"translation":[0,3.25,1.25],"scale":[0.3,0.3,0.3]},"firstperson_lefthand":{"scale":[0,0,0]},"ground":{"translation":[0,4,0]},"gui":{"rotation":[30,-30,0],"translation":[0,17,0],"scale":[1.19,1.19,1.19]},"head":{"rotation":[0,-180,0],"translation":[0,-77,14.5],"scale":[2,2,2]},"fixed":{"rotation":[-90,0,0],"translation":[0,0,-15],"scale":[2,2,2]}},"mcmodels":"e888d2498f4d7b528bcf7598e6ce8db7"}