{"credit":"Made with Blockbench","textures":{"2":"ero_sci_fi_cosmetic:gas_shield_mask_2","4":"ero_sci_fi_cosmetic:gas_shield_mask_1","particle":"ero_sci_fi_cosmetic:gas_shield_mask_2"},"elements":[{"from":[5,-1,-3],"to":[11,3,1],"rotation":{"angle":0,"axis":"y","origin":[7,0,6]},"faces":{"north":{"uv":[0,6,3,8],"texture":"#2","tintindex":0},"east":{"uv":[12.5,8.5,14.5,10.5],"texture":"#2","tintindex":0},"south":{"uv":[6,0,9,2],"texture":"#2","tintindex":0},"west":{"uv":[9.5,12.5,11.5,14.5],"texture":"#2","tintindex":0},"up":{"uv":[9,4.5,6,2.5],"texture":"#2","tintindex":0},"down":{"uv":[6.5,6,3.5,8],"texture":"#2","tintindex":0}}},{"from":[4.5,-1.5,-3.5],"to":[11.5,3.5,1.5],"rotation":{"angle":0,"axis":"y","origin":[7,0,6]},"faces":{"north":{"uv":[7,5,10,7],"texture":"#2","tintindex":0},"east":{"uv":[12.5,11,14.5,13],"texture":"#2","tintindex":0},"south":{"uv":[7,7.5,10,9.5],"texture":"#2","tintindex":0},"west":{"uv":[5.5,13,7.5,15],"texture":"#2","tintindex":0},"up":{"uv":[3,10.5,0,8.5],"texture":"#2","tintindex":0},"down":{"uv":[6.5,8.5,3.5,10.5],"texture":"#2","tintindex":0}}},{"from":[-1.25,-2,-3.5],"to":[3.75,3,0.5],"rotation":{"angle":22.5,"axis":"y","origin":[0.5,0.5,-1.5]},"faces":{"north":{"uv":[0,0,2.5,2.5],"texture":"#2","tintindex":0},"east":{"uv":[9.5,0,11.5,2.5],"texture":"#2","tintindex":0},"south":{"uv":[0,3,2.5,5.5],"texture":"#2","tintindex":0},"west":{"uv":[7,10,9,12.5],"texture":"#2","tintindex":0},"up":{"uv":[12,12,9.5,10],"texture":"#2","tintindex":0},"down":{"uv":[13,3,10.5,5],"texture":"#2","tintindex":0}}},{"from":[-1.75,-2.5,-4],"to":[4.25,3.5,1],"rotation":{"angle":22.5,"axis":"y","origin":[0.5,0.5,-1.5]},"faces":{"north":{"uv":[3,0,5.5,2.5],"texture":"#2","tintindex":0},"east":{"uv":[10.5,5.5,12.5,8],"texture":"#2","tintindex":0},"south":{"uv":[3,3,5.5,5.5],"texture":"#2","tintindex":0},"west":{"uv":[0,11,2,13.5],"texture":"#2","tintindex":0},"up":{"uv":[5,13,2.5,11],"texture":"#2","tintindex":0},"down":{"uv":[14.5,0,12,2],"texture":"#2","tintindex":0}}},{"from":[0,0,-1],"to":[16,2,17],"rotation":{"angle":0,"axis":"y","origin":[7,0,6]},"faces":{"north":{"uv":[8.5,9,12.5,9.5],"texture":"#4","tintindex":0},"east":{"uv":[7.5,8.25,12,8.75],"texture":"#4","tintindex":0},"south":{"uv":[8.5,9.75,12.5,10.25],"texture":"#4","tintindex":0},"west":{"uv":[8.5,0,13,0.5],"texture":"#4","tintindex":0},"up":{"uv":[4,4.5,0,0],"texture":"#4","tintindex":0},"down":{"uv":[8.25,0,4.25,4.5],"texture":"#4","tintindex":0}}},{"from":[1.5,1.4,-1],"to":[14.5,12.4,2],"rotation":{"angle":22.5,"axis":"x","origin":[8.5,1.4,0.5]},"faces":{"north":{"uv":[0,4.75,3.25,7.5],"texture":"#4","tintindex":0},"east":{"uv":[2.5,8.75,3.25,11.5],"texture":"#4","tintindex":0},"west":{"uv":[7.5,9,8.25,11.75],"texture":"#4","tintindex":0},"up":{"uv":[10.75,8,7.5,7.25],"texture":"#4","tintindex":0},"down":{"uv":[3.25,7.75,0,8.5],"texture":"#4","tintindex":0}}},{"from":[0.5,1.4,0],"to":[15.5,5.4,9],"rotation":{"angle":22.5,"axis":"x","origin":[7.5,1.4,0.5]},"faces":{"north":{"uv":[7.5,4.75,11.25,5.75],"texture":"#4","tintindex":0},"east":{"uv":[8.5,0.75,10.75,1.75],"texture":"#4","tintindex":0},"south":{"uv":[7.5,6,11.25,7],"texture":"#4","tintindex":0},"west":{"uv":[8.5,2,10.75,3],"texture":"#4","tintindex":0},"up":{"uv":[7.25,7,3.5,4.75],"texture":"#4","tintindex":0},"down":{"uv":[7.25,7.25,3.5,9.5],"texture":"#4","tintindex":0}}},{"name":"cube inverted","from":[2,0,16],"to":[14,2,1],"rotation":{"angle":0,"axis":"y","origin":[7,0,6]},"faces":{"north":{"uv":[8.5,10.5,11.5,11],"texture":"#4","tintindex":0},"east":{"uv":[3.5,9.75,7.25,10.25],"texture":"#4","tintindex":0},"south":{"uv":[11,0.75,14,1.25],"texture":"#4","tintindex":0},"west":{"uv":[3.5,10.5,7.25,11],"texture":"#4","tintindex":0}}},{"name":"cube inverted","from":[14.5,5.4,9],"to":[1.5,1.4,0],"rotation":{"angle":22.5,"axis":"x","origin":[7.5,1.4,0.5]},"faces":{"east":{"uv":[8.5,3.25,10.75,4.25],"texture":"#4","tintindex":0},"west":{"uv":[0,8.75,2.25,9.75],"texture":"#4","tintindex":0}}},{"name":"cube inverted","from":[4.25,3.5,1],"to":[-1.75,-2.5,-4],"rotation":{"angle":22.5,"axis":"y","origin":[0.5,0.5,-1.5]},"faces":{"north":{"uv":[3,5.5,5.5,3],"texture":"#2","tintindex":0},"east":{"uv":[0,13.5,2,11],"texture":"#2","tintindex":0},"south":{"uv":[3,2.5,5.5,0],"texture":"#2","tintindex":0},"west":{"uv":[10.5,8,12.5,5.5],"texture":"#2","tintindex":0},"up":{"uv":[12,0,14.5,2],"texture":"#2","tintindex":0},"down":{"uv":[2.5,13,5,11],"texture":"#2","tintindex":0}}},{"from":[12.25,-2,-3.5],"to":[17.25,3,0.5],"rotation":{"angle":-22.5,"axis":"y","origin":[15.5,0.5,-1.5]},"faces":{"north":{"uv":[2.5,0,0,2.5],"texture":"#2","tintindex":0},"east":{"uv":[9,10,7,12.5],"texture":"#2","tintindex":0},"south":{"uv":[2.5,3,0,5.5],"texture":"#2","tintindex":0},"west":{"uv":[11.5,0,9.5,2.5],"texture":"#2","tintindex":0},"up":{"uv":[9.5,12,12,10],"texture":"#2","tintindex":0},"down":{"uv":[10.5,3,13,5],"texture":"#2","tintindex":0}}},{"from":[11.75,-2.5,-4],"to":[17.75,3.5,1],"rotation":{"angle":-22.5,"axis":"y","origin":[15.5,0.5,-1.5]},"faces":{"north":{"uv":[5.5,0,3,2.5],"texture":"#2","tintindex":0},"east":{"uv":[2,11,0,13.5],"texture":"#2","tintindex":0},"south":{"uv":[5.5,3,3,5.5],"texture":"#2","tintindex":0},"west":{"uv":[12.5,5.5,10.5,8],"texture":"#2","tintindex":0},"up":{"uv":[2.5,13,5,11],"texture":"#2","tintindex":0},"down":{"uv":[12,0,14.5,2],"texture":"#2","tintindex":0}}},{"name":"cube inverted","from":[17.75,3.5,1],"to":[11.75,-2.5,-4],"rotation":{"angle":-22.5,"axis":"y","origin":[15.5,0.5,-1.5]},"faces":{"north":{"uv":[5.5,5.5,3,3],"texture":"#2","tintindex":0},"east":{"uv":[12.5,8,10.5,5.5],"texture":"#2","tintindex":0},"south":{"uv":[5.5,2.5,3,0],"texture":"#2","tintindex":0},"west":{"uv":[2,13.5,0,11],"texture":"#2","tintindex":0},"up":{"uv":[14.5,0,12,2],"texture":"#2","tintindex":0},"down":{"uv":[5,13,2.5,11],"texture":"#2","tintindex":0}}},{"name":"cube inverted","from":[11.5,3.5,1.5],"to":[4.5,-1.5,-3.5],"rotation":{"angle":0,"axis":"y","origin":[7,0,6]},"faces":{"north":{"uv":[7,9.5,10,7.5],"texture":"#2","tintindex":0},"east":{"uv":[5.5,15,7.5,13],"texture":"#2","tintindex":0},"south":{"uv":[7,7,10,5],"texture":"#2","tintindex":0},"west":{"uv":[12.5,13,14.5,11],"texture":"#2","tintindex":0},"up":{"uv":[3.5,8.5,6.5,10.5],"texture":"#2","tintindex":0},"down":{"uv":[0,10.5,3,8.5],"texture":"#2","tintindex":0}}},{"name":"cube inverted","from":[14.5,12.4,2],"to":[1.5,1.4,-1],"rotation":{"angle":22.5,"axis":"x","origin":[8.5,1.4,0.5]},"faces":{"east":{"uv":[7.5,11.75,8.25,9],"texture":"#4","tintindex":0},"south":{"uv":[0,7.5,3.25,4.75],"texture":"#4","tintindex":0},"west":{"uv":[2.5,11.5,3.25,8.75],"texture":"#4","tintindex":0},"up":{"uv":[0,7.75,3.25,8.5],"texture":"#4","tintindex":0},"down":{"uv":[7.5,8,10.75,7.25],"texture":"#4","tintindex":0}}}],"gui_light":"front","display":{"thirdperson_righthand":{"rotation":[48.25,88,0],"translation":[0,3.25,1],"scale":[0.3,0.3,0.3]},"thirdperson_lefthand":{"rotation":[48.25,88,0],"translation":[0,3.25,1],"scale":[0.3,0.3,0.3]},"firstperson_righthand":{"rotation":[126.07,83.21,-122.88],"translation":[1.25,3.5,1.5],"scale":[0.2,0.2,0.2]},"firstperson_lefthand":{"rotation":[126.07,83.21,-122.88],"translation":[1.25,3.5,1.5],"scale":[0.2,0.2,0.2]},"ground":{"translation":[0,5,0],"scale":[0.7,0.7,0.7]},"gui":{"rotation":[33,128,0],"translation":[1,3.25,0],"scale":[0.55,0.55,0.55]},"head":{"rotation":[-22.5,0,0],"translation":[0,2.25,-2.75]},"fixed":{"rotation":[-90,0,0],"translation":[0,0,-14.25],"scale":[1.5,1.5,1.5]}},"mcmodels":"e888d2498f4d7b528bcf7598e6ce8db7"}