{"credit":"Made with Blockbench","textures":{"0":"ero_sci_fi_cosmetic:texture","1":"ero_sci_fi_cosmetic:gas_powered_sword_aniamtion","particle":"ero_sci_fi_cosmetic:texture"},"elements":[{"from":[6.5,-12.75,7],"to":[9.5,-7.5,7.75],"rotation":{"angle":0,"axis":"y","origin":[8.25,-12.5,7.75]},"faces":{"north":{"uv":[2,2.75,3.5,5.375],"texture":"#0","tintindex":0},"east":{"uv":[6.375,2.25,6.75,4.875],"texture":"#0","tintindex":0},"south":{"uv":[2,0,3.5,2.625],"texture":"#0","tintindex":0},"west":{"uv":[2.75,5.5,3.125,8.125],"texture":"#0","tintindex":0},"up":{"uv":[6.375,5,7.875,5.375],"texture":"#0","tintindex":0},"down":{"uv":[5.25,6.875,6.75,6.5],"texture":"#0","tintindex":0}}},{"from":[6.25,-11.5,5],"to":[7,-7.5,7],"rotation":{"angle":0,"axis":"y","origin":[8,-12.5,7]},"faces":{"north":{"uv":[1.625,6.5,2,8.5],"texture":"#0","tintindex":0},"east":{"uv":[3.625,4.5,4.625,6.5],"texture":"#0","tintindex":0},"south":{"uv":[1.125,6.5,1.5,8.5],"texture":"#0","tintindex":0},"west":{"uv":[0,4.5,1,6.5],"texture":"#0","tintindex":0},"up":{"uv":[6.875,2.75,7.25,3.75],"texture":"#0","tintindex":0},"down":{"uv":[6.875,4.875,7.25,3.875],"texture":"#0","tintindex":0}}},{"from":[7.5,-9.5,7.75],"to":[8.5,-7.75,9],"rotation":{"angle":0,"axis":"y","origin":[8.25,-12.5,7.75]},"faces":{"north":{"uv":[3.875,6.625,4.375,7.5],"texture":"#0","tintindex":0},"east":{"uv":[0,6.625,0.625,7.5],"texture":"#0","tintindex":0},"south":{"uv":[3.25,6.625,3.75,7.5],"texture":"#0","tintindex":0},"west":{"uv":[1.125,4.5,1.75,5.375],"texture":"#0","tintindex":0},"up":{"uv":[7.375,0,7.875,0.625],"texture":"#0","tintindex":0},"down":{"uv":[7.375,1.375,7.875,0.75],"texture":"#0","tintindex":0}}},{"from":[5.375,-12.625,7.625],"to":[10.625,-10.375,9.875],"rotation":{"angle":0,"axis":"y","origin":[8.25,-12.5,8.5]},"faces":{"north":{"uv":[3.625,1.125,6.125,2.125],"texture":"#0","tintindex":0},"east":{"uv":[6.25,1.125,7.25,2.125],"texture":"#0","tintindex":0},"south":{"uv":[3.625,0,6.125,1],"texture":"#0","tintindex":0},"west":{"uv":[6.25,0,7.25,1],"texture":"#0","tintindex":0},"up":{"uv":[3.625,2.25,6.125,3.25],"texture":"#0","tintindex":0},"down":{"uv":[3.625,4.375,6.125,3.375],"texture":"#0","tintindex":0}}},{"from":[6.5,-12.75,7.75],"to":[9.5,-12.5,9.5],"rotation":{"angle":0,"axis":"y","origin":[8.25,-12.5,8.5]},"faces":{"east":{"uv":[7.375,4,8.25,4.125],"texture":"#0","tintindex":0},"south":{"uv":[7.375,3.5,8.875,3.625],"texture":"#0","tintindex":0},"west":{"uv":[7.375,3.75,8.25,3.875],"texture":"#0","tintindex":0},"up":{"uv":[4.75,4.5,6.25,5.375],"texture":"#0","tintindex":0},"down":{"uv":[1.125,6.375,2.625,5.5],"texture":"#0","tintindex":0}}},{"name":"cube inverted","from":[7,-7.75,7],"to":[6.25,-11.25,5.25],"rotation":{"angle":0,"axis":"y","origin":[8,-12.5,7]},"faces":{"north":{"uv":[4.75,6.5,5.125,8.25],"texture":"#0","tintindex":0},"south":{"uv":[2.125,6.5,2.5,8.25],"texture":"#0","tintindex":0},"up":{"uv":[5.875,7,6.25,7.875],"texture":"#0","tintindex":0},"down":{"uv":[6.375,7.875,6.75,7],"texture":"#0","tintindex":0}}},{"from":[9,-11.5,5],"to":[9.75,-7.5,7],"rotation":{"angle":0,"axis":"y","origin":[8,-12.5,7]},"faces":{"north":{"uv":[2,6.5,1.625,8.5],"texture":"#0","tintindex":0},"east":{"uv":[1,4.5,0,6.5],"texture":"#0","tintindex":0},"south":{"uv":[1.5,6.5,1.125,8.5],"texture":"#0","tintindex":0},"west":{"uv":[4.625,4.5,3.625,6.5],"texture":"#0","tintindex":0},"up":{"uv":[7.25,2.75,6.875,3.75],"texture":"#0","tintindex":0},"down":{"uv":[7.25,4.875,6.875,3.875],"texture":"#0","tintindex":0}}},{"name":"cube inverted","from":[9.75,-7.75,7],"to":[9,-11.25,5.25],"rotation":{"angle":0,"axis":"y","origin":[8,-12.5,7]},"faces":{"north":{"uv":[5.125,6.5,4.75,8.25],"texture":"#0","tintindex":0},"south":{"uv":[2.5,6.5,2.125,8.25],"texture":"#0","tintindex":0},"up":{"uv":[6.25,7,5.875,7.875],"texture":"#0","tintindex":0},"down":{"uv":[6.75,7.875,6.375,7],"texture":"#0","tintindex":0}}},{"from":[5.5,-12.5,7.75],"to":[10.5,-10.5,9.75],"rotation":{"angle":0,"axis":"y","origin":[8.25,-12.5,8.5]},"faces":{"north":{"uv":[0,2.25,5,4.25],"texture":"#1","tintindex":0},"east":{"uv":[7.25,4.25,5.25,6.25],"texture":"#1","tintindex":0},"south":{"uv":[0,0,5,2],"texture":"#1","tintindex":0},"west":{"uv":[5.25,4.25,7.25,6.25],"texture":"#1","tintindex":0},"up":{"uv":[0,6.5,5,4.5],"texture":"#1","tintindex":0},"down":{"uv":[5.25,2,10.25,0],"texture":"#1","tintindex":0}}},{"name":"cube inverted","from":[10.625,-10.375,9.875],"to":[5.375,-12.625,7.625],"rotation":{"angle":0,"axis":"y","origin":[8.25,-12.5,8.5]},"faces":{"north":{"uv":[3.625,1,6.125,0],"texture":"#0","tintindex":0},"east":{"uv":[6.25,1,7.25,0],"texture":"#0","tintindex":0},"south":{"uv":[3.625,2.125,6.125,1.125],"texture":"#0","tintindex":0},"west":{"uv":[6.25,2.125,7.25,1.125],"texture":"#0","tintindex":0},"up":{"uv":[6.125,4.375,3.625,3.375],"texture":"#0","tintindex":0},"down":{"uv":[6.125,2.25,3.625,3.25],"texture":"#0","tintindex":0}}},{"from":[10,-7.75,8.375],"to":[12.25,-7.25,8.875],"rotation":{"angle":22.5,"axis":"z","origin":[10.75,-7.75,9.375]},"faces":{"north":{"uv":[7.375,1.875,8.5,2.125],"texture":"#0","tintindex":0},"east":{"uv":[7.375,4.25,7.625,4.5],"texture":"#0","tintindex":0},"south":{"uv":[7.375,1.5,8.5,1.75],"texture":"#0","tintindex":0},"up":{"uv":[7.375,2.75,8.5,3],"texture":"#0","tintindex":0},"down":{"uv":[7.375,3.375,8.5,3.125],"texture":"#0","tintindex":0}}},{"from":[9.45,-15.25,8.625],"to":[13.2,-6.5,8.625],"rotation":{"angle":0,"axis":"y","origin":[10,-12.5,10.25]},"faces":{"north":{"uv":[1.875,0,0,4.375],"texture":"#0","tintindex":0},"east":{"uv":[1,6.625,1,11],"texture":"#0","tintindex":0},"south":{"uv":[0,0,1.875,4.375],"texture":"#0","tintindex":0},"west":{"uv":[2.625,6.5,2.625,10.875],"texture":"#0","tintindex":0},"up":{"uv":[7.5,6.5,9.375,6.5],"texture":"#0","tintindex":0},"down":{"uv":[7.5,6.625,9.375,6.625],"texture":"#0","tintindex":0}}},{"from":[9.75,-8.25,8.125],"to":[10,-6.75,9.125],"rotation":{"angle":22.5,"axis":"z","origin":[10.75,-7.75,9.375]},"faces":{"north":{"uv":[0.75,6.625,0.875,7.375],"texture":"#0","tintindex":0},"east":{"uv":[5.25,7,5.75,7.75],"texture":"#0","tintindex":0},"south":{"uv":[3.25,5.5,3.375,6.25],"texture":"#0","tintindex":0},"west":{"uv":[6.875,6.5,7.375,7.25],"texture":"#0","tintindex":0},"up":{"uv":[4.5,6.625,4.625,7.125],"texture":"#0","tintindex":0},"down":{"uv":[4.5,7.75,4.625,7.25],"texture":"#0","tintindex":0}}},{"name":"cube inverted","from":[9.75,-7.0625,8.8125],"to":[2.625,-7.9375,8.4375],"rotation":{"angle":22.5,"axis":"z","origin":[10.75,-7.75,9.375]},"faces":{"north":{"uv":[4.75,6,8.25,6.375],"texture":"#0","tintindex":0},"east":{"uv":[6.875,7.375,7,7.8125],"texture":"#0","tintindex":0},"south":{"uv":[4.75,5.5,8.25,5.875],"texture":"#0","tintindex":0},"up":{"uv":[6.875,2.25,10.375,2.375],"texture":"#0","tintindex":0},"down":{"uv":[6.875,2.625,10.375,2.5],"texture":"#0","tintindex":0}}},{"from":[2.86548,-7.76466,8.5625],"to":[9.74049,-7.13966,8.6875],"rotation":{"angle":22.5,"axis":"z","origin":[10.86549,-7.70216,9.375]},"faces":{"north":{"uv":[12.25,2.25,5.25,3],"texture":"#1","tintindex":0},"south":{"uv":[5.25,2.25,12.25,3],"texture":"#1","tintindex":0},"west":{"uv":[5.25,2.25,5.5,3],"texture":"#1","tintindex":0},"up":{"uv":[5.25,2.25,12.25,2.5],"texture":"#1","tintindex":0},"down":{"uv":[5.25,3,12.25,2.75],"texture":"#1","tintindex":0}}},{"from":[3.75,-7.75,7.875],"to":[6,-7.25,8.375],"rotation":{"angle":-22.5,"axis":"z","origin":[5.25,-7.75,8.875]},"faces":{"north":{"uv":[8.5,1.875,7.375,2.125],"texture":"#0","tintindex":0},"south":{"uv":[8.5,1.5,7.375,1.75],"texture":"#0","tintindex":0},"west":{"uv":[7.625,4.25,7.375,4.5],"texture":"#0","tintindex":0},"up":{"uv":[8.5,2.75,7.375,3],"texture":"#0","tintindex":0},"down":{"uv":[8.5,3.375,7.375,3.125],"texture":"#0","tintindex":0}}},{"from":[2.8,-15.25,8.125],"to":[6.55,-6.5,8.125],"rotation":{"angle":0,"axis":"y","origin":[6,-12.5,9.75]},"faces":{"north":{"uv":[0,0,1.875,4.375],"texture":"#0","tintindex":0},"east":{"uv":[2.625,6.5,2.625,10.875],"texture":"#0","tintindex":0},"south":{"uv":[1.875,0,0,4.375],"texture":"#0","tintindex":0},"west":{"uv":[1,6.625,1,11],"texture":"#0","tintindex":0},"up":{"uv":[9.375,6.5,7.5,6.5],"texture":"#0","tintindex":0},"down":{"uv":[9.375,6.625,7.5,6.625],"texture":"#0","tintindex":0}}},{"from":[6,-8.25,7.625],"to":[6.25,-6.75,8.625],"rotation":{"angle":-22.5,"axis":"z","origin":[5.25,-7.75,8.875]},"faces":{"north":{"uv":[0.875,6.625,0.75,7.375],"texture":"#0","tintindex":0},"east":{"uv":[7.375,6.5,6.875,7.25],"texture":"#0","tintindex":0},"south":{"uv":[3.375,5.5,3.25,6.25],"texture":"#0","tintindex":0},"west":{"uv":[5.75,7,5.25,7.75],"texture":"#0","tintindex":0},"up":{"uv":[4.625,6.625,4.5,7.125],"texture":"#0","tintindex":0},"down":{"uv":[4.625,7.75,4.5,7.25],"texture":"#0","tintindex":0}}},{"name":"cube inverted","from":[13.375,-7.0625,8.3125],"to":[6.25,-7.9375,7.9375],"rotation":{"angle":-22.5,"axis":"z","origin":[5.25,-7.75,8.875]},"faces":{"north":{"uv":[8.25,6,4.75,6.375],"texture":"#0","tintindex":0},"south":{"uv":[8.25,5.5,4.75,5.875],"texture":"#0","tintindex":0},"west":{"uv":[7,7.375,6.875,7.8125],"texture":"#0","tintindex":0},"up":{"uv":[10.375,2.25,6.875,2.375],"texture":"#0","tintindex":0},"down":{"uv":[10.375,2.625,6.875,2.5],"texture":"#0","tintindex":0}}},{"from":[6.25952,-7.76466,8.0625],"to":[13.13452,-7.13966,8.1875],"rotation":{"angle":-22.5,"axis":"z","origin":[5.13452,-7.70216,8.875]},"faces":{"north":{"uv":[5.25,2.25,12.25,3],"texture":"#1","tintindex":0},"east":{"uv":[5.5,2.25,5.25,3],"texture":"#1","tintindex":0},"south":{"uv":[12.25,2.25,5.25,3],"texture":"#1","tintindex":0},"up":{"uv":[12.25,2.25,5.25,2.5],"texture":"#1","tintindex":0},"down":{"uv":[12.25,3,5.25,2.75],"texture":"#1","tintindex":0}}}],"gui_light":"front","display":{"thirdperson_righthand":{"rotation":[48.25,-90,0],"translation":[-1,3.5,1],"scale":[0.4,0.4,0.4]},"thirdperson_lefthand":{"rotation":[66.75,0,0],"translation":[-5.5,-8.75,7.25],"scale":[0.65,0.65,0.65]},"firstperson_righthand":{"rotation":[2,-129,-12],"translation":[1.5,4,0.25],"scale":[0.3,0.3,0.3]},"firstperson_lefthand":{"scale":[0,0,0]},"ground":{"rotation":[-45,0,0],"translation":[0,8.5,0]},"gui":{"rotation":[23,-52,0],"translation":[-0.25,26.75,0],"scale":[1.61,1.61,1.61]},"head":{"translation":[0,-36.5,8],"scale":[4,4,4]},"fixed":{"rotation":[-90,180,0],"translation":[0,-3.75,-18],"scale":[2,2,2]}},"mcmodels":"e888d2498f4d7b528bcf7598e6ce8db7"}