{"credit":"Made with Blockbench","texture_size":[64,64],"textures":{"1":"ero_sci_fi_cosmetic:hazmat_helm_1","2":"ero_sci_fi_cosmetic:hazmat_helm_2","particle":"ero_sci_fi_cosmetic:hazmat_helm_2"},"elements":[{"from":[4.75,26.75,4.75],"to":[11.25,29.25,11.25],"rotation":{"angle":0,"axis":"y","origin":[7,0,7]},"faces":{"north":{"uv":[1.5,9.25,2.25,9.5],"texture":"#1","tintindex":0},"east":{"uv":[2.375,9.25,3.125,9.5],"texture":"#1","tintindex":0},"south":{"uv":[9.25,2.375,10,2.625],"texture":"#1","tintindex":0},"west":{"uv":[9.25,2.75,10,3],"texture":"#1","tintindex":0},"up":{"uv":[3.125,7.375,2.375,6.625],"texture":"#1","tintindex":0},"down":{"uv":[4,6.625,3.25,7.375],"texture":"#1","tintindex":0}}},{"from":[-1,1,-3],"to":[6,3,-1],"rotation":{"angle":0,"axis":"y","origin":[1,-1,7]},"faces":{"north":{"uv":[9,2,9.875,2.25],"texture":"#1","tintindex":0},"east":{"uv":[4.125,6.625,4.375,6.875],"texture":"#1","tintindex":0},"south":{"uv":[5.875,9.125,6.75,9.375],"texture":"#1","tintindex":0},"west":{"uv":[4.125,7,4.375,7.25],"texture":"#1","tintindex":0},"up":{"uv":[7.75,9.375,6.875,9.125],"texture":"#1","tintindex":0},"down":{"uv":[9.75,9.125,8.875,9.375],"texture":"#1","tintindex":0}}},{"from":[-3,1,-3],"to":[-1,3,11],"rotation":{"angle":0,"axis":"y","origin":[1,-1,9]},"faces":{"north":{"uv":[4.125,7.375,4.375,7.625],"texture":"#1","tintindex":0},"east":{"uv":[7.125,2,8.875,2.25],"texture":"#1","tintindex":0},"south":{"uv":[9.25,4.25,9.5,4.5],"texture":"#1","tintindex":0},"west":{"uv":[8.5,8.25,10.25,8.5],"texture":"#1","tintindex":0},"up":{"uv":[3.75,10.125,3.5,8.375],"texture":"#1","tintindex":0},"down":{"uv":[0.25,8.5,0,10.25],"texture":"#1","tintindex":0}}},{"from":[-3,3,9],"to":[-1,14,11],"rotation":{"angle":0,"axis":"y","origin":[1,1,9]},"faces":{"north":{"uv":[0.375,8.5,0.625,9.875],"texture":"#1","tintindex":0},"east":{"uv":[0.75,8.5,1,9.875],"texture":"#1","tintindex":0},"south":{"uv":[1.125,8.5,1.375,9.875],"texture":"#1","tintindex":0},"west":{"uv":[8.5,8.625,8.75,10],"texture":"#1","tintindex":0},"up":{"uv":[9.5,4.875,9.25,4.625],"texture":"#1","tintindex":0},"down":{"uv":[9.5,5,9.25,5.25],"texture":"#1","tintindex":0}}},{"from":[-4,14,7],"to":[0,20,13],"rotation":{"angle":0,"axis":"y","origin":[1,6,9]},"faces":{"north":{"uv":[3.875,8.875,4.375,9.625],"texture":"#1","tintindex":0},"east":{"uv":[2.375,7.5,3.125,8.25],"texture":"#1","tintindex":0},"south":{"uv":[4.375,8.875,4.875,9.625],"texture":"#1","tintindex":0},"west":{"uv":[3.25,7.5,4,8.25],"texture":"#1","tintindex":0},"up":{"uv":[5.375,9.625,4.875,8.875],"texture":"#1","tintindex":0},"down":{"uv":[5.875,8.875,5.375,9.625],"texture":"#1","tintindex":0}}},{"from":[5,-1.5,-4],"to":[11,3.5,2],"rotation":{"angle":0,"axis":"y","origin":[7,-0.5,7]},"faces":{"north":{"uv":[5.875,8.375,6.625,9],"texture":"#1","tintindex":0},"east":{"uv":[6.75,8.375,7.5,9],"texture":"#1","tintindex":0},"south":{"uv":[8.375,7.5,9.125,8.125],"texture":"#1","tintindex":0},"west":{"uv":[7.625,8.375,8.375,9],"texture":"#1","tintindex":0},"up":{"uv":[7.375,8.25,6.625,7.5],"texture":"#1","tintindex":0},"down":{"uv":[8.25,7.5,7.5,8.25],"texture":"#1","tintindex":0}}},{"from":[10,-1.5,-3.5],"to":[13,0.5,-1.5],"rotation":{"angle":-22.5,"axis":"z","origin":[12,-0.5,-2.5]},"faces":{"north":{"uv":[5.875,8,6.25,8.25],"texture":"#1","tintindex":0},"east":{"uv":[9.25,5.375,9.5,5.625],"texture":"#1","tintindex":0},"south":{"uv":[9.25,3.125,9.625,3.375],"texture":"#1","tintindex":0},"west":{"uv":[9.25,7.5,9.5,7.75],"texture":"#1","tintindex":0},"up":{"uv":[9.625,3.75,9.25,3.5],"texture":"#1","tintindex":0},"down":{"uv":[9.625,3.875,9.25,4.125],"texture":"#1","tintindex":0}}},{"from":[12,-2,-4],"to":[18,1,-1],"rotation":{"angle":-22.5,"axis":"z","origin":[12,-0.5,-2.5]},"faces":{"north":{"uv":[8.875,8.625,9.625,9],"texture":"#1","tintindex":0},"east":{"uv":[1.75,7.625,2.125,8],"texture":"#1","tintindex":0},"south":{"uv":[9,6,9.75,6.375],"texture":"#1","tintindex":0},"west":{"uv":[7.875,9.125,8.25,9.5],"texture":"#1","tintindex":0},"up":{"uv":[9.75,6.875,9,6.5],"texture":"#1","tintindex":0},"down":{"uv":[9.75,7,9,7.375],"texture":"#1","tintindex":0}}},{"from":[3,-1.5,-3.5],"to":[6,0.5,-1.5],"rotation":{"angle":22.5,"axis":"z","origin":[4,-0.5,-2.5]},"faces":{"north":{"uv":[6.25,8,5.875,8.25],"texture":"#1","tintindex":0},"east":{"uv":[9.5,7.5,9.25,7.75],"texture":"#1","tintindex":0},"south":{"uv":[9.625,3.125,9.25,3.375],"texture":"#1","tintindex":0},"west":{"uv":[9.5,5.375,9.25,5.625],"texture":"#1","tintindex":0},"up":{"uv":[9.25,3.75,9.625,3.5],"texture":"#1","tintindex":0},"down":{"uv":[9.25,3.875,9.625,4.125],"texture":"#1","tintindex":0}}},{"from":[-2,-2,-4],"to":[4,1,-1],"rotation":{"angle":22.5,"axis":"z","origin":[4,-0.5,-2.5]},"faces":{"north":{"uv":[9.625,8.625,8.875,9],"texture":"#1","tintindex":0},"east":{"uv":[8.25,9.125,7.875,9.5],"texture":"#1","tintindex":0},"south":{"uv":[9.75,6,9,6.375],"texture":"#1","tintindex":0},"west":{"uv":[2.125,7.625,1.75,8],"texture":"#1","tintindex":0},"up":{"uv":[9,6.875,9.75,6.5],"texture":"#1","tintindex":0},"down":{"uv":[9,7,9.75,7.375],"texture":"#1","tintindex":0}}},{"from":[-1,0,-1],"to":[17,3,17],"rotation":{"angle":0,"axis":"y","origin":[7,0,7]},"faces":{"north":{"uv":[6.875,5,9.125,5.375],"texture":"#1","tintindex":0},"east":{"uv":[6.875,5.5,9.125,5.875],"texture":"#1","tintindex":0},"south":{"uv":[6.625,7,8.875,7.375],"texture":"#1","tintindex":0},"west":{"uv":[0,7.125,2.25,7.5],"texture":"#1","tintindex":0},"up":{"uv":[2.25,2.25,0,0],"texture":"#1","tintindex":0},"down":{"uv":[2.25,2.375,0,4.625],"texture":"#1","tintindex":0}}},{"from":[-1,11,-1],"to":[17,14,17],"rotation":{"angle":0,"axis":"y","origin":[7,6,7]},"faces":{"north":{"uv":[7.125,0,9.375,0.375],"texture":"#1","tintindex":0},"east":{"uv":[7.125,0.5,9.375,0.875],"texture":"#1","tintindex":0},"south":{"uv":[7.125,1,9.375,1.375],"texture":"#1","tintindex":0},"west":{"uv":[7.125,1.5,9.375,1.875],"texture":"#1","tintindex":0},"up":{"uv":[4.625,2.25,2.375,0],"texture":"#1","tintindex":0},"down":{"uv":[4.625,2.375,2.375,4.625],"texture":"#1","tintindex":0}}},{"from":[-1,17,-1],"to":[17,23,17],"rotation":{"angle":0,"axis":"y","origin":[7,0,7]},"faces":{"north":{"uv":[6.625,6.125,8.875,6.875],"texture":"#1","tintindex":0},"east":{"uv":[6.875,2.375,9.125,3.125],"texture":"#1","tintindex":0},"south":{"uv":[6.875,3.25,9.125,4],"texture":"#1","tintindex":0},"west":{"uv":[6.875,4.125,9.125,4.875],"texture":"#1","tintindex":0},"up":{"uv":[2.25,7,0,4.75],"texture":"#1","tintindex":0},"down":{"uv":[7,0,4.75,2.25],"texture":"#1","tintindex":0}}},{"from":[5,23,5],"to":[11,29,11],"rotation":{"angle":0,"axis":"y","origin":[7,0,7]},"faces":{"north":{"uv":[0,7.625,0.75,8.375],"texture":"#1","tintindex":0},"east":{"uv":[0.875,7.625,1.625,8.375],"texture":"#1","tintindex":0},"south":{"uv":[4.125,8,4.875,8.75],"texture":"#1","tintindex":0},"west":{"uv":[5,8,5.75,8.75],"texture":"#1","tintindex":0},"up":{"uv":[2.5,9.125,1.75,8.375],"texture":"#1","tintindex":0},"down":{"uv":[3.375,8.375,2.625,9.125],"texture":"#1","tintindex":0}}},{"name":"cube inverted","from":[16,17,16],"to":[0,3,0],"rotation":{"angle":0,"axis":"y","origin":[7,0,7]},"faces":{"north":{"uv":[2.375,4.75,4.375,6.5],"texture":"#1","tintindex":0},"east":{"uv":[4.75,2.375,6.75,4.125],"texture":"#1","tintindex":0},"south":{"uv":[4.75,4.25,6.75,6],"texture":"#1","tintindex":0},"west":{"uv":[4.5,6.125,6.5,7.875],"texture":"#1","tintindex":0}}},{"name":"cube inverted","from":[16,17,16],"to":[0,3,0],"rotation":{"angle":0,"axis":"y","origin":[7,0,7]},"faces":{"north":{"uv":[2.375,4.75,4.375,6.5],"texture":"#1","tintindex":0},"east":{"uv":[4.75,2.375,6.75,4.125],"texture":"#1","tintindex":0},"south":{"uv":[4.75,4.25,6.75,6],"texture":"#1","tintindex":0},"west":{"uv":[4.5,6.125,6.5,7.875],"texture":"#1","tintindex":0}}},{"from":[0,3,0.1],"to":[16,17,0.1],"rotation":{"angle":0,"axis":"y","origin":[0,4,0.1]},"faces":{"north":{"uv":[0,0,4,3.5],"texture":"#2","tintindex":0},"south":{"uv":[4,0,0,3.5],"texture":"#2","tintindex":0}}},{"from":[0,3,15.95],"to":[16,17,15.95],"rotation":{"angle":0,"axis":"y","origin":[0,4,15.95]},"faces":{"north":{"uv":[12,0,16,3.5],"texture":"#2","tintindex":0},"south":{"uv":[16,0,12,3.5],"texture":"#2","tintindex":0}}},{"from":[0.025,3,0.1],"to":[0.025,17,16.1],"rotation":{"angle":0,"axis":"y","origin":[0.025,4,0.1]},"faces":{"east":{"uv":[4,0,8,3.5],"texture":"#2","tintindex":0},"west":{"uv":[8,0,4,3.5],"texture":"#2","tintindex":0}}},{"from":[15.975,3,0.1],"to":[15.975,17,16.1],"rotation":{"angle":0,"axis":"y","origin":[15.975,4,0.1]},"faces":{"east":{"uv":[8,0,12,3.5],"texture":"#2","tintindex":0},"west":{"uv":[12,0,8,3.5],"texture":"#2","tintindex":0}}}],"gui_light":"front","display":{"thirdperson_righthand":{"rotation":[48.25,88,0],"translation":[0,3.25,1],"scale":[0.3,0.3,0.3]},"thirdperson_lefthand":{"rotation":[48.25,88,0],"translation":[0,3.25,1],"scale":[0.3,0.3,0.3]},"firstperson_righthand":{"rotation":[126.07,83.21,-122.88],"translation":[1.25,3.5,1.5],"scale":[0.2,0.2,0.2]},"firstperson_lefthand":{"rotation":[126.07,83.21,-122.88],"translation":[1.25,3.5,1.5],"scale":[0.2,0.2,0.2]},"ground":{"translation":[0,3.25,0],"scale":[0.7,0.7,0.7]},"gui":{"rotation":[-156,52,-180],"translation":[0,-1,0],"scale":[0.4,0.4,0.4]},"head":{"translation":[0,-0.5,0]},"fixed":{"rotation":[-90,0,0],"translation":[0,0,-14.25],"scale":[1.5,1.5,1.5]}},"mcmodels":"e888d2498f4d7b528bcf7598e6ce8db7"}