{"credit":"Made with Blockbench","texture_size":[256,256],"textures":{"1":"ero_sci_fi_cosmetic:hoverbike_backpack_1"},"elements":[{"from":[7,-13,5],"to":[9,-5,11],"rotation":{"angle":0,"axis":"y","origin":[8,-7.625,8]},"faces":{"north":{"uv":[1.875,5.125,1.625,6.125],"texture":"#1","tintindex":0},"east":{"uv":[1.5625,3.5,0.8125,4.5],"texture":"#1","tintindex":0},"south":{"uv":[1.875,4.0625,1.625,5.0625],"texture":"#1","tintindex":0},"west":{"uv":[0.75,3.5,0,4.5],"texture":"#1","tintindex":0},"up":{"uv":[1.9375,4.3125,2.6875,4.0625],"rotation":270,"texture":"#1","tintindex":0},"down":{"uv":[1.9375,4.375,2.6875,4.625],"rotation":90,"texture":"#1","tintindex":0}}},{"from":[7,-12,4],"to":[9,-6,5],"rotation":{"angle":0,"axis":"y","origin":[8,-7.625,8]},"faces":{"north":{"uv":[2.1875,4.6875,1.9375,5.4375],"texture":"#1","tintindex":0},"east":{"uv":[0.125,5.9375,0,6.6875],"texture":"#1","tintindex":0},"south":{"uv":[1.375,5.375,1.125,6.125],"texture":"#1","tintindex":0},"west":{"uv":[1.5625,5.375,1.4375,6.125],"texture":"#1","tintindex":0},"up":{"uv":[2.5625,5.4375,2.6875,5.1875],"rotation":270,"texture":"#1","tintindex":0},"down":{"uv":[0.5625,6.1875,0.6875,6.4375],"rotation":90,"texture":"#1","tintindex":0}}},{"from":[7,-12,11],"to":[9,-6,12],"rotation":{"angle":0,"axis":"y","origin":[8,-7.625,8]},"faces":{"north":{"uv":[2.5,4.6875,2.25,5.4375],"texture":"#1","tintindex":0},"east":{"uv":[0.5,5.9375,0.375,6.6875],"texture":"#1","tintindex":0},"south":{"uv":[2.1875,5.5,1.9375,6.25],"texture":"#1","tintindex":0},"west":{"uv":[0.3125,5.9375,0.1875,6.6875],"texture":"#1","tintindex":0},"up":{"uv":[0.75,6.4375,0.875,6.1875],"rotation":270,"texture":"#1","tintindex":0},"down":{"uv":[0.9375,6.1875,1.0625,6.4375],"rotation":90,"texture":"#1","tintindex":0}}},{"from":[6.5,-6.25,6],"to":[7,-5.75,10],"rotation":{"angle":0,"axis":"y","origin":[6.75,-6,8]},"faces":{"north":{"uv":[1.875,6.1875,1.8125,6.25],"texture":"#1","tintindex":0},"east":{"uv":[3.25,4,2.75,4.0625],"texture":"#1","tintindex":0},"south":{"uv":[1.75,6.1875,1.6875,6.25],"texture":"#1","tintindex":0},"west":{"uv":[1.625,6.1875,1.125,6.25],"texture":"#1","tintindex":0},"up":{"uv":[2.75,4.1875,3.25,4.125],"rotation":270,"texture":"#1","tintindex":0},"down":{"uv":[2.75,4.25,3.25,4.3125],"rotation":90,"texture":"#1","tintindex":0}}},{"from":[0.5,-6.25,5],"to":[6.5,-4.75,11],"rotation":{"angle":0,"axis":"y","origin":[6.75,-6,8]},"faces":{"north":{"uv":[3,5.75,2.25,5.9375],"texture":"#1","tintindex":0},"east":{"uv":[3,5.5,2.25,5.6875],"texture":"#1","tintindex":0},"south":{"uv":[2.9375,3.75,2.1875,3.9375],"texture":"#1","tintindex":0},"west":{"uv":[2.9375,3.5,2.1875,3.6875],"texture":"#1","tintindex":0},"up":{"uv":[0,5.3125,0.75,4.5625],"rotation":270,"texture":"#1","tintindex":0},"down":{"uv":[0.8125,4.5625,1.5625,5.3125],"rotation":90,"texture":"#1","tintindex":0}}},{"from":[1.5,-5.5,6],"to":[5.5,-5.5,10],"rotation":{"angle":0,"axis":"y","origin":[6.75,-6,8]},"faces":{"north":{"uv":[3.25,4.5,2.75,4.5],"texture":"#1","tintindex":0},"east":{"uv":[3.25,4.4375,2.75,4.4375],"texture":"#1","tintindex":0},"south":{"uv":[3.25,4.375,2.75,4.375],"texture":"#1","tintindex":0},"west":{"uv":[2.6875,4,2.1875,4],"texture":"#1","tintindex":0},"up":{"uv":[1.625,4,2.125,3.5],"rotation":270,"texture":"#1","tintindex":0},"down":{"uv":[1.625,3.5,2.125,4],"rotation":90,"texture":"#1","tintindex":0}}},{"name":"cube inverted","from":[5.5,-4.75,10],"to":[1.5,-6.25,6],"rotation":{"angle":0,"axis":"y","origin":[6.75,-6,8]},"faces":{"north":{"uv":[3.0625,4.9375,2.5625,5.125],"texture":"#1","tintindex":0},"east":{"uv":[3.0625,4.6875,2.5625,4.875],"texture":"#1","tintindex":0},"south":{"uv":[2.75,6,2.25,6.1875],"texture":"#1","tintindex":0},"west":{"uv":[1.0625,5.9375,0.5625,6.125],"texture":"#1","tintindex":0},"up":{"uv":[0,5.875,0.5,5.375],"rotation":270,"texture":"#1","tintindex":0},"down":{"uv":[0.5625,5.375,1.0625,5.875],"rotation":90,"texture":"#1","tintindex":0}}},{"from":[9,-6.25,6],"to":[9.5,-5.75,10],"rotation":{"angle":0,"axis":"y","origin":[9.25,-6,8]},"faces":{"north":{"uv":[1.875,6.25,1.8125,6.1875],"rotation":180,"texture":"#1","tintindex":0},"east":{"uv":[1.625,6.25,1.125,6.1875],"rotation":180,"texture":"#1","tintindex":0},"south":{"uv":[1.75,6.25,1.6875,6.1875],"rotation":180,"texture":"#1","tintindex":0},"west":{"uv":[3.25,4.0625,2.75,4],"rotation":180,"texture":"#1","tintindex":0},"up":{"uv":[3.25,4.1875,2.75,4.125],"rotation":90,"texture":"#1","tintindex":0},"down":{"uv":[3.25,4.25,2.75,4.3125],"rotation":270,"texture":"#1","tintindex":0}}},{"from":[9.5,-6.25,5],"to":[15.5,-4.75,11],"rotation":{"angle":0,"axis":"y","origin":[9.25,-6,8]},"faces":{"north":{"uv":[3,5.9375,2.25,5.75],"rotation":180,"texture":"#1","tintindex":0},"east":{"uv":[2.9375,3.6875,2.1875,3.5],"rotation":180,"texture":"#1","tintindex":0},"south":{"uv":[2.9375,3.9375,2.1875,3.75],"rotation":180,"texture":"#1","tintindex":0},"west":{"uv":[3,5.6875,2.25,5.5],"rotation":180,"texture":"#1","tintindex":0},"up":{"uv":[0.75,5.3125,0,4.5625],"rotation":90,"texture":"#1","tintindex":0},"down":{"uv":[1.5625,4.5625,0.8125,5.3125],"rotation":270,"texture":"#1","tintindex":0}}},{"from":[10.5,-5.5,6],"to":[14.5,-5.5,10],"rotation":{"angle":0,"axis":"y","origin":[9.25,-6,8]},"faces":{"north":{"uv":[3.25,4.5,2.75,4.5],"rotation":180,"texture":"#1","tintindex":0},"east":{"uv":[2.6875,4,2.1875,4],"rotation":180,"texture":"#1","tintindex":0},"south":{"uv":[3.25,4.375,2.75,4.375],"rotation":180,"texture":"#1","tintindex":0},"west":{"uv":[3.25,4.4375,2.75,4.4375],"rotation":180,"texture":"#1","tintindex":0},"up":{"uv":[2.125,4,1.625,3.5],"rotation":90,"texture":"#1","tintindex":0},"down":{"uv":[2.125,3.5,1.625,4],"rotation":270,"texture":"#1","tintindex":0}}},{"name":"cube inverted","from":[14.5,-4.75,10],"to":[10.5,-6.25,6],"rotation":{"angle":0,"axis":"y","origin":[9.25,-6,8]},"faces":{"north":{"uv":[3.0625,5.125,2.5625,4.9375],"rotation":180,"texture":"#1","tintindex":0},"east":{"uv":[1.0625,6.125,0.5625,5.9375],"rotation":180,"texture":"#1","tintindex":0},"south":{"uv":[2.75,6.1875,2.25,6],"rotation":180,"texture":"#1","tintindex":0},"west":{"uv":[3.0625,4.875,2.5625,4.6875],"rotation":180,"texture":"#1","tintindex":0},"up":{"uv":[0.5,5.875,0,5.375],"rotation":90,"texture":"#1","tintindex":0},"down":{"uv":[1.0625,5.375,0.5625,5.875],"rotation":270,"texture":"#1","tintindex":0}}}],"gui_light":"front","display":{"thirdperson_righthand":{"rotation":[53,0,0],"translation":[0,3.25,1.25],"scale":[0.4,0.4,0.4]},"thirdperson_lefthand":{"rotation":[68,0,0],"translation":[-5.3,-14.25,7],"scale":[0.7,0.7,0.7]},"firstperson_righthand":{"rotation":[12,8,4],"translation":[0,3.25,1.25],"scale":[0.3,0.3,0.3]},"firstperson_lefthand":{"scale":[0,0,0]},"ground":{"translation":[0,3.25,0]},"gui":{"rotation":[30,-30,0],"translation":[0,13.5,0]},"head":{"rotation":[0,-180,0],"translation":[0,-76.75,14.5],"scale":[2,2,2]},"fixed":{"rotation":[-90,0,0],"translation":[0,0,-12.5],"scale":[2,2,2]}},"mcmodels":"e888d2498f4d7b528bcf7598e6ce8db7"}