{"credit":"Made with Blockbench","texture_size":[64,64],"textures":{"1":"ero_sci_fi_cosmetic:joy_stick_backpack_1","3":"ero_sci_fi_cosmetic:joy_stick_backpack_2","particle":"ero_sci_fi_cosmetic:joy_stick_backpack_2"},"elements":[{"from":[-9,1.5,3],"to":[2,13.5,12],"rotation":{"angle":-22.5,"axis":"z","origin":[8,8,8]},"faces":{"north":{"uv":[0,0,2.75,3],"texture":"#3"},"east":{"uv":[2.75,6.5,5,9.5],"texture":"#3"},"south":{"uv":[3,0,5.75,3],"texture":"#3"},"west":{"uv":[8.75,6,11,9],"texture":"#3"},"up":{"uv":[12,5.5,9.25,3.25],"texture":"#3"},"down":{"uv":[10.5,9.25,7.75,11.5],"texture":"#3"}}},{"from":[-5,9.5,12],"to":[-2,12.5,13],"rotation":{"angle":-22.5,"axis":"z","origin":[8,8,9]},"faces":{"north":{"uv":[6.75,13.5,7.5,14.25],"texture":"#3"},"east":{"uv":[14.25,14.25,14.5,15],"texture":"#3"},"south":{"uv":[13.75,10.25,14.5,11],"texture":"#3"},"west":{"uv":[14.5,2.25,14.75,3],"texture":"#3"},"up":{"uv":[15.25,3.5,14.5,3.25],"texture":"#3"},"down":{"uv":[15.25,5.75,14.5,6],"texture":"#3"}}},{"from":[-5,3.5,12],"to":[-2,6.5,13],"rotation":{"angle":-22.5,"axis":"z","origin":[8,8,9]},"faces":{"north":{"uv":[7.5,14.25,6.75,13.5],"texture":"#3"},"east":{"uv":[14.75,3,14.5,2.25],"texture":"#3"},"south":{"uv":[14.5,11,13.75,10.25],"texture":"#3"},"west":{"uv":[14.5,15,14.25,14.25],"texture":"#3"},"up":{"uv":[14.5,6,15.25,5.75],"texture":"#3"},"down":{"uv":[14.5,3.25,15.25,3.5],"texture":"#3"}}},{"from":[-8.27266,11.12922,12],"to":[-5.27266,14.12922,13],"rotation":{"angle":-22.5,"axis":"z","origin":[-3.77266,9.62922,12.5]},"faces":{"north":{"uv":[7.5,14.25,6.75,13.5],"rotation":270,"texture":"#3"},"east":{"uv":[14.5,6,15.25,5.75],"rotation":90,"texture":"#3"},"south":{"uv":[14.5,11,13.75,10.25],"rotation":90,"texture":"#3"},"west":{"uv":[14.5,3.25,15.25,3.5],"rotation":90,"texture":"#3"},"up":{"uv":[14.5,15,14.25,14.25],"rotation":90,"texture":"#3"},"down":{"uv":[14.75,3,14.5,2.25],"rotation":90,"texture":"#3"}}},{"from":[-1.72734,1.87078,12],"to":[1.27266,4.87078,13],"rotation":{"angle":-22.5,"axis":"z","origin":[19.77266,6.37078,12.5]},"faces":{"north":{"uv":[6.75,13.5,7.5,14.25],"rotation":270,"texture":"#3"},"east":{"uv":[15.25,3.5,14.5,3.25],"rotation":90,"texture":"#3"},"south":{"uv":[13.75,10.25,14.5,11],"rotation":90,"texture":"#3"},"west":{"uv":[15.25,5.75,14.5,6],"rotation":90,"texture":"#3"},"up":{"uv":[14.5,2.25,14.75,3],"rotation":90,"texture":"#3"},"down":{"uv":[14.25,14.25,14.5,15],"rotation":90,"texture":"#3"}}},{"from":[3.27266,-0.12922,11],"to":[6.27266,1.87078,12],"rotation":{"angle":-22.5,"axis":"z","origin":[19.77266,6.37078,12.5]},"faces":{"north":{"uv":[15.5,0,16,0.75],"rotation":270,"texture":"#3"},"east":{"uv":[15.5,0.75,16,1],"rotation":90,"texture":"#3"},"south":{"uv":[15,0.75,15.5,1.5],"rotation":90,"texture":"#3"},"west":{"uv":[15.5,1,16,1.25],"rotation":90,"texture":"#3"},"up":{"uv":[15,0,15.25,0.75],"rotation":90,"texture":"#3"},"down":{"uv":[15.25,0,15.5,0.75],"rotation":90,"texture":"#3"}}},{"from":[10.27266,-0.12922,11],"to":[13.27266,1.87078,12],"rotation":{"angle":-22.5,"axis":"z","origin":[19.77266,6.37078,12.5]},"faces":{"north":{"uv":[15.5,0,16,0.75],"rotation":270,"texture":"#3"},"east":{"uv":[15.5,0.75,16,1],"rotation":90,"texture":"#3"},"south":{"uv":[15,0.75,15.5,1.5],"rotation":90,"texture":"#3"},"west":{"uv":[15.5,1,16,1.25],"rotation":90,"texture":"#3"},"up":{"uv":[15,0,15.25,0.75],"rotation":90,"texture":"#3"},"down":{"uv":[15.25,0,15.5,0.75],"rotation":90,"texture":"#3"}}},{"from":[18,9.5,12],"to":[21,12.5,13],"rotation":{"angle":-22.5,"axis":"z","origin":[8,8,9]},"faces":{"north":{"uv":[11,13.75,11.75,14.5],"texture":"#3"},"east":{"uv":[14.5,6.25,14.75,7],"texture":"#3"},"south":{"uv":[0,14,0.75,14.75],"texture":"#3"},"west":{"uv":[6.75,14.5,7,15.25],"texture":"#3"},"up":{"uv":[15.25,7.5,14.5,7.25],"texture":"#3"},"down":{"uv":[2.75,14.75,2,15],"texture":"#3"}}},{"from":[18,3.5,12],"to":[21,6.5,13],"rotation":{"angle":-22.5,"axis":"z","origin":[8,8,9]},"faces":{"north":{"uv":[1,14,1.75,14.75],"texture":"#3"},"east":{"uv":[7.25,14.5,7.5,15.25],"texture":"#3"},"south":{"uv":[4,14,4.75,14.75],"texture":"#3"},"west":{"uv":[3,14.75,3.25,15.5],"texture":"#3"},"up":{"uv":[5.75,15,5,14.75],"texture":"#3"},"down":{"uv":[15.5,10.25,14.75,10.5],"texture":"#3"}}},{"from":[15,6.5,12],"to":[18,9.5,13],"rotation":{"angle":-22.5,"axis":"z","origin":[8,8,9]},"faces":{"north":{"uv":[14,4,14.75,4.75],"texture":"#3"},"east":{"uv":[3.5,14.75,3.75,15.5],"texture":"#3"},"south":{"uv":[12,14,12.75,14.75],"texture":"#3"},"west":{"uv":[6,14.75,6.25,15.5],"texture":"#3"},"up":{"uv":[15.5,11,14.75,10.75],"texture":"#3"},"down":{"uv":[11.75,14.75,11,15],"texture":"#3"}}},{"from":[21,6.5,12],"to":[24,9.5,13],"rotation":{"angle":-22.5,"axis":"z","origin":[8,8,9]},"faces":{"north":{"uv":[6.75,12.5,7.5,13.25],"texture":"#3"},"east":{"uv":[11.75,2.25,12,3],"texture":"#3"},"south":{"uv":[4,13,4.75,13.75],"texture":"#3"},"west":{"uv":[14.25,12.25,14.5,13],"texture":"#3"},"up":{"uv":[15,13.5,14.25,13.25],"texture":"#3"},"down":{"uv":[15,13.75,14.25,14],"texture":"#3"}}},{"from":[14,1.5,3],"to":[25,13.5,12],"rotation":{"angle":-22.5,"axis":"z","origin":[8,8,8]},"faces":{"north":{"uv":[0,3.25,2.75,6.25],"texture":"#3"},"east":{"uv":[9.25,0,11.5,3],"texture":"#3"},"south":{"uv":[3,3.25,5.75,6.25],"texture":"#3"},"west":{"uv":[5.25,9.25,7.5,12.25],"texture":"#3"},"up":{"uv":[2.75,12,0,9.75],"texture":"#3"},"down":{"uv":[13.5,9.25,10.75,11.5],"texture":"#3"}}},{"from":[16,13.5,8],"to":[23,14.5,11],"rotation":{"angle":-22.5,"axis":"z","origin":[8,8,8]},"faces":{"north":{"uv":[13.75,11.25,15.5,11.5],"texture":"#3"},"east":{"uv":[14.75,12.25,15.5,12.5],"texture":"#3"},"south":{"uv":[14.25,11.75,16,12],"texture":"#3"},"west":{"uv":[14.75,12.75,15.5,13],"texture":"#3"},"up":{"uv":[13,8.75,11.25,8],"texture":"#3"},"down":{"uv":[15,8,13.25,8.75],"texture":"#3"}}},{"from":[16,13.5,4],"to":[23,14.5,7],"rotation":{"angle":-22.5,"axis":"z","origin":[8,8,8]},"faces":{"north":{"uv":[13.75,11.25,15.5,11.5],"texture":"#3"},"east":{"uv":[14.75,12.25,15.5,12.5],"texture":"#3"},"south":{"uv":[14.25,11.75,16,12],"texture":"#3"},"west":{"uv":[14.75,12.75,15.5,13],"texture":"#3"},"up":{"uv":[13,8.75,11.25,8],"texture":"#3"},"down":{"uv":[15,8,13.25,8.75],"texture":"#3"}}},{"from":[-7,13.5,4],"to":[0,14.5,7],"rotation":{"angle":-22.5,"axis":"z","origin":[8,8,8]},"faces":{"north":{"uv":[13.75,11.25,15.5,11.5],"texture":"#3"},"east":{"uv":[14.75,12.25,15.5,12.5],"texture":"#3"},"south":{"uv":[14.25,11.75,16,12],"texture":"#3"},"west":{"uv":[14.75,12.75,15.5,13],"texture":"#3"},"up":{"uv":[13,8.75,11.25,8],"texture":"#3"},"down":{"uv":[15,8,13.25,8.75],"texture":"#3"}}},{"from":[-7,13.5,8],"to":[0,14.5,11],"rotation":{"angle":-22.5,"axis":"z","origin":[8,8,8]},"faces":{"north":{"uv":[13.75,11.25,15.5,11.5],"texture":"#3"},"east":{"uv":[14.75,12.25,15.5,12.5],"texture":"#3"},"south":{"uv":[14.25,11.75,16,12],"texture":"#3"},"west":{"uv":[14.75,12.75,15.5,13],"texture":"#3"},"up":{"uv":[13,8.75,11.25,8],"texture":"#3"},"down":{"uv":[15,8,13.25,8.75],"texture":"#3"}}},{"from":[11.05583,-12.30132,4],"to":[21.05583,-0.30132,11],"rotation":{"angle":0,"axis":"y","origin":[24.05583,5.69868,7.5]},"faces":{"north":{"uv":[6,6,8.5,9],"texture":"#3"},"east":{"uv":[3,9.75,4.75,12.75],"texture":"#3"},"south":{"uv":[0,6.5,2.5,9.5],"texture":"#3"},"west":{"uv":[7.75,11.75,9.5,14.75],"texture":"#3"},"down":{"uv":[12.25,11.75,9.75,13.5],"texture":"#3"}}},{"from":[-12.80889,-2.41622,4],"to":[-2.80889,9.58378,11],"rotation":{"angle":-45,"axis":"z","origin":[-7.80889,3.58378,7.5]},"faces":{"north":{"uv":[8.5,6,6,9],"texture":"#3"},"east":{"uv":[9.5,11.75,7.75,14.75],"texture":"#3"},"south":{"uv":[2.5,6.5,0,9.5],"texture":"#3"},"west":{"uv":[4.75,9.75,3,12.75],"texture":"#3"},"down":{"uv":[9.75,11.75,12.25,13.5],"texture":"#3"}}},{"from":[2,1.5,3],"to":[14,12.5,11],"rotation":{"angle":-22.5,"axis":"z","origin":[8,8,8]},"faces":{"north":{"uv":[6,0,9,2.75],"texture":"#3"},"south":{"uv":[6,3,9,5.75],"texture":"#3"},"up":{"uv":[14.25,7.75,11.25,5.75],"texture":"#3"},"down":{"uv":[14.75,0,11.75,2],"texture":"#3"}}},{"from":[11,-3.5,5],"to":[17,2.5,13],"rotation":{"angle":-22.5,"axis":"z","origin":[8,8,8]},"faces":{"north":{"uv":[12.25,4,13.75,5.5],"texture":"#3"},"east":{"uv":[0,12.25,2,13.75],"texture":"#3"},"south":{"uv":[2.25,13,3.75,14.5],"texture":"#3"},"west":{"uv":[12.25,2.25,14.25,3.75],"texture":"#3"},"up":{"uv":[6.5,14.5,5,12.5],"texture":"#3"},"down":{"uv":[14,11.75,12.5,13.75],"texture":"#3"}}},{"from":[12,-2.5,14],"to":[16,1.5,16],"rotation":{"angle":-22.5,"axis":"z","origin":[8,8,8]},"faces":{"north":{"uv":[13.75,9,14.75,10],"texture":"#3"},"east":{"uv":[5.25,6.5,5.75,7.5],"texture":"#3"},"south":{"uv":[9.75,13.75,10.75,14.75],"texture":"#3"},"west":{"uv":[5.25,7.75,5.75,8.75],"texture":"#3"},"up":{"uv":[15,5.5,14,5],"texture":"#3"},"down":{"uv":[14,14,13,14.5],"texture":"#3"}}},{"from":[13,-1.5,13],"to":[15,0.5,14],"rotation":{"angle":-22.5,"axis":"z","origin":[8,8,8]},"faces":{"east":{"uv":[2.25,12.25,2.5,12.75],"texture":"#3"},"west":{"uv":[13,14.75,13.25,15.25],"texture":"#3"},"up":{"uv":[14,15,13.5,14.75],"texture":"#3"},"down":{"uv":[15.25,14.25,14.75,14.5],"texture":"#3"}}},{"from":[0,-2.5,14],"to":[4,1.5,16],"rotation":{"angle":-22.5,"axis":"z","origin":[8,8,8]},"faces":{"north":{"uv":[13.75,9,14.75,10],"texture":"#3"},"east":{"uv":[5.25,6.5,5.75,7.5],"texture":"#3"},"south":{"uv":[9.75,13.75,10.75,14.75],"texture":"#3"},"west":{"uv":[5.25,7.75,5.75,8.75],"texture":"#3"},"up":{"uv":[15,5.5,14,5],"texture":"#3"},"down":{"uv":[14,14,13,14.5],"texture":"#3"}}},{"from":[1,-1.5,13],"to":[3,0.5,14],"rotation":{"angle":-22.5,"axis":"z","origin":[8,8,8]},"faces":{"east":{"uv":[2.25,12.25,2.5,12.75],"texture":"#3"},"west":{"uv":[13,14.75,13.25,15.25],"texture":"#3"},"up":{"uv":[14,15,13.5,14.75],"texture":"#3"},"down":{"uv":[15.25,14.25,14.75,14.5],"texture":"#3"}}},{"from":[-1,-3.5,5],"to":[5,2.5,13],"rotation":{"angle":-22.5,"axis":"z","origin":[8,8,8]},"faces":{"north":{"uv":[12.25,4,13.75,5.5],"texture":"#3"},"east":{"uv":[0,12.25,2,13.75],"texture":"#3"},"south":{"uv":[2.25,13,3.75,14.5],"texture":"#3"},"west":{"uv":[12.25,2.25,14.25,3.75],"texture":"#3"},"up":{"uv":[6.5,14.5,5,12.5],"texture":"#3"},"down":{"uv":[14,11.75,12.5,13.75],"texture":"#3"}}},{"from":[21,-9,18],"to":[32,2,18],"rotation":{"angle":0,"axis":"y","origin":[26.5,-3.5,18]},"faces":{"north":{"uv":[0,0,1.375,1.375],"texture":"#1"},"east":{"uv":[0,0,0,1.375],"texture":"#1"},"south":{"uv":[0,0,1.375,1.375],"texture":"#1"},"west":{"uv":[0,0,0,1.375],"texture":"#1"},"up":{"uv":[1.375,0,0,0],"texture":"#1"},"down":{"uv":[1.375,0,0,0],"texture":"#1"}}},{"from":[18,7,15],"to":[29,18,15],"rotation":{"angle":0,"axis":"y","origin":[23.5,10.5,15]},"faces":{"north":{"uv":[0,1.375,1.375,2.75],"texture":"#1"},"east":{"uv":[0,0,0,1.375],"texture":"#1"},"south":{"uv":[0,1.375,1.375,2.75],"texture":"#1"},"west":{"uv":[0,0,0,1.375],"texture":"#1"},"up":{"uv":[1.375,0,0,0],"texture":"#1"},"down":{"uv":[1.375,0,0,0],"texture":"#1"}}},{"from":[-10,15,14],"to":[1,26,14],"rotation":{"angle":0,"axis":"y","origin":[-4.5,20.5,14]},"faces":{"north":{"uv":[1.375,0,2.75,1.375],"texture":"#1"},"east":{"uv":[0,0,0,1.375],"texture":"#1"},"south":{"uv":[1.375,0,2.75,1.375],"texture":"#1"},"west":{"uv":[0,0,0,1.375],"texture":"#1"},"up":{"uv":[1.375,0,0,0],"texture":"#1"},"down":{"uv":[1.375,0,0,0],"texture":"#1"}}},{"from":[-16,4,18],"to":[-5,15,18],"rotation":{"angle":0,"axis":"y","origin":[-10.5,9.5,18]},"faces":{"north":{"uv":[1.375,1.375,2.75,2.75],"texture":"#1"},"east":{"uv":[0,0,0,1.375],"texture":"#1"},"south":{"uv":[1.375,1.375,2.75,2.75],"texture":"#1"},"west":{"uv":[0,0,0,1.375],"texture":"#1"},"up":{"uv":[1.375,0,0,0],"texture":"#1"},"down":{"uv":[1.375,0,0,0],"texture":"#1"}}},{"from":[21,-8.525,18],"to":[32,2.475,18],"rotation":{"angle":0,"axis":"y","origin":[26.5,-3.025,18]},"faces":{"north":{"uv":[2.875,0,4.25,1.375],"texture":"#1"},"east":{"uv":[0,0,0,1.375],"texture":"#1"},"south":{"uv":[2.875,0,4.25,1.375],"texture":"#1"},"west":{"uv":[0,0,0,1.375],"texture":"#1"},"up":{"uv":[1.375,0,0,0],"texture":"#1"},"down":{"uv":[1.375,0,0,0],"texture":"#1"}}},{"from":[18,7.475,15],"to":[29,18.475,15],"rotation":{"angle":0,"axis":"y","origin":[23.5,10.975,15]},"faces":{"north":{"uv":[2.875,1.375,4.25,2.75],"texture":"#1"},"east":{"uv":[0,0,0,1.375],"texture":"#1"},"south":{"uv":[2.875,1.375,4.25,2.75],"texture":"#1"},"west":{"uv":[0,0,0,1.375],"texture":"#1"},"up":{"uv":[1.375,0,0,0],"texture":"#1"},"down":{"uv":[1.375,0,0,0],"texture":"#1"}}},{"from":[-10,15.475,14],"to":[1,26.475,14],"rotation":{"angle":0,"axis":"y","origin":[-4.5,20.975,14]},"faces":{"north":{"uv":[4.25,0,5.625,1.375],"texture":"#1"},"east":{"uv":[0,0,0,1.375],"texture":"#1"},"south":{"uv":[4.25,0,5.625,1.375],"texture":"#1"},"west":{"uv":[0,0,0,1.375],"texture":"#1"},"up":{"uv":[1.375,0,0,0],"texture":"#1"},"down":{"uv":[1.375,0,0,0],"texture":"#1"}}},{"from":[-16,4.475,18],"to":[-5,15.475,18],"rotation":{"angle":0,"axis":"y","origin":[-10.5,9.975,18]},"faces":{"north":{"uv":[4.25,1.375,5.625,2.75],"texture":"#1"},"east":{"uv":[0,0,0,1.375],"texture":"#1"},"south":{"uv":[4.25,1.375,5.625,2.75],"texture":"#1"},"west":{"uv":[0,0,0,1.375],"texture":"#1"},"up":{"uv":[1.375,0,0,0],"texture":"#1"},"down":{"uv":[1.375,0,0,0],"texture":"#1"}}},{"from":[21,-8.05,18],"to":[32,2.95,18],"rotation":{"angle":0,"axis":"y","origin":[26.5,-2.55,18]},"faces":{"north":{"uv":[5.75,0,7.125,1.375],"texture":"#1"},"east":{"uv":[0,0,0,1.375],"texture":"#1"},"south":{"uv":[5.75,0,7.125,1.375],"texture":"#1"},"west":{"uv":[0,0,0,1.375],"texture":"#1"},"up":{"uv":[1.375,0,0,0],"texture":"#1"},"down":{"uv":[1.375,0,0,0],"texture":"#1"}}},{"from":[18,7.85,15],"to":[29,18.85,15],"rotation":{"angle":0,"axis":"y","origin":[23.5,11.35,15]},"faces":{"north":{"uv":[5.75,1.375,7.125,2.75],"texture":"#1"},"east":{"uv":[0,0,0,1.375],"texture":"#1"},"south":{"uv":[5.75,1.375,7.125,2.75],"texture":"#1"},"west":{"uv":[0,0,0,1.375],"texture":"#1"},"up":{"uv":[1.375,0,0,0],"texture":"#1"},"down":{"uv":[1.375,0,0,0],"texture":"#1"}}},{"from":[-10,15.95,14],"to":[1,26.95,14],"rotation":{"angle":0,"axis":"y","origin":[-4.5,21.45,14]},"faces":{"north":{"uv":[7.125,0,8.5,1.375],"texture":"#1"},"east":{"uv":[0,0,0,1.375],"texture":"#1"},"south":{"uv":[7.125,0,8.5,1.375],"texture":"#1"},"west":{"uv":[0,0,0,1.375],"texture":"#1"},"up":{"uv":[1.375,0,0,0],"texture":"#1"},"down":{"uv":[1.375,0,0,0],"texture":"#1"}}},{"from":[-16,4.85,18],"to":[-5,15.85,18],"rotation":{"angle":0,"axis":"y","origin":[-10.5,10.35,18]},"faces":{"north":{"uv":[7.125,1.375,8.5,2.75],"texture":"#1"},"east":{"uv":[0,0,0,1.375],"texture":"#1"},"south":{"uv":[7.125,1.375,8.5,2.75],"texture":"#1"},"west":{"uv":[0,0,0,1.375],"texture":"#1"},"up":{"uv":[1.375,0,0,0],"texture":"#1"},"down":{"uv":[1.375,0,0,0],"texture":"#1"}}},{"from":[21,-7.025,18],"to":[32,3.975,18],"rotation":{"angle":0,"axis":"y","origin":[26.5,-1.525,18]},"faces":{"north":{"uv":[8.625,0,10,1.375],"texture":"#1"},"east":{"uv":[0,0,0,1.375],"texture":"#1"},"south":{"uv":[8.625,0,10,1.375],"texture":"#1"},"west":{"uv":[0,0,0,1.375],"texture":"#1"},"up":{"uv":[1.375,0,0,0],"texture":"#1"},"down":{"uv":[1.375,0,0,0],"texture":"#1"}}},{"from":[18,8.175,15],"to":[29,19.175,15],"rotation":{"angle":0,"axis":"y","origin":[23.5,11.675,15]},"faces":{"north":{"uv":[8.625,1.375,10,2.75],"texture":"#1"},"east":{"uv":[0,0,0,1.375],"texture":"#1"},"south":{"uv":[8.625,1.375,10,2.75],"texture":"#1"},"west":{"uv":[0,0,0,1.375],"texture":"#1"},"up":{"uv":[1.375,0,0,0],"texture":"#1"},"down":{"uv":[1.375,0,0,0],"texture":"#1"}}},{"from":[-10,16.975,14],"to":[1,27.975,14],"rotation":{"angle":0,"axis":"y","origin":[-4.5,22.475,14]},"faces":{"north":{"uv":[10,0,11.375,1.375],"texture":"#1"},"east":{"uv":[0,0,0,1.375],"texture":"#1"},"south":{"uv":[10,0,11.375,1.375],"texture":"#1"},"west":{"uv":[0,0,0,1.375],"texture":"#1"},"up":{"uv":[1.375,0,0,0],"texture":"#1"},"down":{"uv":[1.375,0,0,0],"texture":"#1"}}},{"from":[-16,5.175,18],"to":[-5,16.175,18],"rotation":{"angle":0,"axis":"y","origin":[-10.5,10.675,18]},"faces":{"north":{"uv":[10,1.375,11.375,2.75],"texture":"#1"},"east":{"uv":[0,0,0,1.375],"texture":"#1"},"south":{"uv":[10,1.375,11.375,2.75],"texture":"#1"},"west":{"uv":[0,0,0,1.375],"texture":"#1"},"up":{"uv":[1.375,0,0,0],"texture":"#1"},"down":{"uv":[1.375,0,0,0],"texture":"#1"}}},{"from":[21,-5.975,18],"to":[32,5.025,18],"rotation":{"angle":0,"axis":"y","origin":[26.5,-0.475,18]},"faces":{"north":{"uv":[11.5,0,12.875,1.375],"texture":"#1"},"east":{"uv":[0,0,0,1.375],"texture":"#1"},"south":{"uv":[11.5,0,12.875,1.375],"texture":"#1"},"west":{"uv":[0,0,0,1.375],"texture":"#1"},"up":{"uv":[1.375,0,0,0],"texture":"#1"},"down":{"uv":[1.375,0,0,0],"texture":"#1"}}},{"from":[18,8.525,15],"to":[29,19.525,15],"rotation":{"angle":0,"axis":"y","origin":[23.5,12.025,15]},"faces":{"north":{"uv":[11.5,1.375,12.875,2.75],"texture":"#1"},"east":{"uv":[0,0,0,1.375],"texture":"#1"},"south":{"uv":[11.5,1.375,12.875,2.75],"texture":"#1"},"west":{"uv":[0,0,0,1.375],"texture":"#1"},"up":{"uv":[1.375,0,0,0],"texture":"#1"},"down":{"uv":[1.375,0,0,0],"texture":"#1"}}},{"from":[-10,18.025,14],"to":[1,29.025,14],"rotation":{"angle":0,"axis":"y","origin":[-4.5,23.525,14]},"faces":{"north":{"uv":[12.875,0,14.25,1.375],"texture":"#1"},"east":{"uv":[0,0,0,1.375],"texture":"#1"},"south":{"uv":[12.875,0,14.25,1.375],"texture":"#1"},"west":{"uv":[0,0,0,1.375],"texture":"#1"},"up":{"uv":[1.375,0,0,0],"texture":"#1"},"down":{"uv":[1.375,0,0,0],"texture":"#1"}}},{"from":[-16,5.525,18],"to":[-5,16.525,18],"rotation":{"angle":0,"axis":"y","origin":[-10.5,11.025,18]},"faces":{"north":{"uv":[12.875,1.375,14.25,2.75],"texture":"#1"},"east":{"uv":[0,0,0,1.375],"texture":"#1"},"south":{"uv":[12.875,1.375,14.25,2.75],"texture":"#1"},"west":{"uv":[0,0,0,1.375],"texture":"#1"},"up":{"uv":[1.375,0,0,0],"texture":"#1"},"down":{"uv":[1.375,0,0,0],"texture":"#1"}}},{"from":[21,-4.975,18],"to":[32,6.025,18],"rotation":{"angle":0,"axis":"y","origin":[26.5,0.525,18]},"faces":{"north":{"uv":[0,2.875,1.375,4.25],"texture":"#1"},"east":{"uv":[0,0,0,1.375],"texture":"#1"},"south":{"uv":[0,2.875,1.375,4.25],"texture":"#1"},"west":{"uv":[0,0,0,1.375],"texture":"#1"},"up":{"uv":[1.375,0,0,0],"texture":"#1"},"down":{"uv":[1.375,0,0,0],"texture":"#1"}}},{"from":[18,8.825,15],"to":[29,19.825,15],"rotation":{"angle":0,"axis":"y","origin":[23.5,12.325,15]},"faces":{"north":{"uv":[0,4.25,1.375,5.625],"texture":"#1"},"east":{"uv":[0,0,0,1.375],"texture":"#1"},"south":{"uv":[0,4.25,1.375,5.625],"texture":"#1"},"west":{"uv":[0,0,0,1.375],"texture":"#1"},"up":{"uv":[1.375,0,0,0],"texture":"#1"},"down":{"uv":[1.375,0,0,0],"texture":"#1"}}},{"from":[-10,19.025,14],"to":[1,30.025,14],"rotation":{"angle":0,"axis":"y","origin":[-4.5,24.525,14]},"faces":{"north":{"uv":[1.375,2.875,2.75,4.25],"texture":"#1"},"east":{"uv":[0,0,0,1.375],"texture":"#1"},"south":{"uv":[1.375,2.875,2.75,4.25],"texture":"#1"},"west":{"uv":[0,0,0,1.375],"texture":"#1"},"up":{"uv":[1.375,0,0,0],"texture":"#1"},"down":{"uv":[1.375,0,0,0],"texture":"#1"}}},{"from":[-16,5.825,18],"to":[-5,16.825,18],"rotation":{"angle":0,"axis":"y","origin":[-10.5,11.325,18]},"faces":{"north":{"uv":[1.375,4.25,2.75,5.625],"texture":"#1"},"east":{"uv":[0,0,0,1.375],"texture":"#1"},"south":{"uv":[1.375,4.25,2.75,5.625],"texture":"#1"},"west":{"uv":[0,0,0,1.375],"texture":"#1"},"up":{"uv":[1.375,0,0,0],"texture":"#1"},"down":{"uv":[1.375,0,0,0],"texture":"#1"}}}],"gui_light":"front","display":{"thirdperson_righthand":{"rotation":[-6,-43,6],"translation":[-0.75,2.75,-0.5],"scale":[0.2,0.2,0.2]},"thirdperson_lefthand":{"rotation":[66.75,0,0],"translation":[-6.75,-10.5,11],"scale":[0.5,0.5,0.5]},"firstperson_righthand":{"rotation":[-6,-43,6],"translation":[0.5,2.75,-0.5],"scale":[0.2,0.2,0.2]},"firstperson_lefthand":{"scale":[0,0,0]},"ground":{"rotation":[-45,-23,0],"translation":[0,8,0],"scale":[0.6,0.6,0.6]},"gui":{"translation":[0.25,1.5,0],"scale":[0.35,0.35,0.35]},"head":{"translation":[1.25,-11,13.25],"scale":[0.8,0.8,0.8]},"fixed":{"rotation":[-90,180,0],"translation":[-3.5,0,-30.25],"scale":[1.5,1.5,1.5]}},"mcmodels":"e888d2498f4d7b528bcf7598e6ce8db7"}