{"credit":"Made with Blockbench","texture_size":[64,64],"textures":{"1":"ero_sci_fi_cosmetic:joy_stick_backpack_1","3":"ero_sci_fi_cosmetic:joy_stick_backpack_2","particle":"ero_sci_fi_cosmetic:joy_stick_backpack_2"},"elements":[{"from":[-0.5,4.75,5.5],"to":[5,10.75,10],"rotation":{"angle":-22.5,"axis":"z","origin":[8,8,8]},"faces":{"north":{"uv":[0,0,2.75,3],"texture":"#3","tintindex":0},"east":{"uv":[2.75,6.5,5,9.5],"texture":"#3","tintindex":0},"south":{"uv":[3,0,5.75,3],"texture":"#3","tintindex":0},"west":{"uv":[8.75,6,11,9],"texture":"#3","tintindex":0},"up":{"uv":[12,5.5,9.25,3.25],"texture":"#3","tintindex":0},"down":{"uv":[10.5,9.25,7.75,11.5],"texture":"#3","tintindex":0}}},{"from":[1.5,8.75,10],"to":[3,10.25,10.5],"rotation":{"angle":-22.5,"axis":"z","origin":[8,8,8.5]},"faces":{"north":{"uv":[6.75,13.5,7.5,14.25],"texture":"#3","tintindex":0},"east":{"uv":[14.25,14.25,14.5,15],"texture":"#3","tintindex":0},"south":{"uv":[13.75,10.25,14.5,11],"texture":"#3","tintindex":0},"west":{"uv":[14.5,2.25,14.75,3],"texture":"#3","tintindex":0},"up":{"uv":[15.25,3.5,14.5,3.25],"texture":"#3","tintindex":0},"down":{"uv":[15.25,5.75,14.5,6],"texture":"#3","tintindex":0}}},{"from":[1.5,5.75,10],"to":[3,7.25,10.5],"rotation":{"angle":-22.5,"axis":"z","origin":[8,8,8.5]},"faces":{"north":{"uv":[7.5,14.25,6.75,13.5],"texture":"#3","tintindex":0},"east":{"uv":[14.75,3,14.5,2.25],"texture":"#3","tintindex":0},"south":{"uv":[14.5,11,13.75,10.25],"texture":"#3","tintindex":0},"west":{"uv":[14.5,15,14.25,14.25],"texture":"#3","tintindex":0},"up":{"uv":[14.5,6,15.25,5.75],"texture":"#3","tintindex":0},"down":{"uv":[14.5,3.25,15.25,3.5],"texture":"#3","tintindex":0}}},{"from":[-0.13633,9.56461,10],"to":[1.36367,11.06461,10.5],"rotation":{"angle":-22.5,"axis":"z","origin":[2.11367,8.81461,10.25]},"faces":{"north":{"uv":[7.5,14.25,6.75,13.5],"rotation":270,"texture":"#3","tintindex":0},"east":{"uv":[14.5,6,15.25,5.75],"rotation":90,"texture":"#3","tintindex":0},"south":{"uv":[14.5,11,13.75,10.25],"rotation":90,"texture":"#3","tintindex":0},"west":{"uv":[14.5,3.25,15.25,3.5],"rotation":90,"texture":"#3","tintindex":0},"up":{"uv":[14.5,15,14.25,14.25],"rotation":90,"texture":"#3","tintindex":0},"down":{"uv":[14.75,3,14.5,2.25],"rotation":90,"texture":"#3","tintindex":0}}},{"from":[3.13633,4.93539,10],"to":[4.63633,6.43539,10.5],"rotation":{"angle":-22.5,"axis":"z","origin":[13.88633,7.18539,10.25]},"faces":{"north":{"uv":[6.75,13.5,7.5,14.25],"rotation":270,"texture":"#3","tintindex":0},"east":{"uv":[15.25,3.5,14.5,3.25],"rotation":90,"texture":"#3","tintindex":0},"south":{"uv":[13.75,10.25,14.5,11],"rotation":90,"texture":"#3","tintindex":0},"west":{"uv":[15.25,5.75,14.5,6],"rotation":90,"texture":"#3","tintindex":0},"up":{"uv":[14.5,2.25,14.75,3],"rotation":90,"texture":"#3","tintindex":0},"down":{"uv":[14.25,14.25,14.5,15],"rotation":90,"texture":"#3","tintindex":0}}},{"from":[5.63633,3.93539,9.5],"to":[7.13633,4.93539,10],"rotation":{"angle":-22.5,"axis":"z","origin":[13.88633,7.18539,10.25]},"faces":{"north":{"uv":[15.5,0,16,0.75],"rotation":270,"texture":"#3","tintindex":0},"east":{"uv":[15.5,0.75,16,1],"rotation":90,"texture":"#3","tintindex":0},"south":{"uv":[15,0.75,15.5,1.5],"rotation":90,"texture":"#3","tintindex":0},"west":{"uv":[15.5,1,16,1.25],"rotation":90,"texture":"#3","tintindex":0},"up":{"uv":[15,0,15.25,0.75],"rotation":90,"texture":"#3","tintindex":0},"down":{"uv":[15.25,0,15.5,0.75],"rotation":90,"texture":"#3","tintindex":0}}},{"from":[9.13633,3.93539,9.5],"to":[10.63633,4.93539,10],"rotation":{"angle":-22.5,"axis":"z","origin":[13.88633,7.18539,10.25]},"faces":{"north":{"uv":[15.5,0,16,0.75],"rotation":270,"texture":"#3","tintindex":0},"east":{"uv":[15.5,0.75,16,1],"rotation":90,"texture":"#3","tintindex":0},"south":{"uv":[15,0.75,15.5,1.5],"rotation":90,"texture":"#3","tintindex":0},"west":{"uv":[15.5,1,16,1.25],"rotation":90,"texture":"#3","tintindex":0},"up":{"uv":[15,0,15.25,0.75],"rotation":90,"texture":"#3","tintindex":0},"down":{"uv":[15.25,0,15.5,0.75],"rotation":90,"texture":"#3","tintindex":0}}},{"from":[13,8.75,10],"to":[14.5,10.25,10.5],"rotation":{"angle":-22.5,"axis":"z","origin":[8,8,8.5]},"faces":{"north":{"uv":[11,13.75,11.75,14.5],"texture":"#3","tintindex":0},"east":{"uv":[14.5,6.25,14.75,7],"texture":"#3","tintindex":0},"south":{"uv":[0,14,0.75,14.75],"texture":"#3","tintindex":0},"west":{"uv":[6.75,14.5,7,15.25],"texture":"#3","tintindex":0},"up":{"uv":[15.25,7.5,14.5,7.25],"texture":"#3","tintindex":0},"down":{"uv":[2.75,14.75,2,15],"texture":"#3","tintindex":0}}},{"from":[13,5.75,10],"to":[14.5,7.25,10.5],"rotation":{"angle":-22.5,"axis":"z","origin":[8,8,8.5]},"faces":{"north":{"uv":[1,14,1.75,14.75],"texture":"#3","tintindex":0},"east":{"uv":[7.25,14.5,7.5,15.25],"texture":"#3","tintindex":0},"south":{"uv":[4,14,4.75,14.75],"texture":"#3","tintindex":0},"west":{"uv":[3,14.75,3.25,15.5],"texture":"#3","tintindex":0},"up":{"uv":[5.75,15,5,14.75],"texture":"#3","tintindex":0},"down":{"uv":[15.5,10.25,14.75,10.5],"texture":"#3","tintindex":0}}},{"from":[11.5,7.25,10],"to":[13,8.75,10.5],"rotation":{"angle":-22.5,"axis":"z","origin":[8,8,8.5]},"faces":{"north":{"uv":[14,4,14.75,4.75],"texture":"#3","tintindex":0},"east":{"uv":[3.5,14.75,3.75,15.5],"texture":"#3","tintindex":0},"south":{"uv":[12,14,12.75,14.75],"texture":"#3","tintindex":0},"west":{"uv":[6,14.75,6.25,15.5],"texture":"#3","tintindex":0},"up":{"uv":[15.5,11,14.75,10.75],"texture":"#3","tintindex":0},"down":{"uv":[11.75,14.75,11,15],"texture":"#3","tintindex":0}}},{"from":[14.5,7.25,10],"to":[16,8.75,10.5],"rotation":{"angle":-22.5,"axis":"z","origin":[8,8,8.5]},"faces":{"north":{"uv":[6.75,12.5,7.5,13.25],"texture":"#3","tintindex":0},"east":{"uv":[11.75,2.25,12,3],"texture":"#3","tintindex":0},"south":{"uv":[4,13,4.75,13.75],"texture":"#3","tintindex":0},"west":{"uv":[14.25,12.25,14.5,13],"texture":"#3","tintindex":0},"up":{"uv":[15,13.5,14.25,13.25],"texture":"#3","tintindex":0},"down":{"uv":[15,13.75,14.25,14],"texture":"#3","tintindex":0}}},{"from":[11,4.75,5.5],"to":[16.5,10.75,10],"rotation":{"angle":-22.5,"axis":"z","origin":[8,8,8]},"faces":{"north":{"uv":[0,3.25,2.75,6.25],"texture":"#3","tintindex":0},"east":{"uv":[9.25,0,11.5,3],"texture":"#3","tintindex":0},"south":{"uv":[3,3.25,5.75,6.25],"texture":"#3","tintindex":0},"west":{"uv":[5.25,9.25,7.5,12.25],"texture":"#3","tintindex":0},"up":{"uv":[2.75,12,0,9.75],"texture":"#3","tintindex":0},"down":{"uv":[13.5,9.25,10.75,11.5],"texture":"#3","tintindex":0}}},{"from":[12,10.75,8],"to":[15.5,11.25,9.5],"rotation":{"angle":-22.5,"axis":"z","origin":[8,8,8]},"faces":{"north":{"uv":[13.75,11.25,15.5,11.5],"texture":"#3","tintindex":0},"east":{"uv":[14.75,12.25,15.5,12.5],"texture":"#3","tintindex":0},"south":{"uv":[14.25,11.75,16,12],"texture":"#3","tintindex":0},"west":{"uv":[14.75,12.75,15.5,13],"texture":"#3","tintindex":0},"up":{"uv":[13,8.75,11.25,8],"texture":"#3","tintindex":0},"down":{"uv":[15,8,13.25,8.75],"texture":"#3","tintindex":0}}},{"from":[12,10.75,6],"to":[15.5,11.25,7.5],"rotation":{"angle":-22.5,"axis":"z","origin":[8,8,8]},"faces":{"north":{"uv":[13.75,11.25,15.5,11.5],"texture":"#3","tintindex":0},"east":{"uv":[14.75,12.25,15.5,12.5],"texture":"#3","tintindex":0},"south":{"uv":[14.25,11.75,16,12],"texture":"#3","tintindex":0},"west":{"uv":[14.75,12.75,15.5,13],"texture":"#3","tintindex":0},"up":{"uv":[13,8.75,11.25,8],"texture":"#3","tintindex":0},"down":{"uv":[15,8,13.25,8.75],"texture":"#3","tintindex":0}}},{"from":[0.5,10.75,6],"to":[4,11.25,7.5],"rotation":{"angle":-22.5,"axis":"z","origin":[8,8,8]},"faces":{"north":{"uv":[13.75,11.25,15.5,11.5],"texture":"#3","tintindex":0},"east":{"uv":[14.75,12.25,15.5,12.5],"texture":"#3","tintindex":0},"south":{"uv":[14.25,11.75,16,12],"texture":"#3","tintindex":0},"west":{"uv":[14.75,12.75,15.5,13],"texture":"#3","tintindex":0},"up":{"uv":[13,8.75,11.25,8],"texture":"#3","tintindex":0},"down":{"uv":[15,8,13.25,8.75],"texture":"#3","tintindex":0}}},{"from":[0.5,10.75,8],"to":[4,11.25,9.5],"rotation":{"angle":-22.5,"axis":"z","origin":[8,8,8]},"faces":{"north":{"uv":[13.75,11.25,15.5,11.5],"texture":"#3","tintindex":0},"east":{"uv":[14.75,12.25,15.5,12.5],"texture":"#3","tintindex":0},"south":{"uv":[14.25,11.75,16,12],"texture":"#3","tintindex":0},"west":{"uv":[14.75,12.75,15.5,13],"texture":"#3","tintindex":0},"up":{"uv":[13,8.75,11.25,8],"texture":"#3","tintindex":0},"down":{"uv":[15,8,13.25,8.75],"texture":"#3","tintindex":0}}},{"from":[9.52792,-2.15066,6],"to":[14.52792,3.84934,9.5],"rotation":{"angle":0,"axis":"y","origin":[16.02792,6.84934,7.75]},"faces":{"north":{"uv":[6,6,8.5,9],"texture":"#3","tintindex":0},"east":{"uv":[3,9.75,4.75,12.75],"texture":"#3","tintindex":0},"south":{"uv":[0,6.5,2.5,9.5],"texture":"#3","tintindex":0},"west":{"uv":[7.75,11.75,9.5,14.75],"texture":"#3","tintindex":0},"down":{"uv":[12.25,11.75,9.75,13.5],"texture":"#3","tintindex":0}}},{"from":[-2.40444,2.79189,6],"to":[2.59556,8.79189,9.5],"rotation":{"angle":-45,"axis":"z","origin":[0.09556,5.79189,7.75]},"faces":{"north":{"uv":[8.5,6,6,9],"texture":"#3","tintindex":0},"east":{"uv":[9.5,11.75,7.75,14.75],"texture":"#3","tintindex":0},"south":{"uv":[2.5,6.5,0,9.5],"texture":"#3","tintindex":0},"west":{"uv":[4.75,9.75,3,12.75],"texture":"#3","tintindex":0},"down":{"uv":[9.75,11.75,12.25,13.5],"texture":"#3","tintindex":0}}},{"from":[5,4.75,5.5],"to":[11,10.25,9.5],"rotation":{"angle":-22.5,"axis":"z","origin":[8,8,8]},"faces":{"north":{"uv":[6,0,9,2.75],"texture":"#3","tintindex":0},"south":{"uv":[6,3,9,5.75],"texture":"#3","tintindex":0},"up":{"uv":[14.25,7.75,11.25,5.75],"texture":"#3","tintindex":0},"down":{"uv":[14.75,0,11.75,2],"texture":"#3","tintindex":0}}},{"from":[9.5,2.25,6.5],"to":[12.5,5.25,10.5],"rotation":{"angle":-22.5,"axis":"z","origin":[8,8,8]},"faces":{"north":{"uv":[12.25,4,13.75,5.5],"texture":"#3","tintindex":0},"east":{"uv":[0,12.25,2,13.75],"texture":"#3","tintindex":0},"south":{"uv":[2.25,13,3.75,14.5],"texture":"#3","tintindex":0},"west":{"uv":[12.25,2.25,14.25,3.75],"texture":"#3","tintindex":0},"up":{"uv":[6.5,14.5,5,12.5],"texture":"#3","tintindex":0},"down":{"uv":[14,11.75,12.5,13.75],"texture":"#3","tintindex":0}}},{"from":[10,2.75,11],"to":[12,4.75,12],"rotation":{"angle":-22.5,"axis":"z","origin":[8,8,8]},"faces":{"north":{"uv":[13.75,9,14.75,10],"texture":"#3","tintindex":0},"east":{"uv":[5.25,6.5,5.75,7.5],"texture":"#3","tintindex":0},"south":{"uv":[9.75,13.75,10.75,14.75],"texture":"#3","tintindex":0},"west":{"uv":[5.25,7.75,5.75,8.75],"texture":"#3","tintindex":0},"up":{"uv":[15,5.5,14,5],"texture":"#3","tintindex":0},"down":{"uv":[14,14,13,14.5],"texture":"#3","tintindex":0}}},{"from":[10.5,3.25,10.5],"to":[11.5,4.25,11],"rotation":{"angle":-22.5,"axis":"z","origin":[8,8,8]},"faces":{"east":{"uv":[2.25,12.25,2.5,12.75],"texture":"#3","tintindex":0},"west":{"uv":[13,14.75,13.25,15.25],"texture":"#3","tintindex":0},"up":{"uv":[14,15,13.5,14.75],"texture":"#3","tintindex":0},"down":{"uv":[15.25,14.25,14.75,14.5],"texture":"#3","tintindex":0}}},{"from":[4,2.75,11],"to":[6,4.75,12],"rotation":{"angle":-22.5,"axis":"z","origin":[8,8,8]},"faces":{"north":{"uv":[13.75,9,14.75,10],"texture":"#3","tintindex":0},"east":{"uv":[5.25,6.5,5.75,7.5],"texture":"#3","tintindex":0},"south":{"uv":[9.75,13.75,10.75,14.75],"texture":"#3","tintindex":0},"west":{"uv":[5.25,7.75,5.75,8.75],"texture":"#3","tintindex":0},"up":{"uv":[15,5.5,14,5],"texture":"#3","tintindex":0},"down":{"uv":[14,14,13,14.5],"texture":"#3","tintindex":0}}},{"from":[4.5,3.25,10.5],"to":[5.5,4.25,11],"rotation":{"angle":-22.5,"axis":"z","origin":[8,8,8]},"faces":{"east":{"uv":[2.25,12.25,2.5,12.75],"texture":"#3","tintindex":0},"west":{"uv":[13,14.75,13.25,15.25],"texture":"#3","tintindex":0},"up":{"uv":[14,15,13.5,14.75],"texture":"#3","tintindex":0},"down":{"uv":[15.25,14.25,14.75,14.5],"texture":"#3","tintindex":0}}},{"from":[3.5,2.25,6.5],"to":[6.5,5.25,10.5],"rotation":{"angle":-22.5,"axis":"z","origin":[8,8,8]},"faces":{"north":{"uv":[12.25,4,13.75,5.5],"texture":"#3","tintindex":0},"east":{"uv":[0,12.25,2,13.75],"texture":"#3","tintindex":0},"south":{"uv":[2.25,13,3.75,14.5],"texture":"#3","tintindex":0},"west":{"uv":[12.25,2.25,14.25,3.75],"texture":"#3","tintindex":0},"up":{"uv":[6.5,14.5,5,12.5],"texture":"#3","tintindex":0},"down":{"uv":[14,11.75,12.5,13.75],"texture":"#3","tintindex":0}}},{"from":[14.5,-0.5,13],"to":[20,5,13],"rotation":{"angle":0,"axis":"y","origin":[17.25,2.25,13]},"faces":{"north":{"uv":[0,0,1.375,1.375],"texture":"#1","tintindex":0},"east":{"uv":[0,0,0,1.375],"texture":"#1","tintindex":0},"south":{"uv":[0,0,1.375,1.375],"texture":"#1","tintindex":0},"west":{"uv":[0,0,0,1.375],"texture":"#1","tintindex":0},"up":{"uv":[1.375,0,0,0],"texture":"#1","tintindex":0},"down":{"uv":[1.375,0,0,0],"texture":"#1","tintindex":0}}},{"from":[13,7.5,11.5],"to":[18.5,13,11.5],"rotation":{"angle":0,"axis":"y","origin":[15.75,9.25,11.5]},"faces":{"north":{"uv":[0,1.375,1.375,2.75],"texture":"#1","tintindex":0},"east":{"uv":[0,0,0,1.375],"texture":"#1","tintindex":0},"south":{"uv":[0,1.375,1.375,2.75],"texture":"#1","tintindex":0},"west":{"uv":[0,0,0,1.375],"texture":"#1","tintindex":0},"up":{"uv":[1.375,0,0,0],"texture":"#1","tintindex":0},"down":{"uv":[1.375,0,0,0],"texture":"#1","tintindex":0}}},{"from":[-1,11.5,11],"to":[4.5,17,11],"rotation":{"angle":0,"axis":"y","origin":[1.75,14.25,11]},"faces":{"north":{"uv":[1.375,0,2.75,1.375],"texture":"#1","tintindex":0},"east":{"uv":[0,0,0,1.375],"texture":"#1","tintindex":0},"south":{"uv":[1.375,0,2.75,1.375],"texture":"#1","tintindex":0},"west":{"uv":[0,0,0,1.375],"texture":"#1","tintindex":0},"up":{"uv":[1.375,0,0,0],"texture":"#1","tintindex":0},"down":{"uv":[1.375,0,0,0],"texture":"#1","tintindex":0}}},{"from":[-4,6,13],"to":[1.5,11.5,13],"rotation":{"angle":0,"axis":"y","origin":[-1.25,8.75,13]},"faces":{"north":{"uv":[1.375,1.375,2.75,2.75],"texture":"#1","tintindex":0},"east":{"uv":[0,0,0,1.375],"texture":"#1","tintindex":0},"south":{"uv":[1.375,1.375,2.75,2.75],"texture":"#1","tintindex":0},"west":{"uv":[0,0,0,1.375],"texture":"#1","tintindex":0},"up":{"uv":[1.375,0,0,0],"texture":"#1","tintindex":0},"down":{"uv":[1.375,0,0,0],"texture":"#1","tintindex":0}}},{"from":[14.5,-0.2625,13],"to":[20,5.2375,13],"rotation":{"angle":0,"axis":"y","origin":[17.25,2.4875,13]},"faces":{"north":{"uv":[2.875,0,4.25,1.375],"texture":"#1","tintindex":0},"east":{"uv":[0,0,0,1.375],"texture":"#1","tintindex":0},"south":{"uv":[2.875,0,4.25,1.375],"texture":"#1","tintindex":0},"west":{"uv":[0,0,0,1.375],"texture":"#1","tintindex":0},"up":{"uv":[1.375,0,0,0],"texture":"#1","tintindex":0},"down":{"uv":[1.375,0,0,0],"texture":"#1","tintindex":0}}},{"from":[13,7.7375,11.5],"to":[18.5,13.2375,11.5],"rotation":{"angle":0,"axis":"y","origin":[15.75,9.4875,11.5]},"faces":{"north":{"uv":[2.875,1.375,4.25,2.75],"texture":"#1","tintindex":0},"east":{"uv":[0,0,0,1.375],"texture":"#1","tintindex":0},"south":{"uv":[2.875,1.375,4.25,2.75],"texture":"#1","tintindex":0},"west":{"uv":[0,0,0,1.375],"texture":"#1","tintindex":0},"up":{"uv":[1.375,0,0,0],"texture":"#1","tintindex":0},"down":{"uv":[1.375,0,0,0],"texture":"#1","tintindex":0}}},{"from":[-1,11.7375,11],"to":[4.5,17.2375,11],"rotation":{"angle":0,"axis":"y","origin":[1.75,14.4875,11]},"faces":{"north":{"uv":[4.25,0,5.625,1.375],"texture":"#1","tintindex":0},"east":{"uv":[0,0,0,1.375],"texture":"#1","tintindex":0},"south":{"uv":[4.25,0,5.625,1.375],"texture":"#1","tintindex":0},"west":{"uv":[0,0,0,1.375],"texture":"#1","tintindex":0},"up":{"uv":[1.375,0,0,0],"texture":"#1","tintindex":0},"down":{"uv":[1.375,0,0,0],"texture":"#1","tintindex":0}}},{"from":[-4,6.2375,13],"to":[1.5,11.7375,13],"rotation":{"angle":0,"axis":"y","origin":[-1.25,8.9875,13]},"faces":{"north":{"uv":[4.25,1.375,5.625,2.75],"texture":"#1","tintindex":0},"east":{"uv":[0,0,0,1.375],"texture":"#1","tintindex":0},"south":{"uv":[4.25,1.375,5.625,2.75],"texture":"#1","tintindex":0},"west":{"uv":[0,0,0,1.375],"texture":"#1","tintindex":0},"up":{"uv":[1.375,0,0,0],"texture":"#1","tintindex":0},"down":{"uv":[1.375,0,0,0],"texture":"#1","tintindex":0}}},{"from":[14.5,-0.025,13],"to":[20,5.475,13],"rotation":{"angle":0,"axis":"y","origin":[17.25,2.725,13]},"faces":{"north":{"uv":[5.75,0,7.125,1.375],"texture":"#1","tintindex":0},"east":{"uv":[0,0,0,1.375],"texture":"#1","tintindex":0},"south":{"uv":[5.75,0,7.125,1.375],"texture":"#1","tintindex":0},"west":{"uv":[0,0,0,1.375],"texture":"#1","tintindex":0},"up":{"uv":[1.375,0,0,0],"texture":"#1","tintindex":0},"down":{"uv":[1.375,0,0,0],"texture":"#1","tintindex":0}}},{"from":[13,7.925,11.5],"to":[18.5,13.425,11.5],"rotation":{"angle":0,"axis":"y","origin":[15.75,9.675,11.5]},"faces":{"north":{"uv":[5.75,1.375,7.125,2.75],"texture":"#1","tintindex":0},"east":{"uv":[0,0,0,1.375],"texture":"#1","tintindex":0},"south":{"uv":[5.75,1.375,7.125,2.75],"texture":"#1","tintindex":0},"west":{"uv":[0,0,0,1.375],"texture":"#1","tintindex":0},"up":{"uv":[1.375,0,0,0],"texture":"#1","tintindex":0},"down":{"uv":[1.375,0,0,0],"texture":"#1","tintindex":0}}},{"from":[-1,11.975,11],"to":[4.5,17.475,11],"rotation":{"angle":0,"axis":"y","origin":[1.75,14.725,11]},"faces":{"north":{"uv":[7.125,0,8.5,1.375],"texture":"#1","tintindex":0},"east":{"uv":[0,0,0,1.375],"texture":"#1","tintindex":0},"south":{"uv":[7.125,0,8.5,1.375],"texture":"#1","tintindex":0},"west":{"uv":[0,0,0,1.375],"texture":"#1","tintindex":0},"up":{"uv":[1.375,0,0,0],"texture":"#1","tintindex":0},"down":{"uv":[1.375,0,0,0],"texture":"#1","tintindex":0}}},{"from":[-4,6.425,13],"to":[1.5,11.925,13],"rotation":{"angle":0,"axis":"y","origin":[-1.25,9.175,13]},"faces":{"north":{"uv":[7.125,1.375,8.5,2.75],"texture":"#1","tintindex":0},"east":{"uv":[0,0,0,1.375],"texture":"#1","tintindex":0},"south":{"uv":[7.125,1.375,8.5,2.75],"texture":"#1","tintindex":0},"west":{"uv":[0,0,0,1.375],"texture":"#1","tintindex":0},"up":{"uv":[1.375,0,0,0],"texture":"#1","tintindex":0},"down":{"uv":[1.375,0,0,0],"texture":"#1","tintindex":0}}},{"from":[14.5,0.4875,13],"to":[20,5.9875,13],"rotation":{"angle":0,"axis":"y","origin":[17.25,3.2375,13]},"faces":{"north":{"uv":[8.625,0,10,1.375],"texture":"#1","tintindex":0},"east":{"uv":[0,0,0,1.375],"texture":"#1","tintindex":0},"south":{"uv":[8.625,0,10,1.375],"texture":"#1","tintindex":0},"west":{"uv":[0,0,0,1.375],"texture":"#1","tintindex":0},"up":{"uv":[1.375,0,0,0],"texture":"#1","tintindex":0},"down":{"uv":[1.375,0,0,0],"texture":"#1","tintindex":0}}},{"from":[13,8.0875,11.5],"to":[18.5,13.5875,11.5],"rotation":{"angle":0,"axis":"y","origin":[15.75,9.8375,11.5]},"faces":{"north":{"uv":[8.625,1.375,10,2.75],"texture":"#1","tintindex":0},"east":{"uv":[0,0,0,1.375],"texture":"#1","tintindex":0},"south":{"uv":[8.625,1.375,10,2.75],"texture":"#1","tintindex":0},"west":{"uv":[0,0,0,1.375],"texture":"#1","tintindex":0},"up":{"uv":[1.375,0,0,0],"texture":"#1","tintindex":0},"down":{"uv":[1.375,0,0,0],"texture":"#1","tintindex":0}}},{"from":[-1,12.4875,11],"to":[4.5,17.9875,11],"rotation":{"angle":0,"axis":"y","origin":[1.75,15.2375,11]},"faces":{"north":{"uv":[10,0,11.375,1.375],"texture":"#1","tintindex":0},"east":{"uv":[0,0,0,1.375],"texture":"#1","tintindex":0},"south":{"uv":[10,0,11.375,1.375],"texture":"#1","tintindex":0},"west":{"uv":[0,0,0,1.375],"texture":"#1","tintindex":0},"up":{"uv":[1.375,0,0,0],"texture":"#1","tintindex":0},"down":{"uv":[1.375,0,0,0],"texture":"#1","tintindex":0}}},{"from":[-4,6.5875,13],"to":[1.5,12.0875,13],"rotation":{"angle":0,"axis":"y","origin":[-1.25,9.3375,13]},"faces":{"north":{"uv":[10,1.375,11.375,2.75],"texture":"#1","tintindex":0},"east":{"uv":[0,0,0,1.375],"texture":"#1","tintindex":0},"south":{"uv":[10,1.375,11.375,2.75],"texture":"#1","tintindex":0},"west":{"uv":[0,0,0,1.375],"texture":"#1","tintindex":0},"up":{"uv":[1.375,0,0,0],"texture":"#1","tintindex":0},"down":{"uv":[1.375,0,0,0],"texture":"#1","tintindex":0}}},{"from":[14.5,1.0125,13],"to":[20,6.5125,13],"rotation":{"angle":0,"axis":"y","origin":[17.25,3.7625,13]},"faces":{"north":{"uv":[11.5,0,12.875,1.375],"texture":"#1","tintindex":0},"east":{"uv":[0,0,0,1.375],"texture":"#1","tintindex":0},"south":{"uv":[11.5,0,12.875,1.375],"texture":"#1","tintindex":0},"west":{"uv":[0,0,0,1.375],"texture":"#1","tintindex":0},"up":{"uv":[1.375,0,0,0],"texture":"#1","tintindex":0},"down":{"uv":[1.375,0,0,0],"texture":"#1","tintindex":0}}},{"from":[13,8.2625,11.5],"to":[18.5,13.7625,11.5],"rotation":{"angle":0,"axis":"y","origin":[15.75,10.0125,11.5]},"faces":{"north":{"uv":[11.5,1.375,12.875,2.75],"texture":"#1","tintindex":0},"east":{"uv":[0,0,0,1.375],"texture":"#1","tintindex":0},"south":{"uv":[11.5,1.375,12.875,2.75],"texture":"#1","tintindex":0},"west":{"uv":[0,0,0,1.375],"texture":"#1","tintindex":0},"up":{"uv":[1.375,0,0,0],"texture":"#1","tintindex":0},"down":{"uv":[1.375,0,0,0],"texture":"#1","tintindex":0}}},{"from":[-1,13.0125,11],"to":[4.5,18.5125,11],"rotation":{"angle":0,"axis":"y","origin":[1.75,15.7625,11]},"faces":{"north":{"uv":[12.875,0,14.25,1.375],"texture":"#1","tintindex":0},"east":{"uv":[0,0,0,1.375],"texture":"#1","tintindex":0},"south":{"uv":[12.875,0,14.25,1.375],"texture":"#1","tintindex":0},"west":{"uv":[0,0,0,1.375],"texture":"#1","tintindex":0},"up":{"uv":[1.375,0,0,0],"texture":"#1","tintindex":0},"down":{"uv":[1.375,0,0,0],"texture":"#1","tintindex":0}}},{"from":[-4,6.7625,13],"to":[1.5,12.2625,13],"rotation":{"angle":0,"axis":"y","origin":[-1.25,9.5125,13]},"faces":{"north":{"uv":[12.875,1.375,14.25,2.75],"texture":"#1","tintindex":0},"east":{"uv":[0,0,0,1.375],"texture":"#1","tintindex":0},"south":{"uv":[12.875,1.375,14.25,2.75],"texture":"#1","tintindex":0},"west":{"uv":[0,0,0,1.375],"texture":"#1","tintindex":0},"up":{"uv":[1.375,0,0,0],"texture":"#1","tintindex":0},"down":{"uv":[1.375,0,0,0],"texture":"#1","tintindex":0}}},{"from":[14.5,1.5125,13],"to":[20,7.0125,13],"rotation":{"angle":0,"axis":"y","origin":[17.25,4.2625,13]},"faces":{"north":{"uv":[0,2.875,1.375,4.25],"texture":"#1","tintindex":0},"east":{"uv":[0,0,0,1.375],"texture":"#1","tintindex":0},"south":{"uv":[0,2.875,1.375,4.25],"texture":"#1","tintindex":0},"west":{"uv":[0,0,0,1.375],"texture":"#1","tintindex":0},"up":{"uv":[1.375,0,0,0],"texture":"#1","tintindex":0},"down":{"uv":[1.375,0,0,0],"texture":"#1","tintindex":0}}},{"from":[13,8.4125,11.5],"to":[18.5,13.9125,11.5],"rotation":{"angle":0,"axis":"y","origin":[15.75,10.1625,11.5]},"faces":{"north":{"uv":[0,4.25,1.375,5.625],"texture":"#1","tintindex":0},"east":{"uv":[0,0,0,1.375],"texture":"#1","tintindex":0},"south":{"uv":[0,4.25,1.375,5.625],"texture":"#1","tintindex":0},"west":{"uv":[0,0,0,1.375],"texture":"#1","tintindex":0},"up":{"uv":[1.375,0,0,0],"texture":"#1","tintindex":0},"down":{"uv":[1.375,0,0,0],"texture":"#1","tintindex":0}}},{"from":[-1,13.5125,11],"to":[4.5,19.0125,11],"rotation":{"angle":0,"axis":"y","origin":[1.75,16.2625,11]},"faces":{"north":{"uv":[1.375,2.875,2.75,4.25],"texture":"#1","tintindex":0},"east":{"uv":[0,0,0,1.375],"texture":"#1","tintindex":0},"south":{"uv":[1.375,2.875,2.75,4.25],"texture":"#1","tintindex":0},"west":{"uv":[0,0,0,1.375],"texture":"#1","tintindex":0},"up":{"uv":[1.375,0,0,0],"texture":"#1","tintindex":0},"down":{"uv":[1.375,0,0,0],"texture":"#1","tintindex":0}}},{"from":[-4,6.9125,13],"to":[1.5,12.4125,13],"rotation":{"angle":0,"axis":"y","origin":[-1.25,9.6625,13]},"faces":{"north":{"uv":[1.375,4.25,2.75,5.625],"texture":"#1","tintindex":0},"east":{"uv":[0,0,0,1.375],"texture":"#1","tintindex":0},"south":{"uv":[1.375,4.25,2.75,5.625],"texture":"#1","tintindex":0},"west":{"uv":[0,0,0,1.375],"texture":"#1","tintindex":0},"up":{"uv":[1.375,0,0,0],"texture":"#1","tintindex":0},"down":{"uv":[1.375,0,0,0],"texture":"#1","tintindex":0}}}],"gui_light":"front","display":{"thirdperson_righthand":{"rotation":[-6,-43,6],"translation":[-0.75,2.75,-0.5],"scale":[0.2,0.2,0.2]},"thirdperson_lefthand":{"rotation":[66.75,0,0],"translation":[-6.75,-10.5,11],"scale":[0.5,0.5,0.5]},"firstperson_righthand":{"rotation":[-6,-43,6],"translation":[0.5,2.75,-0.5],"scale":[0.2,0.2,0.2]},"firstperson_lefthand":{"scale":[0,0,0]},"ground":{"rotation":[-45,-23,0],"translation":[0,8,0],"scale":[0.6,0.6,0.6]},"gui":{"translation":[0.25,1.5,0],"scale":[0.7,0.7,0.7]},"head":{"translation":[1.25,-48,13.25],"scale":[1.61,1.61,1.61]},"fixed":{"rotation":[-90,180,0],"translation":[-3.5,0,-30.25],"scale":[1.5,1.5,1.5]}},"mcmodels":"e888d2498f4d7b528bcf7598e6ce8db7"}