{"credit":"Made with Blockbench","texture_size":[64,64],"textures":{"1":"ero_sci_fi_cosmetic:joy_stick_backpack_1","3":"ero_sci_fi_cosmetic:joy_stick_backpack_2","particle":"ero_sci_fi_cosmetic:joy_stick_backpack_2"},"elements":[{"from":[3.75,-11.625,6.75],"to":[6.5,-8.625,9],"rotation":{"angle":-22.5,"axis":"z","origin":[8,-10,8]},"faces":{"north":{"uv":[0,0,2.75,3],"texture":"#3","tintindex":0},"east":{"uv":[2.75,6.5,5,9.5],"texture":"#3","tintindex":0},"south":{"uv":[3,0,5.75,3],"texture":"#3","tintindex":0},"west":{"uv":[8.75,6,11,9],"texture":"#3","tintindex":0},"up":{"uv":[12,5.5,9.25,3.25],"texture":"#3","tintindex":0},"down":{"uv":[10.5,9.25,7.75,11.5],"texture":"#3","tintindex":0}}},{"from":[4.75,-9.625,9],"to":[5.5,-8.875,9.25],"rotation":{"angle":-22.5,"axis":"z","origin":[8,-10,8.25]},"faces":{"north":{"uv":[6.75,13.5,7.5,14.25],"texture":"#3","tintindex":0},"east":{"uv":[14.25,14.25,14.5,15],"texture":"#3","tintindex":0},"south":{"uv":[13.75,10.25,14.5,11],"texture":"#3","tintindex":0},"west":{"uv":[14.5,2.25,14.75,3],"texture":"#3","tintindex":0},"up":{"uv":[15.25,3.5,14.5,3.25],"texture":"#3","tintindex":0},"down":{"uv":[15.25,5.75,14.5,6],"texture":"#3","tintindex":0}}},{"from":[4.75,-11.125,9],"to":[5.5,-10.375,9.25],"rotation":{"angle":-22.5,"axis":"z","origin":[8,-10,8.25]},"faces":{"north":{"uv":[7.5,14.25,6.75,13.5],"texture":"#3","tintindex":0},"east":{"uv":[14.75,3,14.5,2.25],"texture":"#3","tintindex":0},"south":{"uv":[14.5,11,13.75,10.25],"texture":"#3","tintindex":0},"west":{"uv":[14.5,15,14.25,14.25],"texture":"#3","tintindex":0},"up":{"uv":[14.5,6,15.25,5.75],"texture":"#3","tintindex":0},"down":{"uv":[14.5,3.25,15.25,3.5],"texture":"#3","tintindex":0}}},{"from":[3.93184,-9.21769,9],"to":[4.68183,-8.46769,9.25],"rotation":{"angle":-22.5,"axis":"z","origin":[5.05683,-9.59269,9.125]},"faces":{"north":{"uv":[7.5,14.25,6.75,13.5],"rotation":270,"texture":"#3","tintindex":0},"east":{"uv":[14.5,6,15.25,5.75],"rotation":90,"texture":"#3","tintindex":0},"south":{"uv":[14.5,11,13.75,10.25],"rotation":90,"texture":"#3","tintindex":0},"west":{"uv":[14.5,3.25,15.25,3.5],"rotation":90,"texture":"#3","tintindex":0},"up":{"uv":[14.5,15,14.25,14.25],"rotation":90,"texture":"#3","tintindex":0},"down":{"uv":[14.75,3,14.5,2.25],"rotation":90,"texture":"#3","tintindex":0}}},{"from":[5.56817,-11.5323,9],"to":[6.31817,-10.7823,9.25],"rotation":{"angle":-22.5,"axis":"z","origin":[10.94317,-10.40731,9.125]},"faces":{"north":{"uv":[6.75,13.5,7.5,14.25],"rotation":270,"texture":"#3","tintindex":0},"east":{"uv":[15.25,3.5,14.5,3.25],"rotation":90,"texture":"#3","tintindex":0},"south":{"uv":[13.75,10.25,14.5,11],"rotation":90,"texture":"#3","tintindex":0},"west":{"uv":[15.25,5.75,14.5,6],"rotation":90,"texture":"#3","tintindex":0},"up":{"uv":[14.5,2.25,14.75,3],"rotation":90,"texture":"#3","tintindex":0},"down":{"uv":[14.25,14.25,14.5,15],"rotation":90,"texture":"#3","tintindex":0}}},{"from":[6.81817,-12.0323,8.75],"to":[7.56817,-11.5323,9],"rotation":{"angle":-22.5,"axis":"z","origin":[10.94317,-10.40731,9.125]},"faces":{"north":{"uv":[15.5,0,16,0.75],"rotation":270,"texture":"#3","tintindex":0},"east":{"uv":[15.5,0.75,16,1],"rotation":90,"texture":"#3","tintindex":0},"south":{"uv":[15,0.75,15.5,1.5],"rotation":90,"texture":"#3","tintindex":0},"west":{"uv":[15.5,1,16,1.25],"rotation":90,"texture":"#3","tintindex":0},"up":{"uv":[15,0,15.25,0.75],"rotation":90,"texture":"#3","tintindex":0},"down":{"uv":[15.25,0,15.5,0.75],"rotation":90,"texture":"#3","tintindex":0}}},{"from":[8.56817,-12.0323,8.75],"to":[9.31817,-11.5323,9],"rotation":{"angle":-22.5,"axis":"z","origin":[10.94317,-10.40731,9.125]},"faces":{"north":{"uv":[15.5,0,16,0.75],"rotation":270,"texture":"#3","tintindex":0},"east":{"uv":[15.5,0.75,16,1],"rotation":90,"texture":"#3","tintindex":0},"south":{"uv":[15,0.75,15.5,1.5],"rotation":90,"texture":"#3","tintindex":0},"west":{"uv":[15.5,1,16,1.25],"rotation":90,"texture":"#3","tintindex":0},"up":{"uv":[15,0,15.25,0.75],"rotation":90,"texture":"#3","tintindex":0},"down":{"uv":[15.25,0,15.5,0.75],"rotation":90,"texture":"#3","tintindex":0}}},{"from":[10.5,-9.625,9],"to":[11.25,-8.875,9.25],"rotation":{"angle":-22.5,"axis":"z","origin":[8,-10,8.25]},"faces":{"north":{"uv":[11,13.75,11.75,14.5],"texture":"#3","tintindex":0},"east":{"uv":[14.5,6.25,14.75,7],"texture":"#3","tintindex":0},"south":{"uv":[0,14,0.75,14.75],"texture":"#3","tintindex":0},"west":{"uv":[6.75,14.5,7,15.25],"texture":"#3","tintindex":0},"up":{"uv":[15.25,7.5,14.5,7.25],"texture":"#3","tintindex":0},"down":{"uv":[2.75,14.75,2,15],"texture":"#3","tintindex":0}}},{"from":[10.5,-11.125,9],"to":[11.25,-10.375,9.25],"rotation":{"angle":-22.5,"axis":"z","origin":[8,-10,8.25]},"faces":{"north":{"uv":[1,14,1.75,14.75],"texture":"#3","tintindex":0},"east":{"uv":[7.25,14.5,7.5,15.25],"texture":"#3","tintindex":0},"south":{"uv":[4,14,4.75,14.75],"texture":"#3","tintindex":0},"west":{"uv":[3,14.75,3.25,15.5],"texture":"#3","tintindex":0},"up":{"uv":[5.75,15,5,14.75],"texture":"#3","tintindex":0},"down":{"uv":[15.5,10.25,14.75,10.5],"texture":"#3","tintindex":0}}},{"from":[9.75,-10.375,9],"to":[10.5,-9.625,9.25],"rotation":{"angle":-22.5,"axis":"z","origin":[8,-10,8.25]},"faces":{"north":{"uv":[14,4,14.75,4.75],"texture":"#3","tintindex":0},"east":{"uv":[3.5,14.75,3.75,15.5],"texture":"#3","tintindex":0},"south":{"uv":[12,14,12.75,14.75],"texture":"#3","tintindex":0},"west":{"uv":[6,14.75,6.25,15.5],"texture":"#3","tintindex":0},"up":{"uv":[15.5,11,14.75,10.75],"texture":"#3","tintindex":0},"down":{"uv":[11.75,14.75,11,15],"texture":"#3","tintindex":0}}},{"from":[11.25,-10.375,9],"to":[12,-9.625,9.25],"rotation":{"angle":-22.5,"axis":"z","origin":[8,-10,8.25]},"faces":{"north":{"uv":[6.75,12.5,7.5,13.25],"texture":"#3","tintindex":0},"east":{"uv":[11.75,2.25,12,3],"texture":"#3","tintindex":0},"south":{"uv":[4,13,4.75,13.75],"texture":"#3","tintindex":0},"west":{"uv":[14.25,12.25,14.5,13],"texture":"#3","tintindex":0},"up":{"uv":[15,13.5,14.25,13.25],"texture":"#3","tintindex":0},"down":{"uv":[15,13.75,14.25,14],"texture":"#3","tintindex":0}}},{"from":[9.5,-11.625,6.75],"to":[12.25,-8.625,9],"rotation":{"angle":-22.5,"axis":"z","origin":[8,-10,8]},"faces":{"north":{"uv":[0,3.25,2.75,6.25],"texture":"#3","tintindex":0},"east":{"uv":[9.25,0,11.5,3],"texture":"#3","tintindex":0},"south":{"uv":[3,3.25,5.75,6.25],"texture":"#3","tintindex":0},"west":{"uv":[5.25,9.25,7.5,12.25],"texture":"#3","tintindex":0},"up":{"uv":[2.75,12,0,9.75],"texture":"#3","tintindex":0},"down":{"uv":[13.5,9.25,10.75,11.5],"texture":"#3","tintindex":0}}},{"from":[10,-8.625,8],"to":[11.75,-8.375,8.75],"rotation":{"angle":-22.5,"axis":"z","origin":[8,-10,8]},"faces":{"north":{"uv":[13.75,11.25,15.5,11.5],"texture":"#3","tintindex":0},"east":{"uv":[14.75,12.25,15.5,12.5],"texture":"#3","tintindex":0},"south":{"uv":[14.25,11.75,16,12],"texture":"#3","tintindex":0},"west":{"uv":[14.75,12.75,15.5,13],"texture":"#3","tintindex":0},"up":{"uv":[13,8.75,11.25,8],"texture":"#3","tintindex":0},"down":{"uv":[15,8,13.25,8.75],"texture":"#3","tintindex":0}}},{"from":[10,-8.625,7],"to":[11.75,-8.375,7.75],"rotation":{"angle":-22.5,"axis":"z","origin":[8,-10,8]},"faces":{"north":{"uv":[13.75,11.25,15.5,11.5],"texture":"#3","tintindex":0},"east":{"uv":[14.75,12.25,15.5,12.5],"texture":"#3","tintindex":0},"south":{"uv":[14.25,11.75,16,12],"texture":"#3","tintindex":0},"west":{"uv":[14.75,12.75,15.5,13],"texture":"#3","tintindex":0},"up":{"uv":[13,8.75,11.25,8],"texture":"#3","tintindex":0},"down":{"uv":[15,8,13.25,8.75],"texture":"#3","tintindex":0}}},{"from":[4.25,-8.625,7],"to":[6,-8.375,7.75],"rotation":{"angle":-22.5,"axis":"z","origin":[8,-10,8]},"faces":{"north":{"uv":[13.75,11.25,15.5,11.5],"texture":"#3","tintindex":0},"east":{"uv":[14.75,12.25,15.5,12.5],"texture":"#3","tintindex":0},"south":{"uv":[14.25,11.75,16,12],"texture":"#3","tintindex":0},"west":{"uv":[14.75,12.75,15.5,13],"texture":"#3","tintindex":0},"up":{"uv":[13,8.75,11.25,8],"texture":"#3","tintindex":0},"down":{"uv":[15,8,13.25,8.75],"texture":"#3","tintindex":0}}},{"from":[4.25,-8.625,8],"to":[6,-8.375,8.75],"rotation":{"angle":-22.5,"axis":"z","origin":[8,-10,8]},"faces":{"north":{"uv":[13.75,11.25,15.5,11.5],"texture":"#3","tintindex":0},"east":{"uv":[14.75,12.25,15.5,12.5],"texture":"#3","tintindex":0},"south":{"uv":[14.25,11.75,16,12],"texture":"#3","tintindex":0},"west":{"uv":[14.75,12.75,15.5,13],"texture":"#3","tintindex":0},"up":{"uv":[13,8.75,11.25,8],"texture":"#3","tintindex":0},"down":{"uv":[15,8,13.25,8.75],"texture":"#3","tintindex":0}}},{"from":[8.76396,-15.07533,7],"to":[11.26396,-12.07533,8.75],"rotation":{"angle":0,"axis":"y","origin":[12.01396,-10.57533,7.875]},"faces":{"north":{"uv":[6,6,8.5,9],"texture":"#3","tintindex":0},"east":{"uv":[3,9.75,4.75,12.75],"texture":"#3","tintindex":0},"south":{"uv":[0,6.5,2.5,9.5],"texture":"#3","tintindex":0},"west":{"uv":[7.75,11.75,9.5,14.75],"texture":"#3","tintindex":0},"down":{"uv":[12.25,11.75,9.75,13.5],"texture":"#3","tintindex":0}}},{"from":[2.79778,-12.60405,7],"to":[5.29778,-9.60405,8.75],"rotation":{"angle":-45,"axis":"z","origin":[4.04778,-11.10405,7.875]},"faces":{"north":{"uv":[8.5,6,6,9],"texture":"#3","tintindex":0},"east":{"uv":[9.5,11.75,7.75,14.75],"texture":"#3","tintindex":0},"south":{"uv":[2.5,6.5,0,9.5],"texture":"#3","tintindex":0},"west":{"uv":[4.75,9.75,3,12.75],"texture":"#3","tintindex":0},"down":{"uv":[9.75,11.75,12.25,13.5],"texture":"#3","tintindex":0}}},{"from":[6.5,-11.625,6.75],"to":[9.5,-8.875,8.75],"rotation":{"angle":-22.5,"axis":"z","origin":[8,-10,8]},"faces":{"north":{"uv":[6,0,9,2.75],"texture":"#3","tintindex":0},"south":{"uv":[6,3,9,5.75],"texture":"#3","tintindex":0},"up":{"uv":[14.25,7.75,11.25,5.75],"texture":"#3","tintindex":0},"down":{"uv":[14.75,0,11.75,2],"texture":"#3","tintindex":0}}},{"from":[8.75,-12.875,7.25],"to":[10.25,-11.375,9.25],"rotation":{"angle":-22.5,"axis":"z","origin":[8,-10,8]},"faces":{"north":{"uv":[12.25,4,13.75,5.5],"texture":"#3","tintindex":0},"east":{"uv":[0,12.25,2,13.75],"texture":"#3","tintindex":0},"south":{"uv":[2.25,13,3.75,14.5],"texture":"#3","tintindex":0},"west":{"uv":[12.25,2.25,14.25,3.75],"texture":"#3","tintindex":0},"up":{"uv":[6.5,14.5,5,12.5],"texture":"#3","tintindex":0},"down":{"uv":[14,11.75,12.5,13.75],"texture":"#3","tintindex":0}}},{"from":[9,-12.625,9.5],"to":[10,-11.625,10],"rotation":{"angle":-22.5,"axis":"z","origin":[8,-10,8]},"faces":{"north":{"uv":[13.75,9,14.75,10],"texture":"#3","tintindex":0},"east":{"uv":[5.25,6.5,5.75,7.5],"texture":"#3","tintindex":0},"south":{"uv":[9.75,13.75,10.75,14.75],"texture":"#3","tintindex":0},"west":{"uv":[5.25,7.75,5.75,8.75],"texture":"#3","tintindex":0},"up":{"uv":[15,5.5,14,5],"texture":"#3","tintindex":0},"down":{"uv":[14,14,13,14.5],"texture":"#3","tintindex":0}}},{"from":[9.25,-12.375,9.25],"to":[9.75,-11.875,9.5],"rotation":{"angle":-22.5,"axis":"z","origin":[8,-10,8]},"faces":{"east":{"uv":[2.25,12.25,2.5,12.75],"texture":"#3","tintindex":0},"west":{"uv":[13,14.75,13.25,15.25],"texture":"#3","tintindex":0},"up":{"uv":[14,15,13.5,14.75],"texture":"#3","tintindex":0},"down":{"uv":[15.25,14.25,14.75,14.5],"texture":"#3","tintindex":0}}},{"from":[6,-12.625,9.5],"to":[7,-11.625,10],"rotation":{"angle":-22.5,"axis":"z","origin":[8,-10,8]},"faces":{"north":{"uv":[13.75,9,14.75,10],"texture":"#3","tintindex":0},"east":{"uv":[5.25,6.5,5.75,7.5],"texture":"#3","tintindex":0},"south":{"uv":[9.75,13.75,10.75,14.75],"texture":"#3","tintindex":0},"west":{"uv":[5.25,7.75,5.75,8.75],"texture":"#3","tintindex":0},"up":{"uv":[15,5.5,14,5],"texture":"#3","tintindex":0},"down":{"uv":[14,14,13,14.5],"texture":"#3","tintindex":0}}},{"from":[6.25,-12.375,9.25],"to":[6.75,-11.875,9.5],"rotation":{"angle":-22.5,"axis":"z","origin":[8,-10,8]},"faces":{"east":{"uv":[2.25,12.25,2.5,12.75],"texture":"#3","tintindex":0},"west":{"uv":[13,14.75,13.25,15.25],"texture":"#3","tintindex":0},"up":{"uv":[14,15,13.5,14.75],"texture":"#3","tintindex":0},"down":{"uv":[15.25,14.25,14.75,14.5],"texture":"#3","tintindex":0}}},{"from":[5.75,-12.875,7.25],"to":[7.25,-11.375,9.25],"rotation":{"angle":-22.5,"axis":"z","origin":[8,-10,8]},"faces":{"north":{"uv":[12.25,4,13.75,5.5],"texture":"#3","tintindex":0},"east":{"uv":[0,12.25,2,13.75],"texture":"#3","tintindex":0},"south":{"uv":[2.25,13,3.75,14.5],"texture":"#3","tintindex":0},"west":{"uv":[12.25,2.25,14.25,3.75],"texture":"#3","tintindex":0},"up":{"uv":[6.5,14.5,5,12.5],"texture":"#3","tintindex":0},"down":{"uv":[14,11.75,12.5,13.75],"texture":"#3","tintindex":0}}},{"from":[11.25,-14.25,10.5],"to":[14,-11.5,10.5],"rotation":{"angle":0,"axis":"y","origin":[12.625,-12.875,10.5]},"faces":{"north":{"uv":[0,0,1.375,1.375],"texture":"#1","tintindex":0},"east":{"uv":[0,0,0,1.375],"texture":"#1","tintindex":0},"south":{"uv":[0,0,1.375,1.375],"texture":"#1","tintindex":0},"west":{"uv":[0,0,0,1.375],"texture":"#1","tintindex":0},"up":{"uv":[1.375,0,0,0],"texture":"#1","tintindex":0},"down":{"uv":[1.375,0,0,0],"texture":"#1","tintindex":0}}},{"from":[10.5,-10.25,9.75],"to":[13.25,-7.5,9.75],"rotation":{"angle":0,"axis":"y","origin":[11.875,-9.375,9.75]},"faces":{"north":{"uv":[0,1.375,1.375,2.75],"texture":"#1","tintindex":0},"east":{"uv":[0,0,0,1.375],"texture":"#1","tintindex":0},"south":{"uv":[0,1.375,1.375,2.75],"texture":"#1","tintindex":0},"west":{"uv":[0,0,0,1.375],"texture":"#1","tintindex":0},"up":{"uv":[1.375,0,0,0],"texture":"#1","tintindex":0},"down":{"uv":[1.375,0,0,0],"texture":"#1","tintindex":0}}},{"from":[3.5,-8.25,9.5],"to":[6.25,-5.5,9.5],"rotation":{"angle":0,"axis":"y","origin":[4.875,-6.875,9.5]},"faces":{"north":{"uv":[1.375,0,2.75,1.375],"texture":"#1","tintindex":0},"east":{"uv":[0,0,0,1.375],"texture":"#1","tintindex":0},"south":{"uv":[1.375,0,2.75,1.375],"texture":"#1","tintindex":0},"west":{"uv":[0,0,0,1.375],"texture":"#1","tintindex":0},"up":{"uv":[1.375,0,0,0],"texture":"#1","tintindex":0},"down":{"uv":[1.375,0,0,0],"texture":"#1","tintindex":0}}},{"from":[2,-11,10.5],"to":[4.75,-8.25,10.5],"rotation":{"angle":0,"axis":"y","origin":[3.375,-9.625,10.5]},"faces":{"north":{"uv":[1.375,1.375,2.75,2.75],"texture":"#1","tintindex":0},"east":{"uv":[0,0,0,1.375],"texture":"#1","tintindex":0},"south":{"uv":[1.375,1.375,2.75,2.75],"texture":"#1","tintindex":0},"west":{"uv":[0,0,0,1.375],"texture":"#1","tintindex":0},"up":{"uv":[1.375,0,0,0],"texture":"#1","tintindex":0},"down":{"uv":[1.375,0,0,0],"texture":"#1","tintindex":0}}},{"from":[11.25,-14.13125,10.5],"to":[14,-11.38125,10.5],"rotation":{"angle":0,"axis":"y","origin":[12.625,-12.75625,10.5]},"faces":{"north":{"uv":[2.875,0,4.25,1.375],"texture":"#1","tintindex":0},"east":{"uv":[0,0,0,1.375],"texture":"#1","tintindex":0},"south":{"uv":[2.875,0,4.25,1.375],"texture":"#1","tintindex":0},"west":{"uv":[0,0,0,1.375],"texture":"#1","tintindex":0},"up":{"uv":[1.375,0,0,0],"texture":"#1","tintindex":0},"down":{"uv":[1.375,0,0,0],"texture":"#1","tintindex":0}}},{"from":[10.5,-10.13125,9.75],"to":[13.25,-7.38125,9.75],"rotation":{"angle":0,"axis":"y","origin":[11.875,-9.25625,9.75]},"faces":{"north":{"uv":[2.875,1.375,4.25,2.75],"texture":"#1","tintindex":0},"east":{"uv":[0,0,0,1.375],"texture":"#1","tintindex":0},"south":{"uv":[2.875,1.375,4.25,2.75],"texture":"#1","tintindex":0},"west":{"uv":[0,0,0,1.375],"texture":"#1","tintindex":0},"up":{"uv":[1.375,0,0,0],"texture":"#1","tintindex":0},"down":{"uv":[1.375,0,0,0],"texture":"#1","tintindex":0}}},{"from":[3.5,-8.13125,9.5],"to":[6.25,-5.38125,9.5],"rotation":{"angle":0,"axis":"y","origin":[4.875,-6.75625,9.5]},"faces":{"north":{"uv":[4.25,0,5.625,1.375],"texture":"#1","tintindex":0},"east":{"uv":[0,0,0,1.375],"texture":"#1","tintindex":0},"south":{"uv":[4.25,0,5.625,1.375],"texture":"#1","tintindex":0},"west":{"uv":[0,0,0,1.375],"texture":"#1","tintindex":0},"up":{"uv":[1.375,0,0,0],"texture":"#1","tintindex":0},"down":{"uv":[1.375,0,0,0],"texture":"#1","tintindex":0}}},{"from":[2,-10.88125,10.5],"to":[4.75,-8.13125,10.5],"rotation":{"angle":0,"axis":"y","origin":[3.375,-9.50625,10.5]},"faces":{"north":{"uv":[4.25,1.375,5.625,2.75],"texture":"#1","tintindex":0},"east":{"uv":[0,0,0,1.375],"texture":"#1","tintindex":0},"south":{"uv":[4.25,1.375,5.625,2.75],"texture":"#1","tintindex":0},"west":{"uv":[0,0,0,1.375],"texture":"#1","tintindex":0},"up":{"uv":[1.375,0,0,0],"texture":"#1","tintindex":0},"down":{"uv":[1.375,0,0,0],"texture":"#1","tintindex":0}}},{"from":[11.25,-14.0125,10.5],"to":[14,-11.2625,10.5],"rotation":{"angle":0,"axis":"y","origin":[12.625,-12.6375,10.5]},"faces":{"north":{"uv":[5.75,0,7.125,1.375],"texture":"#1","tintindex":0},"east":{"uv":[0,0,0,1.375],"texture":"#1","tintindex":0},"south":{"uv":[5.75,0,7.125,1.375],"texture":"#1","tintindex":0},"west":{"uv":[0,0,0,1.375],"texture":"#1","tintindex":0},"up":{"uv":[1.375,0,0,0],"texture":"#1","tintindex":0},"down":{"uv":[1.375,0,0,0],"texture":"#1","tintindex":0}}},{"from":[10.5,-10.0375,9.75],"to":[13.25,-7.2875,9.75],"rotation":{"angle":0,"axis":"y","origin":[11.875,-9.1625,9.75]},"faces":{"north":{"uv":[5.75,1.375,7.125,2.75],"texture":"#1","tintindex":0},"east":{"uv":[0,0,0,1.375],"texture":"#1","tintindex":0},"south":{"uv":[5.75,1.375,7.125,2.75],"texture":"#1","tintindex":0},"west":{"uv":[0,0,0,1.375],"texture":"#1","tintindex":0},"up":{"uv":[1.375,0,0,0],"texture":"#1","tintindex":0},"down":{"uv":[1.375,0,0,0],"texture":"#1","tintindex":0}}},{"from":[3.5,-8.0125,9.5],"to":[6.25,-5.2625,9.5],"rotation":{"angle":0,"axis":"y","origin":[4.875,-6.6375,9.5]},"faces":{"north":{"uv":[7.125,0,8.5,1.375],"texture":"#1","tintindex":0},"east":{"uv":[0,0,0,1.375],"texture":"#1","tintindex":0},"south":{"uv":[7.125,0,8.5,1.375],"texture":"#1","tintindex":0},"west":{"uv":[0,0,0,1.375],"texture":"#1","tintindex":0},"up":{"uv":[1.375,0,0,0],"texture":"#1","tintindex":0},"down":{"uv":[1.375,0,0,0],"texture":"#1","tintindex":0}}},{"from":[2,-10.7875,10.5],"to":[4.75,-8.0375,10.5],"rotation":{"angle":0,"axis":"y","origin":[3.375,-9.4125,10.5]},"faces":{"north":{"uv":[7.125,1.375,8.5,2.75],"texture":"#1","tintindex":0},"east":{"uv":[0,0,0,1.375],"texture":"#1","tintindex":0},"south":{"uv":[7.125,1.375,8.5,2.75],"texture":"#1","tintindex":0},"west":{"uv":[0,0,0,1.375],"texture":"#1","tintindex":0},"up":{"uv":[1.375,0,0,0],"texture":"#1","tintindex":0},"down":{"uv":[1.375,0,0,0],"texture":"#1","tintindex":0}}},{"from":[11.25,-13.75625,10.5],"to":[14,-11.00625,10.5],"rotation":{"angle":0,"axis":"y","origin":[12.625,-12.38125,10.5]},"faces":{"north":{"uv":[8.625,0,10,1.375],"texture":"#1","tintindex":0},"east":{"uv":[0,0,0,1.375],"texture":"#1","tintindex":0},"south":{"uv":[8.625,0,10,1.375],"texture":"#1","tintindex":0},"west":{"uv":[0,0,0,1.375],"texture":"#1","tintindex":0},"up":{"uv":[1.375,0,0,0],"texture":"#1","tintindex":0},"down":{"uv":[1.375,0,0,0],"texture":"#1","tintindex":0}}},{"from":[10.5,-9.95625,9.75],"to":[13.25,-7.20625,9.75],"rotation":{"angle":0,"axis":"y","origin":[11.875,-9.08125,9.75]},"faces":{"north":{"uv":[8.625,1.375,10,2.75],"texture":"#1","tintindex":0},"east":{"uv":[0,0,0,1.375],"texture":"#1","tintindex":0},"south":{"uv":[8.625,1.375,10,2.75],"texture":"#1","tintindex":0},"west":{"uv":[0,0,0,1.375],"texture":"#1","tintindex":0},"up":{"uv":[1.375,0,0,0],"texture":"#1","tintindex":0},"down":{"uv":[1.375,0,0,0],"texture":"#1","tintindex":0}}},{"from":[3.5,-7.75625,9.5],"to":[6.25,-5.00625,9.5],"rotation":{"angle":0,"axis":"y","origin":[4.875,-6.38125,9.5]},"faces":{"north":{"uv":[10,0,11.375,1.375],"texture":"#1","tintindex":0},"east":{"uv":[0,0,0,1.375],"texture":"#1","tintindex":0},"south":{"uv":[10,0,11.375,1.375],"texture":"#1","tintindex":0},"west":{"uv":[0,0,0,1.375],"texture":"#1","tintindex":0},"up":{"uv":[1.375,0,0,0],"texture":"#1","tintindex":0},"down":{"uv":[1.375,0,0,0],"texture":"#1","tintindex":0}}},{"from":[2,-10.70625,10.5],"to":[4.75,-7.95625,10.5],"rotation":{"angle":0,"axis":"y","origin":[3.375,-9.33125,10.5]},"faces":{"north":{"uv":[10,1.375,11.375,2.75],"texture":"#1","tintindex":0},"east":{"uv":[0,0,0,1.375],"texture":"#1","tintindex":0},"south":{"uv":[10,1.375,11.375,2.75],"texture":"#1","tintindex":0},"west":{"uv":[0,0,0,1.375],"texture":"#1","tintindex":0},"up":{"uv":[1.375,0,0,0],"texture":"#1","tintindex":0},"down":{"uv":[1.375,0,0,0],"texture":"#1","tintindex":0}}},{"from":[11.25,-13.49375,10.5],"to":[14,-10.74375,10.5],"rotation":{"angle":0,"axis":"y","origin":[12.625,-12.11875,10.5]},"faces":{"north":{"uv":[11.5,0,12.875,1.375],"texture":"#1","tintindex":0},"east":{"uv":[0,0,0,1.375],"texture":"#1","tintindex":0},"south":{"uv":[11.5,0,12.875,1.375],"texture":"#1","tintindex":0},"west":{"uv":[0,0,0,1.375],"texture":"#1","tintindex":0},"up":{"uv":[1.375,0,0,0],"texture":"#1","tintindex":0},"down":{"uv":[1.375,0,0,0],"texture":"#1","tintindex":0}}},{"from":[10.5,-9.86875,9.75],"to":[13.25,-7.11875,9.75],"rotation":{"angle":0,"axis":"y","origin":[11.875,-8.99375,9.75]},"faces":{"north":{"uv":[11.5,1.375,12.875,2.75],"texture":"#1","tintindex":0},"east":{"uv":[0,0,0,1.375],"texture":"#1","tintindex":0},"south":{"uv":[11.5,1.375,12.875,2.75],"texture":"#1","tintindex":0},"west":{"uv":[0,0,0,1.375],"texture":"#1","tintindex":0},"up":{"uv":[1.375,0,0,0],"texture":"#1","tintindex":0},"down":{"uv":[1.375,0,0,0],"texture":"#1","tintindex":0}}},{"from":[3.5,-7.49375,9.5],"to":[6.25,-4.74375,9.5],"rotation":{"angle":0,"axis":"y","origin":[4.875,-6.11875,9.5]},"faces":{"north":{"uv":[12.875,0,14.25,1.375],"texture":"#1","tintindex":0},"east":{"uv":[0,0,0,1.375],"texture":"#1","tintindex":0},"south":{"uv":[12.875,0,14.25,1.375],"texture":"#1","tintindex":0},"west":{"uv":[0,0,0,1.375],"texture":"#1","tintindex":0},"up":{"uv":[1.375,0,0,0],"texture":"#1","tintindex":0},"down":{"uv":[1.375,0,0,0],"texture":"#1","tintindex":0}}},{"from":[2,-10.61875,10.5],"to":[4.75,-7.86875,10.5],"rotation":{"angle":0,"axis":"y","origin":[3.375,-9.24375,10.5]},"faces":{"north":{"uv":[12.875,1.375,14.25,2.75],"texture":"#1","tintindex":0},"east":{"uv":[0,0,0,1.375],"texture":"#1","tintindex":0},"south":{"uv":[12.875,1.375,14.25,2.75],"texture":"#1","tintindex":0},"west":{"uv":[0,0,0,1.375],"texture":"#1","tintindex":0},"up":{"uv":[1.375,0,0,0],"texture":"#1","tintindex":0},"down":{"uv":[1.375,0,0,0],"texture":"#1","tintindex":0}}},{"from":[11.25,-13.24375,10.5],"to":[14,-10.49375,10.5],"rotation":{"angle":0,"axis":"y","origin":[12.625,-11.86875,10.5]},"faces":{"north":{"uv":[0,2.875,1.375,4.25],"texture":"#1","tintindex":0},"east":{"uv":[0,0,0,1.375],"texture":"#1","tintindex":0},"south":{"uv":[0,2.875,1.375,4.25],"texture":"#1","tintindex":0},"west":{"uv":[0,0,0,1.375],"texture":"#1","tintindex":0},"up":{"uv":[1.375,0,0,0],"texture":"#1","tintindex":0},"down":{"uv":[1.375,0,0,0],"texture":"#1","tintindex":0}}},{"from":[10.5,-9.79375,9.75],"to":[13.25,-7.04375,9.75],"rotation":{"angle":0,"axis":"y","origin":[11.875,-8.91875,9.75]},"faces":{"north":{"uv":[0,4.25,1.375,5.625],"texture":"#1","tintindex":0},"east":{"uv":[0,0,0,1.375],"texture":"#1","tintindex":0},"south":{"uv":[0,4.25,1.375,5.625],"texture":"#1","tintindex":0},"west":{"uv":[0,0,0,1.375],"texture":"#1","tintindex":0},"up":{"uv":[1.375,0,0,0],"texture":"#1","tintindex":0},"down":{"uv":[1.375,0,0,0],"texture":"#1","tintindex":0}}},{"from":[3.5,-7.24375,9.5],"to":[6.25,-4.49375,9.5],"rotation":{"angle":0,"axis":"y","origin":[4.875,-5.86875,9.5]},"faces":{"north":{"uv":[1.375,2.875,2.75,4.25],"texture":"#1","tintindex":0},"east":{"uv":[0,0,0,1.375],"texture":"#1","tintindex":0},"south":{"uv":[1.375,2.875,2.75,4.25],"texture":"#1","tintindex":0},"west":{"uv":[0,0,0,1.375],"texture":"#1","tintindex":0},"up":{"uv":[1.375,0,0,0],"texture":"#1","tintindex":0},"down":{"uv":[1.375,0,0,0],"texture":"#1","tintindex":0}}},{"from":[2,-10.54375,10.5],"to":[4.75,-7.79375,10.5],"rotation":{"angle":0,"axis":"y","origin":[3.375,-9.16875,10.5]},"faces":{"north":{"uv":[1.375,4.25,2.75,5.625],"texture":"#1","tintindex":0},"east":{"uv":[0,0,0,1.375],"texture":"#1","tintindex":0},"south":{"uv":[1.375,4.25,2.75,5.625],"texture":"#1","tintindex":0},"west":{"uv":[0,0,0,1.375],"texture":"#1","tintindex":0},"up":{"uv":[1.375,0,0,0],"texture":"#1","tintindex":0},"down":{"uv":[1.375,0,0,0],"texture":"#1","tintindex":0}}}],"gui_light":"front","display":{"thirdperson_righthand":{"rotation":[-6,-43,6],"translation":[-0.75,2.75,-0.5],"scale":[0.2,0.2,0.2]},"thirdperson_lefthand":{"rotation":[66.75,0,0],"translation":[-6.75,-10.5,11],"scale":[0.5,0.5,0.5]},"firstperson_righthand":{"rotation":[-6,-43,6],"translation":[0.5,2.75,-0.5],"scale":[0.2,0.2,0.2]},"firstperson_lefthand":{"scale":[0,0,0]},"ground":{"rotation":[-45,-23,0],"translation":[0,8,0],"scale":[0.6,0.6,0.6]},"gui":{"translation":[0.25,26,0],"scale":[1.39,1.39,1.39]},"head":{"translation":[1.25,-46.5,13.25],"scale":[3.22,3.22,3.22]},"fixed":{"rotation":[-90,180,0],"translation":[-3.5,0,-30.25],"scale":[1.5,1.5,1.5]}},"mcmodels":"e888d2498f4d7b528bcf7598e6ce8db7"}