{"credit":"Made with Blockbench","texture_size":[32,32],"textures":{"0":"ero_sci_fi_cosmetic:led_cyber_goggles_1","2":"ero_sci_fi_cosmetic:led_cyber_goggles_2","particle":"ero_sci_fi_cosmetic:led_cyber_goggles_1"},"elements":[{"from":[-0.5,5,3],"to":[2.5,9,7],"rotation":{"angle":0,"axis":"y","origin":[-0.5,5,0]},"faces":{"north":{"uv":[14.5,4,16,6],"texture":"#0","tintindex":0},"east":{"uv":[11,5.5,13,7.5],"texture":"#0","tintindex":0},"west":{"uv":[10.5,11.5,12.5,13.5],"texture":"#0","tintindex":0},"up":{"uv":[8,14,6.5,12],"texture":"#0","tintindex":0},"down":{"uv":[9.5,12,8,14],"texture":"#0","tintindex":0}}},{"from":[0,3,-1],"to":[16,10,4],"rotation":{"angle":0,"axis":"y","origin":[0,5,-1]},"faces":{"north":{"uv":[0,0,8,3.5],"texture":"#2","tintindex":0},"east":{"uv":[2.5,12,0,15.5],"texture":"#2","tintindex":0},"south":{"uv":[0,3.5,8,7],"texture":"#0","tintindex":0},"west":{"uv":[0,12,2.5,15.5],"texture":"#2","tintindex":0},"up":{"uv":[8,6,0,3.5],"texture":"#2","tintindex":0},"down":{"uv":[8,6,0,8.5],"texture":"#2","tintindex":0}}},{"from":[-1.5,4,7],"to":[2.5,10,13],"rotation":{"angle":0,"axis":"y","origin":[-0.5,5,3]},"faces":{"north":{"uv":[10,3,12,6],"texture":"#2","tintindex":0},"east":{"uv":[8,2.5,11,5.5],"texture":"#0","tintindex":0},"south":{"uv":[10,0,12,3],"texture":"#2","tintindex":0},"west":{"uv":[12,0,15,3],"texture":"#2","tintindex":0},"up":{"uv":[10,6,8,3],"texture":"#2","tintindex":0},"down":{"uv":[10,0,8,3],"texture":"#2","tintindex":0}}},{"from":[13.5,5,3],"to":[16.5,9,7],"rotation":{"angle":0,"axis":"y","origin":[16.5,5,0]},"faces":{"north":{"uv":[16,4,14.5,6],"texture":"#0","tintindex":0},"east":{"uv":[12.5,11.5,10.5,13.5],"texture":"#0","tintindex":0},"west":{"uv":[13,5.5,11,7.5],"texture":"#0","tintindex":0},"up":{"uv":[6.5,14,8,12],"texture":"#0","tintindex":0},"down":{"uv":[8,12,9.5,14],"texture":"#0","tintindex":0}}},{"from":[13.5,4,7],"to":[17.5,10,13],"rotation":{"angle":0,"axis":"y","origin":[16.5,5,3]},"faces":{"north":{"uv":[12,3,10,6],"texture":"#2","tintindex":0},"east":{"uv":[15,0,12,3],"texture":"#2","tintindex":0},"south":{"uv":[12,0,10,3],"texture":"#2","tintindex":0},"west":{"uv":[11,2.5,8,5.5],"texture":"#0","tintindex":0},"up":{"uv":[8,6,10,3],"texture":"#2","tintindex":0},"down":{"uv":[8,0,10,3],"texture":"#2","tintindex":0}}}],"gui_light":"front","display":{"thirdperson_righthand":{"rotation":[48.25,88,0],"translation":[0,3.25,1],"scale":[0.3,0.3,0.3]},"thirdperson_lefthand":{"rotation":[48.25,88,0],"translation":[0,3.25,1],"scale":[0.3,0.3,0.3]},"firstperson_righthand":{"rotation":[126.07,83.21,-122.88],"translation":[1.25,3.5,1.5],"scale":[0.2,0.2,0.2]},"firstperson_lefthand":{"rotation":[126.07,83.21,-122.88],"translation":[1.25,3.5,1.5],"scale":[0.2,0.2,0.2]},"ground":{"translation":[0,1.5,0],"scale":[0.7,0.7,0.7]},"gui":{"rotation":[33,128,0],"translation":[0.75,1,0],"scale":[0.7,0.7,0.7]},"fixed":{"rotation":[-90,0,0],"translation":[0,0,-7.75],"scale":[1.5,1.5,1.5]}},"mcmodels":"e888d2498f4d7b528bcf7598e6ce8db7"}