{"credit":"Made with Blockbench","texture_size":[64,64],"textures":{"0":"ero_sci_fi_cosmetic:led_tv_helmet_1","1":"ero_sci_fi_cosmetic:led_tv_helmet_2","particle":"ero_sci_fi_cosmetic:led_tv_helmet_1"},"elements":[{"from":[-2,0,1],"to":[18,17,16],"faces":{"north":{"uv":[0,0,2.5,2.125],"texture":"#0","tintindex":0},"east":{"uv":[5,0,6.875,2.125],"texture":"#0","tintindex":0},"south":{"uv":[0,2.125,2.5,4.25],"texture":"#0","tintindex":0},"west":{"uv":[5,2.125,6.875,4.25],"texture":"#0","tintindex":0},"up":{"uv":[2.5,6.125,0,4.25],"texture":"#0","tintindex":0},"down":{"uv":[5,4.25,2.5,6.125],"texture":"#0","tintindex":0}}},{"from":[0,0,16],"to":[16,14,20],"faces":{"east":{"uv":[4.5,6.125,5,7.875],"texture":"#0","tintindex":0},"south":{"uv":[5,4.25,7,6],"texture":"#0","tintindex":0},"west":{"uv":[5,6.5,5.5,8.25],"texture":"#0","tintindex":0},"up":{"uv":[7,6.5,5,6],"texture":"#0","tintindex":0},"down":{"uv":[2,6.125,0,6.625],"texture":"#0","tintindex":0}}},{"from":[-2.25,-0.25,-1.25],"to":[18.25,17.25,2.25],"faces":{"north":{"uv":[0,0,5,4.25],"texture":"#1","tintindex":0},"east":{"uv":[5.5,6.5,5.875,8.625],"texture":"#0","tintindex":0},"south":{"uv":[2.5,2.125,5,4.25],"texture":"#0","tintindex":0},"west":{"uv":[5.875,6.5,6.25,8.625],"texture":"#0","tintindex":0},"up":{"uv":[4.5,6.5,2,6.125],"texture":"#0","tintindex":0},"down":{"uv":[4.5,6.5,2,6.875],"texture":"#0","tintindex":0}}}],"gui_light":"front","display":{"thirdperson_righthand":{"rotation":[48.25,88,0],"translation":[0,3.25,1],"scale":[0.3,0.3,0.3]},"thirdperson_lefthand":{"rotation":[48.25,88,0],"translation":[0,3.25,1],"scale":[0.3,0.3,0.3]},"firstperson_righthand":{"rotation":[126.07,83.21,-122.88],"translation":[1.25,3.5,1.5],"scale":[0.2,0.2,0.2]},"firstperson_lefthand":{"rotation":[126.07,83.21,-122.88],"translation":[1.25,3.5,1.5],"scale":[0.2,0.2,0.2]},"ground":{"translation":[0,3.25,0],"scale":[0.7,0.7,0.7]},"gui":{"rotation":[33,128,0],"scale":[0.55,0.55,0.55]},"head":{"translation":[0,-0.4,0.5],"scale":[0.86,0.86,0.86]},"fixed":{"rotation":[-90,0,0],"translation":[0,0,-12],"scale":[1.5,1.5,1.5]}},"mcmodels":"e888d2498f4d7b528bcf7598e6ce8db7"}