{"credit":"Made with Blockbench","texture_size":[32,32],"textures":{"0":"ero_sci_fi_cosmetic:neon_visor_1","1":"ero_sci_fi_cosmetic:neon_visor_2","particle":"ero_sci_fi_cosmetic:neon_visor_1"},"elements":[{"from":[-0.15,-0.15,-0.15],"to":[16.15,4.15,16.15],"rotation":{"angle":0,"axis":"y","origin":[7,0,7]},"faces":{"north":{"uv":[8,0,16,2],"texture":"#1","tintindex":0},"east":{"uv":[16,6,8,8],"texture":"#1","tintindex":0},"south":{"uv":[8,4,16,6],"texture":"#1","tintindex":0},"west":{"uv":[8,6,16,8],"texture":"#1","tintindex":0},"up":{"uv":[8,8,0,0],"texture":"#1","tintindex":0},"down":{"uv":[8,8,0,16],"texture":"#1","tintindex":0}}},{"from":[-0.75,-0.25,0.25],"to":[16.75,4.25,16.75],"rotation":{"angle":0,"axis":"y","origin":[8,-0.5,7]},"faces":{"north":{"uv":[4.25,2.25,6.5,2.875],"texture":"#0","tintindex":0},"east":{"uv":[5.75,3.5,7.875,4.125],"texture":"#0","tintindex":0},"south":{"uv":[4.25,2.875,6.5,3.5],"texture":"#0","tintindex":0},"west":{"uv":[5.75,4.125,7.875,4.75],"texture":"#0","tintindex":0},"up":{"uv":[2.25,2.125,0,0],"texture":"#0","tintindex":0},"down":{"uv":[2.25,2.125,0,4.25],"texture":"#0","tintindex":0}}},{"from":[-1.1,-1.1,-1.1],"to":[17.1,5.1,4.1],"rotation":{"angle":0,"axis":"y","origin":[7,0,6]},"faces":{"north":{"uv":[0,4.25,2.25,5],"texture":"#0","tintindex":0},"east":{"uv":[6.5,1.75,7.125,2.5],"texture":"#0","tintindex":0},"south":{"uv":[4.25,0,6.5,0.75],"texture":"#0","tintindex":0},"west":{"uv":[6.5,2.5,7.125,3.25],"texture":"#0","tintindex":0},"up":{"uv":[2.25,5.625,0,5],"texture":"#0","tintindex":0},"down":{"uv":[4.5,5.375,2.25,6],"texture":"#0","tintindex":0}}},{"from":[-1.35,-1.35,-1.35],"to":[17.35,5.35,4.35],"rotation":{"angle":0,"axis":"y","origin":[7,0,6]},"faces":{"north":{"uv":[4.25,0.75,6.5,1.5],"texture":"#0","tintindex":0},"east":{"uv":[8,10,10.5,13],"texture":"#1","tintindex":0},"south":{"uv":[4.25,1.5,6.5,2.25],"texture":"#0","tintindex":0},"west":{"uv":[10.5,10,8,13],"texture":"#1","tintindex":0},"up":{"uv":[6.75,6,4.5,5.375],"texture":"#0","tintindex":0},"down":{"uv":[2.25,5.625,0,6.25],"texture":"#0","tintindex":0}}},{"from":[1,0,-2],"to":[7,4,-1],"rotation":{"angle":0,"axis":"y","origin":[8,0,5]},"faces":{"north":{"uv":[8,8,11,10],"texture":"#1","tintindex":0},"east":{"uv":[2,6.25,2.125,6.75],"texture":"#0","tintindex":0},"south":{"uv":[5,3.5,5.75,4],"texture":"#0","tintindex":0},"west":{"uv":[2.125,6.25,2.25,6.75],"texture":"#0","tintindex":0},"up":{"uv":[7.25,3.375,6.5,3.25],"texture":"#0","tintindex":0},"down":{"uv":[7.25,3.375,6.5,3.5],"texture":"#0","tintindex":0}}},{"name":"cube inverted","from":[14.8,4.3,14.8],"to":[1.2,-0.3,4.2],"rotation":{"angle":0,"axis":"y","origin":[8,-0.5,7]},"faces":{"north":{"uv":[5.75,4.75,7.5,5.375],"texture":"#0","tintindex":0},"east":{"uv":[6.5,0.5,7.875,1.125],"texture":"#0","tintindex":0},"south":{"uv":[2.25,6,4,6.625],"texture":"#0","tintindex":0},"west":{"uv":[6.5,1.125,7.875,1.75],"texture":"#0","tintindex":0},"up":{"uv":[4,5.375,2.25,4],"texture":"#0","tintindex":0},"down":{"uv":[5.75,4,4,5.375],"texture":"#0","tintindex":0}}},{"name":"cube inverted","from":[17.35,5.35,4.35],"to":[-1.35,-1.35,-1.35],"rotation":{"angle":0,"axis":"y","origin":[7,0,6]},"faces":{"north":{"uv":[4.25,2.25,6.5,1.5],"texture":"#0","tintindex":0},"east":{"uv":[4.625,7.25,5.25,6.5],"texture":"#0","tintindex":0},"south":{"uv":[4.25,1.5,6.5,0.75],"texture":"#0","tintindex":0},"west":{"uv":[4,7.25,4.625,6.5],"texture":"#0","tintindex":0},"up":{"uv":[0,5.625,2.25,6.25],"texture":"#0","tintindex":0},"down":{"uv":[4.5,6,6.75,5.375],"texture":"#0","tintindex":0}}},{"name":"cube inverted","from":[16.75,4.25,16.75],"to":[-0.75,-0.25,0.25],"rotation":{"angle":0,"axis":"y","origin":[8,-0.5,7]},"faces":{"north":{"uv":[4.25,3.5,6.5,2.875],"texture":"#0","tintindex":0},"east":{"uv":[5.75,4.75,7.875,4.125],"texture":"#0","tintindex":0},"south":{"uv":[4.25,2.875,6.5,2.25],"texture":"#0","tintindex":0},"west":{"uv":[5.75,4.125,7.875,3.5],"texture":"#0","tintindex":0},"up":{"uv":[0,2.125,2.25,4.25],"texture":"#0","tintindex":0},"down":{"uv":[0,2.125,2.25,0],"texture":"#0","tintindex":0}}},{"from":[0,5,0],"to":[4,7,2],"rotation":{"angle":0,"axis":"y","origin":[-1,5,0]},"faces":{"north":{"uv":[11,8,13,9],"texture":"#1","tintindex":0},"east":{"uv":[9.5,0.25,9.75,0.5],"texture":"#0","tintindex":0},"south":{"uv":[9,0.25,9.5,0.5],"texture":"#0","tintindex":0},"west":{"uv":[9.5,0,9.75,0.25],"texture":"#0","tintindex":0},"up":{"uv":[8.5,0.25,9,0.5],"texture":"#0","tintindex":0},"down":{"uv":[8.5,0,9,0.25],"texture":"#0","tintindex":0}}},{"from":[9,0,-2],"to":[15,4,-1],"rotation":{"angle":0,"axis":"y","origin":[8,0,5]},"faces":{"north":{"uv":[11,8,8,10],"texture":"#1","tintindex":0},"east":{"uv":[2.25,6.25,2.125,6.75],"texture":"#0","tintindex":0},"south":{"uv":[5.75,3.5,5,4],"texture":"#0","tintindex":0},"west":{"uv":[2.125,6.25,2,6.75],"texture":"#0","tintindex":0},"up":{"uv":[6.5,3.375,7.25,3.25],"texture":"#0","tintindex":0},"down":{"uv":[6.5,3.375,7.25,3.5],"texture":"#0","tintindex":0}}},{"from":[12,5,0],"to":[16,7,2],"rotation":{"angle":0,"axis":"y","origin":[17,5,0]},"faces":{"north":{"uv":[13,8,11,9],"texture":"#1","tintindex":0},"east":{"uv":[9.75,0,9.5,0.25],"texture":"#0","tintindex":0},"south":{"uv":[9.5,0.25,9,0.5],"texture":"#0","tintindex":0},"west":{"uv":[9.75,0.25,9.5,0.5],"texture":"#0","tintindex":0},"up":{"uv":[9,0.25,8.5,0.5],"texture":"#0","tintindex":0},"down":{"uv":[9,0,8.5,0.25],"texture":"#0","tintindex":0}}}],"gui_light":"front","display":{"thirdperson_righthand":{"rotation":[48.25,90,0],"translation":[0,4,1],"scale":[0.4,0.4,0.4]},"thirdperson_lefthand":{"rotation":[48.25,90,0],"translation":[0,4,1],"scale":[0.4,0.4,0.4]},"firstperson_righthand":{"rotation":[126.07,83.21,-122.88],"translation":[1.5,4,0.25],"scale":[0.3,0.3,0.3]},"firstperson_lefthand":{"rotation":[126.07,83.21,-122.88],"translation":[1.5,4,0.25],"scale":[0.3,0.3,0.3]},"ground":{"translation":[0,4.5,0],"scale":[0.7,0.7,0.7]},"gui":{"rotation":[29,140,0],"translation":[0.25,3.75,0],"scale":[0.6,0.6,0.6]},"head":{"rotation":[6,0,0],"translation":[0,8.75,0.75]},"fixed":{"rotation":[-90,0,0],"translation":[0,0.25,-18.75],"scale":[2,2,2]}},"mcmodels":"e888d2498f4d7b528bcf7598e6ce8db7"}