{"credit":"Made with Blockbench","textures":{"1":"ero_sci_fi_cosmetic:rgb_audio_cap_1","2":"ero_sci_fi_cosmetic:rgb_audio_cap_2","particle":"ero_sci_fi_cosmetic:rgb_audio_cap_2"},"elements":[{"from":[0,8,0],"to":[16,16,16],"rotation":{"angle":0,"axis":"y","origin":[7,8,7]},"faces":{"north":{"uv":[4,0,8,2],"texture":"#1","tintindex":0},"east":{"uv":[4,2,8,4],"texture":"#1","tintindex":0},"south":{"uv":[4,4,8,6],"texture":"#1","tintindex":0},"west":{"uv":[4,6,8,8],"texture":"#1","tintindex":0},"up":{"uv":[4,4,0,0],"texture":"#1","tintindex":0},"down":{"uv":[4,4,0,8],"texture":"#1","tintindex":0}}},{"from":[0,8,-6],"to":[16,9,0],"rotation":{"angle":0,"axis":"y","origin":[7,8,-2]},"faces":{"north":{"uv":[9.5,6.75,13.5,7],"texture":"#1","tintindex":0},"east":{"uv":[1.75,9.5,3.25,9.75],"texture":"#1","tintindex":0},"west":{"uv":[9.5,7,11,7.25],"texture":"#1","tintindex":0},"up":{"uv":[4,9.5,0,8],"texture":"#1","tintindex":0},"down":{"uv":[12,0,8,1.5],"texture":"#1","tintindex":0}}},{"from":[6,16,6],"to":[10,17,10],"rotation":{"angle":0,"axis":"y","origin":[7,12,7]},"faces":{"north":{"uv":[9.5,7.25,10.5,7.5],"texture":"#1","tintindex":0},"east":{"uv":[9.5,7.5,10.5,7.75],"texture":"#1","tintindex":0},"south":{"uv":[9.5,7.75,10.5,8],"texture":"#1","tintindex":0},"west":{"uv":[9.5,8,10.5,8.25],"texture":"#1","tintindex":0},"up":{"uv":[1.75,10.5,0.75,9.5],"texture":"#1","tintindex":0}}},{"from":[-1.25,2,4],"to":[1.75,9,11],"rotation":{"angle":0,"axis":"y","origin":[5.75,5,7]},"faces":{"north":{"uv":[8,6.75,8.75,8.5],"texture":"#1","tintindex":0},"east":{"uv":[8,1.5,9.75,3.25],"texture":"#1","tintindex":0},"south":{"uv":[5.75,8,6.5,9.75],"texture":"#1","tintindex":0},"west":{"uv":[0,7,7,14],"texture":"#2","tintindex":0},"up":{"uv":[8,9.75,7.25,8],"texture":"#1","tintindex":0},"down":{"uv":[7.25,8,6.5,9.75],"texture":"#1","tintindex":0}}},{"from":[-1.75,1.5,3.5],"to":[2.25,9.5,11.5],"rotation":{"angle":0,"axis":"y","origin":[5.75,5,7]},"faces":{"north":{"uv":[8,0,11,7],"texture":"#2","tintindex":0},"south":{"uv":[12,0,15,7],"texture":"#2","tintindex":0},"west":{"uv":[7,7,14,14],"texture":"#2","tintindex":0},"up":{"uv":[7,7,4,0],"texture":"#2","tintindex":0},"down":{"uv":[3,0,0,7],"texture":"#2","tintindex":0}}},{"from":[14.25,2,4],"to":[17.25,9,11],"rotation":{"angle":0,"axis":"y","origin":[10.25,5,7]},"faces":{"north":{"uv":[8.75,6.75,8,8.5],"texture":"#1","tintindex":0},"east":{"uv":[7,7,0,14],"texture":"#2","tintindex":0},"south":{"uv":[6.5,8,5.75,9.75],"texture":"#1","tintindex":0},"west":{"uv":[9.75,1.5,8,3.25],"texture":"#1","tintindex":0},"up":{"uv":[7.25,9.75,8,8],"texture":"#1","tintindex":0},"down":{"uv":[6.5,8,7.25,9.75],"texture":"#1","tintindex":0}}},{"from":[13.75,1.5,3.5],"to":[17.75,9.5,11.5],"rotation":{"angle":0,"axis":"y","origin":[10.25,5,7]},"faces":{"north":{"uv":[11,0,8,7],"texture":"#2","tintindex":0},"east":{"uv":[14,7,7,14],"texture":"#2","tintindex":0},"south":{"uv":[15,0,12,7],"texture":"#2","tintindex":0},"up":{"uv":[4,7,7,0],"texture":"#2","tintindex":0},"down":{"uv":[0,0,3,7],"texture":"#2","tintindex":0}}},{"name":"cube inverted","from":[2.25,9.5,11.5],"to":[-1.75,1.5,3.5],"rotation":{"angle":0,"axis":"y","origin":[5.75,5,7]},"faces":{"north":{"uv":[12,7,15,0],"texture":"#2","tintindex":0},"east":{"uv":[7,14,14,7],"texture":"#2","tintindex":0},"south":{"uv":[8,7,11,0],"texture":"#2","tintindex":0},"up":{"uv":[0,0,3,7],"texture":"#2","tintindex":0},"down":{"uv":[4,7,7,0],"texture":"#2","tintindex":0}}},{"name":"cube inverted","from":[17.75,9.5,11.5],"to":[13.75,1.5,3.5],"rotation":{"angle":0,"axis":"y","origin":[10.25,5,7]},"faces":{"north":{"uv":[15,7,12,0],"texture":"#2","tintindex":0},"south":{"uv":[11,7,8,0],"texture":"#2","tintindex":0},"west":{"uv":[14,14,7,7],"texture":"#2","tintindex":0},"up":{"uv":[3,0,0,7],"texture":"#2","tintindex":0},"down":{"uv":[7,7,4,0],"texture":"#2","tintindex":0}}}],"gui_light":"front","display":{"thirdperson_righthand":{"rotation":[48.25,88,0],"translation":[0,3.25,1],"scale":[0.3,0.3,0.3]},"thirdperson_lefthand":{"rotation":[48.25,88,0],"translation":[0,3.25,1],"scale":[0.3,0.3,0.3]},"firstperson_righthand":{"rotation":[126.07,83.21,-122.88],"translation":[1.25,3.5,1.5],"scale":[0.2,0.2,0.2]},"firstperson_lefthand":{"rotation":[126.07,83.21,-122.88],"translation":[1.25,3.5,1.5],"scale":[0.2,0.2,0.2]},"ground":{"translation":[0,2.5,0],"scale":[0.7,0.7,0.7]},"gui":{"rotation":[33,128,0],"translation":[1.25,-0.5,0],"scale":[0.55,0.55,0.55]},"head":{"rotation":[4,0,0],"translation":[0,-0.25,0]},"fixed":{"rotation":[-90,0,0],"translation":[0,0,-10],"scale":[1.5,1.5,1.5]}},"mcmodels":"e888d2498f4d7b528bcf7598e6ce8db7"}