{"credit":"Made with Blockbench","texture_size":[32,32],"textures":{"1":"ero_sci_fi_cosmetic:slime_bqckpack_1","2":"ero_sci_fi_cosmetic:slime_bqckpack_2","particle":"ero_sci_fi_cosmetic:slime_bqckpack_2"},"elements":[{"from":[4.75,-14,6],"to":[11.25,-10.5,9.5],"rotation":{"angle":0,"axis":"y","origin":[8.75,-14.5,9]},"faces":{"north":{"uv":[0,8.75,3.25,10.5],"texture":"#1","tintindex":0},"east":{"uv":[5.5,10.75,7.25,12.5],"texture":"#1","tintindex":0},"south":{"uv":[5.75,6.75,9,8.5],"texture":"#1","tintindex":0},"west":{"uv":[1,10.75,2.75,12.5],"texture":"#1","tintindex":0},"up":{"uv":[5.75,8.75,9,10.5],"texture":"#1","tintindex":0},"down":{"uv":[9,6.25,12.25,4.5],"texture":"#1","tintindex":0}}},{"from":[11.25,-13.5,7.5],"to":[12.25,-12,9],"rotation":{"angle":0,"axis":"y","origin":[9.25,-15,10]},"faces":{"north":{"uv":[2,12.75,2.5,13.5],"texture":"#1","tintindex":0},"south":{"uv":[8.5,10.75,9,11.5],"texture":"#1","tintindex":0},"up":{"uv":[2.75,12.75,3.25,13.5],"texture":"#1","tintindex":0},"down":{"uv":[5.5,13.5,6,12.75],"texture":"#1","tintindex":0}}},{"from":[11.5,-13.75,7.25],"to":[12.5,-11.75,9.25],"rotation":{"angle":0,"axis":"y","origin":[9.25,-15,10]},"faces":{"north":{"uv":[3,11.75,3.25,12.5],"texture":"#1","tintindex":0},"east":{"uv":[1,12.75,1.75,13.5],"texture":"#1","tintindex":0},"south":{"uv":[3,10.75,3.25,11.5],"texture":"#1","tintindex":0},"west":{"uv":[7.5,10.75,8.25,11.5],"texture":"#1","tintindex":0},"up":{"uv":[9.75,13,10,13.75],"texture":"#1","tintindex":0},"down":{"uv":[10.25,13.75,10.5,13],"texture":"#1","tintindex":0}}},{"from":[9.75,-13,9.5],"to":[10.25,-12,10],"rotation":{"angle":0,"axis":"y","origin":[10,-12.5,9.75]},"faces":{"east":{"uv":[13.25,7.25,13.5,7.75],"texture":"#1","tintindex":0},"south":{"uv":[13,12,13.25,12.5],"texture":"#1","tintindex":0},"west":{"uv":[13,12.75,13.25,13.25],"texture":"#1","tintindex":0},"up":{"uv":[9.25,11.5,9.5,11.75],"texture":"#1","tintindex":0},"down":{"uv":[9.75,11.75,10,11.5],"texture":"#1","tintindex":0}}},{"from":[8.25,-13,9.5],"to":[8.75,-12,10],"rotation":{"angle":0,"axis":"y","origin":[8.5,-12.5,9.75]},"faces":{"east":{"uv":[13.5,0,13.75,0.5],"texture":"#1","tintindex":0},"south":{"uv":[13.25,8,13.5,8.5],"texture":"#1","tintindex":0},"west":{"uv":[13.25,8.75,13.5,9.25],"texture":"#1","tintindex":0},"up":{"uv":[13.5,0.75,13.75,1],"texture":"#1","tintindex":0},"down":{"uv":[13.5,1.5,13.75,1.25],"texture":"#1","tintindex":0}}},{"from":[4.75,-10,6],"to":[11.25,-4,7.5],"rotation":{"angle":0,"axis":"y","origin":[8.75,-10.5,9]},"faces":{"north":{"uv":[0,3.25,3.25,6.25],"texture":"#1","tintindex":0},"east":{"uv":[12,12,12.75,15],"texture":"#1","tintindex":0},"south":{"uv":[0,0,3.25,3],"texture":"#1","tintindex":0},"west":{"uv":[11,12,11.75,15],"texture":"#1","tintindex":0},"up":{"uv":[10.25,11,13.5,11.75],"texture":"#1","tintindex":0},"down":{"uv":[7.5,12.75,10.75,12],"texture":"#1","tintindex":0}}},{"from":[4.75,-10,7.5],"to":[11.25,-9,11.5],"rotation":{"angle":0,"axis":"y","origin":[8.75,-10.5,10.5]},"faces":{"east":{"uv":[12.25,10.25,14.25,10.75],"texture":"#1","tintindex":0},"south":{"uv":[12.25,6.5,15.5,7],"texture":"#1","tintindex":0},"west":{"uv":[12.25,9.5,14.25,10],"texture":"#1","tintindex":0},"up":{"uv":[5.75,0,9,2],"texture":"#1","tintindex":0},"down":{"uv":[5.75,4.25,9,2.25],"texture":"#1","tintindex":0}}},{"from":[7,-12,2],"to":[8.5,-2.5,6],"rotation":{"angle":-45,"axis":"z","origin":[8,-7,4]},"faces":{"north":{"uv":[3.5,10,4.25,14.75],"texture":"#1","tintindex":0},"east":{"uv":[3.5,5,5.5,9.75],"texture":"#1","tintindex":0},"south":{"uv":[9.25,6.5,10,11.25],"texture":"#1","tintindex":0},"west":{"uv":[3.5,0,5.5,4.75],"texture":"#1","tintindex":0},"up":{"uv":[12.25,7.25,13,9.25],"texture":"#1","tintindex":0},"down":{"uv":[12.5,2,13.25,0],"texture":"#1","tintindex":0}}},{"from":[5.25,-10.5,6],"to":[10.75,-10,9],"rotation":{"angle":0,"axis":"y","origin":[8.75,-14,9]},"faces":{"north":{"uv":[12.5,5.75,15.25,6],"texture":"#1","tintindex":0},"east":{"uv":[8,13,9.5,13.25],"texture":"#1","tintindex":0},"south":{"uv":[9.25,4,12,4.25],"texture":"#1","tintindex":0},"west":{"uv":[6.25,13,7.75,13.25],"texture":"#1","tintindex":0}}},{"name":"cube inverted","from":[8.5,-3,5.5],"to":[7,-11.5,2.5],"rotation":{"angle":-45,"axis":"z","origin":[8,-7,4]},"faces":{"north":{"uv":[0,10.75,0.75,15],"texture":"#1","tintindex":0},"south":{"uv":[4.5,10,5.25,14.25],"texture":"#1","tintindex":0},"up":{"uv":[12.5,2.25,13.25,3.75],"texture":"#1","tintindex":0},"down":{"uv":[12.5,5.5,13.25,4],"texture":"#1","tintindex":0}}},{"name":"cube inverted","from":[10.75,-8.9875,7.5125],"to":[5.25,-4.4875,11.5125],"rotation":{"angle":0,"axis":"y","origin":[8.5,-10.2375,10.7625]},"faces":{"north":{"uv":[0,6.5,3,8.5],"texture":"#1","tintindex":0},"east":{"uv":[10.25,8.75,12,10.75],"texture":"#1","tintindex":0},"south":{"uv":[5.75,4.5,8.75,6.5],"texture":"#1","tintindex":0},"west":{"uv":[10.25,6.5,12,8.5],"texture":"#1","tintindex":0},"up":{"uv":[9.25,0,12.25,1.75],"texture":"#1","tintindex":0},"down":{"uv":[9.25,3.75,12.25,2],"texture":"#1","tintindex":0}}},{"from":[5.9,-8.75,8.15],"to":[10.1,-5.1,10.85],"rotation":{"angle":0,"axis":"y","origin":[8.75,-10.75,11]},"faces":{"north":{"uv":[0,0.5,2.25,2.25],"texture":"#2","tintindex":0},"east":{"uv":[0,4.5,1.5,6.25],"texture":"#2","tintindex":0},"south":{"uv":[0,0.5,2.25,2.25],"texture":"#2","tintindex":0},"west":{"uv":[0,4.5,1.5,6.25],"texture":"#2","tintindex":0},"up":{"uv":[2.5,0.5,4.75,2],"texture":"#2","tintindex":0},"down":{"uv":[2.5,3.75,4.75,2.25],"texture":"#2","tintindex":0}}},{"from":[5.75,-8.75,8],"to":[10.25,-5.25,11],"rotation":{"angle":0,"axis":"y","origin":[8.75,-10.75,11]},"faces":{"north":{"uv":[5,0.5,7.25,2.25],"texture":"#2","tintindex":0},"east":{"uv":[5,4.5,6.5,6.25],"texture":"#2","tintindex":0},"south":{"uv":[5,0.5,7.25,2.25],"texture":"#2","tintindex":0},"west":{"uv":[5,4.5,6.5,6.25],"texture":"#2","tintindex":0},"up":{"uv":[7.5,0.5,9.75,2],"texture":"#2","tintindex":0},"down":{"uv":[7.5,3.75,9.75,2.25],"texture":"#2","tintindex":0}}},{"from":[5.6,-8.75,7.85],"to":[10.4,-5.4,11.15],"rotation":{"angle":0,"axis":"y","origin":[8.75,-10.75,11]},"faces":{"north":{"uv":[10,0.5,12.25,2.25],"texture":"#2","tintindex":0},"east":{"uv":[10,4.5,11.5,6.25],"texture":"#2","tintindex":0},"south":{"uv":[10,0.5,12.25,2.25],"texture":"#2","tintindex":0},"west":{"uv":[10,4.5,11.5,6.25],"texture":"#2","tintindex":0},"up":{"uv":[12.5,0.5,14.75,2],"texture":"#2","tintindex":0},"down":{"uv":[12.5,3.75,14.75,2.25],"texture":"#2","tintindex":0}}},{"from":[5.45,-8.75,7.7],"to":[10.55,-5.55,11.3],"rotation":{"angle":0,"axis":"y","origin":[8.75,-10.75,11]},"faces":{"north":{"uv":[0,6.5,2.25,8.25],"texture":"#2","tintindex":0},"east":{"uv":[0,10.5,1.5,12.25],"texture":"#2","tintindex":0},"south":{"uv":[0,6.5,2.25,8.25],"texture":"#2","tintindex":0},"west":{"uv":[0,10.5,1.5,12.25],"texture":"#2","tintindex":0},"up":{"uv":[2.5,6.5,4.75,8],"texture":"#2","tintindex":0},"down":{"uv":[2.5,9.75,4.75,8.25],"texture":"#2","tintindex":0}}}],"gui_light":"front","display":{"thirdperson_righthand":{"rotation":[48.25,-90,0],"translation":[-1,3.5,1],"scale":[0.4,0.4,0.4]},"thirdperson_lefthand":{"rotation":[66.75,0,0],"translation":[-5.5,-9.5,6.5],"scale":[0.65,0.65,0.65]},"firstperson_righthand":{"rotation":[2,-129,-12],"translation":[1.5,4,0.25],"scale":[0.3,0.3,0.3]},"firstperson_lefthand":{"scale":[0,0,0]},"ground":{"rotation":[-45,0,0],"translation":[0,8.5,0]},"gui":{"rotation":[23,-52,0],"translation":[-0.75,18.5,0],"scale":[1.19,1.19,1.19]},"head":{"translation":[0,-76,8],"scale":[2,2,2]},"fixed":{"rotation":[-90,180,0],"translation":[0,-3.75,-16],"scale":[2,2,2]}},"mcmodels":"e888d2498f4d7b528bcf7598e6ce8db7"}