{"textures​":{"layer0":"minecraft:item/tnt_minecart"},"\u0074\u0065\u0078\u0074\u0075\u0072\u0065\u0073":{"0":"\u0063\u0075\u0073\u0074\u006f\u006d:\u0065\u006e\u0074\u0069\u0074\u0079/\u006b\u006e\u0069\u0067\u0068\u0074_\u0061\u006e\u0069\u006d\u0061\u0074\u0065\u0064_\u0077\u0065\u0061\u0070\u006f\u006e_\u0073\u0065\u0074_\u0062\u0061\u006c\u006c\u006f\u006f\u006e/\u0074\u0065\u0078\u0074\u0075\u0072\u00656","1":"\u0063\u0075\u0073\u0074\u006f\u006d:\u0065\u006e\u0074\u0069\u0074\u0079/\u006b\u006e\u0069\u0067\u0068\u0074_\u0061\u006e\u0069\u006d\u0061\u0074\u0065\u0064_\u0077\u0065\u0061\u0070\u006f\u006e_\u0073\u0065\u0074_\u0062\u0061\u006c\u006c\u006f\u006f\u006e/\u0074\u0065\u0078\u0074\u0075\u0072\u00651","6":"\u0063\u0075\u0073\u0074\u006f\u006d:\u0065\u006e\u0074\u0069\u0074\u0079/\u006b\u006e\u0069\u0067\u0068\u0074_\u0061\u006e\u0069\u006d\u0061\u0074\u0065\u0064_\u0077\u0065\u0061\u0070\u006f\u006e_\u0073\u0065\u0074_\u0062\u0061\u006c\u006c\u006f\u006f\u006e/\u0073\u0068\u0069\u006e\u0069\u006e\u0067","\u0070\u0061\u0072\u0074\u0069\u0063\u006c\u0065":"#0"},"elements":[{"faces":{"north":{"uv":[0.5,6,5,6.5],"texture":"#0","tintindex":0},"east":{"uv":[5,11,5.5,6.5],"rotation":90,"texture":"#0","tintindex":0},"south":{"uv":[5,6,0.5,6.5],"texture":"#0","tintindex":0},"west":{"uv":[5,11,5.5,6.5],"rotation":90,"texture":"#0","tintindex":0},"up":{"uv":[5,6.5,0.5,11],"texture":"#0","tintindex":0},"down":{"uv":[5,6.5,0.5,11],"texture":"#0","tintindex":0}},"to":[9.8,7.41818,9.81636],"from":[6.2,7.01818,6.21636],"rotation":{"angle":0,"axis":"y","origin":[11.2,10.41818,11.21636]}},{"faces":{"north":{"uv":[0,0,4.5,5.5],"texture":"#0","tintindex":0},"east":{"uv":[0,5.5,0.5,11],"texture":"#0","tintindex":0},"south":{"uv":[0,0,4.5,5.5],"texture":"#0","tintindex":0},"west":{"uv":[0.5,5.5,0,11],"texture":"#0","tintindex":0},"up":{"uv":[5.125,6,0.625,5.5],"texture":"#0","tintindex":0},"down":{"uv":[9.625,5.5,5.125,6],"texture":"#0","tintindex":0}},"to":[9.8,7.01818,10.21636],"from":[6.2,2.61818,9.81636],"rotation":{"angle":0,"axis":"y","origin":[8,4.81818,10.01636]}},{"faces":{"north":{"uv":[0,0,4.5,5.5],"texture":"#0","tintindex":0},"east":{"uv":[0.5,5.5,0,11],"texture":"#0","tintindex":0},"south":{"uv":[4.5,0,0,5.5],"texture":"#0","tintindex":0},"west":{"uv":[0,5.5,0.5,11],"texture":"#0","tintindex":0},"up":{"uv":[5.125,5.5,0.625,6],"texture":"#0","tintindex":0},"down":{"uv":[9.625,6,5.125,5.5],"texture":"#0","tintindex":0}},"to":[9.8,7.01818,6.21636],"from":[6.2,2.61818,5.81636],"rotation":{"angle":0,"axis":"y","origin":[8,4.81818,6.01636]}},{"faces":{"north":{"uv":[0,5.5,0.5,11],"texture":"#0","tintindex":0},"east":{"uv":[4.5,0,0,5.5],"texture":"#0","tintindex":0},"south":{"uv":[0.5,5.5,0,11],"texture":"#0","tintindex":0},"west":{"uv":[4.5,0,0,5.5],"texture":"#0","tintindex":0},"up":{"uv":[5.125,5.5,0.625,6],"rotation":90,"texture":"#0","tintindex":0},"down":{"uv":[9.625,6,5.125,5.5],"rotation":270,"texture":"#0","tintindex":0}},"to":[10.2,7.01818,9.81636],"from":[9.8,2.61818,6.21636],"rotation":{"angle":0,"axis":"y","origin":[10,4.81818,8.01636]}},{"faces":{"north":{"uv":[0.5,5.5,0,11],"texture":"#0","tintindex":0},"east":{"uv":[0,0,4.5,5.5],"texture":"#0","tintindex":0},"south":{"uv":[0,5.5,0.5,11],"texture":"#0","tintindex":0},"west":{"uv":[0,0,4.5,5.5],"texture":"#0","tintindex":0},"up":{"uv":[5.125,6,0.625,5.5],"rotation":90,"texture":"#0","tintindex":0},"down":{"uv":[9.625,5.5,5.125,6],"rotation":270,"texture":"#0","tintindex":0}},"to":[6.2,7.01818,9.81636],"from":[5.8,2.61818,6.21636],"rotation":{"angle":0,"axis":"y","origin":[6,4.81818,8.01636]}},{"faces":{"north":{"uv":[0.5,6.5,5,6],"texture":"#0","tintindex":0},"east":{"uv":[5.5,11,5,6.5],"rotation":90,"texture":"#0","tintindex":0},"south":{"uv":[5,6.5,0.5,6],"texture":"#0","tintindex":0},"west":{"uv":[5.5,11,5,6.5],"rotation":90,"texture":"#0","tintindex":0},"up":{"uv":[5,11,0.5,6.5],"texture":"#0","tintindex":0},"down":{"uv":[5,11,0.5,6.5],"texture":"#0","tintindex":0}},"to":[9.8,2.61818,9.81636],"from":[6.2,2.21818,6.21636],"rotation":{"angle":0,"axis":"y","origin":[8,2.41818,8.01636]}},{"faces":{"north":{"uv":[4,15,4.5,16],"rotation":90,"texture":"#1","tintindex":0},"east":{"uv":[4.5,15,5,15.75],"rotation":90,"texture":"#1","tintindex":0},"south":{"uv":[4.5,16,4,15],"rotation":270,"texture":"#1","tintindex":0},"west":{"uv":[4.5,15,5,15.75],"rotation":90,"texture":"#1","tintindex":0},"up":{"uv":[3.25,15,4,16],"rotation":270,"texture":"#1","tintindex":0},"down":{"uv":[2.5,15,3.25,16],"rotation":270,"texture":"#1","tintindex":0}},"to":[8.4,2.21818,8.29636],"from":[7.6,1.81818,7.69636],"rotation":{"angle":0,"axis":"y","origin":[8,2.01818,7.99636]}},{"faces":{"north":{"uv":[0,0,0,9],"texture":"#6","tintindex":0},"east":{"uv":[0,0,6,9],"texture":"#6","tintindex":0},"south":{"uv":[0,0,0,9],"texture":"#6","tintindex":0},"west":{"uv":[6,0,0,9],"texture":"#6","tintindex":0},"up":{"uv":[6.5,0,0,0],"rotation":270,"texture":"#6","tintindex":0},"down":{"uv":[6.5,0,0,0],"rotation":90,"texture":"#6","tintindex":0}},"to":[10.4,7.81818,9.17636],"from":[10.4,4.21818,6.77636],"rotation":{"angle":0,"axis":"y","origin":[10.4,6.01818,7.97636]}},{"faces":{"north":{"uv":[0,0,0,9],"texture":"#6","tintindex":0},"east":{"uv":[0,0,6,9],"texture":"#6","tintindex":0},"south":{"uv":[0,0,0,9],"texture":"#6","tintindex":0},"west":{"uv":[6,0,0,9],"texture":"#6","tintindex":0},"up":{"uv":[6.5,0,0,0],"rotation":270,"texture":"#6","tintindex":0},"down":{"uv":[6.5,0,0,0],"rotation":90,"texture":"#6","tintindex":0}},"to":[5.6,7.81818,9.17636],"from":[5.6,4.21818,6.77636],"rotation":{"angle":0,"axis":"y","origin":[5.6,6.01818,7.97636]}},{"faces":{"north":{"uv":[6,0,0,9],"texture":"#6","tintindex":0},"east":{"uv":[0,0,0,9],"texture":"#6","tintindex":0},"south":{"uv":[0,0,6,9],"texture":"#6","tintindex":0},"west":{"uv":[0,0,0,9],"texture":"#6","tintindex":0},"up":{"uv":[6.5,0,0,0],"texture":"#6","tintindex":0},"down":{"uv":[6.5,0,0,0],"texture":"#6","tintindex":0}},"to":[9.2,7.81818,10.37636],"from":[6.8,4.21818,10.37636],"rotation":{"angle":0,"axis":"y","origin":[8,6.01818,10.37636]}},{"faces":{"north":{"uv":[6,0,0,9],"texture":"#6","tintindex":0},"east":{"uv":[0,0,0,9],"texture":"#6","tintindex":0},"south":{"uv":[0,0,6,9],"texture":"#6","tintindex":0},"west":{"uv":[0,0,0,9],"texture":"#6","tintindex":0},"up":{"uv":[6.5,0,0,0],"texture":"#6","tintindex":0},"down":{"uv":[6.5,0,0,0],"texture":"#6","tintindex":0}},"to":[9.2,7.81818,5.57636],"from":[6.8,4.21818,5.57636],"rotation":{"angle":0,"axis":"y","origin":[8,6.01818,5.57636]}}],"display":{"head":{"translation":[0,5.6,0],"scale":[4,4,4],"rotation":[0,0,0]}},"mcmodels":"e970e2732092479c1b2f8604fdee17db"}