{"textures":{"0":"modelengine:block/vfx_flame_shot_1"},"elements":[{"from":[5.0,5.0,5.0],"to":[11.0,11.0,11.0],"faces":{"east":{"uv":[9.0,4.5,12.0,7.5],"tintindex":0,"rotation":0,"texture":"#0"},"south":{"uv":[8.0,9.0,11.0,12.0],"tintindex":0,"rotation":0,"texture":"#0"},"north":{"uv":[4.5,9.0,7.5,12.0],"tintindex":0,"rotation":0,"texture":"#0"},"west":{"uv":[11.5,8.0,14.5,11.0],"tintindex":0,"rotation":0,"texture":"#0"},"up":{"uv":[14.5,14.5,11.5,11.5],"tintindex":0,"rotation":0,"texture":"#0"},"down":{"uv":[7.5,12.5,4.5,15.5],"tintindex":0,"rotation":0,"texture":"#0"}}}],"display":{"head":{"rotation":[0.0,0.0,0.0]},"firstperson_righthand":{"rotation":[0.0,0.0,0.0]},"thirdperson_lefthand":{"rotation":[0.0,-0.0,-0.0]},"firstperson_lefthand":{"rotation":[0.0,-0.0,-0.0]},"fixed":{"rotation":[0.0,0.0,0.0]},"ground":{"rotation":[0.0,0.0,0.0]},"thirdperson_righthand":{"rotation":[0.0,0.0,0.0]},"gui":{"rotation":[-150.0,-75.0,-180.0]}}}