{"textures":{"0":"modelengine:block/echo_enshrouder"},"elements":[{"from":[5.0,-6.0,6.0],"to":[8.0,10.0,10.0],"faces":{"east":{"uv":[1.5,5.625,1.0,7.625],"tintindex":0,"rotation":0,"texture":"#0"},"south":{"uv":[2.25,6.875,1.875,8.875],"tintindex":0,"rotation":0,"texture":"#0"},"north":{"uv":[1.875,6.875,1.5,8.875],"tintindex":0,"rotation":0,"texture":"#0"},"west":{"uv":[4.125,5.5,3.625,7.5],"tintindex":0,"rotation":0,"texture":"#0"},"up":{"uv":[5.5,9.875,5.875,9.375],"tintindex":0,"rotation":0,"texture":"#0"},"down":{"uv":[9.375,8.0,9.75,8.5],"tintindex":0,"rotation":0,"texture":"#0"}}}],"display":{"head":{"rotation":[0.0,0.0,0.0]},"firstperson_righthand":{"rotation":[0.0,0.0,0.0]},"thirdperson_lefthand":{"rotation":[0.0,-0.0,-0.0]},"firstperson_lefthand":{"rotation":[0.0,-0.0,-0.0]},"fixed":{"rotation":[0.0,0.0,0.0]},"ground":{"rotation":[0.0,0.0,0.0]},"thirdperson_righthand":{"rotation":[0.0,0.0,0.0]},"gui":{"rotation":[-150.0,-75.0,-180.0]}}}