{"textures":{"0":"modelengine:block/echo_enshrouder"},"elements":[{"from":[7.0,-3.0,5.0],"to":[9.0,8.0,8.0],"faces":{"east":{"uv":[8.625,0.75,8.25,2.125],"tintindex":0,"rotation":0,"texture":"#0"},"south":{"uv":[3.5,9.125,3.25,10.5],"tintindex":0,"rotation":0,"texture":"#0"},"north":{"uv":[1.0,9.125,0.75,10.5],"tintindex":0,"rotation":0,"texture":"#0"},"west":{"uv":[8.25,7.875,7.875,9.25],"tintindex":0,"rotation":0,"texture":"#0"},"up":{"uv":[8.5,10.5,8.75,10.125],"tintindex":0,"rotation":0,"texture":"#0"},"down":{"uv":[10.25,1.5,10.5,1.875],"tintindex":0,"rotation":0,"texture":"#0"}}}],"display":{"head":{"rotation":[0.0,0.0,0.0]},"firstperson_righthand":{"rotation":[0.0,0.0,0.0]},"thirdperson_lefthand":{"rotation":[0.0,-0.0,-0.0]},"firstperson_lefthand":{"rotation":[0.0,-0.0,-0.0]},"fixed":{"rotation":[0.0,0.0,0.0]},"ground":{"rotation":[0.0,0.0,0.0]},"thirdperson_righthand":{"rotation":[0.0,0.0,0.0]},"gui":{"rotation":[-150.0,-75.0,-180.0]}}}