{"textures":{"0":"modelengine:block/echo_enshrouder"},"elements":[{"from":[7.0,6.0,11.0],"to":[9.0,10.0,17.0],"faces":{"east":{"uv":[5.875,8.875,5.125,9.375],"tintindex":0,"rotation":0,"texture":"#0"},"south":{"uv":[1.625,9.875,1.375,10.375],"tintindex":0,"rotation":0,"texture":"#0"},"north":{"uv":[10.0,9.5,9.75,10.0],"tintindex":0,"rotation":0,"texture":"#0"},"west":{"uv":[9.5,6.875,8.75,7.375],"tintindex":0,"rotation":0,"texture":"#0"},"up":{"uv":[3.75,10.375,4.0,9.625],"tintindex":0,"rotation":0,"texture":"#0"},"down":{"uv":[7.5,9.625,7.75,10.375],"tintindex":0,"rotation":0,"texture":"#0"}}},{"from":[6.0,7.0,7.0],"to":[10.0,9.0,13.0],"faces":{"east":{"uv":[9.25,9.625,8.5,9.875],"tintindex":0,"rotation":0,"texture":"#0"},"south":{"uv":[10.375,6.0,9.875,6.25],"tintindex":0,"rotation":0,"texture":"#0"},"north":{"uv":[2.125,9.875,1.625,10.125],"tintindex":0,"rotation":0,"texture":"#0"},"west":{"uv":[8.5,9.625,7.75,9.875],"tintindex":0,"rotation":0,"texture":"#0"},"up":{"uv":[8.875,8.625,9.375,7.875],"tintindex":0,"rotation":0,"texture":"#0"},"down":{"uv":[0.0,9.0,0.5,9.75],"tintindex":0,"rotation":0,"texture":"#0"}}}],"display":{"head":{"rotation":[0.0,0.0,0.0]},"firstperson_righthand":{"rotation":[0.0,0.0,0.0]},"thirdperson_lefthand":{"rotation":[0.0,-0.0,-0.0]},"firstperson_lefthand":{"rotation":[0.0,-0.0,-0.0]},"fixed":{"rotation":[0.0,0.0,0.0]},"ground":{"rotation":[0.0,0.0,0.0]},"thirdperson_righthand":{"rotation":[0.0,0.0,0.0]},"gui":{"rotation":[-150.0,-75.0,-180.0]}}}