{"textures":{"0":"modelengine:block/echo_enshrouder"},"elements":[{"from":[9.525,6.0,11.5],"to":[9.525,9.0,16.5],"faces":{"east":{"uv":[10.0,4.375,9.375,4.75],"tintindex":0,"rotation":0,"texture":"#0"},"west":{"uv":[9.375,4.375,10.0,4.75],"tintindex":0,"rotation":0,"texture":"#0"}},"rotation":{"origin":[9.0,6.0,11.5],"angle":-22.5,"axis":"x"}},{"from":[6.475,6.0,11.5],"to":[6.475,9.0,16.5],"faces":{"east":{"uv":[10.0,4.375,9.375,4.75],"tintindex":0,"rotation":0,"texture":"#0"},"west":{"uv":[9.375,4.375,10.0,4.75],"tintindex":0,"rotation":0,"texture":"#0"}},"rotation":{"origin":[9.0,6.0,11.5],"angle":-22.5,"axis":"x"}},{"from":[8.0,6.0,11.5],"to":[8.0,9.0,16.5],"faces":{"east":{"uv":[10.0,4.375,9.375,4.75],"tintindex":0,"rotation":0,"texture":"#0"},"west":{"uv":[9.375,4.375,10.0,4.75],"tintindex":0,"rotation":0,"texture":"#0"}},"rotation":{"origin":[9.0,6.0,11.5],"angle":-22.5,"axis":"x"}},{"from":[6.5,6.0,6.5],"to":[9.5,8.0,11.5],"faces":{"east":{"uv":[9.75,3.375,10.375,3.625],"tintindex":0,"rotation":0,"texture":"#0"},"south":{"uv":[10.25,1.875,10.625,2.125],"tintindex":0,"rotation":0,"texture":"#0"},"north":{"uv":[10.125,7.75,10.5,8.0],"tintindex":0,"rotation":0,"texture":"#0"},"west":{"uv":[9.75,3.875,10.375,4.125],"tintindex":0,"rotation":0,"texture":"#0"},"up":{"uv":[1.375,10.0,1.0,9.375],"tintindex":0,"rotation":0,"texture":"#0"},"down":{"uv":[5.5,9.375,5.125,10.0],"tintindex":0,"rotation":0,"texture":"#0"}}}],"display":{"head":{"rotation":[0.0,0.0,0.0]},"firstperson_righthand":{"rotation":[0.0,0.0,0.0]},"thirdperson_lefthand":{"rotation":[0.0,-0.0,-0.0]},"firstperson_lefthand":{"rotation":[0.0,-0.0,-0.0]},"fixed":{"rotation":[0.0,0.0,0.0]},"ground":{"rotation":[0.0,0.0,0.0]},"thirdperson_righthand":{"rotation":[0.0,0.0,0.0]},"gui":{"rotation":[-150.0,-75.0,-180.0]}}}