{"textures":{"0":"modelengine:block/echo_enshrouder"},"elements":[{"from":[6.5,0.0,6.0],"to":[9.5,8.0,10.0],"faces":{"east":{"uv":[2.75,8.25,3.25,9.25],"tintindex":0,"rotation":0,"texture":"#0"},"south":{"uv":[8.625,0.625,9.0,1.625],"tintindex":0,"rotation":0,"texture":"#0"},"north":{"uv":[8.5,4.375,8.875,5.375],"tintindex":0,"rotation":0,"texture":"#0"},"west":{"uv":[4.25,8.25,4.75,9.25],"tintindex":0,"rotation":0,"texture":"#0"},"up":{"uv":[9.875,6.5,9.5,6.0],"tintindex":0,"rotation":0,"texture":"#0"},"down":{"uv":[9.875,6.5,9.5,7.0],"tintindex":0,"rotation":0,"texture":"#0"}}}],"display":{"head":{"rotation":[0.0,0.0,0.0]},"firstperson_righthand":{"rotation":[0.0,0.0,0.0]},"thirdperson_lefthand":{"rotation":[0.0,-0.0,-0.0]},"firstperson_lefthand":{"rotation":[0.0,-0.0,-0.0]},"fixed":{"rotation":[0.0,0.0,0.0]},"ground":{"rotation":[0.0,0.0,0.0]},"thirdperson_righthand":{"rotation":[0.0,0.0,0.0]},"gui":{"rotation":[-150.0,-75.0,-180.0]}}}