{"textures":{"0":"modelengine:block/echo_enshrouder"},"elements":[{"from":[7.0,6.0,7.0],"to":[9.0,8.0,10.0],"faces":{"east":{"uv":[10.0,9.75,10.375,10.0],"tintindex":0,"rotation":0,"texture":"#0"},"south":{"uv":[10.25,5.125,10.5,5.375],"tintindex":0,"rotation":0,"texture":"#0"},"north":{"uv":[10.25,4.875,10.5,5.125],"tintindex":0,"rotation":0,"texture":"#0"},"west":{"uv":[10.0,10.0,10.375,10.25],"tintindex":0,"rotation":0,"texture":"#0"},"up":{"uv":[1.875,10.5,1.625,10.125],"tintindex":0,"rotation":0,"texture":"#0"},"down":{"uv":[2.125,10.125,1.875,10.5],"tintindex":0,"rotation":0,"texture":"#0"}}},{"from":[7.0,3.0,7.0],"to":[9.0,6.0,9.0],"faces":{"east":{"uv":[6.75,10.0,7.0,10.375],"tintindex":0,"rotation":0,"texture":"#0"},"south":{"uv":[7.0,10.0,7.25,10.375],"tintindex":0,"rotation":0,"texture":"#0"},"north":{"uv":[10.0,5.125,10.25,5.5],"tintindex":0,"rotation":0,"texture":"#0"},"west":{"uv":[10.0,8.5,10.25,8.875],"tintindex":0,"rotation":0,"texture":"#0"},"up":{"uv":[10.5,4.625,10.25,4.375],"tintindex":0,"rotation":0,"texture":"#0"},"down":{"uv":[4.875,10.25,4.625,10.5],"tintindex":0,"rotation":0,"texture":"#0"}}}],"display":{"head":{"rotation":[0.0,0.0,0.0]},"firstperson_righthand":{"rotation":[0.0,0.0,0.0]},"thirdperson_lefthand":{"rotation":[0.0,-0.0,-0.0]},"firstperson_lefthand":{"rotation":[0.0,-0.0,-0.0]},"fixed":{"rotation":[0.0,0.0,0.0]},"ground":{"rotation":[0.0,0.0,0.0]},"thirdperson_righthand":{"rotation":[0.0,0.0,0.0]},"gui":{"rotation":[-150.0,-75.0,-180.0]}}}