{"credit":"Made by samus2002","textures":{"2":"rpg_mobs_goblins:rpg_mobs_goblins_texture/goblin_archer_extra"},"elements":[{"name":"left_arm","from":[7,6.05395,-1.54172],"to":[9,9.05395,16.45828],"rotation":{"angle":0,"axis":"y","origin":[8,8,8]},"faces":{"north":{"uv":[7.75,2.625,7.5,3],"rotation":180,"texture":"#2"},"east":{"uv":[1.5,2,1.875,4.25],"rotation":270,"texture":"#2"},"south":{"uv":[1.875,7.875,1.625,7.5],"texture":"#2"},"west":{"uv":[2,2,2.375,4.25],"rotation":90,"texture":"#2"},"up":{"uv":[1,2.125,1.25,4.375],"rotation":180,"texture":"#2"},"down":{"uv":[2.5,2.75,2.75,5],"texture":"#2"}}},{"name":"left_arm","from":[0,6.07895,0.45828],"to":[7,9.07895,2.45828],"rotation":{"angle":0,"axis":"y","origin":[8,8,8]},"faces":{"north":{"uv":[5.125,1.25,4.25,1.625],"rotation":180,"texture":"#2"},"east":{"uv":[7.5,4.5,7.875,4.75],"rotation":270,"texture":"#2"},"south":{"uv":[5.125,1.125,4.25,0.75],"texture":"#2"},"west":{"uv":[7.5,4.875,7.875,5.125],"rotation":90,"texture":"#2"},"up":{"uv":[6.75,3.125,7.625,3.375],"rotation":180,"texture":"#2"},"down":{"uv":[6.75,3.5,7.625,3.75],"texture":"#2"}}},{"name":"right_arm","from":[8.32406,7.05395,-2.98965],"to":[18.32406,9.05395,-0.98965],"rotation":{"angle":-45,"axis":"y","origin":[8,8,8]},"faces":{"north":{"uv":[6.5,0.5,5.25,0.75],"rotation":180,"texture":"#2"},"east":{"uv":[7.75,3.5,8,3.75],"rotation":270,"texture":"#2"},"south":{"uv":[6.375,5.25,5.125,5],"texture":"#2"},"west":{"uv":[7.875,0,8.125,0.25],"rotation":90,"texture":"#2"},"up":{"uv":[5.125,4.25,6.375,4.5],"rotation":180,"texture":"#2"},"down":{"uv":[5.125,4.625,6.375,4.875],"texture":"#2"}}},{"name":"right_arm","from":[9,6.07895,0.45828],"to":[16,9.07895,2.45828],"rotation":{"angle":0,"axis":"y","origin":[8,8,8]},"faces":{"north":{"uv":[5.25,2.75,4.375,3.125],"rotation":180,"texture":"#2"},"east":{"uv":[7.5,6.5,7.875,6.75],"rotation":270,"texture":"#2"},"south":{"uv":[2.25,4.75,1.375,4.375],"texture":"#2"},"west":{"uv":[7.5,6.875,7.875,7.125],"rotation":90,"texture":"#2"},"up":{"uv":[6.875,1.625,7.75,1.875],"rotation":180,"texture":"#2"},"down":{"uv":[6.875,2,7.75,2.25],"texture":"#2"}}},{"name":"left_arm","from":[7,9.05395,11.45828],"to":[9,11.05395,14.45828],"rotation":{"angle":0,"axis":"y","origin":[8,8,8]},"faces":{"north":{"uv":[8.125,1.25,7.875,1.5],"rotation":180,"texture":"#2"},"east":{"uv":[2,7.625,2.25,8],"rotation":270,"texture":"#2"},"south":{"uv":[8.125,1.125,7.875,0.875],"texture":"#2"},"west":{"uv":[5.125,7.625,5.375,8],"rotation":90,"texture":"#2"},"up":{"uv":[7.5,7.25,7.75,7.625],"rotation":180,"texture":"#2"},"down":{"uv":[7.625,3.875,7.875,4.25],"texture":"#2"}}},{"name":"right_arm","from":[16.32406,7.05395,-7.98965],"to":[18.32406,9.05395,-2.98965],"rotation":{"angle":-45,"axis":"y","origin":[8,8,8]},"faces":{"north":{"uv":[8.125,2,7.875,2.25],"rotation":180,"texture":"#2"},"east":{"uv":[1.875,5.375,2.125,6],"rotation":270,"texture":"#2"},"south":{"uv":[8.125,1.875,7.875,1.625],"texture":"#2"},"west":{"uv":[7.125,4.5,7.375,5.125],"rotation":90,"texture":"#2"},"up":{"uv":[4.25,5,4.5,5.625],"rotation":180,"texture":"#2"},"down":{"uv":[4,7.125,4.25,7.75],"texture":"#2"}}},{"name":"right_arm","from":[14.32406,6.55395,-3.48965],"to":[15.32406,9.55395,-0.48965],"rotation":{"angle":-45,"axis":"y","origin":[8,8,8]},"faces":{"north":{"uv":[0.625,6,0.5,6.375],"rotation":180,"texture":"#2"},"east":{"uv":[5.875,7.25,6.25,7.625],"rotation":270,"texture":"#2"},"south":{"uv":[0.625,5.875,0.5,5.5],"texture":"#2"},"west":{"uv":[6.375,7.25,6.75,7.625],"rotation":90,"texture":"#2"},"up":{"uv":[4.375,3.25,4.5,3.625],"rotation":180,"texture":"#2"},"down":{"uv":[0.5,5,0.625,5.375],"texture":"#2"}}},{"name":"left_arm","from":[7.025,9.21057,15.41111],"to":[8.975,12.21057,24.41111],"rotation":{"angle":22.5,"axis":"x","origin":[8,8,8]},"faces":{"north":{"uv":[0.25,7.75,0,8.125],"rotation":180,"texture":"#2"},"east":{"uv":[3.625,3.75,4,4.875],"rotation":270,"texture":"#2"},"south":{"uv":[5.75,8,5.5,7.625],"texture":"#2"},"west":{"uv":[4.125,3.75,4.5,4.875],"rotation":90,"texture":"#2"},"up":{"uv":[2.5,5.125,2.75,6.25],"rotation":180,"texture":"#2"},"down":{"uv":[4.5,6,4.75,7.125],"texture":"#2"}}},{"name":"left_arm","from":[7.5,9.05395,-3.54172],"to":[8.5,10.05395,17.45828],"rotation":{"angle":0,"axis":"y","origin":[8,8,8]},"faces":{"north":{"uv":[4.875,0.5,4.75,0.625],"rotation":180,"texture":"#2"},"east":{"uv":[1,4.5,1.125,7.125],"rotation":270,"texture":"#2"},"south":{"uv":[3.5,1.875,3.375,1.75],"texture":"#2"},"west":{"uv":[2.875,4.75,3,7.375],"rotation":90,"texture":"#2"},"up":{"uv":[0.75,4.25,0.875,6.875],"rotation":180,"texture":"#2"},"down":{"uv":[4.625,3.25,4.75,5.875],"texture":"#2"}}},{"name":"left_arm","from":[5.5,9.55395,-7.54172],"to":[10.5,9.55395,-0.54172],"rotation":{"angle":0,"axis":"y","origin":[8,8,8]},"faces":{"north":{"uv":[8.625,3.875,8,3.875],"rotation":180,"texture":"#2"},"east":{"uv":[1,8,1,8.875],"rotation":270,"texture":"#2"},"south":{"uv":[8.5,6,7.875,6],"texture":"#2"},"west":{"uv":[1.125,8,1.125,8.875],"rotation":90,"texture":"#2"},"up":{"uv":[3.5,0.75,4.125,1.625],"rotation":180,"texture":"#2"},"down":{"uv":[4.125,0.75,3.5,1.625],"texture":"#2"}}},{"name":"left_arm","from":[5.5,9.57895,13.45828],"to":[10.5,9.57895,20.45828],"rotation":{"angle":0,"axis":"y","origin":[8,8,8]},"faces":{"north":{"uv":[6.125,2.625,5.5,2.625],"rotation":180,"texture":"#2"},"east":{"uv":[1.375,2.625,1.375,3.5],"rotation":270,"texture":"#2"},"south":{"uv":[6.125,2.25,5.5,2.25],"texture":"#2"},"west":{"uv":[2.375,7.625,2.375,8.5],"rotation":90,"texture":"#2"},"up":{"uv":[2.75,0.75,3.375,1.625],"rotation":180,"texture":"#2"},"down":{"uv":[3.375,0.75,2.75,1.625],"texture":"#2"}}},{"name":"left_arm","from":[0.67594,6.55395,-3.48965],"to":[1.67594,9.55395,-0.48965],"rotation":{"angle":45,"axis":"y","origin":[8,8,8]},"faces":{"north":{"uv":[8.125,0.375,8,0.75],"rotation":180,"texture":"#2"},"east":{"uv":[7.375,0.875,7.75,1.25],"rotation":270,"texture":"#2"},"south":{"uv":[3,7.875,2.875,7.5],"texture":"#2"},"west":{"uv":[7.375,5.625,7.75,6],"rotation":90,"texture":"#2"},"up":{"uv":[2,6.125,2.125,6.5],"rotation":180,"texture":"#2"},"down":{"uv":[0.5,6.5,0.625,6.875],"texture":"#2"}}},{"name":"left_arm","from":[-2.32406,7.05395,-7.98965],"to":[-0.32406,9.05395,-2.98965],"rotation":{"angle":45,"axis":"y","origin":[8,8,8]},"faces":{"north":{"uv":[8.125,2.75,7.875,3],"rotation":180,"texture":"#2"},"east":{"uv":[0.875,7.25,1.125,7.875],"rotation":270,"texture":"#2"},"south":{"uv":[8.125,2.625,7.875,2.375],"texture":"#2"},"west":{"uv":[4.75,7.25,5,7.875],"rotation":90,"texture":"#2"},"up":{"uv":[7.125,6.625,7.375,7.25],"rotation":180,"texture":"#2"},"down":{"uv":[4.375,7.25,4.625,7.875],"texture":"#2"}}},{"name":"left_arm","from":[-2.32406,7.05395,-2.98965],"to":[7.67594,9.05395,-0.98965],"rotation":{"angle":45,"axis":"y","origin":[8,8,8]},"faces":{"north":{"uv":[6.625,3.125,5.375,3.375],"rotation":180,"texture":"#2"},"east":{"uv":[4,7.875,4.25,8.125],"rotation":270,"texture":"#2"},"south":{"uv":[6.625,3,5.375,2.75],"texture":"#2"},"west":{"uv":[7.875,5.625,8.125,5.875],"rotation":90,"texture":"#2"},"up":{"uv":[5.25,0.875,6.5,1.125],"rotation":180,"texture":"#2"},"down":{"uv":[5.25,1.25,6.5,1.5],"texture":"#2"}}},{"name":"left_arm","from":[-3.13496,9.52795,6.14071],"to":[7.99004,9.52795,7.14071],"rotation":{"angle":0,"axis":"y","origin":[4.74004,9.52795,6.64071]},"faces":{"north":{"uv":[10,4.125,8,4.125],"rotation":180,"texture":"#2"},"east":{"uv":[1.375,3.625,1.375,3.75],"rotation":270,"texture":"#2"},"south":{"uv":[10,4,8,4],"texture":"#2"},"west":{"uv":[3.625,1.75,3.625,1.875],"rotation":90,"texture":"#2"},"up":{"uv":[5.75,0.25,7.75,0.375],"rotation":180,"texture":"#2"},"down":{"uv":[7.75,0.25,5.75,0.375],"texture":"#2"}}},{"name":"right_arm","from":[8.00996,9.52795,6.14071],"to":[19.13496,9.52795,7.14071],"rotation":{"angle":0,"axis":"y","origin":[11.25996,9.52795,6.64071]},"faces":{"north":{"uv":[8,4.125,10,4.125],"rotation":180,"texture":"#2"},"east":{"uv":[3.625,1.875,3.625,1.75],"rotation":90,"texture":"#2"},"south":{"uv":[8,4,10,4],"texture":"#2"},"west":{"uv":[1.375,3.75,1.375,3.625],"rotation":270,"texture":"#2"},"up":{"uv":[7.75,0.25,5.75,0.375],"rotation":180,"texture":"#2"},"down":{"uv":[5.75,0.25,7.75,0.375],"texture":"#2"}}}],"gui_light":"front","display":{"thirdperson_righthand":{"translation":[0,1,-3.5],"scale":[0.8,0.8,0.8]},"thirdperson_lefthand":{"translation":[0,1,-3.5],"scale":[0.8,0.8,0.8]},"firstperson_righthand":{"rotation":[5,5,0],"translation":[-2.25,-0.75,-0.75],"scale":[0.8,0.8,0.8]},"firstperson_lefthand":{"rotation":[5,5,0],"translation":[-2.25,-0.75,-0.75],"scale":[0.8,0.8,0.8]},"ground":{"rotation":[20,0,0],"translation":[0,4.75,0],"scale":[0.7,0.7,0.7]},"gui":{"rotation":[-90,135,180],"translation":[0.25,-0.25,0],"scale":[0.45,0.45,0.45]},"fixed":{"rotation":[-90,-135,0],"translation":[-1.5,-1.5,0],"scale":[0.6,0.6,0.6]}},"groups":[{"name":"crossbow","origin":[7.73529,17.83961,9.12899],"color":0,"children":[0,1,2,3,4,5,6,7,{"name":"arrow","origin":[8,6.62495,6.43772],"color":0,"children":[8,9,10]},11,12,13,14,15]}],"mcmodels":"fd60f1437b4bc213af7050f0a3949365"}