{"textures":{"0":"modelengine:block/nm_monkey_brown_texture"},"elements":[{"from":[7.0,4.0,7.0],"to":[9.0,8.0,9.0],"faces":{"east":{"uv":[0.5,8.25,0.0,9.25],"tintindex":0,"rotation":0,"texture":"#0"},"south":{"uv":[8.5,8.0,8.0,9.0],"tintindex":0,"rotation":0,"texture":"#0"},"north":{"uv":[5.0,7.75,4.5,8.75],"tintindex":0,"rotation":0,"texture":"#0"},"west":{"uv":[7.75,8.0,7.25,9.0],"tintindex":0,"rotation":0,"texture":"#0"},"up":{"uv":[8.25,1.25,8.75,0.75],"tintindex":0,"rotation":0,"texture":"#0"},"down":{"uv":[1.5,8.25,2.0,8.75],"tintindex":0,"rotation":0,"texture":"#0"}}}],"display":{"head":{"rotation":[0.0,0.0,0.0]},"firstperson_righthand":{"rotation":[0.0,0.0,0.0]},"thirdperson_lefthand":{"rotation":[0.0,-0.0,-0.0]},"firstperson_lefthand":{"rotation":[0.0,-0.0,-0.0]},"fixed":{"rotation":[0.0,0.0,0.0]},"ground":{"rotation":[0.0,0.0,0.0]},"thirdperson_righthand":{"rotation":[0.0,0.0,0.0]},"gui":{"rotation":[-150.0,-75.0,-180.0]}}}