{"textures":{"0":"modelengine:entity/em_cklightsword","2":"modelengine:entity/em_cklightaura"},"elements":[{"from":[-4.674999,7.8807383,2.401833],"to":[19.825,8.130738,9.901833],"faces":{"up":{"uv":[6.0,1.75,9.75,14.0],"tintindex":0,"rotation":270,"texture":"#2"},"down":{"uv":[6.0,1.75,9.75,14.0],"tintindex":0,"rotation":270,"texture":"#2"}}},{"from":[-4.674999,8.005738,2.401833],"to":[19.825,8.005738,9.901833],"faces":{"up":{"uv":[6.0,1.75,9.75,14.0],"tintindex":0,"rotation":270,"texture":"#0"},"down":{"uv":[6.0,1.75,9.75,14.0],"tintindex":0,"rotation":270,"texture":"#0"}}}],"display":{"head":{"rotation":[0.0,0.0,0.0]},"firstperson_righthand":{"rotation":[0.0,0.0,0.0]},"thirdperson_lefthand":{"rotation":[0.0,-0.0,-0.0]},"firstperson_lefthand":{"rotation":[0.0,-0.0,-0.0]},"fixed":{"rotation":[0.0,0.0,0.0]},"ground":{"rotation":[0.0,0.0,0.0]},"thirdperson_righthand":{"rotation":[0.0,0.0,0.0]},"gui":{"rotation":[-150.0,-75.0,-180.0]}}}