{"textures":{"0":"modelengine:entity/babyyoda"},"elements":[{"from":[7.5,2.0,6.5],"to":[10.5,9.0,9.5],"faces":{"east":{"uv":[7.25,2.25,6.5,4.0],"tintindex":0,"rotation":0,"texture":"#0"},"south":{"uv":[5.75,2.25,6.5,4.0],"tintindex":0,"rotation":0,"texture":"#0"},"north":{"uv":[6.5,2.25,5.75,4.0],"tintindex":0,"rotation":0,"texture":"#0"},"west":{"uv":[5.75,4.0,6.5,5.75],"tintindex":0,"rotation":0,"texture":"#0"},"up":{"uv":[6.75,4.25,7.5,5.0],"tintindex":0,"rotation":0,"texture":"#0"},"down":{"uv":[6.75,5.25,7.5,6.0],"tintindex":0,"rotation":0,"texture":"#0"}}},{"from":[7.25,1.75,6.25],"to":[10.75,9.25,9.75],"faces":{"east":{"uv":[7.25,6.25,6.5,8.0],"tintindex":0,"rotation":0,"texture":"#0"},"south":{"uv":[5.75,6.25,6.5,8.0],"tintindex":0,"rotation":0,"texture":"#0"},"north":{"uv":[6.5,6.25,5.75,8.0],"tintindex":0,"rotation":0,"texture":"#0"},"west":{"uv":[5.75,8.0,6.5,9.75],"tintindex":0,"rotation":0,"texture":"#0"},"up":{"uv":[6.75,4.25,7.5,5.0],"tintindex":0,"rotation":0,"texture":"#0"},"down":{"uv":[5.5,4.25,5.75,4.5],"tintindex":0,"rotation":0,"texture":"#0"}}}],"display":{"head":{"rotation":[0.0,0.0,0.0]},"firstperson_righthand":{"rotation":[0.0,0.0,0.0]},"thirdperson_lefthand":{"rotation":[0.0,-0.0,-0.0]},"firstperson_lefthand":{"rotation":[0.0,-0.0,-0.0]},"fixed":{"rotation":[0.0,0.0,0.0]},"ground":{"rotation":[0.0,0.0,0.0]},"thirdperson_righthand":{"rotation":[0.0,0.0,0.0]},"gui":{"rotation":[-150.0,-75.0,-180.0]}}}