{"textures":{"0":"modelengine:entity/babyyoda"},"elements":[{"from":[2.5,8.0,3.4],"to":[13.5,11.0,11.4],"faces":{"east":{"uv":[4.75,1.0,2.75,1.75],"tintindex":0,"rotation":0,"texture":"#0"},"south":{"uv":[0.0,1.75,2.75,2.5],"tintindex":0,"rotation":0,"texture":"#0"},"north":{"uv":[0.0,1.0,2.75,1.75],"tintindex":0,"rotation":0,"texture":"#0"},"west":{"uv":[2.75,1.0,4.75,1.75],"tintindex":0,"rotation":0,"texture":"#0"},"up":{"uv":[2.75,2.0,5.5,4.0],"tintindex":0,"rotation":0,"texture":"#0"},"down":{"uv":[4.75,0.0,7.5,2.0],"tintindex":0,"rotation":0,"texture":"#0"}}},{"from":[2.25,7.75,3.15],"to":[13.75,11.25,11.65],"faces":{"east":{"uv":[12.25,1.0,10.25,1.75],"tintindex":0,"rotation":0,"texture":"#0"},"south":{"uv":[7.5,1.75,10.25,2.5],"tintindex":0,"rotation":0,"texture":"#0"},"north":{"uv":[7.5,1.0,10.25,1.75],"tintindex":0,"rotation":0,"texture":"#0"},"west":{"uv":[10.25,1.0,12.25,1.75],"tintindex":0,"rotation":0,"texture":"#0"},"up":{"uv":[9.5,2.0,9.75,2.25],"tintindex":0,"rotation":0,"texture":"#0"},"down":{"uv":[12.25,2.0,15.0,0.0],"tintindex":0,"rotation":0,"texture":"#0"}}}],"display":{"head":{"rotation":[0.0,0.0,0.0]},"firstperson_righthand":{"rotation":[0.0,0.0,0.0]},"thirdperson_lefthand":{"rotation":[0.0,-0.0,-0.0]},"firstperson_lefthand":{"rotation":[0.0,-0.0,-0.0]},"fixed":{"rotation":[0.0,0.0,0.0]},"ground":{"rotation":[0.0,0.0,0.0]},"thirdperson_righthand":{"rotation":[0.0,0.0,0.0]},"gui":{"rotation":[-150.0,-75.0,-180.0]}}}