{"textures":{"0":"modelengine:entity/babyyoda"},"elements":[{"from":[4.0,7.0,4.5],"to":[12.0,12.0,11.5],"faces":{"east":{"uv":[11.5,3.75,9.75,5.0],"tintindex":0,"rotation":0,"texture":"#0"},"south":{"uv":[11.5,3.75,13.5,5.0],"tintindex":0,"rotation":0,"texture":"#0"},"north":{"uv":[7.75,3.75,9.75,5.0],"tintindex":0,"rotation":0,"texture":"#0"},"west":{"uv":[9.75,3.75,11.5,5.0],"tintindex":0,"rotation":0,"texture":"#0"},"up":{"uv":[7.75,6.75,9.75,5.0],"tintindex":0,"rotation":0,"texture":"#0"},"down":{"uv":[8.5,6.0,8.75,5.75],"tintindex":0,"rotation":0,"texture":"#0"}}},{"from":[3.75,6.75,4.25],"to":[12.25,12.25,11.75],"faces":{"east":{"uv":[11.5,6.75,9.75,8.0],"tintindex":0,"rotation":0,"texture":"#0"},"south":{"uv":[11.5,6.75,13.5,8.0],"tintindex":0,"rotation":0,"texture":"#0"},"north":{"uv":[7.75,6.75,9.75,8.0],"tintindex":0,"rotation":0,"texture":"#0"},"west":{"uv":[9.75,6.75,11.5,8.0],"tintindex":0,"rotation":0,"texture":"#0"},"up":{"uv":[7.75,9.75,9.75,8.0],"tintindex":0,"rotation":0,"texture":"#0"},"down":{"uv":[8.5,6.0,8.75,5.75],"tintindex":0,"rotation":0,"texture":"#0"}}}],"display":{"head":{"rotation":[0.0,0.0,0.0]},"firstperson_righthand":{"rotation":[0.0,0.0,0.0]},"thirdperson_lefthand":{"rotation":[0.0,-0.0,-0.0]},"firstperson_lefthand":{"rotation":[0.0,-0.0,-0.0]},"fixed":{"rotation":[0.0,0.0,0.0]},"ground":{"rotation":[0.0,0.0,0.0]},"thirdperson_righthand":{"rotation":[0.0,0.0,0.0]},"gui":{"rotation":[-150.0,-75.0,-180.0]}}}