{"textures":{"0":"modelengine:block/em_dskeleton_warrior"},"elements":[{"from":[7.0,7.8086586,7.13806],"to":[9.0,10.808659,9.138061],"faces":{"east":{"uv":[8.5,1.375,8.75,1.75],"tintindex":0,"rotation":0,"texture":"#0"},"south":{"uv":[8.5,1.75,8.75,2.125],"tintindex":0,"rotation":0,"texture":"#0"},"north":{"uv":[7.75,4.625,8.0,5.0],"tintindex":0,"rotation":0,"texture":"#0"},"west":{"uv":[8.5,2.125,8.75,2.5],"tintindex":0,"rotation":0,"texture":"#0"},"up":{"uv":[3.125,8.75,2.875,8.5],"tintindex":0,"rotation":0,"texture":"#0"},"down":{"uv":[3.375,8.5,3.125,8.75],"tintindex":0,"rotation":0,"texture":"#0"}},"rotation":{"origin":[8.0,7.8086586,8.638061],"angle":-22.5,"axis":"x"}},{"from":[3.9,9.9625,2.9],"to":[12.1,17.1625,11.1],"faces":{"east":{"uv":[4.5,1.875,5.5,2.75],"tintindex":0,"rotation":0,"texture":"#0"},"south":{"uv":[5.0,2.75,6.0,3.625],"tintindex":0,"rotation":0,"texture":"#0"},"north":{"uv":[4.5,1.0,5.5,1.875],"tintindex":0,"rotation":0,"texture":"#0"},"west":{"uv":[5.0,3.625,6.0,4.5],"tintindex":0,"rotation":0,"texture":"#0"},"up":{"uv":[4.5,1.0,3.5,0.0],"tintindex":0,"rotation":0,"texture":"#0"},"down":{"uv":[4.5,1.0,3.5,2.0],"tintindex":0,"rotation":0,"texture":"#0"}}},{"from":[3.77,8.8325,2.77],"to":[12.23,17.2925,11.23],"faces":{"east":{"uv":[0.0,4.125,1.0,5.125],"tintindex":0,"rotation":0,"texture":"#0"},"south":{"uv":[2.0,4.375,3.0,5.375],"tintindex":0,"rotation":0,"texture":"#0"},"north":{"uv":[4.0,4.0,5.0,5.0],"tintindex":0,"rotation":0,"texture":"#0"},"west":{"uv":[3.0,4.375,4.0,5.375],"tintindex":0,"rotation":0,"texture":"#0"},"up":{"uv":[5.5,1.0,4.5,0.0],"tintindex":0,"rotation":0,"texture":"#0"},"down":{"uv":[2.0,4.5,1.0,5.5],"tintindex":0,"rotation":0,"texture":"#0"}}},{"from":[12.0,17.0,11.0],"to":[4.0,8.0,3.0],"faces":{"east":{"uv":[2.5,2.25,3.5,3.375],"tintindex":0,"rotation":0,"texture":"#0"},"south":{"uv":[0.0,3.0,1.0,4.125],"tintindex":0,"rotation":0,"texture":"#0"},"north":{"uv":[2.5,1.125,3.5,2.25],"tintindex":0,"rotation":0,"texture":"#0"},"west":{"uv":[1.0,3.375,2.0,4.5],"tintindex":0,"rotation":0,"texture":"#0"},"up":{"uv":[4.5,3.0,3.5,2.0],"tintindex":0,"rotation":0,"texture":"#0"},"down":{"uv":[5.0,3.0,4.0,4.0],"tintindex":0,"rotation":0,"texture":"#0"}}},{"from":[4.0,8.0,3.0],"to":[12.0,17.0,11.0],"faces":{"east":{"uv":[1.5,1.125,2.5,2.25],"tintindex":0,"rotation":0,"texture":"#0"},"south":{"uv":[1.5,2.25,2.5,3.375],"tintindex":0,"rotation":0,"texture":"#0"},"north":{"uv":[1.5,0.0,2.5,1.125],"tintindex":0,"rotation":0,"texture":"#0"},"west":{"uv":[2.5,0.0,3.5,1.125],"tintindex":0,"rotation":0,"texture":"#0"},"up":{"uv":[3.0,4.375,2.0,3.375],"tintindex":0,"rotation":0,"texture":"#0"},"down":{"uv":[4.0,3.375,3.0,4.375],"tintindex":0,"rotation":0,"texture":"#0"}}}],"display":{"head":{"rotation":[0.0,0.0,0.0]},"firstperson_righthand":{"rotation":[0.0,0.0,0.0]},"thirdperson_lefthand":{"rotation":[0.0,-0.0,-0.0]},"firstperson_lefthand":{"rotation":[0.0,-0.0,-0.0]},"fixed":{"rotation":[0.0,0.0,0.0]},"ground":{"rotation":[0.0,0.0,0.0]},"thirdperson_righthand":{"rotation":[0.0,0.0,0.0]},"gui":{"rotation":[-150.0,-75.0,-180.0]}}}