{"textures":{"0":"modelengine:block/nm_bulldog_english_texture"},"elements":[{"from":[6.6733594,7.6147013,7.0],"to":[7.6733594,9.614701,8.975],"faces":{"east":{"uv":[8.5,6.25,8.0,6.75],"tintindex":0,"rotation":0,"texture":"#0"},"south":{"uv":[4.5,8.5,4.25,9.0],"tintindex":0,"rotation":0,"texture":"#0"},"north":{"uv":[1.0,8.5,0.75,9.0],"tintindex":0,"rotation":0,"texture":"#0"},"west":{"uv":[8.5,5.5,8.0,6.0],"tintindex":0,"rotation":0,"texture":"#0"},"up":{"uv":[8.5,4.75,8.75,4.25],"tintindex":0,"rotation":0,"texture":"#0"},"down":{"uv":[4.75,8.5,5.0,9.0],"tintindex":0,"rotation":0,"texture":"#0"}}},{"from":[4.6733594,8.614701,7.0],"to":[6.6733594,9.614701,8.975],"faces":{"east":{"uv":[8.5,8.5,8.0,8.75],"tintindex":0,"rotation":0,"texture":"#0"},"south":{"uv":[7.75,8.5,7.25,8.75],"tintindex":0,"rotation":0,"texture":"#0"},"north":{"uv":[9.0,5.0,8.5,5.25],"tintindex":0,"rotation":0,"texture":"#0"},"west":{"uv":[5.75,8.5,5.25,8.75],"tintindex":0,"rotation":0,"texture":"#0"},"up":{"uv":[6.5,8.5,7.0,8.0],"tintindex":0,"rotation":0,"texture":"#0"},"down":{"uv":[8.0,7.0,8.5,7.5],"tintindex":0,"rotation":0,"texture":"#0"}}}],"display":{"head":{"rotation":[0.0,0.0,0.0]},"firstperson_righthand":{"rotation":[0.0,0.0,0.0]},"thirdperson_lefthand":{"rotation":[0.0,-0.0,-0.0]},"firstperson_lefthand":{"rotation":[0.0,-0.0,-0.0]},"fixed":{"rotation":[0.0,0.0,0.0]},"ground":{"rotation":[0.0,0.0,0.0]},"thirdperson_righthand":{"rotation":[0.0,0.0,0.0]},"gui":{"rotation":[-150.0,-75.0,-180.0]}}}