{"textures":{"0":"modelengine:block/nm_bulldog_english_texture"},"elements":[{"from":[7.0,11.0,8.5],"to":[9.0,14.0,10.5],"faces":{"east":{"uv":[0.0,7.5,0.5,8.25],"tintindex":0,"rotation":0,"texture":"#0"},"south":{"uv":[0.75,7.5,1.25,8.25],"tintindex":0,"rotation":0,"texture":"#0"},"north":{"uv":[7.25,6.75,7.75,7.5],"tintindex":0,"rotation":0,"texture":"#0"},"west":{"uv":[1.5,7.75,2.0,8.5],"tintindex":0,"rotation":0,"texture":"#0"},"up":{"uv":[4.75,8.25,4.25,7.75],"tintindex":0,"rotation":0,"texture":"#0"},"down":{"uv":[5.5,7.75,5.0,8.25],"tintindex":0,"rotation":0,"texture":"#0"}}},{"from":[4.0,8.0,-0.5],"to":[12.0,14.0,8.5],"faces":{"east":{"uv":[0.0,2.5,2.25,4.0],"tintindex":0,"rotation":0,"texture":"#0"},"south":{"uv":[2.25,4.25,4.25,5.75],"tintindex":0,"rotation":0,"texture":"#0"},"north":{"uv":[0.0,4.25,2.0,5.75],"tintindex":0,"rotation":0,"texture":"#0"},"west":{"uv":[2.5,2.5,4.75,4.0],"tintindex":0,"rotation":0,"texture":"#0"},"up":{"uv":[2.0,2.25,0.0,0.0],"tintindex":0,"rotation":0,"texture":"#0"},"down":{"uv":[4.25,0.0,2.25,2.25],"tintindex":0,"rotation":0,"texture":"#0"}}}],"display":{"head":{"rotation":[0.0,0.0,0.0]},"firstperson_righthand":{"rotation":[0.0,0.0,0.0]},"thirdperson_lefthand":{"rotation":[0.0,-0.0,-0.0]},"firstperson_lefthand":{"rotation":[0.0,-0.0,-0.0]},"fixed":{"rotation":[0.0,0.0,0.0]},"ground":{"rotation":[0.0,0.0,0.0]},"thirdperson_righthand":{"rotation":[0.0,0.0,0.0]},"gui":{"rotation":[-150.0,-75.0,-180.0]}}}