{"textures":{"0":"modelengine:block/medieval_box3_bronze"},"elements":[{"from":[-8.5,8.366072,6.640538],"to":[9.5,17.366074,8.140538],"faces":{"east":{"uv":[8.0,7.125,8.125,7.875],"tintindex":0,"rotation":0,"texture":"#0"},"south":{"uv":[9.75,7.125,11.25,7.875],"tintindex":0,"rotation":0,"texture":"#0"},"north":{"uv":[8.125,7.125,9.625,7.875],"tintindex":0,"rotation":0,"texture":"#0"},"west":{"uv":[9.625,7.125,9.75,7.875],"tintindex":0,"rotation":0,"texture":"#0"},"up":{"uv":[9.625,7.125,8.125,7.0],"tintindex":0,"rotation":0,"texture":"#0"},"down":{"uv":[11.125,7.0,9.625,7.125],"tintindex":0,"rotation":0,"texture":"#0"}}},{"from":[9.5,8.366072,5.140538],"to":[12.5,17.366074,8.140538],"faces":{"east":{"uv":[7.0,10.25,7.25,11.0],"tintindex":0,"rotation":0,"texture":"#0"},"south":{"uv":[7.75,10.25,8.0,11.0],"tintindex":0,"rotation":0,"texture":"#0"},"north":{"uv":[7.25,10.25,7.5,11.0],"tintindex":0,"rotation":0,"texture":"#0"},"west":{"uv":[7.5,10.25,7.75,11.0],"tintindex":0,"rotation":0,"texture":"#0"},"up":{"uv":[7.5,10.25,7.25,10.0],"tintindex":0,"rotation":0,"texture":"#0"},"down":{"uv":[7.75,10.0,7.5,10.25],"tintindex":0,"rotation":0,"texture":"#0"}}}],"display":{"head":{"rotation":[0.0,0.0,0.0]},"firstperson_righthand":{"rotation":[0.0,0.0,0.0]},"thirdperson_lefthand":{"rotation":[0.0,-0.0,-0.0]},"firstperson_lefthand":{"rotation":[0.0,-0.0,-0.0]},"fixed":{"rotation":[0.0,0.0,0.0]},"ground":{"rotation":[0.0,0.0,0.0]},"thirdperson_righthand":{"rotation":[0.0,0.0,0.0]},"gui":{"rotation":[-150.0,-75.0,-180.0]}}}