{"textures":{"0":"modelengine:block/em_fallenmauler"},"elements":[{"from":[7.0,7.1636686,2.4047132],"to":[9.0,9.163669,3.4047132],"faces":{"east":{"uv":[4.125,3.0,4.25,3.25],"tintindex":0,"rotation":0,"texture":"#0"},"south":{"uv":[10.625,9.0,10.875,9.25],"tintindex":0,"rotation":0,"texture":"#0"},"north":{"uv":[8.25,10.625,8.5,10.875],"tintindex":0,"rotation":0,"texture":"#0"},"west":{"uv":[2.25,4.875,2.375,5.125],"tintindex":0,"rotation":0,"texture":"#0"},"up":{"uv":[6.25,9.625,6.0,9.5],"tintindex":0,"rotation":0,"texture":"#0"},"down":{"uv":[4.5,9.875,4.25,10.0],"tintindex":0,"rotation":0,"texture":"#0"}}},{"from":[6.987,8.813169,2.1042132],"to":[9.003,9.829169,4.120213],"faces":{"east":{"uv":[0.125,11.0,0.375,11.125],"tintindex":0,"rotation":0,"texture":"#0"},"south":{"uv":[11.0,0.875,11.25,1.0],"tintindex":0,"rotation":0,"texture":"#0"},"north":{"uv":[5.5,10.375,5.75,10.5],"tintindex":0,"rotation":0,"texture":"#0"},"west":{"uv":[1.0,11.0,1.25,11.125],"tintindex":0,"rotation":0,"texture":"#0"},"up":{"uv":[4.25,11.0,4.0,10.75],"tintindex":0,"rotation":0,"texture":"#0"},"down":{"uv":[11.0,5.0,10.75,5.25],"tintindex":0,"rotation":0,"texture":"#0"}},"rotation":{"origin":[6.995,9.321169,2.6997132],"angle":45.0,"axis":"x"}},{"from":[6.1,8.163669,7.404713],"to":[9.9,10.163669,10.304713],"faces":{"east":{"uv":[2.625,2.25,3.0,2.5],"tintindex":0,"rotation":0,"texture":"#0"},"south":{"uv":[7.75,1.75,8.25,2.0],"tintindex":0,"rotation":0,"texture":"#0"},"north":{"uv":[3.625,2.0,4.125,2.25],"tintindex":0,"rotation":0,"texture":"#0"},"west":{"uv":[4.5,6.625,4.875,6.875],"tintindex":0,"rotation":0,"texture":"#0"},"up":{"uv":[5.375,6.25,4.875,5.875],"tintindex":0,"rotation":0,"texture":"#0"},"down":{"uv":[10.375,0.5,9.875,0.875],"tintindex":0,"rotation":0,"texture":"#0"}}},{"from":[5.995,7.1586685,3.399713],"to":[10.005,9.168669,10.409713],"faces":{"east":{"uv":[8.25,5.0,9.125,5.25],"tintindex":0,"rotation":0,"texture":"#0"},"south":{"uv":[9.125,10.25,9.625,10.5],"tintindex":0,"rotation":0,"texture":"#0"},"north":{"uv":[10.25,8.625,10.75,8.875],"tintindex":0,"rotation":0,"texture":"#0"},"west":{"uv":[9.5,5.25,10.375,5.5],"tintindex":0,"rotation":0,"texture":"#0"},"up":{"uv":[6.0,7.75,5.5,6.875],"tintindex":0,"rotation":0,"texture":"#0"},"down":{"uv":[0.5,7.25,0.0,8.125],"tintindex":0,"rotation":0,"texture":"#0"}}}],"display":{"head":{"rotation":[0.0,0.0,0.0]},"firstperson_righthand":{"rotation":[0.0,0.0,0.0]},"thirdperson_lefthand":{"rotation":[0.0,-0.0,-0.0]},"firstperson_lefthand":{"rotation":[0.0,-0.0,-0.0]},"fixed":{"rotation":[0.0,0.0,0.0]},"ground":{"rotation":[0.0,0.0,0.0]},"thirdperson_righthand":{"rotation":[0.0,0.0,0.0]},"gui":{"rotation":[-150.0,-75.0,-180.0]}}}