{"textures":{"0":"modelengine:block/nm_tennis_ball_texture"},"elements":[{"from":[6.5,6.5,6.5],"to":[9.5,9.5,9.5],"faces":{"east":{"uv":[0.0,4.0,3.0,7.0],"tintindex":0,"rotation":0,"texture":"#0"},"south":{"uv":[4.0,0.0,7.0,3.0],"tintindex":0,"rotation":0,"texture":"#0"},"north":{"uv":[0.0,0.0,3.0,3.0],"tintindex":0,"rotation":0,"texture":"#0"},"west":{"uv":[4.0,4.0,7.0,7.0],"tintindex":0,"rotation":0,"texture":"#0"},"up":{"uv":[3.0,11.0,0.0,8.0],"tintindex":0,"rotation":0,"texture":"#0"},"down":{"uv":[11.0,0.0,8.0,3.0],"tintindex":0,"rotation":0,"texture":"#0"}}}],"display":{"head":{"rotation":[0.0,0.0,0.0]},"firstperson_righthand":{"rotation":[0.0,0.0,0.0]},"thirdperson_lefthand":{"rotation":[0.0,-0.0,-0.0]},"firstperson_lefthand":{"rotation":[0.0,-0.0,-0.0]},"fixed":{"rotation":[0.0,0.0,0.0]},"ground":{"rotation":[0.0,0.0,0.0]},"thirdperson_righthand":{"rotation":[0.0,0.0,0.0]},"gui":{"rotation":[-150.0,-75.0,-180.0]}}}