{"textures​":{"layer0":"minecraft:item/red_sandstone_wall"},"credit":"momirealms","texture_size":[32,32],"\u0074\u0065\u0078\u0074\u0075\u0072\u0065\u0073":{"0":"\u0063\u0075\u0073\u0074\u006f\u006d\u0063\u0072\u006f\u0070\u0073:\u0069\u0074\u0065\u006d/\u0063\u0072\u006f\u0070\u0073/\u0070\u0069\u006e\u0065\u0061\u0070\u0070\u006c\u0065/\u0067\u0069\u0067\u0061\u006e\u0074\u0069\u0063","1":"\u0063\u0075\u0073\u0074\u006f\u006d\u0063\u0072\u006f\u0070\u0073:\u0069\u0074\u0065\u006d/\u0063\u0072\u006f\u0070\u0073/\u0070\u0069\u006e\u0065\u0061\u0070\u0070\u006c\u0065/\u0073\u0074\u0061\u0067\u0065","\u0070\u0061\u0072\u0074\u0069\u0063\u006c\u0065":"\u0063\u0075\u0073\u0074\u006f\u006d\u0063\u0072\u006f\u0070\u0073:\u0069\u0074\u0065\u006d/\u0063\u0072\u006f\u0070\u0073/\u0070\u0069\u006e\u0065\u0061\u0070\u0070\u006c\u0065/\u0067\u0069\u0067\u0061\u006e\u0074\u0069\u0063"},"elements":[{"from":[0,0,0],"to":[16,16,16],"faces":{"north":{"uv":[0,8,8,16],"texture":"#0"},"east":{"uv":[0,8,8,16],"texture":"#0"},"south":{"uv":[0,8,8,16],"texture":"#0"},"west":{"uv":[0,8,8,16],"texture":"#0"},"up":{"uv":[0,8,8,16],"texture":"#0"},"down":{"uv":[0,8,8,16],"texture":"#0"}}},{"from":[-0.75,-0.75,-0.75],"to":[16.75,16.75,16.75],"faces":{"north":{"uv":[0,0,8,8],"texture":"#0"},"east":{"uv":[0,0,8,8],"texture":"#0"},"south":{"uv":[0,0,8,8],"texture":"#0"},"west":{"uv":[0,0,8,8],"texture":"#0"},"up":{"uv":[0,0,8,8],"texture":"#0"},"down":{"uv":[0,0,8,8],"texture":"#0"}}},{"from":[8,17,4],"to":[8,25,13],"faces":{"north":{"uv":[9,8,9,14],"texture":"#1"},"east":{"uv":[9,8,15,14],"texture":"#1"},"south":{"uv":[9,8,9,14],"texture":"#1"},"west":{"uv":[9,8,15,14],"texture":"#1"},"up":{"uv":[9,8,9,15],"texture":"#1"},"down":{"uv":[9,8,9,15],"texture":"#1"}}},{"from":[3.5,17,8.5],"to":[12.5,25,8.5],"faces":{"north":{"uv":[9,8,15,14],"texture":"#1"},"east":{"uv":[9,8,9,14],"texture":"#1"},"south":{"uv":[9,8,15,14],"texture":"#1"},"west":{"uv":[9,8,9,14],"texture":"#1"},"up":{"uv":[9,8,9,15],"rotation":270,"texture":"#1"},"down":{"uv":[9,8,9,15],"rotation":90,"texture":"#1"}}}],"display":{"thirdperson_righthand":{"rotation":[75,45,0],"translation":[0,2.5,0],"scale":[0.375,0.375,0.375]},"thirdperson_lefthand":{"rotation":[75,45,0],"translation":[0,2.5,0],"scale":[0.375,0.375,0.375]},"firstperson_righthand":{"rotation":[0,45,0],"scale":[0.4,0.4,0.4]},"firstperson_lefthand":{"rotation":[0,225,0],"scale":[0.4,0.4,0.4]},"ground":{"translation":[0,3,0],"scale":[0.25,0.25,0.25]},"gui":{"rotation":[30,225,0],"scale":[0.625,0.625,0.625]},"fixed":{"translation":[0,0,-0.25],"scale":[0.5,0.5,0.5]}}}