{"textures":{"2":"modelengine:entity/fsoldier_explosion_2"},"elements":[{"from":[8.0,8.0,-2.666667],"to":[8.0,29.333334,18.666668],"faces":{"east":{"uv":[4.0,12.0,0.0,16.0],"tintindex":0,"rotation":0,"texture":"#2"},"west":{"uv":[0.0,12.0,4.0,16.0],"tintindex":0,"rotation":0,"texture":"#2"}}},{"from":[-2.666667,8.0,8.0],"to":[18.666668,29.333334,8.0],"faces":{"south":{"uv":[4.0,12.0,0.0,16.0],"tintindex":0,"rotation":0,"texture":"#2"},"north":{"uv":[0.0,12.0,4.0,16.0],"tintindex":0,"rotation":0,"texture":"#2"}}}],"display":{"head":{"rotation":[0.0,0.0,0.0]},"firstperson_righthand":{"rotation":[0.0,0.0,0.0]},"thirdperson_lefthand":{"rotation":[0.0,-0.0,-0.0]},"firstperson_lefthand":{"rotation":[0.0,-0.0,-0.0]},"fixed":{"rotation":[0.0,0.0,0.0]},"ground":{"rotation":[0.0,0.0,0.0]},"thirdperson_righthand":{"rotation":[0.0,0.0,0.0]},"gui":{"rotation":[-150.0,-75.0,-180.0]}}}