{"textures":{"4":"modelengine:entity/fsoldier_fireblade_resources"},"elements":[{"from":[8.0,-8.0,-8.0],"to":[8.0,24.0,24.0],"faces":{"east":{"uv":[6.001,2.001,7.999,3.999],"tintindex":0,"rotation":0,"texture":"#4"},"west":{"uv":[7.999,2.001,6.001,3.999],"tintindex":0,"rotation":0,"texture":"#4"}}}],"display":{"head":{"rotation":[0.0,0.0,0.0]},"firstperson_righthand":{"rotation":[0.0,0.0,0.0]},"thirdperson_lefthand":{"rotation":[0.0,-0.0,-0.0]},"firstperson_lefthand":{"rotation":[0.0,-0.0,-0.0]},"fixed":{"rotation":[0.0,0.0,0.0]},"ground":{"rotation":[0.0,0.0,0.0]},"thirdperson_righthand":{"rotation":[0.0,0.0,0.0]},"gui":{"rotation":[-150.0,-75.0,-180.0]}}}