{"textures":{"0":"modelengine:entity/fsoldier_firecrepit"},"elements":[{"from":[-8.0,-5.0,8.0],"to":[24.0,27.0,8.0],"faces":{"south":{"uv":[2.0,12.0,0.0,14.0],"tintindex":0,"rotation":0,"texture":"#0"},"north":{"uv":[0.0,12.0,2.0,14.0],"tintindex":0,"rotation":0,"texture":"#0"}}},{"from":[8.0,-5.0,-7.0],"to":[8.0,27.0,25.0],"faces":{"east":{"uv":[0.0,12.0,2.0,14.0],"tintindex":0,"rotation":0,"texture":"#0"},"west":{"uv":[2.0,12.0,0.0,14.0],"tintindex":0,"rotation":0,"texture":"#0"}}}],"display":{"head":{"rotation":[0.0,0.0,0.0]},"firstperson_righthand":{"rotation":[0.0,0.0,0.0]},"thirdperson_lefthand":{"rotation":[0.0,-0.0,-0.0]},"firstperson_lefthand":{"rotation":[0.0,-0.0,-0.0]},"fixed":{"rotation":[0.0,0.0,0.0]},"ground":{"rotation":[0.0,0.0,0.0]},"thirdperson_righthand":{"rotation":[0.0,0.0,0.0]},"gui":{"rotation":[-150.0,-75.0,-180.0]}}}