{"textures":{"0":"modelengine:entity/darkblood_resources"},"elements":[{"from":[-8.0,-8.0,8.0],"to":[24.0,24.0,8.0],"faces":{"east":{"uv":[0.001,-0.016125,7.999,-0.03225],"tintindex":0,"rotation":270,"texture":"#0"},"south":{"uv":[12.9995,3.0005,12.0005,3.9995],"tintindex":0,"rotation":270,"texture":"#0"},"north":{"uv":[12.0005,3.0005,12.9995,3.9995],"tintindex":0,"rotation":90,"texture":"#0"},"west":{"uv":[0.001,-0.016125,7.999,-0.03225],"tintindex":0,"rotation":270,"texture":"#0"},"up":{"uv":[-0.016125,0.001,-0.03225,7.999],"tintindex":0,"rotation":270,"texture":"#0"},"down":{"uv":[-0.016125,0.001,-0.03225,7.999],"tintindex":0,"rotation":270,"texture":"#0"}}}],"display":{"head":{"rotation":[0.0,0.0,0.0]},"firstperson_righthand":{"rotation":[0.0,0.0,0.0]},"thirdperson_lefthand":{"rotation":[0.0,-0.0,-0.0]},"firstperson_lefthand":{"rotation":[0.0,-0.0,-0.0]},"fixed":{"rotation":[0.0,0.0,0.0]},"ground":{"rotation":[0.0,0.0,0.0]},"thirdperson_righthand":{"rotation":[0.0,0.0,0.0]},"gui":{"rotation":[-150.0,-75.0,-180.0]}}}