{"textures":{"0":"modelengine:entity/cody"},"elements":[{"from":[7.9,2.2999997,6.9],"to":[10.1,8.5,9.1],"faces":{"east":{"uv":[6.5,6.75,7.0,8.25],"tintindex":0,"rotation":0,"texture":"#0"},"south":{"uv":[7.0,5.25,7.5,6.75],"tintindex":0,"rotation":0,"texture":"#0"},"north":{"uv":[5.0,6.75,5.5,8.25],"tintindex":0,"rotation":0,"texture":"#0"},"west":{"uv":[7.0,6.75,7.5,8.25],"tintindex":0,"rotation":0,"texture":"#0"},"up":{"uv":[8.5,7.25,8.0,6.75],"tintindex":0,"rotation":0,"texture":"#0"},"down":{"uv":[8.5,7.25,8.0,7.75],"tintindex":0,"rotation":0,"texture":"#0"}}}],"display":{"head":{"rotation":[0.0,0.0,0.0]},"firstperson_righthand":{"rotation":[0.0,0.0,0.0]},"thirdperson_lefthand":{"rotation":[0.0,-0.0,-0.0]},"firstperson_lefthand":{"rotation":[0.0,-0.0,-0.0]},"fixed":{"rotation":[0.0,0.0,0.0]},"ground":{"rotation":[0.0,0.0,0.0]},"thirdperson_righthand":{"rotation":[0.0,0.0,0.0]},"gui":{"rotation":[-150.0,-75.0,-180.0]}}}