{"textures":{"0":"modelengine:entity/cody"},"elements":[{"from":[5.9,2.2999997,6.9],"to":[8.1,8.5,9.1],"faces":{"east":{"uv":[6.0,6.5,6.5,8.0],"tintindex":0,"rotation":0,"texture":"#0"},"south":{"uv":[4.0,6.75,4.5,8.25],"tintindex":0,"rotation":0,"texture":"#0"},"north":{"uv":[6.5,5.25,7.0,6.75],"tintindex":0,"rotation":0,"texture":"#0"},"west":{"uv":[4.5,6.75,5.0,8.25],"tintindex":0,"rotation":0,"texture":"#0"},"up":{"uv":[8.5,5.0,8.0,4.5],"tintindex":0,"rotation":0,"texture":"#0"},"down":{"uv":[6.5,8.0,6.0,8.5],"tintindex":0,"rotation":0,"texture":"#0"}}}],"display":{"head":{"rotation":[0.0,0.0,0.0]},"firstperson_righthand":{"rotation":[0.0,0.0,0.0]},"thirdperson_lefthand":{"rotation":[0.0,-0.0,-0.0]},"firstperson_lefthand":{"rotation":[0.0,-0.0,-0.0]},"fixed":{"rotation":[0.0,0.0,0.0]},"ground":{"rotation":[0.0,0.0,0.0]},"thirdperson_righthand":{"rotation":[0.0,0.0,0.0]},"gui":{"rotation":[-150.0,-75.0,-180.0]}}}