{"textures":{"0":"modelengine:entity/cody"},"elements":[{"from":[4.0,7.9207954,5.0158653],"to":[12.0,15.9207945,13.015865],"faces":{"east":{"uv":[0.0,2.0,2.0,4.0],"tintindex":0,"rotation":0,"texture":"#0"},"south":{"uv":[2.0,0.0,4.0,2.0],"tintindex":0,"rotation":0,"texture":"#0"},"north":{"uv":[0.0,0.0,2.0,2.0],"tintindex":0,"rotation":0,"texture":"#0"},"west":{"uv":[2.0,2.0,4.0,4.0],"tintindex":0,"rotation":0,"texture":"#0"},"up":{"uv":[2.0,6.0,0.0,4.0],"tintindex":0,"rotation":0,"texture":"#0"},"down":{"uv":[6.0,0.0,4.0,2.0],"tintindex":0,"rotation":0,"texture":"#0"}}},{"from":[12.1,11.920795,5.0158653],"to":[12.1,19.920795,13.015865],"faces":{"east":{"uv":[0.0,8.75,2.0,10.75],"tintindex":0,"rotation":0,"texture":"#0"},"south":{"uv":[4.0,4.0,6.0,6.0],"tintindex":0,"rotation":0,"texture":"#0"},"north":{"uv":[2.0,4.0,4.0,6.0],"tintindex":0,"rotation":0,"texture":"#0"},"west":{"uv":[2.0,8.75,0.0,10.75],"tintindex":0,"rotation":0,"texture":"#0"},"up":{"uv":[8.0,2.0,6.0,0.0],"tintindex":0,"rotation":0,"texture":"#0"},"down":{"uv":[4.0,6.0,2.0,8.0],"tintindex":0,"rotation":0,"texture":"#0"}}},{"from":[3.9,11.920795,5.0158653],"to":[3.9,17.920795,13.015865],"faces":{"east":{"uv":[4.0,9.25,2.0,10.75],"tintindex":0,"rotation":0,"texture":"#0"},"south":{"uv":[6.0,4.0,4.0,6.0],"tintindex":0,"rotation":0,"texture":"#0"},"north":{"uv":[4.0,4.0,2.0,6.0],"tintindex":0,"rotation":0,"texture":"#0"},"west":{"uv":[2.0,9.25,4.0,10.75],"tintindex":0,"rotation":0,"texture":"#0"},"up":{"uv":[6.0,2.0,8.0,0.0],"tintindex":0,"rotation":0,"texture":"#0"},"down":{"uv":[2.0,6.0,4.0,8.0],"tintindex":0,"rotation":0,"texture":"#0"}}},{"from":[3.8,7.7207956,4.8158655],"to":[12.2,16.120794,13.215865],"faces":{"east":{"uv":[4.0,2.0,6.0,4.0],"tintindex":0,"rotation":0,"texture":"#0"},"south":{"uv":[4.0,4.0,6.0,6.0],"tintindex":0,"rotation":0,"texture":"#0"},"north":{"uv":[2.0,4.0,4.0,6.0],"tintindex":0,"rotation":0,"texture":"#0"},"west":{"uv":[0.0,6.0,2.0,8.0],"tintindex":0,"rotation":0,"texture":"#0"},"up":{"uv":[8.0,2.0,6.0,0.0],"tintindex":0,"rotation":0,"texture":"#0"},"down":{"uv":[4.0,6.0,2.0,8.0],"tintindex":0,"rotation":0,"texture":"#0"}}},{"from":[3.9,17.920795,9.015865],"to":[4.9,17.920795,10.015865],"faces":{"east":{"uv":[4.0,9.25,2.0,10.75],"tintindex":0,"rotation":0,"texture":"#0"},"south":{"uv":[6.0,4.0,4.0,6.0],"tintindex":0,"rotation":0,"texture":"#0"},"north":{"uv":[4.0,4.0,2.0,6.0],"tintindex":0,"rotation":0,"texture":"#0"},"west":{"uv":[2.0,9.25,4.0,10.75],"tintindex":0,"rotation":0,"texture":"#0"},"up":{"uv":[4.5,9.5,4.75,9.25],"tintindex":0,"rotation":0,"texture":"#0"},"down":{"uv":[4.75,9.25,4.5,9.5],"tintindex":0,"rotation":0,"texture":"#0"}}}],"display":{"head":{"rotation":[0.0,0.0,0.0]},"firstperson_righthand":{"rotation":[0.0,0.0,0.0]},"thirdperson_lefthand":{"rotation":[0.0,-0.0,-0.0]},"firstperson_lefthand":{"rotation":[0.0,-0.0,-0.0]},"fixed":{"rotation":[0.0,0.0,0.0]},"ground":{"rotation":[0.0,0.0,0.0]},"thirdperson_righthand":{"rotation":[0.0,0.0,0.0]},"gui":{"rotation":[-150.0,-75.0,-180.0]}}}