{"textures":{"0":"modelengine:block/xmascrate"},"elements":[{"from":[2.0384426,8.956709,0.5],"to":[8.038443,8.956709,15.5],"faces":{"up":{"uv":[2.625,6.9375,2.25,6.0],"tintindex":0,"rotation":0,"texture":"#0"},"down":{"uv":[2.625,6.0,2.25,6.9375],"tintindex":0,"rotation":0,"texture":"#0"}},"rotation":{"origin":[7.5384426,8.956709,1.0],"angle":22.5,"axis":"z"}},{"from":[7.9615564,8.956709,0.5],"to":[13.961557,8.956709,15.5],"faces":{"up":{"uv":[1.875,6.9375,1.5,6.0],"tintindex":0,"rotation":0,"texture":"#0"},"down":{"uv":[1.875,6.0,1.5,6.9375],"tintindex":0,"rotation":0,"texture":"#0"}},"rotation":{"origin":[8.461556,8.956709,1.0],"angle":-22.5,"axis":"z"}}],"display":{"head":{"rotation":[0.0,0.0,0.0]},"firstperson_righthand":{"rotation":[0.0,0.0,0.0]},"thirdperson_lefthand":{"rotation":[0.0,-0.0,-0.0]},"firstperson_lefthand":{"rotation":[0.0,-0.0,-0.0]},"fixed":{"rotation":[0.0,0.0,0.0]},"ground":{"rotation":[0.0,0.0,0.0]},"thirdperson_righthand":{"rotation":[0.0,0.0,0.0]},"gui":{"rotation":[-150.0,-75.0,-180.0]}}}