{"textures":{"0":"modelengine:block/xmascrate"},"elements":[{"from":[8.423114,8.0,7.5],"to":[14.423115,8.0,22.5],"faces":{"up":{"uv":[4.625,4.125,4.25,3.1875],"tintindex":0,"rotation":0,"texture":"#0"},"down":{"uv":[4.625,3.1875,4.25,4.125],"tintindex":0,"rotation":0,"texture":"#0"}},"rotation":{"origin":[8.923114,8.0,8.0],"angle":-22.5,"axis":"z"}},{"from":[2.5,8.0,7.5],"to":[8.5,8.0,22.5],"faces":{"up":{"uv":[2.1875,3.9375,1.8125,3.0],"tintindex":0,"rotation":0,"texture":"#0"},"down":{"uv":[2.1875,3.0,1.8125,3.9375],"tintindex":0,"rotation":0,"texture":"#0"}},"rotation":{"origin":[8.0,8.0,8.0],"angle":22.5,"axis":"z"}}],"display":{"head":{"rotation":[0.0,0.0,0.0]},"firstperson_righthand":{"rotation":[0.0,0.0,0.0]},"thirdperson_lefthand":{"rotation":[0.0,-0.0,-0.0]},"firstperson_lefthand":{"rotation":[0.0,-0.0,-0.0]},"fixed":{"rotation":[0.0,0.0,0.0]},"ground":{"rotation":[0.0,0.0,0.0]},"thirdperson_righthand":{"rotation":[0.0,0.0,0.0]},"gui":{"rotation":[-150.0,-75.0,-180.0]}}}