{"textures":{"0":"modelengine:block/xmascrate"},"elements":[{"from":[0.5,8.956709,2.0384436],"to":[15.5,8.956709,8.038443],"faces":{"up":{"uv":[6.75,6.1875,5.8125,5.8125],"tintindex":0,"rotation":0,"texture":"#0"},"down":{"uv":[6.75,5.8125,5.8125,6.1875],"tintindex":0,"rotation":0,"texture":"#0"}},"rotation":{"origin":[1.0,8.956709,7.5384426],"angle":-22.5,"axis":"x"}},{"from":[0.5,8.956709,7.9615574],"to":[15.5,8.956709,13.961557],"faces":{"up":{"uv":[6.875,0.75,5.9375,0.375],"tintindex":0,"rotation":0,"texture":"#0"},"down":{"uv":[6.875,0.375,5.9375,0.75],"tintindex":0,"rotation":0,"texture":"#0"}},"rotation":{"origin":[1.0,8.956709,8.461557],"angle":22.5,"axis":"x"}}],"display":{"head":{"rotation":[0.0,0.0,0.0]},"firstperson_righthand":{"rotation":[0.0,0.0,0.0]},"thirdperson_lefthand":{"rotation":[0.0,-0.0,-0.0]},"firstperson_lefthand":{"rotation":[0.0,-0.0,-0.0]},"fixed":{"rotation":[0.0,0.0,0.0]},"ground":{"rotation":[0.0,0.0,0.0]},"thirdperson_righthand":{"rotation":[0.0,0.0,0.0]},"gui":{"rotation":[-150.0,-75.0,-180.0]}}}