{"textures":{"0":"modelengine:block/xmascrate"},"elements":[{"from":[-1.4798985,10.0,6.0],"to":[0.020100594,11.0,7.5],"faces":{"east":{"uv":[8.3125,2.5,8.5,2.625],"tintindex":0,"rotation":0,"texture":"#0"},"south":{"uv":[8.3125,2.5,8.5,2.625],"tintindex":0,"rotation":0,"texture":"#0"},"north":{"uv":[8.3125,2.5,8.5,2.625],"tintindex":0,"rotation":0,"texture":"#0"},"west":{"uv":[8.3125,2.5,8.5,2.625],"tintindex":0,"rotation":0,"texture":"#0"},"up":{"uv":[8.375,8.0625,8.1875,7.875],"tintindex":0,"rotation":0,"texture":"#0"},"down":{"uv":[8.375,8.0625,8.1875,8.25],"tintindex":0,"rotation":0,"texture":"#0"}}},{"from":[6.0201006,8.5,-3.0],"to":[7.5201006,9.5,6.0],"faces":{"east":{"uv":[6.9375,2.0625,8.0625,2.1875],"tintindex":0,"rotation":0,"texture":"#0"},"south":{"uv":[5.9375,8.25,6.125,8.375],"tintindex":0,"rotation":0,"texture":"#0"},"north":{"uv":[8.25,5.875,8.4375,6.0],"tintindex":0,"rotation":0,"texture":"#0"},"west":{"uv":[1.875,6.9375,3.0,7.0625],"tintindex":0,"rotation":0,"texture":"#0"},"up":{"uv":[3.6875,7.5625,3.5,6.4375],"tintindex":0,"rotation":0,"texture":"#0"},"down":{"uv":[3.6875,7.5625,3.5,6.4375],"tintindex":0,"rotation":0,"texture":"#0"}}},{"from":[-1.4798985,10.0,-4.5],"to":[0.020100594,11.0,-3.0],"faces":{"east":{"uv":[8.3125,2.5,8.5,2.625],"tintindex":0,"rotation":0,"texture":"#0"},"south":{"uv":[8.3125,2.5,8.5,2.625],"tintindex":0,"rotation":0,"texture":"#0"},"north":{"uv":[8.3125,2.5,8.5,2.625],"tintindex":0,"rotation":0,"texture":"#0"},"west":{"uv":[8.3125,2.5,8.5,2.625],"tintindex":0,"rotation":0,"texture":"#0"},"up":{"uv":[1.0625,8.4375,0.875,8.25],"tintindex":0,"rotation":0,"texture":"#0"},"down":{"uv":[1.25,8.25,1.0625,8.4375],"tintindex":0,"rotation":0,"texture":"#0"}}},{"from":[-1.9798985,8.0,6.0],"to":[0.020100594,10.0,8.0],"faces":{"east":{"uv":[7.8125,3.1875,8.0625,3.4375],"tintindex":0,"rotation":0,"texture":"#0"},"south":{"uv":[7.8125,3.1875,8.0625,3.4375],"tintindex":0,"rotation":0,"texture":"#0"},"north":{"uv":[7.8125,3.1875,8.0625,3.4375],"tintindex":0,"rotation":0,"texture":"#0"},"west":{"uv":[7.8125,3.1875,8.0625,3.4375],"tintindex":0,"rotation":0,"texture":"#0"},"up":{"uv":[7.8125,3.1875,8.0625,3.4375],"tintindex":0,"rotation":0,"texture":"#0"},"down":{"uv":[7.8125,3.1875,8.0625,3.4375],"tintindex":0,"rotation":0,"texture":"#0"}}},{"from":[6.0201006,8.0,6.0],"to":[8.020102,10.0,8.0],"faces":{"east":{"uv":[7.8125,3.1875,8.0625,3.4375],"tintindex":0,"rotation":0,"texture":"#0"},"south":{"uv":[7.8125,3.1875,8.0625,3.4375],"tintindex":0,"rotation":0,"texture":"#0"},"north":{"uv":[7.8125,3.1875,8.0625,3.4375],"tintindex":0,"rotation":0,"texture":"#0"},"west":{"uv":[7.8125,3.1875,8.0625,3.4375],"tintindex":0,"rotation":0,"texture":"#0"},"up":{"uv":[7.8125,3.1875,8.0625,3.4375],"tintindex":0,"rotation":0,"texture":"#0"},"down":{"uv":[5.75,7.9375,5.5,8.1875],"tintindex":0,"rotation":0,"texture":"#0"}}},{"from":[-1.5548992,8.450001,1.4749999],"to":[-1.2048988,9.65,3.0],"faces":{"east":{"uv":[8.3125,2.8125,8.5,2.9375],"tintindex":0,"rotation":0,"texture":"#0"},"south":{"uv":[3.375,7.9375,3.4375,8.0625],"tintindex":0,"rotation":0,"texture":"#0"},"north":{"uv":[5.75,7.8125,5.8125,7.9375],"tintindex":0,"rotation":0,"texture":"#0"},"west":{"uv":[8.3125,2.9375,8.5,3.0625],"tintindex":0,"rotation":0,"texture":"#0"},"up":{"uv":[2.25,4.125,2.1875,3.9375],"tintindex":0,"rotation":0,"texture":"#0"},"down":{"uv":[1.0,4.375,0.9375,4.5625],"tintindex":0,"rotation":0,"texture":"#0"}},"rotation":{"origin":[-1.3548985,9.0,1.5],"angle":-22.5,"axis":"x"}},{"from":[6.0201006,11.0,-5.0],"to":[8.020102,13.0,-3.0],"faces":{"east":{"uv":[7.8125,3.1875,8.0625,3.4375],"tintindex":0,"rotation":0,"texture":"#0"},"south":{"uv":[7.8125,3.1875,8.0625,3.4375],"tintindex":0,"rotation":0,"texture":"#0"},"north":{"uv":[7.8125,3.1875,8.0625,3.4375],"tintindex":0,"rotation":0,"texture":"#0"},"west":{"uv":[7.8125,3.1875,8.0625,3.4375],"tintindex":0,"rotation":0,"texture":"#0"},"up":{"uv":[7.8125,3.1875,8.0625,3.4375],"tintindex":0,"rotation":0,"texture":"#0"},"down":{"uv":[7.8125,3.1875,8.0625,3.4375],"tintindex":0,"rotation":0,"texture":"#0"}}},{"from":[0.020100594,8.5,6.0],"to":[6.0201006,9.5,7.5],"faces":{"east":{"uv":[8.0625,5.5625,8.25,5.6875],"tintindex":0,"rotation":0,"texture":"#0"},"south":{"uv":[7.5625,2.5625,8.3125,2.6875],"tintindex":0,"rotation":0,"texture":"#0"},"north":{"uv":[7.25,5.6875,8.0,5.8125],"tintindex":0,"rotation":0,"texture":"#0"},"west":{"uv":[8.1875,4.9375,8.375,5.0625],"tintindex":0,"rotation":0,"texture":"#0"},"up":{"uv":[5.875,3.1875,5.125,3.0],"tintindex":0,"rotation":0,"texture":"#0"},"down":{"uv":[5.875,3.1875,5.125,3.0],"tintindex":0,"rotation":0,"texture":"#0"}}},{"from":[-1.7298985,8.3,0.875],"to":[-0.97989845,9.799999,2.125],"faces":{"east":{"uv":[1.875,8.25,2.0625,8.4375],"tintindex":0,"rotation":0,"texture":"#0"},"south":{"uv":[4.375,8.0,4.5,8.1875],"tintindex":0,"rotation":0,"texture":"#0"},"north":{"uv":[7.9375,1.375,8.0625,1.5625],"tintindex":0,"rotation":0,"texture":"#0"},"west":{"uv":[3.625,8.25,3.8125,8.4375],"tintindex":0,"rotation":0,"texture":"#0"},"up":{"uv":[7.625,8.375,7.5,8.1875],"tintindex":0,"rotation":0,"texture":"#0"},"down":{"uv":[8.4375,2.625,8.3125,2.8125],"tintindex":0,"rotation":0,"texture":"#0"}}},{"from":[-1.5548992,8.450001,0.0],"to":[-1.2048988,9.65,1.5250001],"faces":{"east":{"uv":[8.3125,3.0625,8.5,3.1875],"tintindex":0,"rotation":0,"texture":"#0"},"south":{"uv":[6.8125,7.9375,6.875,8.0625],"tintindex":0,"rotation":0,"texture":"#0"},"north":{"uv":[7.9375,6.3125,8.0,6.4375],"tintindex":0,"rotation":0,"texture":"#0"},"west":{"uv":[8.3125,3.1875,8.5,3.3125],"tintindex":0,"rotation":0,"texture":"#0"},"up":{"uv":[5.0,1.125,4.9375,0.9375],"tintindex":0,"rotation":0,"texture":"#0"},"down":{"uv":[5.625,3.9375,5.5625,4.125],"tintindex":0,"rotation":0,"texture":"#0"}},"rotation":{"origin":[-1.3548985,9.0,1.5],"angle":22.5,"axis":"x"}},{"from":[6.0201006,10.0,6.0],"to":[7.5201006,11.0,7.5],"faces":{"east":{"uv":[8.3125,2.5,8.5,2.625],"tintindex":0,"rotation":0,"texture":"#0"},"south":{"uv":[8.3125,2.5,8.5,2.625],"tintindex":0,"rotation":0,"texture":"#0"},"north":{"uv":[8.3125,2.5,8.5,2.625],"tintindex":0,"rotation":0,"texture":"#0"},"west":{"uv":[8.3125,2.5,8.5,2.625],"tintindex":0,"rotation":0,"texture":"#0"},"up":{"uv":[8.375,7.6875,8.1875,7.5],"tintindex":0,"rotation":0,"texture":"#0"},"down":{"uv":[8.375,7.6875,8.1875,7.875],"tintindex":0,"rotation":0,"texture":"#0"}}},{"from":[1.5999999,3.4,-4.55],"to":[8.1,10.9,-4.55],"faces":{"south":{"uv":[1.8125,3.0,1.0,3.9375],"tintindex":0,"rotation":0,"texture":"#0"},"north":{"uv":[1.0,3.0,1.8125,3.9375],"tintindex":0,"rotation":0,"texture":"#0"}}},{"from":[-1.9798985,8.0,-5.0],"to":[0.020100594,10.0,-3.0],"faces":{"east":{"uv":[7.8125,3.1875,8.0625,3.4375],"tintindex":0,"rotation":0,"texture":"#0"},"south":{"uv":[7.8125,3.1875,8.0625,3.4375],"tintindex":0,"rotation":0,"texture":"#0"},"north":{"uv":[7.8125,3.1875,8.0625,3.4375],"tintindex":0,"rotation":0,"texture":"#0"},"west":{"uv":[7.8125,3.1875,8.0625,3.4375],"tintindex":0,"rotation":0,"texture":"#0"},"up":{"uv":[7.8125,3.1875,8.0625,3.4375],"tintindex":0,"rotation":0,"texture":"#0"},"down":{"uv":[7.8125,3.1875,8.0625,3.4375],"tintindex":0,"rotation":0,"texture":"#0"}}},{"from":[-1.9798985,11.0,-5.0],"to":[0.020100594,13.0,-3.0],"faces":{"east":{"uv":[7.8125,3.1875,8.0625,3.4375],"tintindex":0,"rotation":0,"texture":"#0"},"south":{"uv":[7.8125,3.1875,8.0625,3.4375],"tintindex":0,"rotation":0,"texture":"#0"},"north":{"uv":[7.8125,3.1875,8.0625,3.4375],"tintindex":0,"rotation":0,"texture":"#0"},"west":{"uv":[7.8125,3.1875,8.0625,3.4375],"tintindex":0,"rotation":0,"texture":"#0"},"up":{"uv":[7.8125,3.1875,8.0625,3.4375],"tintindex":0,"rotation":0,"texture":"#0"},"down":{"uv":[7.8125,3.1875,8.0625,3.4375],"tintindex":0,"rotation":0,"texture":"#0"}}},{"from":[6.0201006,8.0,-5.0],"to":[8.020102,10.0,-3.0],"faces":{"east":{"uv":[7.8125,3.1875,8.0625,3.4375],"tintindex":0,"rotation":0,"texture":"#0"},"south":{"uv":[7.8125,3.1875,8.0625,3.4375],"tintindex":0,"rotation":0,"texture":"#0"},"north":{"uv":[7.8125,3.1875,8.0625,3.4375],"tintindex":0,"rotation":0,"texture":"#0"},"west":{"uv":[7.8125,3.1875,8.0625,3.4375],"tintindex":0,"rotation":0,"texture":"#0"},"up":{"uv":[7.8125,3.1875,8.0625,3.4375],"tintindex":0,"rotation":0,"texture":"#0"},"down":{"uv":[4.375,8.0,4.125,8.25],"tintindex":0,"rotation":0,"texture":"#0"}}},{"from":[-0.97989845,9.5,-4.0],"to":[7.0201006,11.5,7.0],"faces":{"east":{"uv":[6.4375,1.125,7.8125,1.375],"tintindex":0,"rotation":0,"texture":"#0"},"south":{"uv":[6.4375,1.5625,7.4375,1.8125],"tintindex":0,"rotation":0,"texture":"#0"},"north":{"uv":[6.4375,1.5625,7.4375,1.8125],"tintindex":0,"rotation":0,"texture":"#0"},"west":{"uv":[6.4375,1.125,7.8125,1.375],"tintindex":0,"rotation":0,"texture":"#0"},"up":{"uv":[3.25,4.125,2.25,2.75],"tintindex":0,"rotation":0,"texture":"#0"},"down":{"uv":[3.25,1.375,2.25,0.0],"tintindex":0,"rotation":0,"texture":"#0"}}},{"from":[-1.4798985,11.5,-4.5],"to":[7.5201006,12.5,7.5],"faces":{"east":{"uv":[6.9375,2.0625,8.0625,2.1875],"tintindex":0,"rotation":0,"texture":"#0"},"south":{"uv":[7.5625,2.5625,8.3125,2.6875],"tintindex":0,"rotation":0,"texture":"#0"},"north":{"uv":[7.5625,2.5625,8.3125,2.6875],"tintindex":0,"rotation":0,"texture":"#0"},"west":{"uv":[6.9375,2.0625,8.0625,2.1875],"tintindex":0,"rotation":0,"texture":"#0"},"up":{"uv":[1.125,3.0,0.0,1.5],"tintindex":0,"rotation":0,"texture":"#0"},"down":{"uv":[2.25,0.0,1.125,1.5],"tintindex":0,"rotation":0,"texture":"#0"}}},{"from":[-1.5173988,7.05,1.125],"to":[-1.192399,8.8,1.9499998],"faces":{"east":{"uv":[4.0625,1.8125,4.1875,2.0625],"tintindex":0,"rotation":0,"texture":"#0"},"south":{"uv":[6.0,1.125,6.0625,1.375],"tintindex":0,"rotation":0,"texture":"#0"},"north":{"uv":[5.0625,1.5,5.125,1.75],"tintindex":0,"rotation":0,"texture":"#0"},"west":{"uv":[3.375,6.9375,3.5,7.1875],"tintindex":0,"rotation":0,"texture":"#0"},"up":{"uv":[7.9375,8.25,7.875,8.125],"tintindex":0,"rotation":0,"texture":"#0"},"down":{"uv":[2.125,8.25,2.0625,8.375],"tintindex":0,"rotation":0,"texture":"#0"}},"rotation":{"origin":[-1.3548985,9.0,1.5],"angle":-22.5,"axis":"x"}},{"from":[-1.4798985,8.5,-3.0],"to":[0.020100594,9.5,6.0],"faces":{"east":{"uv":[6.9375,2.0625,8.0625,2.1875],"tintindex":0,"rotation":0,"texture":"#0"},"south":{"uv":[8.25,5.75,8.4375,5.875],"tintindex":0,"rotation":0,"texture":"#0"},"north":{"uv":[5.75,8.25,5.9375,8.375],"tintindex":0,"rotation":0,"texture":"#0"},"west":{"uv":[6.9375,2.0625,8.0625,2.1875],"tintindex":0,"rotation":0,"texture":"#0"},"up":{"uv":[3.6875,7.5625,3.5,6.4375],"tintindex":0,"rotation":0,"texture":"#0"},"down":{"uv":[3.6875,7.5625,3.5,6.4375],"tintindex":0,"rotation":0,"texture":"#0"}}},{"from":[-1.5173988,7.3,1.0500002],"to":[-1.192399,8.8,1.875],"faces":{"east":{"uv":[8.3125,3.3125,8.4375,3.5],"tintindex":0,"rotation":0,"texture":"#0"},"south":{"uv":[3.6875,6.4375,3.75,6.625],"tintindex":0,"rotation":0,"texture":"#0"},"north":{"uv":[5.875,3.0,5.9375,3.1875],"tintindex":0,"rotation":0,"texture":"#0"},"west":{"uv":[3.375,8.3125,3.5,8.5],"tintindex":0,"rotation":0,"texture":"#0"},"up":{"uv":[7.6875,8.0625,7.625,7.9375],"tintindex":0,"rotation":0,"texture":"#0"},"down":{"uv":[6.5625,8.0,6.5,8.125],"tintindex":0,"rotation":0,"texture":"#0"}},"rotation":{"origin":[-1.3548985,9.0,1.5],"angle":22.5,"axis":"x"}},{"from":[-1.9798985,11.0,6.0],"to":[0.020100594,13.0,8.0],"faces":{"east":{"uv":[7.8125,3.1875,8.0625,3.4375],"tintindex":0,"rotation":0,"texture":"#0"},"south":{"uv":[7.8125,3.1875,8.0625,3.4375],"tintindex":0,"rotation":0,"texture":"#0"},"north":{"uv":[7.8125,3.1875,8.0625,3.4375],"tintindex":0,"rotation":0,"texture":"#0"},"west":{"uv":[7.8125,3.1875,8.0625,3.4375],"tintindex":0,"rotation":0,"texture":"#0"},"up":{"uv":[7.8125,3.1875,8.0625,3.4375],"tintindex":0,"rotation":0,"texture":"#0"},"down":{"uv":[7.8125,3.1875,8.0625,3.4375],"tintindex":0,"rotation":0,"texture":"#0"}}},{"from":[6.0201006,10.0,-4.5],"to":[7.5201006,11.0,-3.0],"faces":{"east":{"uv":[8.3125,2.5,8.5,2.625],"tintindex":0,"rotation":0,"texture":"#0"},"south":{"uv":[8.3125,2.5,8.5,2.625],"tintindex":0,"rotation":0,"texture":"#0"},"north":{"uv":[8.3125,2.5,8.5,2.625],"tintindex":0,"rotation":0,"texture":"#0"},"west":{"uv":[8.3125,2.5,8.5,2.625],"tintindex":0,"rotation":0,"texture":"#0"},"up":{"uv":[7.5,8.375,7.3125,8.1875],"tintindex":0,"rotation":0,"texture":"#0"},"down":{"uv":[8.375,7.3125,8.1875,7.5],"tintindex":0,"rotation":0,"texture":"#0"}}},{"from":[6.0201006,11.0,6.0],"to":[8.020102,13.0,8.0],"faces":{"east":{"uv":[7.8125,3.1875,8.0625,3.4375],"tintindex":0,"rotation":0,"texture":"#0"},"south":{"uv":[7.8125,3.1875,8.0625,3.4375],"tintindex":0,"rotation":0,"texture":"#0"},"north":{"uv":[7.8125,3.1875,8.0625,3.4375],"tintindex":0,"rotation":0,"texture":"#0"},"west":{"uv":[7.8125,3.1875,8.0625,3.4375],"tintindex":0,"rotation":0,"texture":"#0"},"up":{"uv":[7.8125,3.1875,8.0625,3.4375],"tintindex":0,"rotation":0,"texture":"#0"},"down":{"uv":[7.8125,3.1875,8.0625,3.4375],"tintindex":0,"rotation":0,"texture":"#0"}}},{"from":[0.020100594,8.5,-4.5],"to":[6.0201006,9.5,-3.0],"faces":{"east":{"uv":[8.25,6.0,8.4375,6.125],"tintindex":0,"rotation":0,"texture":"#0"},"south":{"uv":[7.25,5.6875,8.0,5.8125],"tintindex":0,"rotation":0,"texture":"#0"},"north":{"uv":[7.5625,2.5625,8.3125,2.6875],"tintindex":0,"rotation":0,"texture":"#0"},"west":{"uv":[6.125,8.25,6.3125,8.375],"tintindex":0,"rotation":0,"texture":"#0"},"up":{"uv":[5.875,3.1875,5.125,3.0],"tintindex":0,"rotation":0,"texture":"#0"},"down":{"uv":[5.875,3.1875,5.125,3.0],"tintindex":0,"rotation":0,"texture":"#0"}}}],"display":{"head":{"rotation":[0.0,0.0,0.0]},"firstperson_righthand":{"rotation":[0.0,0.0,0.0]},"thirdperson_lefthand":{"rotation":[0.0,-0.0,-0.0]},"firstperson_lefthand":{"rotation":[0.0,-0.0,-0.0]},"fixed":{"rotation":[0.0,0.0,0.0]},"ground":{"rotation":[0.0,0.0,0.0]},"thirdperson_righthand":{"rotation":[0.0,0.0,0.0]},"gui":{"rotation":[-150.0,-75.0,-180.0]}}}