{"textures​":{"0":"\u0063\u0075\u0073\u0074\u006f\u006d\u0062\u0061\u0063\u006b\u0070\u0061\u0063\u006b\u0073:\u0062\u0061\u0063\u006b\u0070\u0061\u0063\u006b\u0073/\u0066\u0075\u0074\u0075\u0072\u0069\u0073\u0074\u0069\u0063_\u0062\u0061\u0063\u006b\u0070\u0061\u0063\u006b_\u0074\u0065\u0078\u0074\u0075\u0072\u0065","\u0070\u0061\u0072\u0074\u0069\u0063\u006c\u0065":"\u0063\u0075\u0073\u0074\u006f\u006d\u0062\u0061\u0063\u006b\u0070\u0061\u0063\u006b\u0073:\u0062\u0061\u0063\u006b\u0070\u0061\u0063\u006b\u0073/\u0066\u0075\u0074\u0075\u0072\u0069\u0073\u0074\u0069\u0063_\u0062\u0061\u0063\u006b\u0070\u0061\u0063\u006b_\u0074\u0065\u0078\u0074\u0075\u0072\u0065"},"credit":"Made with Blockbench","texture_size":[64,64],"\u0074\u0065\u0078\u0074\u0075\u0072\u0065\u0073":{"0":"\u0063\u0075\u0073\u0074\u006f\u006d\u0062\u0061\u0063\u006b\u0070\u0061\u0063\u006b\u0073:\u0062\u0061\u0063\u006b\u0070\u0061\u0063\u006b\u0073/\u0066\u0075\u0074\u0075\u0072\u0069\u0073\u0074\u0069\u0063_\u0062\u0061\u0063\u006b\u0070\u0061\u0063\u006b_\u0074\u0065\u0078\u0074\u0075\u0072\u0065","\u0070\u0061\u0072\u0074\u0069\u0063\u006c\u0065":"\u0063\u0075\u0073\u0074\u006f\u006d\u0062\u0061\u0063\u006b\u0070\u0061\u0063\u006b\u0073:\u0062\u0061\u0063\u006b\u0070\u0061\u0063\u006b\u0073/\u0066\u0075\u0074\u0075\u0072\u0069\u0073\u0074\u0069\u0063_\u0062\u0061\u0063\u006b\u0070\u0061\u0063\u006b_\u0074\u0065\u0078\u0074\u0075\u0072\u0065"},"elements":[{"from":[4.5,-13,6.75],"to":[5,-9,8.25],"rotation":{"angle":0,"axis":"y","origin":[4,-14,6.75]},"faces":{"north":{"uv":[3.75,9,4,11],"texture":"#0"},"east":{"uv":[7,6.75,7.75,8.75],"texture":"#0"},"south":{"uv":[0,9.5,0.25,11.5],"texture":"#0"},"west":{"uv":[4,7.5,4.75,9.5],"texture":"#0"},"up":{"uv":[2.5,8.5,2.25,7.75],"texture":"#0"},"down":{"uv":[5.25,10.25,5,11],"texture":"#0"}}},{"from":[5,-12.5,8.25],"to":[5.5,-9.5,9.25],"rotation":{"angle":0,"axis":"y","origin":[5.25,-8.5875,11.875]},"faces":{"north":{"uv":[1.75,9.5,2,11],"texture":"#0"},"east":{"uv":[7,8.75,7.5,10.25],"texture":"#0"},"south":{"uv":[2,9.5,2.25,11],"texture":"#0"},"west":{"uv":[7.5,8.75,8,10.25],"texture":"#0"},"up":{"uv":[2.5,9,2.25,8.5],"texture":"#0"},"down":{"uv":[2.75,10.5,2.5,11],"texture":"#0"}}},{"from":[6.5,-9.32665,11.09099],"to":[7.5,-8.25165,11.59099],"rotation":{"angle":-45,"axis":"x","origin":[7.5,-10.65165,9.84099]},"faces":{"north":{"uv":[10.25,4.75,10.75,5.25],"texture":"#0"},"east":{"uv":[2.75,10.5,3,11],"texture":"#0"},"south":{"uv":[10.25,5.25,10.75,5.75],"texture":"#0"},"west":{"uv":[4,10.5,4.25,11],"texture":"#0"},"up":{"uv":[10.25,5.75,9.75,5.5],"texture":"#0"},"down":{"uv":[11,4.5,10.5,4.75],"texture":"#0"}}},{"from":[8.5,-9.32665,11.09099],"to":[9.5,-8.25165,11.59099],"rotation":{"angle":-45,"axis":"x","origin":[8.5,-10.65165,9.84099]},"faces":{"north":{"uv":[5.75,10.25,6.25,10.75],"texture":"#0"},"east":{"uv":[4.25,10.5,4.5,11],"texture":"#0"},"south":{"uv":[10.25,5.75,10.75,6.25],"texture":"#0"},"west":{"uv":[10.5,6.75,10.75,7.25],"texture":"#0"},"up":{"uv":[11,7.5,10.5,7.25],"texture":"#0"},"down":{"uv":[11,7.5,10.5,7.75],"texture":"#0"}}},{"from":[6.5,-12.67935,11.53033],"to":[9.5,-11.60435,12.03033],"rotation":{"angle":45,"axis":"x","origin":[7.5,-10.27935,8.78033]},"faces":{"north":{"uv":[8.75,0.5,10.25,1],"texture":"#0"},"east":{"uv":[10.5,7.75,10.75,8.25],"texture":"#0"},"south":{"uv":[8.75,1,10.25,1.5],"texture":"#0"},"west":{"uv":[10.5,9,10.75,9.5],"texture":"#0"},"up":{"uv":[5.5,9.75,4,9.5],"texture":"#0"},"down":{"uv":[11,4,9.5,4.25],"texture":"#0"}}},{"from":[10.5,-12.5,8.25],"to":[11,-9.5,9.25],"rotation":{"angle":0,"axis":"y","origin":[10.75,-8.5875,11.875]},"faces":{"north":{"uv":[9.5,4.25,9.75,5.75],"texture":"#0"},"east":{"uv":[8,8.75,8.5,10.25],"texture":"#0"},"south":{"uv":[5.5,9.5,5.75,11],"texture":"#0"},"west":{"uv":[8.5,8.75,9,10.25],"texture":"#0"},"up":{"uv":[10.5,11,10.25,10.5],"texture":"#0"},"down":{"uv":[10.75,10.5,10.5,11],"texture":"#0"}}},{"from":[11,-13,6.75],"to":[11.5,-9,8.25],"rotation":{"angle":0,"axis":"y","origin":[12,-14,6.75]},"faces":{"north":{"uv":[0.25,9.5,0.5,11.5],"texture":"#0"},"east":{"uv":[4.75,7.5,5.5,9.5],"texture":"#0"},"south":{"uv":[0.5,9.5,0.75,11.5],"texture":"#0"},"west":{"uv":[5.5,7.5,6.25,9.5],"texture":"#0"},"up":{"uv":[10.75,2,10.5,1.25],"texture":"#0"},"down":{"uv":[2.5,10.5,2.25,11.25],"texture":"#0"}}},{"from":[6,-14.27935,11.53033],"to":[7,-13.27935,13.03033],"rotation":{"angle":45,"axis":"x","origin":[7.5,-10.27935,8.78033]},"faces":{"north":{"uv":[6.25,10.25,6.75,10.75],"texture":"#0"},"east":{"uv":[9.5,5.75,10.25,6.25],"texture":"#0"},"south":{"uv":[10.25,6.25,10.75,6.75],"texture":"#0"},"west":{"uv":[9.5,6.25,10.25,6.75],"texture":"#0"},"up":{"uv":[6.25,10.25,5.75,9.5],"texture":"#0"},"down":{"uv":[4.5,9.75,4,10.5],"texture":"#0"}}},{"from":[9,-14.27935,11.53033],"to":[10,-13.27935,13.03033],"rotation":{"angle":45,"axis":"x","origin":[7.5,-10.27935,8.78033]},"faces":{"north":{"uv":[6.75,10.25,7.25,10.75],"texture":"#0"},"east":{"uv":[9.75,4.25,10.5,4.75],"texture":"#0"},"south":{"uv":[7.25,10.25,7.75,10.75],"texture":"#0"},"west":{"uv":[4.5,9.75,5.25,10.25],"texture":"#0"},"up":{"uv":[10.25,5.5,9.75,4.75],"texture":"#0"},"down":{"uv":[10.25,8.25,9.75,9],"texture":"#0"}}},{"from":[6,-7.65165,11.09099],"to":[7,-6.65165,12.59099],"rotation":{"angle":-45,"axis":"x","origin":[7.5,-10.65165,9.84099]},"faces":{"north":{"uv":[7.75,10.25,8.25,10.75],"texture":"#0"},"east":{"uv":[9,9.75,9.75,10.25],"texture":"#0"},"south":{"uv":[8.25,10.25,8.75,10.75],"texture":"#0"},"west":{"uv":[9.75,9,10.5,9.5],"texture":"#0"},"up":{"uv":[10.25,10.25,9.75,9.5],"texture":"#0"},"down":{"uv":[10.5,1.5,10,2.25],"texture":"#0"}}},{"from":[9,-7.65165,11.09099],"to":[10,-6.65165,12.59099],"rotation":{"angle":-45,"axis":"x","origin":[7.5,-10.65165,9.84099]},"faces":{"north":{"uv":[10.25,8.25,10.75,8.75],"texture":"#0"},"east":{"uv":[2.25,10,3,10.5],"texture":"#0"},"south":{"uv":[8.75,10.25,9.25,10.75],"texture":"#0"},"west":{"uv":[10,2.25,10.75,2.75],"texture":"#0"},"up":{"uv":[3.5,10.75,3,10],"texture":"#0"},"down":{"uv":[10.75,0.5,10.25,1.25],"texture":"#0"}}},{"from":[5,-14,6.75],"to":[11,-8,8.25],"rotation":{"angle":0,"axis":"y","origin":[4,-14,6.75]},"faces":{"north":{"uv":[0,0,3,3],"texture":"#0"},"east":{"uv":[2.5,6,3.25,9],"texture":"#0"},"south":{"uv":[0,3,3,6],"texture":"#0"},"west":{"uv":[3.25,6,4,9],"texture":"#0"},"up":{"uv":[7,6.75,4,6],"texture":"#0"},"down":{"uv":[7,6.75,4,7.5],"texture":"#0"}}},{"from":[5.5,-9.65165,9.09099],"to":[10.5,-7.65165,10.59099],"rotation":{"angle":-45,"axis":"x","origin":[7.5,-10.65165,9.84099]},"faces":{"north":{"uv":[5.5,0,8,1],"texture":"#0"},"east":{"uv":[2.25,9,3,10],"texture":"#0"},"south":{"uv":[5.5,1,8,2],"texture":"#0"},"west":{"uv":[3,9,3.75,10],"texture":"#0"},"up":{"uv":[2.5,7.75,0,7],"texture":"#0"},"down":{"uv":[9.5,3,7,3.75],"texture":"#0"}}},{"from":[6,-9.85165,10.59099],"to":[10,-6.65165,11.09099],"rotation":{"angle":-45,"axis":"x","origin":[7.5,-10.65165,9.84099]},"faces":{"north":{"uv":[3,3,5,4.5],"texture":"#0"},"east":{"uv":[5.25,9.75,5.5,11.25],"texture":"#0"},"south":{"uv":[3,4.5,5,6],"texture":"#0"},"west":{"uv":[3.5,10,3.75,11.5],"texture":"#0"},"up":{"uv":[11.5,3.25,9.5,3],"texture":"#0"},"down":{"uv":[11.5,3.25,9.5,3.5],"texture":"#0"}}},{"from":[6,-14.57224,11.73744],"to":[10,-11.37224,12.23744],"rotation":{"angle":45,"axis":"x","origin":[6.5,-9.57224,9.48744]},"faces":{"north":{"uv":[5,3,7,4.5],"texture":"#0"},"east":{"uv":[4.5,10.25,4.75,11.75],"texture":"#0"},"south":{"uv":[5,4.5,7,6],"texture":"#0"},"west":{"uv":[4.75,10.25,5,11.75],"texture":"#0"},"up":{"uv":[11.5,3.75,9.5,3.5],"texture":"#0"},"down":{"uv":[11.5,3.75,9.5,4],"texture":"#0"}}},{"from":[6,-7.65165,9.59099],"to":[10,-6.65165,10.59099],"rotation":{"angle":-45,"axis":"x","origin":[7.5,-10.65165,9.84099]},"faces":{"north":{"uv":[8,1.5,10,2],"texture":"#0"},"east":{"uv":[9.25,10.25,9.75,10.75],"texture":"#0"},"south":{"uv":[8,2,10,2.5],"texture":"#0"},"west":{"uv":[10.25,9.5,10.75,10],"texture":"#0"},"up":{"uv":[10,3,8,2.5],"texture":"#0"},"down":{"uv":[9.75,8.25,7.75,8.75],"texture":"#0"}}},{"from":[6,-12.86514,10.61612],"to":[10,-11.86514,11.61612],"rotation":{"angle":45,"axis":"x","origin":[7.5,-8.86514,7.36612]},"faces":{"north":{"uv":[8.5,6.75,10.5,7.25],"texture":"#0"},"east":{"uv":[9.75,10.25,10.25,10.75],"texture":"#0"},"south":{"uv":[8.5,7.25,10.5,7.75],"texture":"#0"},"west":{"uv":[10.25,10,10.75,10.5],"texture":"#0"},"up":{"uv":[10.5,8.25,8.5,7.75],"texture":"#0"},"down":{"uv":[10.75,0,8.75,0.5],"texture":"#0"}}},{"from":[6,-12.78958,9.65919],"to":[7.5,-9.20208,10.15919],"rotation":{"angle":0,"axis":"y","origin":[6.5,-13.40208,8.78419]},"faces":{"north":{"uv":[6.25,7.5,7,9.25],"texture":"#0"},"east":{"uv":[0.75,9.5,1,11.25],"texture":"#0"},"south":{"uv":[0,7.75,0.75,9.5],"texture":"#0"},"west":{"uv":[1,9.5,1.25,11.25],"texture":"#0"},"up":{"uv":[10.75,3,10,2.75],"texture":"#0"},"down":{"uv":[11,8.75,10.25,9],"texture":"#0"}}},{"from":[8.5,-12.78958,9.65919],"to":[10,-9.20208,10.15919],"rotation":{"angle":0,"axis":"y","origin":[9.5,-13.40208,8.78419]},"faces":{"north":{"uv":[0.75,7.75,1.5,9.5],"texture":"#0"},"east":{"uv":[1.25,9.5,1.5,11.25],"texture":"#0"},"south":{"uv":[1.5,7.75,2.25,9.5],"texture":"#0"},"west":{"uv":[1.5,9.5,1.75,11.25],"texture":"#0"},"up":{"uv":[11.25,2.25,10.5,2],"texture":"#0"},"down":{"uv":[11.25,4.25,10.5,4.5],"texture":"#0"}}},{"from":[5.5,-14.34835,9.09099],"to":[10.5,-12.34835,10.59099],"rotation":{"angle":45,"axis":"x","origin":[7,-11.34835,9.84099]},"faces":{"north":{"uv":[5.5,2,8,3],"texture":"#0"},"east":{"uv":[9,8.75,9.75,9.75],"texture":"#0"},"south":{"uv":[0,6,2.5,7],"texture":"#0"},"west":{"uv":[6.25,9.25,7,10.25],"texture":"#0"},"up":{"uv":[9.5,4.5,7,3.75],"texture":"#0"},"down":{"uv":[9.5,4.5,7,5.25],"texture":"#0"}}},{"from":[5.5,-12.58578,8.16422],"to":[10.5,-9.41079,9.66422],"rotation":{"angle":0,"axis":"y","origin":[8,-11.58578,8.91422]},"faces":{"north":{"uv":[3,0,5.5,1.5],"texture":"#0"},"east":{"uv":[7.75,6.75,8.5,8.25],"texture":"#0"},"south":{"uv":[3,1.5,5.5,3],"texture":"#0"},"west":{"uv":[8,0,8.75,1.5],"texture":"#0"},"up":{"uv":[9.5,6,7,5.25],"texture":"#0"},"down":{"uv":[9.5,6,7,6.75],"texture":"#0"}}}],"gui_light":"front","display":{"thirdperson_righthand":{"rotation":[90,180,0],"translation":[0,-2.75,-4]},"thirdperson_lefthand":{"rotation":[67,0,0],"translation":[-6,-6.25,9.25],"scale":[0.99,0.99,0.99]},"firstperson_righthand":{"rotation":[47,180,0],"translation":[0.75,-1,0]},"firstperson_lefthand":{"translation":[80,0,0]},"ground":{"translation":[0,4,0],"scale":[0.5,0.5,0.5]},"gui":{"rotation":[0,30,0],"translation":[0,28.75,0],"scale":[1.51,1.51,1.51]},"head":{"translation":[0,-52.25,8],"scale":[3.2,3.2,3.2]},"fixed":{"rotation":[0,180,0],"translation":[0,3,-3],"scale":[2,2,2]}},"mcmodels":"28706dd947d54dbdcf1cb5506516f2fb"}