{"textures​":{"layer0":"minecraft:item/potted_warped_fungus"},"credit":"Made with Blockbench","texture_size":[64,64],"\u0074\u0065\u0078\u0074\u0075\u0072\u0065\u0073":{"0":"\u0063\u0075\u0073\u0074\u006f\u006d\u0062\u0061\u0063\u006b\u0070\u0061\u0063\u006b\u0073:\u0062\u0061\u0063\u006b\u0070\u0061\u0063\u006b\u0073/\u0068\u0075\u006e\u0074\u0069\u006e\u0067_\u0062\u0061\u0063\u006b\u0070\u0061\u0063\u006b_\u0074\u0065\u0078\u0074\u0075\u0072\u0065","\u0070\u0061\u0072\u0074\u0069\u0063\u006c\u0065":"\u0063\u0075\u0073\u0074\u006f\u006d\u0062\u0061\u0063\u006b\u0070\u0061\u0063\u006b\u0073:\u0062\u0061\u0063\u006b\u0070\u0061\u0063\u006b\u0073/\u0068\u0075\u006e\u0074\u0069\u006e\u0067_\u0062\u0061\u0063\u006b\u0070\u0061\u0063\u006b_\u0074\u0065\u0078\u0074\u0075\u0072\u0065"},"elements":[{"from":[11.2484,-12.32776,6],"to":[12.2484,-10.82776,7],"rotation":{"angle":-22.5,"axis":"z","origin":[11.7484,-10.70276,6.5]},"faces":{"north":{"uv":[1,6.5,1.5,7.25],"texture":"#0"},"east":{"uv":[0.5,8.25,1,9],"texture":"#0"},"south":{"uv":[1,8.25,1.5,9],"texture":"#0"},"west":{"uv":[1.5,8.25,2,9],"texture":"#0"},"up":{"uv":[7.5,8.75,7,8.25],"texture":"#0"},"down":{"uv":[8,8.25,7.5,8.75],"texture":"#0"}}},{"from":[10.7484,-10.82776,5.5],"to":[12.7484,-9.82776,7.5],"rotation":{"angle":-22.5,"axis":"z","origin":[11.7484,-10.70276,6.5]},"faces":{"north":{"uv":[7.75,0,8.75,0.5],"texture":"#0"},"east":{"uv":[7.75,0.5,8.75,1],"texture":"#0"},"south":{"uv":[7.75,1,8.75,1.5],"texture":"#0"},"west":{"uv":[7.75,1.5,8.75,2],"texture":"#0"},"up":{"uv":[5.5,7.25,4.5,6.25],"texture":"#0"},"down":{"uv":[1,6.5,0,7.5],"texture":"#0"}}},{"from":[4.25,-12,6],"to":[5.25,-11,7],"rotation":{"angle":0,"axis":"y","origin":[4,-14,2.5]},"faces":{"north":{"uv":[4,4.75,4.5,5.25],"texture":"#0"},"east":{"uv":[3.5,5.75,4,6.25],"texture":"#0"},"south":{"uv":[8,4.5,8.5,5],"texture":"#0"},"west":{"uv":[4,8.25,4.5,8.75],"texture":"#0"},"up":{"uv":[5,8.75,4.5,8.25],"texture":"#0"},"down":{"uv":[5.5,8.25,5,8.75],"texture":"#0"}}},{"from":[4,-11,5.75],"to":[5.5,-10.5,7.25],"rotation":{"angle":0,"axis":"y","origin":[4,-14,2.5]},"faces":{"north":{"uv":[8.75,6.25,9.5,6.5],"texture":"#0"},"east":{"uv":[6.75,8.75,7.5,9],"texture":"#0"},"south":{"uv":[0.5,9,1.25,9.25],"texture":"#0"},"west":{"uv":[1.25,9,2,9.25],"texture":"#0"},"up":{"uv":[0.75,8.25,0,7.5],"texture":"#0"},"down":{"uv":[8.25,6,7.5,6.75],"texture":"#0"}}},{"from":[4.25,-10.5,6],"to":[5.25,-10,7],"rotation":{"angle":0,"axis":"y","origin":[4,-14,2.5]},"faces":{"north":{"uv":[6.5,9.25,7,9.5],"texture":"#0"},"east":{"uv":[9.25,6.5,9.75,6.75],"texture":"#0"},"south":{"uv":[9.25,7,9.75,7.25],"texture":"#0"},"west":{"uv":[9.25,7.25,9.75,7.5],"texture":"#0"},"up":{"uv":[8.75,6.5,8.25,6],"texture":"#0"},"down":{"uv":[7,8.25,6.5,8.75],"texture":"#0"}}},{"from":[10,-14,9],"to":[12,-12,10],"rotation":{"angle":0,"axis":"y","origin":[4,-14,2.5]},"faces":{"north":{"uv":[6.5,5.75,7.5,6.75],"texture":"#0"},"east":{"uv":[5.5,7.75,6,8.75],"texture":"#0"},"south":{"uv":[5.5,6.75,6.5,7.75],"texture":"#0"},"west":{"uv":[6,7.75,6.5,8.75],"texture":"#0"},"up":{"uv":[7.5,8.25,6.5,7.75],"texture":"#0"},"down":{"uv":[8.5,7.75,7.5,8.25],"texture":"#0"}}},{"from":[6,-13.5,9],"to":[10,-12.5,10],"rotation":{"angle":0,"axis":"y","origin":[4,-14,2.5]},"faces":{"north":{"uv":[6.5,2.5,8.5,3],"texture":"#0"},"east":{"uv":[8.5,2,9,2.5],"texture":"#0"},"south":{"uv":[6.5,3,8.5,3.5],"texture":"#0"},"west":{"uv":[8.5,2.5,9,3],"texture":"#0"},"up":{"uv":[8.5,4,6.5,3.5],"texture":"#0"},"down":{"uv":[8.5,4,6.5,4.5],"texture":"#0"}}},{"from":[8.5,-12.5,9],"to":[9.5,-11.75,9.75],"rotation":{"angle":45,"axis":"x","origin":[8.25,-12.25,9.5]},"faces":{"north":{"uv":[8.5,4,9,4.5],"texture":"#0"},"east":{"uv":[8.5,4.5,9,5],"texture":"#0"},"south":{"uv":[8.5,6.75,9,7.25],"texture":"#0"},"west":{"uv":[8.5,7.25,9,7.75],"texture":"#0"},"up":{"uv":[9,8.25,8.5,7.75],"texture":"#0"},"down":{"uv":[8.5,8.5,8,9],"texture":"#0"}}},{"from":[7.5,-12.375,9.125],"to":[8.5,-11.875,9.625],"rotation":{"angle":45,"axis":"x","origin":[8.25,-12.25,9.5]},"faces":{"north":{"uv":[8.75,9.25,9.25,9.5],"texture":"#0"},"east":{"uv":[9,9.5,9.25,9.75],"texture":"#0"},"south":{"uv":[9.25,9,9.75,9.25],"texture":"#0"},"west":{"uv":[9.25,9.5,9.5,9.75],"texture":"#0"},"up":{"uv":[9.75,9.5,9.25,9.25],"texture":"#0"},"down":{"uv":[0.5,9.5,0,9.75],"texture":"#0"}}},{"from":[6.5,-12.5,9],"to":[7.5,-11.75,9.75],"rotation":{"angle":45,"axis":"x","origin":[8.25,-12.25,9.5]},"faces":{"north":{"uv":[8.5,8.5,9,9],"texture":"#0"},"east":{"uv":[8.75,0,9.25,0.5],"texture":"#0"},"south":{"uv":[8.75,0.5,9.25,1],"texture":"#0"},"west":{"uv":[8.75,1,9.25,1.5],"texture":"#0"},"up":{"uv":[9.25,2,8.75,1.5],"texture":"#0"},"down":{"uv":[4.5,8.75,4,9.25],"texture":"#0"}}},{"from":[7.75,-14.5,9.25],"to":[8.75,-13.5,9.75],"rotation":{"angle":0,"axis":"y","origin":[4,-14,2.5]},"faces":{"north":{"uv":[8.5,3,9,3.5],"texture":"#0"},"east":{"uv":[4.25,9.25,4.5,9.75],"texture":"#0"},"south":{"uv":[8.5,3.5,9,4],"texture":"#0"},"west":{"uv":[9.25,7.5,9.5,8],"texture":"#0"},"up":{"uv":[9.75,8.25,9.25,8],"texture":"#0"},"down":{"uv":[9.75,8.25,9.25,8.5],"texture":"#0"}}},{"from":[4,-13.25,9.25],"to":[6,-12.75,9.75],"rotation":{"angle":0,"axis":"y","origin":[4,-14,2.5]},"faces":{"north":{"uv":[5,2.5,6,2.75],"texture":"#0"},"east":{"uv":[8.75,9.5,9,9.75],"texture":"#0"},"south":{"uv":[6.5,5,7.5,5.25],"texture":"#0"},"west":{"uv":[9.5,8.75,9.75,9],"texture":"#0"},"up":{"uv":[9.25,6.75,8.25,6.5],"texture":"#0"},"down":{"uv":[9,8.25,8,8.5],"texture":"#0"}}},{"from":[10,-8.25,6.5],"to":[11.5,-7.75,7],"rotation":{"angle":45,"axis":"z","origin":[10.75,-8.25,6.75]},"faces":{"north":{"uv":[4.5,8.75,5.25,9],"texture":"#0"},"east":{"uv":[9.5,0,9.75,0.25],"texture":"#0"},"south":{"uv":[8.75,5,9.5,5.25],"texture":"#0"},"west":{"uv":[9.5,0.25,9.75,0.5],"texture":"#0"},"up":{"uv":[6,9,5.25,8.75],"texture":"#0"},"down":{"uv":[9.5,5.25,8.75,5.5],"texture":"#0"}}},{"from":[10.92678,-7.86611,6.5],"to":[11.92678,-7.36611,7],"rotation":{"angle":0,"axis":"y","origin":[10.67678,-8.36612,6.75]},"faces":{"north":{"uv":[9.25,1.5,9.75,1.75],"texture":"#0"},"east":{"uv":[9.5,5.75,9.75,6],"texture":"#0"},"south":{"uv":[1.75,9.25,2.25,9.5],"texture":"#0"},"west":{"uv":[6,9.5,6.25,9.75],"texture":"#0"},"up":{"uv":[9.75,2,9.25,1.75],"texture":"#0"},"down":{"uv":[2.75,9.25,2.25,9.5],"texture":"#0"}}},{"from":[11.29305,-8.03843,6.5],"to":[11.79305,-6.03843,7],"rotation":{"angle":-22.5,"axis":"z","origin":[12.29305,-8.28843,6.75]},"faces":{"north":{"uv":[3,8.25,3.25,9.25],"texture":"#0"},"east":{"uv":[3.25,8.25,3.5,9.25],"texture":"#0"},"south":{"uv":[3.5,8.25,3.75,9.25],"texture":"#0"},"west":{"uv":[3.75,8.25,4,9.25],"texture":"#0"},"up":{"uv":[7.25,9.75,7,9.5],"texture":"#0"},"down":{"uv":[7.5,9.5,7.25,9.75],"texture":"#0"}}},{"from":[10.29304,-7.03843,6.5],"to":[11.29305,-6.53843,7],"rotation":{"angle":-22.5,"axis":"z","origin":[12.29305,-8.28843,6.75]},"faces":{"north":{"uv":[9.25,4.5,9.75,4.75],"texture":"#0"},"east":{"uv":[8,9.5,8.25,9.75],"texture":"#0"},"south":{"uv":[5,9.25,5.5,9.5],"texture":"#0"},"west":{"uv":[8.25,9.5,8.5,9.75],"texture":"#0"},"up":{"uv":[6,9.5,5.5,9.25],"texture":"#0"},"down":{"uv":[6.5,9.25,6,9.5],"texture":"#0"}}},{"from":[11.79305,-7.53843,6.5],"to":[12.79305,-7.03843,7],"rotation":{"angle":-22.5,"axis":"z","origin":[12.29305,-8.28843,6.75]},"faces":{"north":{"uv":[2.75,9.25,3.25,9.5],"texture":"#0"},"east":{"uv":[7.5,9.5,7.75,9.75],"texture":"#0"},"south":{"uv":[9.25,3,9.75,3.25],"texture":"#0"},"west":{"uv":[9.5,7.5,9.75,7.75],"texture":"#0"},"up":{"uv":[3.75,9.5,3.25,9.25],"texture":"#0"},"down":{"uv":[9.75,3.25,9.25,3.5],"texture":"#0"}}},{"from":[13.01983,-8.76522,6.5],"to":[13.51983,-7.76521,7],"rotation":{"angle":22.5,"axis":"z","origin":[12.26983,-8.26522,6.75]},"faces":{"north":{"uv":[9.25,3.5,9.5,4],"texture":"#0"},"east":{"uv":[3.75,9.25,4,9.75],"texture":"#0"},"south":{"uv":[4,9.25,4.25,9.75],"texture":"#0"},"west":{"uv":[9.25,4,9.5,4.5],"texture":"#0"},"up":{"uv":[8,9.75,7.75,9.5],"texture":"#0"},"down":{"uv":[9.75,7.75,9.5,8],"texture":"#0"}}},{"from":[11.42678,-8.36612,6.5],"to":[11.92678,-7.86611,7],"rotation":{"angle":0,"axis":"y","origin":[10.67678,-8.36612,6.75]},"faces":{"north":{"uv":[9.5,6,9.75,6.25],"texture":"#0"},"east":{"uv":[6.25,9.5,6.5,9.75],"texture":"#0"},"south":{"uv":[9.5,6.25,9.75,6.5],"texture":"#0"},"west":{"uv":[6.5,9.5,6.75,9.75],"texture":"#0"},"up":{"uv":[7,9.75,6.75,9.5],"texture":"#0"},"down":{"uv":[9.75,6.75,9.5,7],"texture":"#0"}}},{"from":[10.5,-7.75,6.5],"to":[11,-6.75,7],"rotation":{"angle":45,"axis":"z","origin":[10.75,-8.25,6.75]},"faces":{"north":{"uv":[9.25,0,9.5,0.5],"texture":"#0"},"east":{"uv":[0.5,9.25,0.75,9.75],"texture":"#0"},"south":{"uv":[9.25,0.5,9.5,1],"texture":"#0"},"west":{"uv":[0.75,9.25,1,9.75],"texture":"#0"},"up":{"uv":[9.75,5.5,9.5,5.25],"texture":"#0"},"down":{"uv":[5.75,9.5,5.5,9.75],"texture":"#0"}}},{"from":[9.51257,-7.36611,6.5],"to":[10.01257,-6.36611,7],"rotation":{"angle":0,"axis":"y","origin":[9.76257,-7.86611,6.75]},"faces":{"north":{"uv":[1,9.25,1.25,9.75],"texture":"#0"},"east":{"uv":[9.25,1,9.5,1.5],"texture":"#0"},"south":{"uv":[1.25,9.25,1.5,9.75],"texture":"#0"},"west":{"uv":[1.5,9.25,1.75,9.75],"texture":"#0"},"up":{"uv":[9.75,5.75,9.5,5.5],"texture":"#0"},"down":{"uv":[6,9.5,5.75,9.75],"texture":"#0"}}},{"from":[4.5,-8.25,6.5],"to":[6,-7.75,7],"rotation":{"angle":-45,"axis":"z","origin":[5.25,-8.25,6.75]},"faces":{"north":{"uv":[8.75,5.5,9.5,5.75],"texture":"#0"},"east":{"uv":[9.5,5,9.75,5.25],"texture":"#0"},"south":{"uv":[8.75,5.75,9.5,6],"texture":"#0"},"west":{"uv":[5.25,9.5,5.5,9.75],"texture":"#0"},"up":{"uv":[6.75,9,6,8.75],"texture":"#0"},"down":{"uv":[9.5,6,8.75,6.25],"texture":"#0"}}},{"from":[4.07323,-7.86611,6.5],"to":[5.07323,-7.36611,7],"rotation":{"angle":0,"axis":"y","origin":[5.32323,-8.36612,6.75]},"faces":{"north":{"uv":[9,8.5,9.5,8.75],"texture":"#0"},"east":{"uv":[9.5,4.75,9.75,5],"texture":"#0"},"south":{"uv":[8.75,9,9.25,9.25],"texture":"#0"},"west":{"uv":[5,9.5,5.25,9.75],"texture":"#0"},"up":{"uv":[9.5,9,9,8.75],"texture":"#0"},"down":{"uv":[0.5,9.25,0,9.5],"texture":"#0"}}},{"from":[4.20696,-8.03843,6.5],"to":[4.70696,-6.03843,7],"rotation":{"angle":22.5,"axis":"z","origin":[3.70696,-8.28843,6.75]},"faces":{"north":{"uv":[2,8.25,2.25,9.25],"texture":"#0"},"east":{"uv":[2.25,8.25,2.5,9.25],"texture":"#0"},"south":{"uv":[2.5,8.25,2.75,9.25],"texture":"#0"},"west":{"uv":[2.75,8.25,3,9.25],"texture":"#0"},"up":{"uv":[4.75,9.75,4.5,9.5],"texture":"#0"},"down":{"uv":[5,9.5,4.75,9.75],"texture":"#0"}}},{"from":[5,-7.75,6.5],"to":[5.5,-6.75,7],"rotation":{"angle":-45,"axis":"z","origin":[5.25,-8.25,6.75]},"faces":{"north":{"uv":[8,9,8.25,9.5],"texture":"#0"},"east":{"uv":[9,8,9.25,8.5],"texture":"#0"},"south":{"uv":[8.25,9,8.5,9.5],"texture":"#0"},"west":{"uv":[8.5,9,8.75,9.5],"texture":"#0"},"up":{"uv":[9.75,4.25,9.5,4],"texture":"#0"},"down":{"uv":[9.75,4.25,9.5,4.5],"texture":"#0"}}},{"from":[4.70696,-7.03843,6.5],"to":[5.70696,-6.53843,7],"rotation":{"angle":22.5,"axis":"z","origin":[3.70696,-8.28843,6.75]},"faces":{"north":{"uv":[5.5,9,6,9.25],"texture":"#0"},"east":{"uv":[3.25,9.5,3.5,9.75],"texture":"#0"},"south":{"uv":[6,9,6.5,9.25],"texture":"#0"},"west":{"uv":[3.5,9.5,3.75,9.75],"texture":"#0"},"up":{"uv":[7,9.25,6.5,9],"texture":"#0"},"down":{"uv":[9.5,6.75,9,7],"texture":"#0"}}},{"from":[3.20696,-7.53843,6.5],"to":[4.20696,-7.03843,7],"rotation":{"angle":22.5,"axis":"z","origin":[3.70696,-8.28843,6.75]},"faces":{"north":{"uv":[1.5,5.5,2,5.75],"texture":"#0"},"east":{"uv":[2.75,9.5,3,9.75],"texture":"#0"},"south":{"uv":[6,2.5,6.5,2.75],"texture":"#0"},"west":{"uv":[3,9.5,3.25,9.75],"texture":"#0"},"up":{"uv":[9.5,5,9,4.75],"texture":"#0"},"down":{"uv":[5.5,9,5,9.25],"texture":"#0"}}},{"from":[2.48017,-8.76522,6.5],"to":[2.98017,-7.76521,7],"rotation":{"angle":-22.5,"axis":"z","origin":[3.73017,-8.26522,6.75]},"faces":{"north":{"uv":[9,3.75,9.25,4.25],"texture":"#0"},"east":{"uv":[9,4.25,9.25,4.75],"texture":"#0"},"south":{"uv":[4.5,9,4.75,9.5],"texture":"#0"},"west":{"uv":[4.75,9,5,9.5],"texture":"#0"},"up":{"uv":[2.5,9.75,2.25,9.5],"texture":"#0"},"down":{"uv":[2.75,9.5,2.5,9.75],"texture":"#0"}}},{"from":[4.07323,-8.36612,6.5],"to":[4.57323,-7.86611,7],"rotation":{"angle":0,"axis":"y","origin":[5.32323,-8.36612,6.75]},"faces":{"north":{"uv":[9.5,0.5,9.75,0.75],"texture":"#0"},"east":{"uv":[9.5,0.75,9.75,1],"texture":"#0"},"south":{"uv":[9.5,1,9.75,1.25],"texture":"#0"},"west":{"uv":[9.5,1.25,9.75,1.5],"texture":"#0"},"up":{"uv":[2,9.75,1.75,9.5],"texture":"#0"},"down":{"uv":[2.25,9.5,2,9.75],"texture":"#0"}}},{"from":[5.98744,-7.36611,6.5],"to":[6.48744,-6.36611,7],"rotation":{"angle":0,"axis":"y","origin":[6.23744,-7.86611,6.75]},"faces":{"north":{"uv":[7,9,7.25,9.5],"texture":"#0"},"east":{"uv":[9,7,9.25,7.5],"texture":"#0"},"south":{"uv":[7.25,9,7.5,9.5],"texture":"#0"},"west":{"uv":[9,7.5,9.25,8],"texture":"#0"},"up":{"uv":[9.75,3.75,9.5,3.5],"texture":"#0"},"down":{"uv":[9.75,3.75,9.5,4],"texture":"#0"}}},{"from":[9,-13.5,10],"to":[9.5,-13,10.5],"rotation":{"angle":0,"axis":"y","origin":[12,-14,2.5]},"faces":{"north":{"uv":[9.75,0.5,10,0.75],"texture":"#0"},"east":{"uv":[0.75,9.75,1,10],"texture":"#0"},"south":{"uv":[9.75,0.75,10,1],"texture":"#0"},"west":{"uv":[1,9.75,1.25,10],"texture":"#0"},"up":{"uv":[10,1.25,9.75,1],"texture":"#0"},"down":{"uv":[1.5,9.75,1.25,10],"texture":"#0"}}},{"from":[9,-14,9],"to":[9.5,-13.5,10.5],"rotation":{"angle":0,"axis":"y","origin":[12,-14,2.5]},"faces":{"north":{"uv":[9.75,1.25,10,1.5],"texture":"#0"},"east":{"uv":[9,2.5,9.75,2.75],"texture":"#0"},"south":{"uv":[1.5,9.75,1.75,10],"texture":"#0"},"west":{"uv":[9,2.75,9.75,3],"texture":"#0"},"up":{"uv":[8,9.5,7.75,8.75],"texture":"#0"},"down":{"uv":[9.25,3,9,3.75],"texture":"#0"}}},{"from":[6.5,-13.5,10],"to":[7,-13,10.5],"rotation":{"angle":0,"axis":"y","origin":[4,-14,2.5]},"faces":{"north":{"uv":[9.5,9.5,9.75,9.75],"texture":"#0"},"east":{"uv":[0,9.75,0.25,10],"texture":"#0"},"south":{"uv":[9.75,0,10,0.25],"texture":"#0"},"west":{"uv":[0.25,9.75,0.5,10],"texture":"#0"},"up":{"uv":[10,0.5,9.75,0.25],"texture":"#0"},"down":{"uv":[0.75,9.75,0.5,10],"texture":"#0"}}},{"from":[6.5,-14,9],"to":[7,-13.5,10.5],"rotation":{"angle":0,"axis":"y","origin":[4,-14,2.5]},"faces":{"north":{"uv":[8.5,9.5,8.75,9.75],"texture":"#0"},"east":{"uv":[9,2,9.75,2.25],"texture":"#0"},"south":{"uv":[9.5,8.5,9.75,8.75],"texture":"#0"},"west":{"uv":[9,2.25,9.75,2.5],"texture":"#0"},"up":{"uv":[1,8.25,0.75,7.5],"texture":"#0"},"down":{"uv":[7.75,8.75,7.5,9.5],"texture":"#0"}}},{"from":[5.5,-14,5.5],"to":[10.5,-8.5,7.5],"rotation":{"angle":0,"axis":"y","origin":[4,-14,2.5]},"faces":{"north":{"uv":[0,0,2.5,2.75],"texture":"#0"},"east":{"uv":[0,2.75,1,5.5],"texture":"#0"},"south":{"uv":[2.5,0,5,2.75],"texture":"#0"},"west":{"uv":[1,2.75,2,5.5],"texture":"#0"},"up":{"uv":[4.5,3.75,2,2.75],"texture":"#0"},"down":{"uv":[4.5,3.75,2,4.75],"texture":"#0"}}},{"from":[6,-8.99739,5.50052],"to":[10,-7.99738,8.00052],"rotation":{"angle":22.5,"axis":"x","origin":[8,-8.74739,6.75052]},"faces":{"north":{"uv":[5.5,5.25,7.5,5.75],"texture":"#0"},"east":{"uv":[7.5,5,8.75,5.5],"texture":"#0"},"south":{"uv":[1.5,5.75,3.5,6.25],"texture":"#0"},"west":{"uv":[7.5,5.5,8.75,6],"texture":"#0"},"up":{"uv":[6.5,4,4.5,2.75],"texture":"#0"},"down":{"uv":[6.5,4,4.5,5.25],"texture":"#0"}}},{"from":[4,-14,5.5],"to":[5.5,-12,7.5],"rotation":{"angle":0,"axis":"y","origin":[4,-14,2.5]},"faces":{"north":{"uv":[6.5,6.75,7.25,7.75],"texture":"#0"},"east":{"uv":[5.5,5.75,6.5,6.75],"texture":"#0"},"south":{"uv":[7,0,7.75,1],"texture":"#0"},"west":{"uv":[1.5,6.25,2.5,7.25],"texture":"#0"},"up":{"uv":[7.75,2,7,1],"texture":"#0"},"down":{"uv":[1.75,7.25,1,8.25],"texture":"#0"}}},{"from":[10.5,-14,5.5],"to":[12,-12,7.5],"rotation":{"angle":0,"axis":"y","origin":[4,-14,2.5]},"faces":{"north":{"uv":[1.75,7.25,2.5,8.25],"texture":"#0"},"east":{"uv":[2.5,6.25,3.5,7.25],"texture":"#0"},"south":{"uv":[2.5,7.25,3.25,8.25],"texture":"#0"},"west":{"uv":[3.5,6.25,4.5,7.25],"texture":"#0"},"up":{"uv":[4,8.25,3.25,7.25],"texture":"#0"},"down":{"uv":[4.75,7.25,4,8.25],"texture":"#0"}}},{"from":[6,-14,7.5],"to":[10,-12,9],"rotation":{"angle":0,"axis":"y","origin":[4,-14,2.5]},"faces":{"north":{"uv":[2,4.75,4,5.75],"texture":"#0"},"east":{"uv":[4.75,7.25,5.5,8.25],"texture":"#0"},"south":{"uv":[5,0,7,1],"texture":"#0"},"west":{"uv":[7.25,6.75,8,7.75],"texture":"#0"},"up":{"uv":[7,1.75,5,1],"texture":"#0"},"down":{"uv":[7,1.75,5,2.5],"texture":"#0"}}},{"from":[6.5,-12,7.5],"to":[9.5,-10,8.5],"rotation":{"angle":0,"axis":"y","origin":[4,-14,2.5]},"faces":{"north":{"uv":[4,5.25,5.5,6.25],"texture":"#0"},"east":{"uv":[8,6.75,8.5,7.75],"texture":"#0"},"south":{"uv":[0,5.5,1.5,6.5],"texture":"#0"},"west":{"uv":[0,8.25,0.5,9.25],"texture":"#0"},"up":{"uv":[8,5,6.5,4.5],"texture":"#0"},"down":{"uv":[8.5,2,7,2.5],"texture":"#0"}}}],"gui_light":"front","display":{"thirdperson_righthand":{"rotation":[90,180,0],"translation":[0,1.25,-3]},"thirdperson_lefthand":{"rotation":[67,0,0],"translation":[-6,-10,10.25]},"firstperson_righthand":{"rotation":[31,180,0],"translation":[2.25,0.25,0]},"firstperson_lefthand":{"translation":[80,0,0]},"ground":{"translation":[0,3,0],"scale":[0.5,0.5,0.5]},"gui":{"rotation":[16,26,0],"translation":[0.75,25.25,0],"scale":[1.47,1.47,1.47]},"head":{"translation":[0,-54,12],"scale":[3.2,3.2,3.2]},"fixed":{"rotation":[0,180,0],"translation":[0,3,-10],"scale":[2,2,2]}},"mcmodels":"28706dd947d54dbdcf1cb5506516f2fb"}