{"textures​":{"layer0":"minecraft:item/cyan_wool"},"credit":"Made with Blockbench","texture_size":[64,64],"\u0074\u0065\u0078\u0074\u0075\u0072\u0065\u0073":{"0":"\u0063\u0075\u0073\u0074\u006f\u006d\u0062\u0061\u0063\u006b\u0070\u0061\u0063\u006b\u0073:\u0062\u0061\u0063\u006b\u0070\u0061\u0063\u006b\u0073/\u0068\u0075\u006e\u0074\u0069\u006e\u0067_\u0062\u0061\u0063\u006b\u0070\u0061\u0063\u006b_\u0074\u0065\u0078\u0074\u0075\u0072\u0065","\u0070\u0061\u0072\u0074\u0069\u0063\u006c\u0065":"\u0063\u0075\u0073\u0074\u006f\u006d\u0062\u0061\u0063\u006b\u0070\u0061\u0063\u006b\u0073:\u0062\u0061\u0063\u006b\u0070\u0061\u0063\u006b\u0073/\u0068\u0075\u006e\u0074\u0069\u006e\u0067_\u0062\u0061\u0063\u006b\u0070\u0061\u0063\u006b_\u0074\u0065\u0078\u0074\u0075\u0072\u0065"},"elements":[{"from":[14.4968,3.34447,4],"to":[16.4968,6.34447,6],"rotation":{"angle":-22.5,"axis":"z","origin":[15.4968,6.59447,5]},"faces":{"north":{"uv":[1,6.5,1.5,7.25],"texture":"#0"},"east":{"uv":[0.5,8.25,1,9],"texture":"#0"},"south":{"uv":[1,8.25,1.5,9],"texture":"#0"},"west":{"uv":[1.5,8.25,2,9],"texture":"#0"},"up":{"uv":[7.5,8.75,7,8.25],"texture":"#0"},"down":{"uv":[8,8.25,7.5,8.75],"texture":"#0"}}},{"from":[13.4968,6.34447,3],"to":[17.4968,8.34447,7],"rotation":{"angle":-22.5,"axis":"z","origin":[15.4968,6.59447,5]},"faces":{"north":{"uv":[7.75,0,8.75,0.5],"texture":"#0"},"east":{"uv":[7.75,0.5,8.75,1],"texture":"#0"},"south":{"uv":[7.75,1,8.75,1.5],"texture":"#0"},"west":{"uv":[7.75,1.5,8.75,2],"texture":"#0"},"up":{"uv":[5.5,7.25,4.5,6.25],"texture":"#0"},"down":{"uv":[1,6.5,0,7.5],"texture":"#0"}}},{"from":[0.5,4,4],"to":[2.5,6,6],"rotation":{"angle":0,"axis":"y","origin":[0,0,-3]},"faces":{"north":{"uv":[4,4.75,4.5,5.25],"texture":"#0"},"east":{"uv":[3.5,5.75,4,6.25],"texture":"#0"},"south":{"uv":[8,4.5,8.5,5],"texture":"#0"},"west":{"uv":[4,8.25,4.5,8.75],"texture":"#0"},"up":{"uv":[5,8.75,4.5,8.25],"texture":"#0"},"down":{"uv":[5.5,8.25,5,8.75],"texture":"#0"}}},{"from":[0,6,3.5],"to":[3,7,6.5],"rotation":{"angle":0,"axis":"y","origin":[0,0,-3]},"faces":{"north":{"uv":[8.75,6.25,9.5,6.5],"texture":"#0"},"east":{"uv":[6.75,8.75,7.5,9],"texture":"#0"},"south":{"uv":[0.5,9,1.25,9.25],"texture":"#0"},"west":{"uv":[1.25,9,2,9.25],"texture":"#0"},"up":{"uv":[0.75,8.25,0,7.5],"texture":"#0"},"down":{"uv":[8.25,6,7.5,6.75],"texture":"#0"}}},{"from":[0.5,7,4],"to":[2.5,8,6],"rotation":{"angle":0,"axis":"y","origin":[0,0,-3]},"faces":{"north":{"uv":[6.5,9.25,7,9.5],"texture":"#0"},"east":{"uv":[9.25,6.5,9.75,6.75],"texture":"#0"},"south":{"uv":[9.25,7,9.75,7.25],"texture":"#0"},"west":{"uv":[9.25,7.25,9.75,7.5],"texture":"#0"},"up":{"uv":[8.75,6.5,8.25,6],"texture":"#0"},"down":{"uv":[7,8.25,6.5,8.75],"texture":"#0"}}},{"from":[12,0,10],"to":[16,4,12],"rotation":{"angle":0,"axis":"y","origin":[0,0,-3]},"faces":{"north":{"uv":[6.5,5.75,7.5,6.75],"texture":"#0"},"east":{"uv":[5.5,7.75,6,8.75],"texture":"#0"},"south":{"uv":[5.5,6.75,6.5,7.75],"texture":"#0"},"west":{"uv":[6,7.75,6.5,8.75],"texture":"#0"},"up":{"uv":[7.5,8.25,6.5,7.75],"texture":"#0"},"down":{"uv":[8.5,7.75,7.5,8.25],"texture":"#0"}}},{"from":[4,1,10],"to":[12,3,12],"rotation":{"angle":0,"axis":"y","origin":[0,0,-3]},"faces":{"north":{"uv":[6.5,2.5,8.5,3],"texture":"#0"},"east":{"uv":[8.5,2,9,2.5],"texture":"#0"},"south":{"uv":[6.5,3,8.5,3.5],"texture":"#0"},"west":{"uv":[8.5,2.5,9,3],"texture":"#0"},"up":{"uv":[8.5,4,6.5,3.5],"texture":"#0"},"down":{"uv":[8.5,4,6.5,4.5],"texture":"#0"}}},{"from":[9,3,10],"to":[11,4.5,11.5],"rotation":{"angle":45,"axis":"x","origin":[8.5,3.5,11]},"faces":{"north":{"uv":[8.5,4,9,4.5],"texture":"#0"},"east":{"uv":[8.5,4.5,9,5],"texture":"#0"},"south":{"uv":[8.5,6.75,9,7.25],"texture":"#0"},"west":{"uv":[8.5,7.25,9,7.75],"texture":"#0"},"up":{"uv":[9,8.25,8.5,7.75],"texture":"#0"},"down":{"uv":[8.5,8.5,8,9],"texture":"#0"}}},{"from":[7,3.25,10.25],"to":[9,4.25,11.25],"rotation":{"angle":45,"axis":"x","origin":[8.5,3.5,11]},"faces":{"north":{"uv":[8.75,9.25,9.25,9.5],"texture":"#0"},"east":{"uv":[9,9.5,9.25,9.75],"texture":"#0"},"south":{"uv":[9.25,9,9.75,9.25],"texture":"#0"},"west":{"uv":[9.25,9.5,9.5,9.75],"texture":"#0"},"up":{"uv":[9.75,9.5,9.25,9.25],"texture":"#0"},"down":{"uv":[0.5,9.5,0,9.75],"texture":"#0"}}},{"from":[5,3,10],"to":[7,4.5,11.5],"rotation":{"angle":45,"axis":"x","origin":[8.5,3.5,11]},"faces":{"north":{"uv":[8.5,8.5,9,9],"texture":"#0"},"east":{"uv":[8.75,0,9.25,0.5],"texture":"#0"},"south":{"uv":[8.75,0.5,9.25,1],"texture":"#0"},"west":{"uv":[8.75,1,9.25,1.5],"texture":"#0"},"up":{"uv":[9.25,2,8.75,1.5],"texture":"#0"},"down":{"uv":[4.5,8.75,4,9.25],"texture":"#0"}}},{"from":[7.5,-1,10.5],"to":[9.5,1,11.5],"rotation":{"angle":0,"axis":"y","origin":[0,0,-3]},"faces":{"north":{"uv":[8.5,3,9,3.5],"texture":"#0"},"east":{"uv":[4.25,9.25,4.5,9.75],"texture":"#0"},"south":{"uv":[8.5,3.5,9,4],"texture":"#0"},"west":{"uv":[9.25,7.5,9.5,8],"texture":"#0"},"up":{"uv":[9.75,8.25,9.25,8],"texture":"#0"},"down":{"uv":[9.75,8.25,9.25,8.5],"texture":"#0"}}},{"from":[0,1.5,10.5],"to":[4,2.5,11.5],"rotation":{"angle":0,"axis":"y","origin":[0,0,-3]},"faces":{"north":{"uv":[5,2.5,6,2.75],"texture":"#0"},"east":{"uv":[8.75,9.5,9,9.75],"texture":"#0"},"south":{"uv":[6.5,5,7.5,5.25],"texture":"#0"},"west":{"uv":[9.5,8.75,9.75,9],"texture":"#0"},"up":{"uv":[9.25,6.75,8.25,6.5],"texture":"#0"},"down":{"uv":[9,8.25,8,8.5],"texture":"#0"}}},{"from":[12,11.5,5],"to":[15,12.5,6],"rotation":{"angle":45,"axis":"z","origin":[13.5,11.5,5.5]},"faces":{"north":{"uv":[4.5,8.75,5.25,9],"texture":"#0"},"east":{"uv":[9.5,0,9.75,0.25],"texture":"#0"},"south":{"uv":[8.75,5,9.5,5.25],"texture":"#0"},"west":{"uv":[9.5,0.25,9.75,0.5],"texture":"#0"},"up":{"uv":[6,9,5.25,8.75],"texture":"#0"},"down":{"uv":[9.5,5.25,8.75,5.5],"texture":"#0"}}},{"from":[13.85355,12.26777,5],"to":[15.85355,13.26777,6],"rotation":{"angle":0,"axis":"y","origin":[13.35355,11.26777,5.5]},"faces":{"north":{"uv":[9.25,1.5,9.75,1.75],"texture":"#0"},"east":{"uv":[9.5,5.75,9.75,6],"texture":"#0"},"south":{"uv":[1.75,9.25,2.25,9.5],"texture":"#0"},"west":{"uv":[6,9.5,6.25,9.75],"texture":"#0"},"up":{"uv":[9.75,2,9.25,1.75],"texture":"#0"},"down":{"uv":[2.75,9.25,2.25,9.5],"texture":"#0"}}},{"from":[14.58609,11.92314,5],"to":[15.58609,15.92314,6],"rotation":{"angle":-22.5,"axis":"z","origin":[16.58609,11.42314,5.5]},"faces":{"north":{"uv":[3,8.25,3.25,9.25],"texture":"#0"},"east":{"uv":[3.25,8.25,3.5,9.25],"texture":"#0"},"south":{"uv":[3.5,8.25,3.75,9.25],"texture":"#0"},"west":{"uv":[3.75,8.25,4,9.25],"texture":"#0"},"up":{"uv":[7.25,9.75,7,9.5],"texture":"#0"},"down":{"uv":[7.5,9.5,7.25,9.75],"texture":"#0"}}},{"from":[12.58609,13.92314,5],"to":[14.58609,14.92314,6],"rotation":{"angle":-22.5,"axis":"z","origin":[16.58609,11.42314,5.5]},"faces":{"north":{"uv":[9.25,4.5,9.75,4.75],"texture":"#0"},"east":{"uv":[8,9.5,8.25,9.75],"texture":"#0"},"south":{"uv":[5,9.25,5.5,9.5],"texture":"#0"},"west":{"uv":[8.25,9.5,8.5,9.75],"texture":"#0"},"up":{"uv":[6,9.5,5.5,9.25],"texture":"#0"},"down":{"uv":[6.5,9.25,6,9.5],"texture":"#0"}}},{"from":[15.58609,12.92314,5],"to":[17.58609,13.92314,6],"rotation":{"angle":-22.5,"axis":"z","origin":[16.58609,11.42314,5.5]},"faces":{"north":{"uv":[2.75,9.25,3.25,9.5],"texture":"#0"},"east":{"uv":[7.5,9.5,7.75,9.75],"texture":"#0"},"south":{"uv":[9.25,3,9.75,3.25],"texture":"#0"},"west":{"uv":[9.5,7.5,9.75,7.75],"texture":"#0"},"up":{"uv":[3.75,9.5,3.25,9.25],"texture":"#0"},"down":{"uv":[9.75,3.25,9.25,3.5],"texture":"#0"}}},{"from":[18.03966,10.46957,5],"to":[19.03966,12.46957,6],"rotation":{"angle":22.5,"axis":"z","origin":[16.53966,11.46957,5.5]},"faces":{"north":{"uv":[9.25,3.5,9.5,4],"texture":"#0"},"east":{"uv":[3.75,9.25,4,9.75],"texture":"#0"},"south":{"uv":[4,9.25,4.25,9.75],"texture":"#0"},"west":{"uv":[9.25,4,9.5,4.5],"texture":"#0"},"up":{"uv":[8,9.75,7.75,9.5],"texture":"#0"},"down":{"uv":[9.75,7.75,9.5,8],"texture":"#0"}}},{"from":[14.85355,11.26777,5],"to":[15.85355,12.26777,6],"rotation":{"angle":0,"axis":"y","origin":[13.35355,11.26777,5.5]},"faces":{"north":{"uv":[9.5,6,9.75,6.25],"texture":"#0"},"east":{"uv":[6.25,9.5,6.5,9.75],"texture":"#0"},"south":{"uv":[9.5,6.25,9.75,6.5],"texture":"#0"},"west":{"uv":[6.5,9.5,6.75,9.75],"texture":"#0"},"up":{"uv":[7,9.75,6.75,9.5],"texture":"#0"},"down":{"uv":[9.75,6.75,9.5,7],"texture":"#0"}}},{"from":[13,12.5,5],"to":[14,14.5,6],"rotation":{"angle":45,"axis":"z","origin":[13.5,11.5,5.5]},"faces":{"north":{"uv":[9.25,0,9.5,0.5],"texture":"#0"},"east":{"uv":[0.5,9.25,0.75,9.75],"texture":"#0"},"south":{"uv":[9.25,0.5,9.5,1],"texture":"#0"},"west":{"uv":[0.75,9.25,1,9.75],"texture":"#0"},"up":{"uv":[9.75,5.5,9.5,5.25],"texture":"#0"},"down":{"uv":[5.75,9.5,5.5,9.75],"texture":"#0"}}},{"from":[11.02513,13.26777,5],"to":[12.02513,15.26777,6],"rotation":{"angle":0,"axis":"y","origin":[11.52513,12.26777,5.5]},"faces":{"north":{"uv":[1,9.25,1.25,9.75],"texture":"#0"},"east":{"uv":[9.25,1,9.5,1.5],"texture":"#0"},"south":{"uv":[1.25,9.25,1.5,9.75],"texture":"#0"},"west":{"uv":[1.5,9.25,1.75,9.75],"texture":"#0"},"up":{"uv":[9.75,5.75,9.5,5.5],"texture":"#0"},"down":{"uv":[6,9.5,5.75,9.75],"texture":"#0"}}},{"from":[1,11.5,5],"to":[4,12.5,6],"rotation":{"angle":-45,"axis":"z","origin":[2.5,11.5,5.5]},"faces":{"north":{"uv":[8.75,5.5,9.5,5.75],"texture":"#0"},"east":{"uv":[9.5,5,9.75,5.25],"texture":"#0"},"south":{"uv":[8.75,5.75,9.5,6],"texture":"#0"},"west":{"uv":[5.25,9.5,5.5,9.75],"texture":"#0"},"up":{"uv":[6.75,9,6,8.75],"texture":"#0"},"down":{"uv":[9.5,6,8.75,6.25],"texture":"#0"}}},{"from":[0.14645,12.26777,5],"to":[2.14645,13.26777,6],"rotation":{"angle":0,"axis":"y","origin":[2.64645,11.26777,5.5]},"faces":{"north":{"uv":[9,8.5,9.5,8.75],"texture":"#0"},"east":{"uv":[9.5,4.75,9.75,5],"texture":"#0"},"south":{"uv":[8.75,9,9.25,9.25],"texture":"#0"},"west":{"uv":[5,9.5,5.25,9.75],"texture":"#0"},"up":{"uv":[9.5,9,9,8.75],"texture":"#0"},"down":{"uv":[0.5,9.25,0,9.5],"texture":"#0"}}},{"from":[0.41391,11.92314,5],"to":[1.41391,15.92314,6],"rotation":{"angle":22.5,"axis":"z","origin":[-0.58609,11.42314,5.5]},"faces":{"north":{"uv":[2,8.25,2.25,9.25],"texture":"#0"},"east":{"uv":[2.25,8.25,2.5,9.25],"texture":"#0"},"south":{"uv":[2.5,8.25,2.75,9.25],"texture":"#0"},"west":{"uv":[2.75,8.25,3,9.25],"texture":"#0"},"up":{"uv":[4.75,9.75,4.5,9.5],"texture":"#0"},"down":{"uv":[5,9.5,4.75,9.75],"texture":"#0"}}},{"from":[2,12.5,5],"to":[3,14.5,6],"rotation":{"angle":-45,"axis":"z","origin":[2.5,11.5,5.5]},"faces":{"north":{"uv":[8,9,8.25,9.5],"texture":"#0"},"east":{"uv":[9,8,9.25,8.5],"texture":"#0"},"south":{"uv":[8.25,9,8.5,9.5],"texture":"#0"},"west":{"uv":[8.5,9,8.75,9.5],"texture":"#0"},"up":{"uv":[9.75,4.25,9.5,4],"texture":"#0"},"down":{"uv":[9.75,4.25,9.5,4.5],"texture":"#0"}}},{"from":[1.41391,13.92314,5],"to":[3.41391,14.92314,6],"rotation":{"angle":22.5,"axis":"z","origin":[-0.58609,11.42314,5.5]},"faces":{"north":{"uv":[5.5,9,6,9.25],"texture":"#0"},"east":{"uv":[3.25,9.5,3.5,9.75],"texture":"#0"},"south":{"uv":[6,9,6.5,9.25],"texture":"#0"},"west":{"uv":[3.5,9.5,3.75,9.75],"texture":"#0"},"up":{"uv":[7,9.25,6.5,9],"texture":"#0"},"down":{"uv":[9.5,6.75,9,7],"texture":"#0"}}},{"from":[-1.58609,12.92314,5],"to":[0.41391,13.92314,6],"rotation":{"angle":22.5,"axis":"z","origin":[-0.58609,11.42314,5.5]},"faces":{"north":{"uv":[1.5,5.5,2,5.75],"texture":"#0"},"east":{"uv":[2.75,9.5,3,9.75],"texture":"#0"},"south":{"uv":[6,2.5,6.5,2.75],"texture":"#0"},"west":{"uv":[3,9.5,3.25,9.75],"texture":"#0"},"up":{"uv":[9.5,5,9,4.75],"texture":"#0"},"down":{"uv":[5.5,9,5,9.25],"texture":"#0"}}},{"from":[-3.03966,10.46957,5],"to":[-2.03966,12.46957,6],"rotation":{"angle":-22.5,"axis":"z","origin":[-0.53966,11.46957,5.5]},"faces":{"north":{"uv":[9,3.75,9.25,4.25],"texture":"#0"},"east":{"uv":[9,4.25,9.25,4.75],"texture":"#0"},"south":{"uv":[4.5,9,4.75,9.5],"texture":"#0"},"west":{"uv":[4.75,9,5,9.5],"texture":"#0"},"up":{"uv":[2.5,9.75,2.25,9.5],"texture":"#0"},"down":{"uv":[2.75,9.5,2.5,9.75],"texture":"#0"}}},{"from":[0.14645,11.26777,5],"to":[1.14645,12.26777,6],"rotation":{"angle":0,"axis":"y","origin":[2.64645,11.26777,5.5]},"faces":{"north":{"uv":[9.5,0.5,9.75,0.75],"texture":"#0"},"east":{"uv":[9.5,0.75,9.75,1],"texture":"#0"},"south":{"uv":[9.5,1,9.75,1.25],"texture":"#0"},"west":{"uv":[9.5,1.25,9.75,1.5],"texture":"#0"},"up":{"uv":[2,9.75,1.75,9.5],"texture":"#0"},"down":{"uv":[2.25,9.5,2,9.75],"texture":"#0"}}},{"from":[3.97487,13.26777,5],"to":[4.97487,15.26777,6],"rotation":{"angle":0,"axis":"y","origin":[4.47487,12.26777,5.5]},"faces":{"north":{"uv":[7,9,7.25,9.5],"texture":"#0"},"east":{"uv":[9,7,9.25,7.5],"texture":"#0"},"south":{"uv":[7.25,9,7.5,9.5],"texture":"#0"},"west":{"uv":[9,7.5,9.25,8],"texture":"#0"},"up":{"uv":[9.75,3.75,9.5,3.5],"texture":"#0"},"down":{"uv":[9.75,3.75,9.5,4],"texture":"#0"}}},{"from":[10,1,12],"to":[11,2,13],"rotation":{"angle":0,"axis":"y","origin":[16,0,-3]},"faces":{"north":{"uv":[9.75,0.5,10,0.75],"texture":"#0"},"east":{"uv":[0.75,9.75,1,10],"texture":"#0"},"south":{"uv":[9.75,0.75,10,1],"texture":"#0"},"west":{"uv":[1,9.75,1.25,10],"texture":"#0"},"up":{"uv":[10,1.25,9.75,1],"texture":"#0"},"down":{"uv":[1.5,9.75,1.25,10],"texture":"#0"}}},{"from":[10,0,10],"to":[11,1,13],"rotation":{"angle":0,"axis":"y","origin":[16,0,-3]},"faces":{"north":{"uv":[9.75,1.25,10,1.5],"texture":"#0"},"east":{"uv":[9,2.5,9.75,2.75],"texture":"#0"},"south":{"uv":[1.5,9.75,1.75,10],"texture":"#0"},"west":{"uv":[9,2.75,9.75,3],"texture":"#0"},"up":{"uv":[8,9.5,7.75,8.75],"texture":"#0"},"down":{"uv":[9.25,3,9,3.75],"texture":"#0"}}},{"from":[5,1,12],"to":[6,2,13],"rotation":{"angle":0,"axis":"y","origin":[0,0,-3]},"faces":{"north":{"uv":[9.5,9.5,9.75,9.75],"texture":"#0"},"east":{"uv":[0,9.75,0.25,10],"texture":"#0"},"south":{"uv":[9.75,0,10,0.25],"texture":"#0"},"west":{"uv":[0.25,9.75,0.5,10],"texture":"#0"},"up":{"uv":[10,0.5,9.75,0.25],"texture":"#0"},"down":{"uv":[0.75,9.75,0.5,10],"texture":"#0"}}},{"from":[5,0,10],"to":[6,1,13],"rotation":{"angle":0,"axis":"y","origin":[0,0,-3]},"faces":{"north":{"uv":[8.5,9.5,8.75,9.75],"texture":"#0"},"east":{"uv":[9,2,9.75,2.25],"texture":"#0"},"south":{"uv":[9.5,8.5,9.75,8.75],"texture":"#0"},"west":{"uv":[9,2.25,9.75,2.5],"texture":"#0"},"up":{"uv":[1,8.25,0.75,7.5],"texture":"#0"},"down":{"uv":[7.75,8.75,7.5,9.5],"texture":"#0"}}},{"from":[3,0,3],"to":[13,11,7],"rotation":{"angle":0,"axis":"y","origin":[0,0,-3]},"faces":{"north":{"uv":[0,0,2.5,2.75],"texture":"#0"},"east":{"uv":[0,2.75,1,5.5],"texture":"#0"},"south":{"uv":[2.5,0,5,2.75],"texture":"#0"},"west":{"uv":[1,2.75,2,5.5],"texture":"#0"},"up":{"uv":[4.5,3.75,2,2.75],"texture":"#0"},"down":{"uv":[4.5,3.75,2,4.75],"texture":"#0"}}},{"from":[4,10.00523,3.00104],"to":[12,12.00523,8.00104],"rotation":{"angle":22.5,"axis":"x","origin":[8,10.50523,5.50104]},"faces":{"north":{"uv":[5.5,5.25,7.5,5.75],"texture":"#0"},"east":{"uv":[7.5,5,8.75,5.5],"texture":"#0"},"south":{"uv":[1.5,5.75,3.5,6.25],"texture":"#0"},"west":{"uv":[7.5,5.5,8.75,6],"texture":"#0"},"up":{"uv":[6.5,4,4.5,2.75],"texture":"#0"},"down":{"uv":[6.5,4,4.5,5.25],"texture":"#0"}}},{"from":[0,0,3],"to":[3,4,7],"rotation":{"angle":0,"axis":"y","origin":[0,0,-3]},"faces":{"north":{"uv":[6.5,6.75,7.25,7.75],"texture":"#0"},"east":{"uv":[5.5,5.75,6.5,6.75],"texture":"#0"},"south":{"uv":[7,0,7.75,1],"texture":"#0"},"west":{"uv":[1.5,6.25,2.5,7.25],"texture":"#0"},"up":{"uv":[7.75,2,7,1],"texture":"#0"},"down":{"uv":[1.75,7.25,1,8.25],"texture":"#0"}}},{"from":[13,0,3],"to":[16,4,7],"rotation":{"angle":0,"axis":"y","origin":[0,0,-3]},"faces":{"north":{"uv":[1.75,7.25,2.5,8.25],"texture":"#0"},"east":{"uv":[2.5,6.25,3.5,7.25],"texture":"#0"},"south":{"uv":[2.5,7.25,3.25,8.25],"texture":"#0"},"west":{"uv":[3.5,6.25,4.5,7.25],"texture":"#0"},"up":{"uv":[4,8.25,3.25,7.25],"texture":"#0"},"down":{"uv":[4.75,7.25,4,8.25],"texture":"#0"}}},{"from":[4,0,7],"to":[12,4,10],"rotation":{"angle":0,"axis":"y","origin":[0,0,-3]},"faces":{"north":{"uv":[2,4.75,4,5.75],"texture":"#0"},"east":{"uv":[4.75,7.25,5.5,8.25],"texture":"#0"},"south":{"uv":[5,0,7,1],"texture":"#0"},"west":{"uv":[7.25,6.75,8,7.75],"texture":"#0"},"up":{"uv":[7,1.75,5,1],"texture":"#0"},"down":{"uv":[7,1.75,5,2.5],"texture":"#0"}}},{"from":[5,4,7],"to":[11,8,9],"rotation":{"angle":0,"axis":"y","origin":[0,0,-3]},"faces":{"north":{"uv":[4,5.25,5.5,6.25],"texture":"#0"},"east":{"uv":[8,6.75,8.5,7.75],"texture":"#0"},"south":{"uv":[0,5.5,1.5,6.5],"texture":"#0"},"west":{"uv":[0,8.25,0.5,9.25],"texture":"#0"},"up":{"uv":[8,5,6.5,4.5],"texture":"#0"},"down":{"uv":[8.5,2,7,2.5],"texture":"#0"}}}],"gui_light":"front","display":{"thirdperson_righthand":{"rotation":[90,180,0],"translation":[0,1.25,-3]},"thirdperson_lefthand":{"rotation":[67,0,0],"translation":[-6,-10,10.25]},"firstperson_righthand":{"rotation":[31,180,0],"translation":[2.25,0.25,0]},"firstperson_lefthand":{"translation":[80,0,0]},"ground":{"translation":[0,3,0],"scale":[0.5,0.5,0.5]},"gui":{"rotation":[16,26,0],"translation":[0.75,0,0],"scale":[0.75,0.75,0.75]},"head":{"translation":[0,-14.25,12],"scale":[1.6,1.6,1.6]},"fixed":{"rotation":[0,180,0],"translation":[0,3,-10],"scale":[2,2,2]}},"mcmodels":"28706dd947d54dbdcf1cb5506516f2fb"}