{"textures​":{"layer0":"minecraft:item/ladder"},"credit":"Made with Blockbench","texture_size":[64,64],"\u0074\u0065\u0078\u0074\u0075\u0072\u0065\u0073":{"0":"\u0063\u0075\u0073\u0074\u006f\u006d\u0062\u0061\u0063\u006b\u0070\u0061\u0063\u006b\u0073:\u0062\u0061\u0063\u006b\u0070\u0061\u0063\u006b\u0073/\u006a\u0065\u0074_\u0070\u0061\u0063\u006b_\u0062\u0061\u0063\u006b\u0070\u0061\u0063\u006b_\u0074\u0065\u0078\u0074\u0075\u0072\u0065","\u0070\u0061\u0072\u0074\u0069\u0063\u006c\u0065":"\u0063\u0075\u0073\u0074\u006f\u006d\u0062\u0061\u0063\u006b\u0070\u0061\u0063\u006b\u0073:\u0062\u0061\u0063\u006b\u0070\u0061\u0063\u006b\u0073/\u006a\u0065\u0074_\u0070\u0061\u0063\u006b_\u0062\u0061\u0063\u006b\u0070\u0061\u0063\u006b_\u0074\u0065\u0078\u0074\u0075\u0072\u0065"},"elements":[{"name":"mid","from":[6.5,-11.25,7.25],"to":[9.5,-6.25,8.75],"rotation":{"angle":0,"axis":"y","origin":[4,-13.25,7.25]},"faces":{"north":{"uv":[0,0,1.5,2.5],"texture":"#0"},"east":{"uv":[3,0,3.75,2.5],"texture":"#0"},"south":{"uv":[1.5,0,3,2.5],"texture":"#0"},"west":{"uv":[1.25,5.5,2,8],"texture":"#0"},"up":{"uv":[8.5,0.75,7,0],"texture":"#0"},"down":{"uv":[8.5,0.75,7,1.5],"texture":"#0"}}},{"from":[3.5,-8.25,7.25],"to":[4,-6.25,8.75],"rotation":{"angle":0,"axis":"y","origin":[4,-13.25,7.25]},"faces":{"north":{"uv":[9.25,3.5,9.5,4.5],"texture":"#0"},"east":{"uv":[7,3.5,7.75,4.5],"texture":"#0"},"south":{"uv":[4.5,9.25,4.75,10.25],"texture":"#0"},"west":{"uv":[7,4.5,7.75,5.5],"texture":"#0"},"up":{"uv":[9.5,7.25,9.25,6.5],"texture":"#0"},"down":{"uv":[7.25,9.25,7,10],"texture":"#0"}}},{"from":[3.5,-8.25,9.25],"to":[4.5,-7.75,9.75],"rotation":{"angle":0,"axis":"y","origin":[4,-13.25,7.25]},"faces":{"north":{"uv":[6.5,7.25,7,7.5],"texture":"#0"},"east":{"uv":[8.5,7.25,8.75,7.5],"texture":"#0"},"south":{"uv":[9.5,2.25,10,2.5],"texture":"#0"},"west":{"uv":[7.75,9.5,8,9.75],"texture":"#0"},"up":{"uv":[10,2.75,9.5,2.5],"texture":"#0"},"down":{"uv":[10,2.75,9.5,3],"texture":"#0"}}},{"from":[3.5,-8.25,8.75],"to":[4,-7.75,9.25],"rotation":{"angle":0,"axis":"y","origin":[4,-13.25,7.25]},"faces":{"north":{"uv":[9.75,3.25,10,3.5],"texture":"#0"},"east":{"uv":[5.5,9.75,5.75,10],"texture":"#0"},"south":{"uv":[5.75,9.75,6,10],"texture":"#0"},"west":{"uv":[6,9.75,6.25,10],"texture":"#0"},"up":{"uv":[10,6.25,9.75,6],"texture":"#0"},"down":{"uv":[6.5,9.75,6.25,10],"texture":"#0"}}},{"from":[4.5,-11.25,9.25],"to":[6,-7.25,9.75],"rotation":{"angle":0,"axis":"y","origin":[4,-13.25,7.25]},"faces":{"north":{"uv":[6.25,0,7,2],"texture":"#0"},"east":{"uv":[3.5,8.75,3.75,10.75],"texture":"#0"},"south":{"uv":[6.25,2,7,4],"texture":"#0"},"west":{"uv":[3.75,8.75,4,10.75],"texture":"#0"},"up":{"uv":[8,9.5,7.25,9.25],"texture":"#0"},"down":{"uv":[10,7.25,9.25,7.5],"texture":"#0"}}},{"from":[6,-8.25,9.25],"to":[7,-7.75,9.75],"rotation":{"angle":0,"axis":"y","origin":[4,-13.25,7.25]},"faces":{"north":{"uv":[9.5,3.5,10,3.75],"texture":"#0"},"east":{"uv":[9.75,6.25,10,6.5],"texture":"#0"},"south":{"uv":[9.5,3.75,10,4],"texture":"#0"},"west":{"uv":[6.5,9.75,6.75,10],"texture":"#0"},"up":{"uv":[10,4.25,9.5,4],"texture":"#0"},"down":{"uv":[10,4.25,9.5,4.5],"texture":"#0"}}},{"from":[6.5,-8.25,8.75],"to":[7,-7.75,9.25],"rotation":{"angle":0,"axis":"y","origin":[4,-13.25,7.25]},"faces":{"north":{"uv":[6.75,9.75,7,10],"texture":"#0"},"east":{"uv":[7.25,9.75,7.5,10],"texture":"#0"},"south":{"uv":[7.5,9.75,7.75,10],"texture":"#0"},"west":{"uv":[7.75,9.75,8,10],"texture":"#0"},"up":{"uv":[8.75,10,8.5,9.75],"texture":"#0"},"down":{"uv":[9,9.75,8.75,10],"texture":"#0"}}},{"from":[9,-8.25,9.25],"to":[10,-7.75,9.75],"rotation":{"angle":0,"axis":"y","origin":[12,-13.25,7.25]},"faces":{"north":{"uv":[9.5,4.5,10,4.75],"texture":"#0"},"east":{"uv":[9,9.75,9.25,10],"texture":"#0"},"south":{"uv":[9.5,4.75,10,5],"texture":"#0"},"west":{"uv":[9.25,9.75,9.5,10],"texture":"#0"},"up":{"uv":[10,5.25,9.5,5],"texture":"#0"},"down":{"uv":[10,5.25,9.5,5.5],"texture":"#0"}}},{"from":[9,-8.25,8.75],"to":[9.5,-7.75,9.25],"rotation":{"angle":0,"axis":"y","origin":[12,-13.25,7.25]},"faces":{"north":{"uv":[9.5,9.75,9.75,10],"texture":"#0"},"east":{"uv":[9.75,9.75,10,10],"texture":"#0"},"south":{"uv":[0,10,0.25,10.25],"texture":"#0"},"west":{"uv":[10,0,10.25,0.25],"texture":"#0"},"up":{"uv":[0.5,10.25,0.25,10],"texture":"#0"},"down":{"uv":[10.25,0.25,10,0.5],"texture":"#0"}}},{"from":[10,-11.25,9.25],"to":[11.5,-7.25,9.75],"rotation":{"angle":0,"axis":"y","origin":[4,-13.25,7.25]},"faces":{"north":{"uv":[6.25,4,7,6],"texture":"#0"},"east":{"uv":[4,8.75,4.25,10.75],"texture":"#0"},"south":{"uv":[2,6.75,2.75,8.75],"texture":"#0"},"west":{"uv":[4.25,8.75,4.5,10.75],"texture":"#0"},"up":{"uv":[10,7.75,9.25,7.5],"texture":"#0"},"down":{"uv":[10,7.75,9.25,8],"texture":"#0"}}},{"from":[11.5,-8.25,9.25],"to":[12.5,-7.75,9.75],"rotation":{"angle":0,"axis":"y","origin":[12,-13.25,7.25]},"faces":{"north":{"uv":[6,9.5,6.5,9.75],"texture":"#0"},"east":{"uv":[0.5,10,0.75,10.25],"texture":"#0"},"south":{"uv":[9.5,6.5,10,6.75],"texture":"#0"},"west":{"uv":[10,0.5,10.25,0.75],"texture":"#0"},"up":{"uv":[10,7,9.5,6.75],"texture":"#0"},"down":{"uv":[10,7,9.5,7.25],"texture":"#0"}}},{"from":[12,-8.25,8.75],"to":[12.5,-7.75,9.25],"rotation":{"angle":0,"axis":"y","origin":[12,-13.25,7.25]},"faces":{"north":{"uv":[0.75,10,1,10.25],"texture":"#0"},"east":{"uv":[10,0.75,10.25,1],"texture":"#0"},"south":{"uv":[1,10,1.25,10.25],"texture":"#0"},"west":{"uv":[10,1,10.25,1.25],"texture":"#0"},"up":{"uv":[1.5,10.25,1.25,10],"texture":"#0"},"down":{"uv":[10.25,1.25,10,1.5],"texture":"#0"}}},{"from":[12,-8.25,7.25],"to":[12.5,-6.25,8.75],"rotation":{"angle":0,"axis":"y","origin":[12,-13.25,7.25]},"faces":{"north":{"uv":[9.25,4.5,9.5,5.5],"texture":"#0"},"east":{"uv":[7,5.5,7.75,6.5],"texture":"#0"},"south":{"uv":[4.75,9.25,5,10.25],"texture":"#0"},"west":{"uv":[7,6.5,7.75,7.5],"texture":"#0"},"up":{"uv":[8.25,10,8,9.25],"texture":"#0"},"down":{"uv":[8.5,9.25,8.25,10],"texture":"#0"}}},{"from":[9,-10.75,9.25],"to":[10,-10.25,9.75],"rotation":{"angle":0,"axis":"y","origin":[12,-5.25,7.25]},"faces":{"north":{"uv":[7.25,9.5,7.75,9.75],"texture":"#0"},"east":{"uv":[1.5,10,1.75,10.25],"texture":"#0"},"south":{"uv":[9.5,8.25,10,8.5],"texture":"#0"},"west":{"uv":[1.75,10,2,10.25],"texture":"#0"},"up":{"uv":[9,9.75,8.5,9.5],"texture":"#0"},"down":{"uv":[10,8.5,9.5,8.75],"texture":"#0"}}},{"from":[9,-10.75,8.75],"to":[9.5,-10.25,9.25],"rotation":{"angle":0,"axis":"y","origin":[12,-5.25,7.25]},"faces":{"north":{"uv":[2,10,2.25,10.25],"texture":"#0"},"east":{"uv":[2.25,10,2.5,10.25],"texture":"#0"},"south":{"uv":[10,2.25,10.25,2.5],"texture":"#0"},"west":{"uv":[2.5,10,2.75,10.25],"texture":"#0"},"up":{"uv":[10.25,2.75,10,2.5],"texture":"#0"},"down":{"uv":[3,10,2.75,10.25],"texture":"#0"}}},{"from":[6,-10.75,9.25],"to":[7,-10.25,9.75],"rotation":{"angle":0,"axis":"y","origin":[4,-5.25,7.25]},"faces":{"north":{"uv":[9.5,8.75,10,9],"texture":"#0"},"east":{"uv":[10,2.75,10.25,3],"texture":"#0"},"south":{"uv":[9,9.5,9.5,9.75],"texture":"#0"},"west":{"uv":[3,10,3.25,10.25],"texture":"#0"},"up":{"uv":[10,9.25,9.5,9],"texture":"#0"},"down":{"uv":[10,9.5,9.5,9.75],"texture":"#0"}}},{"from":[6.5,-10.75,8.75],"to":[7,-10.25,9.25],"rotation":{"angle":0,"axis":"y","origin":[4,-5.25,7.25]},"faces":{"north":{"uv":[3.25,10,3.5,10.25],"texture":"#0"},"east":{"uv":[10,3.25,10.25,3.5],"texture":"#0"},"south":{"uv":[10,3.5,10.25,3.75],"texture":"#0"},"west":{"uv":[10,3.75,10.25,4],"texture":"#0"},"up":{"uv":[10.25,4.25,10,4],"texture":"#0"},"down":{"uv":[10.25,4.25,10,4.5],"texture":"#0"}}},{"from":[6.5,-11.75,7.75],"to":[7,-11.25,8.25],"rotation":{"angle":0,"axis":"y","origin":[4,-13.25,7.25]},"faces":{"north":{"uv":[10,4.5,10.25,4.75],"texture":"#0"},"east":{"uv":[10,4.75,10.25,5],"texture":"#0"},"south":{"uv":[10,5,10.25,5.25],"texture":"#0"},"west":{"uv":[10,5.25,10.25,5.5],"texture":"#0"},"up":{"uv":[5.75,10.25,5.5,10],"texture":"#0"},"down":{"uv":[6,10,5.75,10.25],"texture":"#0"}}},{"from":[6,-12.25,7.75],"to":[7,-11.75,8.25],"rotation":{"angle":0,"axis":"y","origin":[4,-13.25,7.25]},"faces":{"north":{"uv":[0,9.75,0.5,10],"texture":"#0"},"east":{"uv":[6,10,6.25,10.25],"texture":"#0"},"south":{"uv":[0.5,9.75,1,10],"texture":"#0"},"west":{"uv":[10,6,10.25,6.25],"texture":"#0"},"up":{"uv":[1.5,10,1,9.75],"texture":"#0"},"down":{"uv":[2,9.75,1.5,10],"texture":"#0"}}},{"from":[9,-11.75,7.75],"to":[9.5,-11.25,8.25],"rotation":{"angle":0,"axis":"y","origin":[12,-13.25,7.25]},"faces":{"north":{"uv":[6.25,10,6.5,10.25],"texture":"#0"},"east":{"uv":[10,6.25,10.25,6.5],"texture":"#0"},"south":{"uv":[6.5,10,6.75,10.25],"texture":"#0"},"west":{"uv":[10,6.5,10.25,6.75],"texture":"#0"},"up":{"uv":[7,10.25,6.75,10],"texture":"#0"},"down":{"uv":[10.25,6.75,10,7],"texture":"#0"}}},{"from":[9,-12.25,7.75],"to":[10,-11.75,8.25],"rotation":{"angle":0,"axis":"y","origin":[12,-13.25,7.25]},"faces":{"north":{"uv":[2,9.75,2.5,10],"texture":"#0"},"east":{"uv":[7,10,7.25,10.25],"texture":"#0"},"south":{"uv":[2.5,9.75,3,10],"texture":"#0"},"west":{"uv":[10,7,10.25,7.25],"texture":"#0"},"up":{"uv":[3.5,10,3,9.75],"texture":"#0"},"down":{"uv":[10.25,3,9.75,3.25],"texture":"#0"}}},{"from":[4,-11.75,6.75],"to":[6.5,-5.75,9.25],"rotation":{"angle":0,"axis":"y","origin":[4,-13.25,7.25]},"faces":{"north":{"uv":[0,2.5,1.25,5.5],"texture":"#0"},"east":{"uv":[1.25,2.5,2.5,5.5],"texture":"#0"},"south":{"uv":[2.5,2.5,3.75,5.5],"texture":"#0"},"west":{"uv":[3.75,0,5,3],"texture":"#0"},"up":{"uv":[3.25,6.75,2,5.5],"texture":"#0"},"down":{"uv":[4.5,6,3.25,7.25],"texture":"#0"}}},{"from":[9.5,-11.75,6.75],"to":[12,-5.75,9.25],"rotation":{"angle":0,"axis":"y","origin":[4,-13.25,7.25]},"faces":{"north":{"uv":[3.75,3,5,6],"texture":"#0"},"east":{"uv":[5,0,6.25,3],"texture":"#0"},"south":{"uv":[5,3,6.25,6],"texture":"#0"},"west":{"uv":[0,5.5,1.25,8.5],"texture":"#0"},"up":{"uv":[5.75,7.25,4.5,6],"texture":"#0"},"down":{"uv":[7,6,5.75,7.25],"texture":"#0"}}},{"from":[4.5,-5.75,7.25],"to":[6,-4.75,8.75],"rotation":{"angle":0,"axis":"y","origin":[4,-13.25,7.25]},"faces":{"north":{"uv":[8.75,8.25,9.5,8.75],"texture":"#0"},"east":{"uv":[8.75,8.75,9.5,9.25],"texture":"#0"},"south":{"uv":[1.25,9,2,9.5],"texture":"#0"},"west":{"uv":[9.25,0,10,0.5],"texture":"#0"},"up":{"uv":[9.25,0.75,8.5,0],"texture":"#0"},"down":{"uv":[1.25,8.5,0.5,9.25],"texture":"#0"}}},{"from":[10,-5.75,7.25],"to":[11.5,-4.75,8.75],"rotation":{"angle":0,"axis":"y","origin":[4,-13.25,7.25]},"faces":{"north":{"uv":[0.5,9.25,1.25,9.75],"texture":"#0"},"east":{"uv":[9.25,0.5,10,1],"texture":"#0"},"south":{"uv":[9.25,1,10,1.5],"texture":"#0"},"west":{"uv":[2.75,9.25,3.5,9.75],"texture":"#0"},"up":{"uv":[9.25,1.5,8.5,0.75],"texture":"#0"},"down":{"uv":[9.25,3.5,8.5,4.25],"texture":"#0"}}},{"from":[10,-12.25,7.25],"to":[11.5,-11.75,8.75],"rotation":{"angle":0,"axis":"y","origin":[4,-13.25,7.25]},"faces":{"north":{"uv":[9.25,8,10,8.25],"texture":"#0"},"east":{"uv":[8.5,9.25,9.25,9.5],"texture":"#0"},"south":{"uv":[9.25,9.25,10,9.5],"texture":"#0"},"west":{"uv":[1.25,9.5,2,9.75],"texture":"#0"},"up":{"uv":[9.25,5,8.5,4.25],"texture":"#0"},"down":{"uv":[9.25,5,8.5,5.75],"texture":"#0"}}},{"from":[4.5,-12.25,7.25],"to":[6,-11.75,8.75],"rotation":{"angle":0,"axis":"y","origin":[4,-13.25,7.25]},"faces":{"north":{"uv":[9.5,1.5,10.25,1.75],"texture":"#0"},"east":{"uv":[9.5,1.75,10.25,2],"texture":"#0"},"south":{"uv":[2,9.5,2.75,9.75],"texture":"#0"},"west":{"uv":[9.5,2,10.25,2.25],"texture":"#0"},"up":{"uv":[9.25,6.5,8.5,5.75],"texture":"#0"},"down":{"uv":[7.25,8.5,6.5,9.25],"texture":"#0"}}},{"from":[4.5,-14.23116,8.84521],"to":[6,-12.23116,8.84521],"rotation":{"angle":-22.5,"axis":"x","origin":[5.25,-12.48116,8.84521]},"faces":{"north":{"uv":[0,14,0.75,15],"texture":"#0"},"east":{"uv":[0,0,0,1],"texture":"#0"},"south":{"uv":[0,14,0.75,15],"texture":"#0"},"west":{"uv":[0,0,0,1],"texture":"#0"},"up":{"uv":[0.75,0,0,0],"texture":"#0"},"down":{"uv":[0.75,0,0,0],"texture":"#0"}}},{"from":[4.40433,-14.23097,7.25],"to":[4.40433,-12.23097,8.75],"rotation":{"angle":-22.5,"axis":"z","origin":[4.40433,-12.48097,8]},"faces":{"north":{"uv":[0,0,0,1],"texture":"#0"},"east":{"uv":[0,14,0.75,15],"texture":"#0"},"south":{"uv":[0,0,0,1],"texture":"#0"},"west":{"uv":[0,14,0.75,15],"texture":"#0"},"up":{"uv":[0,0.75,0,0],"texture":"#0"},"down":{"uv":[0,0,0,0.75],"texture":"#0"}}},{"from":[6.09521,-14.23116,7.25],"to":[6.09521,-12.23116,8.75],"rotation":{"angle":22.5,"axis":"z","origin":[6.09521,-12.48116,8]},"faces":{"north":{"uv":[0,0,0,1],"texture":"#0"},"east":{"uv":[0,14,0.75,15],"texture":"#0"},"south":{"uv":[0,0,0,1],"texture":"#0"},"west":{"uv":[0,14,0.75,15],"texture":"#0"},"up":{"uv":[0,0.75,0,0],"texture":"#0"},"down":{"uv":[0,0,0,0.75],"texture":"#0"}}},{"from":[9.90479,-14.23116,7.25],"to":[9.90479,-12.23116,8.75],"rotation":{"angle":-22.5,"axis":"z","origin":[9.90479,-12.48116,8]},"faces":{"north":{"uv":[0,0,0,1],"texture":"#0"},"east":{"uv":[0,14,0.75,15],"texture":"#0"},"south":{"uv":[0,0,0,1],"texture":"#0"},"west":{"uv":[0,14,0.75,15],"texture":"#0"},"up":{"uv":[0,0.75,0,0],"texture":"#0"},"down":{"uv":[0,0,0,0.75],"texture":"#0"}}},{"from":[10,-14.23116,8.84521],"to":[11.5,-12.23116,8.84521],"rotation":{"angle":-22.5,"axis":"x","origin":[10.75,-12.48116,8.84521]},"faces":{"north":{"uv":[0,14,0.75,15],"texture":"#0"},"east":{"uv":[0,0,0,1],"texture":"#0"},"south":{"uv":[0,14,0.75,15],"texture":"#0"},"west":{"uv":[0,0,0,1],"texture":"#0"},"up":{"uv":[0.75,0,0,0],"texture":"#0"},"down":{"uv":[0.75,0,0,0],"texture":"#0"}}},{"from":[11.59567,-14.23097,7.25],"to":[11.59567,-12.23097,8.75],"rotation":{"angle":22.5,"axis":"z","origin":[11.59567,-12.48097,8]},"faces":{"north":{"uv":[0,0,0,1],"texture":"#0"},"east":{"uv":[0,14,0.75,15],"texture":"#0"},"south":{"uv":[0,0,0,1],"texture":"#0"},"west":{"uv":[0,14,0.75,15],"texture":"#0"},"up":{"uv":[0,0.75,0,0],"texture":"#0"},"down":{"uv":[0,0,0,0.75],"texture":"#0"}}},{"from":[10,-14.23097,7.15433],"to":[11.5,-12.23097,7.15433],"rotation":{"angle":22.5,"axis":"x","origin":[10.75,-12.48097,7.15433]},"faces":{"north":{"uv":[0,14,0.75,15],"texture":"#0"},"east":{"uv":[0,0,0,1],"texture":"#0"},"south":{"uv":[0,14,0.75,15],"texture":"#0"},"west":{"uv":[0,0,0,1],"texture":"#0"},"up":{"uv":[0.75,0,0,0],"texture":"#0"},"down":{"uv":[0.75,0,0,0],"texture":"#0"}}},{"from":[4.5,-14.23097,7.15433],"to":[6,-12.23097,7.15433],"rotation":{"angle":22.5,"axis":"x","origin":[5.25,-12.48097,7.15433]},"faces":{"north":{"uv":[0,14,0.75,15],"texture":"#0"},"east":{"uv":[0,0,0,1],"texture":"#0"},"south":{"uv":[0,14,0.75,15],"texture":"#0"},"west":{"uv":[0,0,0,1],"texture":"#0"},"up":{"uv":[0.75,0,0,0],"texture":"#0"},"down":{"uv":[0.75,0,0,0],"texture":"#0"}}},{"from":[4.5,-11.25,4.25],"to":[5.5,-10.25,6.75],"rotation":{"angle":0,"axis":"y","origin":[4,-13.75,7.25]},"faces":{"north":{"uv":[3.25,5.5,3.75,6],"texture":"#0"},"east":{"uv":[3.5,8.25,4.75,8.75],"texture":"#0"},"south":{"uv":[2.75,6.75,3.25,7.25],"texture":"#0"},"west":{"uv":[4.75,8.25,6,8.75],"texture":"#0"},"up":{"uv":[6.5,9.5,6,8.25],"texture":"#0"},"down":{"uv":[0.5,8.5,0,9.75],"texture":"#0"}}},{"from":[4.5,-10.8097,2.53649],"to":[5.5,-9.80971,4.53649],"rotation":{"angle":22.5,"axis":"x","origin":[5,-10.30971,3.28649]},"faces":{"north":{"uv":[9.25,6,9.75,6.5],"texture":"#0"},"east":{"uv":[8.75,3,9.75,3.5],"texture":"#0"},"south":{"uv":[6.5,9.25,7,9.75],"texture":"#0"},"west":{"uv":[4.5,8.75,5.5,9.25],"texture":"#0"},"up":{"uv":[6,9.75,5.5,8.75],"texture":"#0"},"down":{"uv":[9.25,7.25,8.75,8.25],"texture":"#0"}}},{"from":[4.25,-10.48568,1.15067],"to":[5.75,-8.98568,2.65067],"rotation":{"angle":22.5,"axis":"x","origin":[5,-9.73568,1.90067]},"faces":{"north":{"uv":[8.5,6.5,9.25,7.25],"texture":"#0"},"east":{"uv":[7.25,8.5,8,9.25],"texture":"#0"},"south":{"uv":[8,8.5,8.75,9.25],"texture":"#0"},"west":{"uv":[8.75,1.5,9.5,2.25],"texture":"#0"},"up":{"uv":[2.75,9.5,2,8.75],"texture":"#0"},"down":{"uv":[9.5,2.25,8.75,3],"texture":"#0"}}}],"gui_light":"front","display":{"thirdperson_righthand":{"rotation":[40,180,0],"translation":[-6,5.5,-6.25]},"thirdperson_lefthand":{"rotation":[67,0,0],"translation":[-6,-9,6]},"firstperson_righthand":{"rotation":[-20,180,0],"translation":[8.75,-8,-9]},"firstperson_lefthand":{"translation":[80,0,0]},"ground":{"translation":[0,3,0],"scale":[0.5,0.5,0.5]},"gui":{"rotation":[16,34,0],"translation":[1.5,21.75,0],"scale":[1.3,1.3,1.3]},"head":{"translation":[0,-60.25,8.25],"scale":[3.2,3.2,3.2]},"fixed":{"rotation":[0,180,0],"translation":[0,-3.5,-5],"scale":[2,2,2]}},"mcmodels":"28706dd947d54dbdcf1cb5506516f2fb"}