{"textures​":{"layer0":"minecraft:item/nether_wart_block"},"credit":"Made with Blockbench","texture_size":[64,64],"\u0074\u0065\u0078\u0074\u0075\u0072\u0065\u0073":{"0":"\u0063\u0075\u0073\u0074\u006f\u006d\u0062\u0061\u0063\u006b\u0070\u0061\u0063\u006b\u0073:\u0062\u0061\u0063\u006b\u0070\u0061\u0063\u006b\u0073/\u006d\u0075\u0073\u0069\u0063\u0061\u006c_\u0062\u0061\u0063\u006b\u0070\u0061\u0063\u006b_\u0074\u0065\u0078\u0074\u0075\u0072\u0065","\u0070\u0061\u0072\u0074\u0069\u0063\u006c\u0065":"\u0063\u0075\u0073\u0074\u006f\u006d\u0062\u0061\u0063\u006b\u0070\u0061\u0063\u006b\u0073:\u0062\u0061\u0063\u006b\u0070\u0061\u0063\u006b\u0073/\u006d\u0075\u0073\u0069\u0063\u0061\u006c_\u0062\u0061\u0063\u006b\u0070\u0061\u0063\u006b_\u0074\u0065\u0078\u0074\u0075\u0072\u0065"},"elements":[{"from":[4.5,-13.5,8],"to":[11.5,-12.5,10],"rotation":{"angle":0,"axis":"y","origin":[4,-14,3]},"faces":{"north":{"uv":[5,0,8.5,0.5],"texture":"#0"},"east":{"uv":[7,5.5,8,6],"texture":"#0"},"south":{"uv":[5,0.5,8.5,1],"texture":"#0"},"west":{"uv":[7,6,8,6.5],"texture":"#0"},"up":{"uv":[3.5,3.75,0,2.75],"texture":"#0"},"down":{"uv":[7,2.75,3.5,3.75],"texture":"#0"}}},{"from":[9.5,-14,8],"to":[10,-13.5,10.5],"rotation":{"angle":0,"axis":"y","origin":[4,-14,3]},"faces":{"north":{"uv":[5.75,8.25,6,8.5],"texture":"#0"},"east":{"uv":[7,6.5,8.25,6.75],"texture":"#0"},"south":{"uv":[8.25,7.25,8.5,7.5],"texture":"#0"},"west":{"uv":[2.5,7.25,3.75,7.5],"texture":"#0"},"up":{"uv":[6,8.25,5.75,7],"texture":"#0"},"down":{"uv":[4,7.25,3.75,8.5],"texture":"#0"}}},{"from":[9.5,-13.5,10],"to":[10,-13,10.5],"rotation":{"angle":0,"axis":"y","origin":[12,-14,3]},"faces":{"north":{"uv":[7.5,8.25,7.75,8.5],"texture":"#0"},"east":{"uv":[8.25,7.5,8.5,7.75],"texture":"#0"},"south":{"uv":[8.25,7.75,8.5,8],"texture":"#0"},"west":{"uv":[8.25,8,8.5,8.25],"texture":"#0"},"up":{"uv":[8.5,8.5,8.25,8.25],"texture":"#0"},"down":{"uv":[8.75,0,8.5,0.25],"texture":"#0"}}},{"from":[6,-13.5,10],"to":[6.5,-13,10.5],"rotation":{"angle":0,"axis":"y","origin":[4,-14,3]},"faces":{"north":{"uv":[8.5,0.25,8.75,0.5],"texture":"#0"},"east":{"uv":[0.5,8.5,0.75,8.75],"texture":"#0"},"south":{"uv":[8.5,0.5,8.75,0.75],"texture":"#0"},"west":{"uv":[0.75,8.5,1,8.75],"texture":"#0"},"up":{"uv":[8.75,1,8.5,0.75],"texture":"#0"},"down":{"uv":[1.25,8.5,1,8.75],"texture":"#0"}}},{"from":[6,-14,8],"to":[6.5,-13.5,10.5],"rotation":{"angle":0,"axis":"y","origin":[4,-14,3]},"faces":{"north":{"uv":[8.5,1,8.75,1.25],"texture":"#0"},"east":{"uv":[2.5,7.5,3.75,7.75],"texture":"#0"},"south":{"uv":[1.25,8.5,1.5,8.75],"texture":"#0"},"west":{"uv":[7.5,6.75,8.75,7],"texture":"#0"},"up":{"uv":[7.75,8.25,7.5,7],"texture":"#0"},"down":{"uv":[2.75,7.75,2.5,9],"texture":"#0"}}},{"from":[4.5,-11.5,7.625],"to":[5,-9,8.125],"rotation":{"angle":45,"axis":"x","origin":[4.75,-10.75,7.25]},"faces":{"north":{"uv":[7.75,2.5,8,3.75],"texture":"#0"},"east":{"uv":[2.75,7.75,3,9],"texture":"#0"},"south":{"uv":[3,7.75,3.25,9],"texture":"#0"},"west":{"uv":[3.25,7.75,3.5,9],"texture":"#0"},"up":{"uv":[8.75,1.5,8.5,1.25],"texture":"#0"},"down":{"uv":[8.75,1.5,8.5,1.75],"texture":"#0"}}},{"from":[4,-12,6.5],"to":[4.5,-9.5,7],"rotation":{"angle":22.5,"axis":"z","origin":[4.5,-10.375,6.875]},"faces":{"north":{"uv":[3.5,7.75,3.75,9],"texture":"#0"},"east":{"uv":[7.75,3.75,8,5],"texture":"#0"},"south":{"uv":[5.25,7.75,5.5,9],"texture":"#0"},"west":{"uv":[5.5,7.75,5.75,9],"texture":"#0"},"up":{"uv":[8.75,2,8.5,1.75],"texture":"#0"},"down":{"uv":[2.25,8.5,2,8.75],"texture":"#0"}}},{"from":[3.5,-10.5,7],"to":[4,-10,7],"rotation":{"angle":22.5,"axis":"z","origin":[4.5,-10.375,6.875]},"faces":{"north":{"uv":[8.5,2,8.75,2.25],"texture":"#0"},"east":{"uv":[0,0,0,0.25],"texture":"#0"},"south":{"uv":[2.25,8.5,2.5,8.75],"texture":"#0"},"west":{"uv":[0,0,0,0.25],"texture":"#0"},"up":{"uv":[0.25,0,0,0],"texture":"#0"},"down":{"uv":[0.25,0,0,0],"texture":"#0"}}},{"from":[4.5,-10,8.125],"to":[4.5,-9.5,8.625],"rotation":{"angle":45,"axis":"x","origin":[4.75,-10.75,7.25]},"faces":{"north":{"uv":[0,0,0,0.25],"texture":"#0"},"east":{"uv":[8.5,2.25,8.75,2.5],"texture":"#0"},"south":{"uv":[0,0,0,0.25],"texture":"#0"},"west":{"uv":[8.5,2.5,8.75,2.75],"texture":"#0"},"up":{"uv":[0,0.25,0,0],"texture":"#0"},"down":{"uv":[0,0,0,0.25],"texture":"#0"}}},{"from":[10.75,-10.5,7.25],"to":[11.75,-9.5,8.25],"rotation":{"angle":22.5,"axis":"x","origin":[11.25,-10.5,7.25]},"faces":{"north":{"uv":[7.75,5,8.25,5.5],"texture":"#0"},"east":{"uv":[7.75,7,8.25,7.5],"texture":"#0"},"south":{"uv":[7.75,7.5,8.25,8],"texture":"#0"},"west":{"uv":[8,1,8.5,1.5],"texture":"#0"},"up":{"uv":[8.5,2,8,1.5],"texture":"#0"},"down":{"uv":[2.5,8,2,8.5],"texture":"#0"}}},{"from":[11,-11.5,7.5],"to":[11.5,-10.5,8],"rotation":{"angle":22.5,"axis":"x","origin":[11.25,-10.5,7.25]},"faces":{"north":{"uv":[7.75,8,8,8.5],"texture":"#0"},"east":{"uv":[8,8,8.25,8.5],"texture":"#0"},"south":{"uv":[0,8.25,0.25,8.75],"texture":"#0"},"west":{"uv":[0.25,8.25,0.5,8.75],"texture":"#0"},"up":{"uv":[8.75,3,8.5,2.75],"texture":"#0"},"down":{"uv":[8.75,3,8.5,3.25],"texture":"#0"}}},{"from":[10.75,-10.5,5.75],"to":[11.75,-9.5,6.75],"rotation":{"angle":-22.5,"axis":"x","origin":[11.25,-10.5,6.25]},"faces":{"north":{"uv":[8,2,8.5,2.5],"texture":"#0"},"east":{"uv":[8,2.5,8.5,3],"texture":"#0"},"south":{"uv":[8,3,8.5,3.5],"texture":"#0"},"west":{"uv":[8,3.5,8.5,4],"texture":"#0"},"up":{"uv":[4.5,8.5,4,8],"texture":"#0"},"down":{"uv":[8.5,4,8,4.5],"texture":"#0"}}},{"from":[11,-12,6],"to":[11.5,-10.5,6.5],"rotation":{"angle":-22.5,"axis":"x","origin":[11.25,-10.5,6.25]},"faces":{"north":{"uv":[6,8,6.25,8.75],"texture":"#0"},"east":{"uv":[6.25,8,6.5,8.75],"texture":"#0"},"south":{"uv":[6.5,8,6.75,8.75],"texture":"#0"},"west":{"uv":[6.75,8,7,8.75],"texture":"#0"},"up":{"uv":[8.75,3.5,8.5,3.25],"texture":"#0"},"down":{"uv":[8.75,3.5,8.5,3.75],"texture":"#0"}}},{"from":[7.5,-8.5,7],"to":[8.5,-7,7.5],"rotation":{"angle":0,"axis":"y","origin":[4,-14,3]},"faces":{"north":{"uv":[5.25,7,5.75,7.75],"texture":"#0"},"east":{"uv":[7,8,7.25,8.75],"texture":"#0"},"south":{"uv":[2,7.25,2.5,8],"texture":"#0"},"west":{"uv":[7.25,8,7.5,8.75],"texture":"#0"},"up":{"uv":[1,8.5,0.5,8.25],"texture":"#0"},"down":{"uv":[1.5,8.25,1,8.5],"texture":"#0"}}},{"from":[7,-7,7],"to":[9,-5,7.5],"rotation":{"angle":0,"axis":"y","origin":[4,-14,3]},"faces":{"north":{"uv":[4,6,5,7],"texture":"#0"},"east":{"uv":[4.5,8,4.75,9],"texture":"#0"},"south":{"uv":[6,4.75,7,5.75],"texture":"#0"},"west":{"uv":[8,5.5,8.25,6.5],"texture":"#0"},"up":{"uv":[9,4.75,8,4.5],"texture":"#0"},"down":{"uv":[9,4.75,8,5],"texture":"#0"}}},{"from":[6.5,-9.5,8.5],"to":[8.5,-7.5,8.5],"rotation":{"angle":22.5,"axis":"z","origin":[8,-9.25,8.5]},"faces":{"north":{"uv":[6,14,7,15],"texture":"#0"},"east":{"uv":[0,0,0,1],"texture":"#0"},"south":{"uv":[4,14,5,15],"texture":"#0"},"west":{"uv":[0,0,0,1],"texture":"#0"},"up":{"uv":[1,0,0,0],"texture":"#0"},"down":{"uv":[1,0,0,0],"texture":"#0"}}},{"from":[7.5,-9.5,8.75],"to":[9.5,-8,8.75],"rotation":{"angle":-22.5,"axis":"z","origin":[8,-9.25,8.5]},"faces":{"north":{"uv":[2,14.5,3,15.25],"texture":"#0"},"east":{"uv":[0,0,0,0.75],"texture":"#0"},"south":{"uv":[0,14.5,1,15.25],"texture":"#0"},"west":{"uv":[0,0,0,0.75],"texture":"#0"},"up":{"uv":[1,0,0,0],"texture":"#0"},"down":{"uv":[1,0,0,0],"texture":"#0"}}},{"from":[5.5,-14,6],"to":[10.5,-8.5,8],"rotation":{"angle":0,"axis":"y","origin":[4,-14,3]},"faces":{"north":{"uv":[0,0,2.5,2.75],"texture":"#0"},"east":{"uv":[0,3.75,1,6.5],"texture":"#0"},"south":{"uv":[2.5,0,5,2.75],"texture":"#0"},"west":{"uv":[1,3.75,2,6.5],"texture":"#0"},"up":{"uv":[4.5,4.75,2,3.75],"texture":"#0"},"down":{"uv":[7,3.75,4.5,4.75],"texture":"#0"}}},{"from":[8.5,-8.5,6.5],"to":[9,-7.5,6.5],"rotation":{"angle":0,"axis":"y","origin":[4,-14,3]},"faces":{"north":{"uv":[1.5,8.25,1.75,8.75],"texture":"#0"},"east":{"uv":[0,0,0,0.5],"texture":"#0"},"south":{"uv":[1.75,8.25,2,8.75],"texture":"#0"},"west":{"uv":[0,0,0,0.5],"texture":"#0"},"up":{"uv":[0.25,0,0,0],"texture":"#0"},"down":{"uv":[0.25,0,0,0],"texture":"#0"}}},{"from":[7,-8.5,6.5],"to":[7.5,-7.5,6.5],"rotation":{"angle":0,"axis":"y","origin":[4,-14,3]},"faces":{"north":{"uv":[4.75,8.25,5,8.75],"texture":"#0"},"east":{"uv":[0,0,0,0.5],"texture":"#0"},"south":{"uv":[5,8.25,5.25,8.75],"texture":"#0"},"west":{"uv":[0,0,0,0.5],"texture":"#0"},"up":{"uv":[0.25,0,0,0],"texture":"#0"},"down":{"uv":[0.25,0,0,0],"texture":"#0"}}},{"from":[7.5,-7.5,6.5],"to":[8.5,-7,6.5],"rotation":{"angle":0,"axis":"y","origin":[4,-14,3]},"faces":{"north":{"uv":[8.25,5,8.75,5.25],"texture":"#0"},"east":{"uv":[0,0,0,0.25],"texture":"#0"},"south":{"uv":[8.25,5.25,8.75,5.5],"texture":"#0"},"west":{"uv":[0,0,0,0.25],"texture":"#0"},"up":{"uv":[0.5,0,0,0],"texture":"#0"},"down":{"uv":[0.5,0,0,0],"texture":"#0"}}},{"from":[6,-11.5,8],"to":[10,-9,9],"rotation":{"angle":0,"axis":"y","origin":[4,-14,3]},"faces":{"north":{"uv":[2,4.75,4,6],"texture":"#0"},"east":{"uv":[1.5,7,2,8.25],"texture":"#0"},"south":{"uv":[4,4.75,6,6],"texture":"#0"},"west":{"uv":[4.75,7,5.25,8.25],"texture":"#0"},"up":{"uv":[7,2.75,5,2.25],"texture":"#0"},"down":{"uv":[2,6.5,0,7],"texture":"#0"}}},{"from":[4,-14,6],"to":[5.5,-11.5,8],"rotation":{"angle":0,"axis":"y","origin":[4,-14,3]},"faces":{"north":{"uv":[6,6.75,6.75,8],"texture":"#0"},"east":{"uv":[5,1,6,2.25],"texture":"#0"},"south":{"uv":[6.75,6.75,7.5,8],"texture":"#0"},"west":{"uv":[6,1,7,2.25],"texture":"#0"},"up":{"uv":[7.75,3.5,7,2.5],"texture":"#0"},"down":{"uv":[7.75,3.5,7,4.5],"texture":"#0"}}},{"from":[10.5,-14,6],"to":[12,-11.5,8],"rotation":{"angle":0,"axis":"y","origin":[4,-14,3]},"faces":{"north":{"uv":[0,7,0.75,8.25],"texture":"#0"},"east":{"uv":[2,6,3,7.25],"texture":"#0"},"south":{"uv":[0.75,7,1.5,8.25],"texture":"#0"},"west":{"uv":[3,6,4,7.25],"texture":"#0"},"up":{"uv":[4.75,8,4,7],"texture":"#0"},"down":{"uv":[7.75,4.5,7,5.5],"texture":"#0"}}},{"from":[9.11257,-8.54957,6.9995],"to":[10.11257,-8.04957,6.9995],"rotation":{"angle":-45,"axis":"z","origin":[9.26257,-9.94957,8.4995]},"faces":{"north":{"uv":[8.25,5.5,8.75,5.75],"texture":"#0"},"east":{"uv":[0,0,0,0.25],"texture":"#0"},"south":{"uv":[8.25,5.75,8.75,6],"texture":"#0"},"west":{"uv":[0,0,0,0.25],"texture":"#0"},"up":{"uv":[0.5,0,0,0],"texture":"#0"},"down":{"uv":[0.5,0,0,0],"texture":"#0"}}},{"from":[8.61257,-9.04957,8.4995],"to":[9.61257,-8.54957,8.4995],"rotation":{"angle":-45,"axis":"z","origin":[8.76257,-10.44957,10.4995]},"faces":{"north":{"uv":[8.25,6,8.75,6.25],"texture":"#0"},"east":{"uv":[0,0,0,0.25],"texture":"#0"},"south":{"uv":[8.25,6.25,8.75,6.5],"texture":"#0"},"west":{"uv":[0,0,0,0.25],"texture":"#0"},"up":{"uv":[0.5,0,0,0],"texture":"#0"},"down":{"uv":[0.5,0,0,0],"texture":"#0"}}},{"from":[5.88744,-8.54957,7.4995],"to":[6.88744,-8.04957,7.4995],"rotation":{"angle":45,"axis":"z","origin":[6.73744,-9.94957,8.4995]},"faces":{"north":{"uv":[8.25,6.5,8.75,6.75],"texture":"#0"},"east":{"uv":[0,0,0,0.25],"texture":"#0"},"south":{"uv":[8.25,7,8.75,7.25],"texture":"#0"},"west":{"uv":[0,0,0,0.25],"texture":"#0"},"up":{"uv":[0.5,0,0,0],"texture":"#0"},"down":{"uv":[0.5,0,0,0],"texture":"#0"}}}],"gui_light":"front","display":{"thirdperson_righthand":{"rotation":[-108.25,0,-180],"translation":[0,0,-4]},"thirdperson_lefthand":{"rotation":[67,0,0],"translation":[-6,-8.75,10.75],"scale":[0.99,0.99,0.99]},"firstperson_righthand":{"rotation":[34,180,0],"translation":[2.25,0,0]},"firstperson_lefthand":{"translation":[80,0,0]},"ground":{"translation":[0,3,0],"scale":[0.5,0.5,0.5]},"gui":{"rotation":[24,24,0],"translation":[0,24.75,0],"scale":[1.52,1.52,1.52]},"head":{"translation":[0,-49,10.25],"scale":[3.2,3.2,3.2]},"fixed":{"rotation":[0,180,0],"translation":[0,3,-8],"scale":[2,2,2]}},"mcmodels":"28706dd947d54dbdcf1cb5506516f2fb"}