{"textures​":{"layer0":"minecraft:item/mangrove_leaves"},"credit":"Made with Blockbench","texture_size":[64,64],"\u0074\u0065\u0078\u0074\u0075\u0072\u0065\u0073":{"0":"\u0063\u0075\u0073\u0074\u006f\u006d\u0062\u0061\u0063\u006b\u0070\u0061\u0063\u006b\u0073:\u0062\u0061\u0063\u006b\u0070\u0061\u0063\u006b\u0073/\u0073\u0061\u006d\u0075\u0072\u0061\u0069_\u0062\u0061\u0063\u006b\u0070\u0061\u0063\u006b_\u0074\u0065\u0078\u0074\u0075\u0072\u0065","\u0070\u0061\u0072\u0074\u0069\u0063\u006c\u0065":"\u0063\u0075\u0073\u0074\u006f\u006d\u0062\u0061\u0063\u006b\u0070\u0061\u0063\u006b\u0073:\u0062\u0061\u0063\u006b\u0070\u0061\u0063\u006b\u0073/\u0073\u0061\u006d\u0075\u0072\u0061\u0069_\u0062\u0061\u0063\u006b\u0070\u0061\u0063\u006b_\u0074\u0065\u0078\u0074\u0075\u0072\u0065"},"elements":[{"from":[6,-10.5,8.25],"to":[10,-6,9.75],"rotation":{"angle":0,"axis":"y","origin":[4,-10.5,6.25]},"faces":{"north":{"uv":[2.5,0,4.5,2.25],"texture":"#0"},"east":{"uv":[7.25,6.5,8,8.75],"texture":"#0"},"south":{"uv":[2.5,2.25,4.5,4.5],"texture":"#0"},"west":{"uv":[7.5,0,8.25,2.25],"texture":"#0"},"up":{"uv":[9.5,3,7.5,2.25],"texture":"#0"},"down":{"uv":[9.5,3,7.5,3.75],"texture":"#0"}}},{"from":[5.5,-10.5,6.25],"to":[10.5,-5.5,8.25],"rotation":{"angle":0,"axis":"y","origin":[4,-10.5,6.25]},"faces":{"north":{"uv":[0,0,2.5,2.5],"texture":"#0"},"east":{"uv":[5.25,6.5,6.25,9],"texture":"#0"},"south":{"uv":[0,2.5,2.5,5],"texture":"#0"},"west":{"uv":[6.25,6.5,7.25,9],"texture":"#0"},"up":{"uv":[2.5,8,0,7],"texture":"#0"},"down":{"uv":[5,7,2.5,8],"texture":"#0"}}},{"from":[5,-6,6],"to":[11,-4.25,7.75],"rotation":{"angle":-45,"axis":"x","origin":[8,-4.75,7.25]},"faces":{"north":{"uv":[4.5,0,7.5,1],"texture":"#0"},"east":{"uv":[8,7,9,8],"texture":"#0"},"south":{"uv":[4.5,1,7.5,2],"texture":"#0"},"west":{"uv":[8,8,9,9],"texture":"#0"},"up":{"uv":[7.5,3,4.5,2],"texture":"#0"},"down":{"uv":[5.5,4.5,2.5,5.5],"texture":"#0"}}},{"from":[11,-5.5,6.5],"to":[12.5,-4.75,7.25],"rotation":{"angle":-45,"axis":"x","origin":[8,-4.75,7.25]},"faces":{"north":{"uv":[8.5,4,9.25,4.5],"texture":"#0"},"east":{"uv":[2,5,2.5,5.5],"texture":"#0"},"south":{"uv":[8.5,4.5,9.25,5],"texture":"#0"},"west":{"uv":[9.25,0,9.75,0.5],"texture":"#0"},"up":{"uv":[5,9.25,4.25,8.75],"texture":"#0"},"down":{"uv":[8,8.75,7.25,9.25],"texture":"#0"}}},{"from":[3.5,-5.5,6.5],"to":[5,-4.75,7.25],"rotation":{"angle":-45,"axis":"x","origin":[8,-4.75,7.25]},"faces":{"north":{"uv":[9,1,9.75,1.5],"texture":"#0"},"east":{"uv":[9.25,0.5,9.75,1],"texture":"#0"},"south":{"uv":[9,1.5,9.75,2],"texture":"#0"},"west":{"uv":[0.75,9.25,1.25,9.75],"texture":"#0"},"up":{"uv":[5.75,9.5,5,9],"texture":"#0"},"down":{"uv":[6.5,9,5.75,9.5],"texture":"#0"}}},{"from":[5,-10.75,8],"to":[11,-9,9.75],"rotation":{"angle":45,"axis":"x","origin":[8,-8.25,7.25]},"faces":{"north":{"uv":[4.5,3,7.5,4],"texture":"#0"},"east":{"uv":[0,8.25,1,9.25],"texture":"#0"},"south":{"uv":[0,5.5,3,6.5],"texture":"#0"},"west":{"uv":[8.25,0,9.25,1],"texture":"#0"},"up":{"uv":[6,6.5,3,5.5],"texture":"#0"},"down":{"uv":[8.5,4,5.5,5],"texture":"#0"}}},{"from":[3.5,-10.25,8.5],"to":[5,-9.5,9.25],"rotation":{"angle":45,"axis":"x","origin":[8,-8.25,7.25]},"faces":{"north":{"uv":[6.5,9,7.25,9.5],"texture":"#0"},"east":{"uv":[1.25,9.25,1.75,9.75],"texture":"#0"},"south":{"uv":[9,7,9.75,7.5],"texture":"#0"},"west":{"uv":[1.75,9.25,2.25,9.75],"texture":"#0"},"up":{"uv":[9.75,8,9,7.5],"texture":"#0"},"down":{"uv":[8.75,9,8,9.5],"texture":"#0"}}},{"from":[11,-10.25,8.5],"to":[12.5,-9.5,9.25],"rotation":{"angle":45,"axis":"x","origin":[8,-8.25,7.25]},"faces":{"north":{"uv":[9,8,9.75,8.5],"texture":"#0"},"east":{"uv":[2.25,9.25,2.75,9.75],"texture":"#0"},"south":{"uv":[9,8.5,9.75,9],"texture":"#0"},"west":{"uv":[2.75,9.25,3.25,9.75],"texture":"#0"},"up":{"uv":[9.5,9.5,8.75,9],"texture":"#0"},"down":{"uv":[0.75,9.25,0,9.75],"texture":"#0"}}},{"from":[11.5,-4.7,6.45],"to":[12,-4.7,7.3],"rotation":{"angle":-45,"axis":"x","origin":[8,-4.75,7.25]},"faces":{"north":{"uv":[0,0,0.25,0],"texture":"#0"},"east":{"uv":[0,0,0.5,0],"texture":"#0"},"south":{"uv":[0,0,0.25,0],"texture":"#0"},"west":{"uv":[0,0,0.5,0],"texture":"#0"},"up":{"uv":[9.75,3.25,9.5,2.75],"texture":"#0"},"down":{"uv":[9.75,3.25,9.5,3.75],"texture":"#0"}}},{"from":[11.5,-4.69965,7.19965],"to":[12,-4.69965,8.04965],"rotation":{"angle":45,"axis":"x","origin":[8,-4.74964,7.24965]},"faces":{"north":{"uv":[0,0,0.25,0],"texture":"#0"},"east":{"uv":[0,0,0.5,0],"texture":"#0"},"south":{"uv":[0,0,0.25,0],"texture":"#0"},"west":{"uv":[0,0,0.5,0],"texture":"#0"},"up":{"uv":[9.75,4.5,9.5,4],"texture":"#0"},"down":{"uv":[9.75,4.5,9.5,5],"texture":"#0"}}},{"from":[11.5,-5.85995,6.45071],"to":[12,-5.85995,7.30071],"rotation":{"angle":45,"axis":"x","origin":[8,-5.80995,7.25071]},"faces":{"north":{"uv":[0,0,0.25,0],"texture":"#0"},"east":{"uv":[0,0,0.5,0],"texture":"#0"},"south":{"uv":[0,0,0.25,0],"texture":"#0"},"west":{"uv":[0,0,0.5,0],"texture":"#0"},"up":{"uv":[5.25,10,5,9.5],"texture":"#0"},"down":{"uv":[5.5,9.5,5.25,10],"texture":"#0"}}},{"from":[11.5,-5.8603,7.20036],"to":[12,-5.8603,8.05036],"rotation":{"angle":-45,"axis":"x","origin":[8,-5.8103,7.25036]},"faces":{"north":{"uv":[0,0,0.25,0],"texture":"#0"},"east":{"uv":[0,0,0.5,0],"texture":"#0"},"south":{"uv":[0,0,0.25,0],"texture":"#0"},"west":{"uv":[0,0,0.5,0],"texture":"#0"},"up":{"uv":[5.75,10,5.5,9.5],"texture":"#0"},"down":{"uv":[6,9.5,5.75,10],"texture":"#0"}}},{"from":[11.5,-9.95566,7.25071],"to":[12,-5.88066,7.25071],"rotation":{"angle":0,"axis":"y","origin":[11.75,-5.88066,7.25071]},"faces":{"north":{"uv":[3.25,8.25,3.5,10.25],"texture":"#0"},"east":{"uv":[0,0,0,2],"texture":"#0"},"south":{"uv":[3.5,8.25,3.75,10.25],"texture":"#0"},"west":{"uv":[0,0,0,2],"texture":"#0"},"up":{"uv":[0.25,0,0,0],"texture":"#0"},"down":{"uv":[0.25,0,0,0],"texture":"#0"}}},{"from":[11.5,-10.30825,8.45106],"to":[12,-9.45826,8.45106],"rotation":{"angle":45,"axis":"x","origin":[8,-8.25825,7.25106]},"faces":{"north":{"uv":[6,9.5,6.25,10],"texture":"#0"},"east":{"uv":[0,0,0,0.5],"texture":"#0"},"south":{"uv":[6.25,9.5,6.5,10],"texture":"#0"},"west":{"uv":[0,0,0,0.5],"texture":"#0"},"up":{"uv":[0.25,0,0,0],"texture":"#0"},"down":{"uv":[0.25,0,0,0],"texture":"#0"}}},{"from":[11.5,-10.3086,6.05071],"to":[12,-9.4586,6.05071],"rotation":{"angle":-45,"axis":"x","origin":[8,-8.2586,7.25071]},"faces":{"north":{"uv":[6.5,9.5,6.75,10],"texture":"#0"},"east":{"uv":[0,0,0,0.5],"texture":"#0"},"south":{"uv":[6.75,9.5,7,10],"texture":"#0"},"west":{"uv":[0,0,0,0.5],"texture":"#0"},"up":{"uv":[0.25,0,0,0],"texture":"#0"},"down":{"uv":[0.25,0,0,0],"texture":"#0"}}},{"from":[11.5,-11.65445,6.05106],"to":[12,-10.80445,6.05106],"rotation":{"angle":45,"axis":"x","origin":[8,-12.85445,7.25106]},"faces":{"north":{"uv":[7,9.5,7.25,10],"texture":"#0"},"east":{"uv":[0,0,0,0.5],"texture":"#0"},"south":{"uv":[8,9.5,8.25,10],"texture":"#0"},"west":{"uv":[0,0,0,0.5],"texture":"#0"},"up":{"uv":[0.25,0,0,0],"texture":"#0"},"down":{"uv":[0.25,0,0,0],"texture":"#0"}}},{"from":[11.5,-11.6548,8.45142],"to":[12,-10.8048,8.45142],"rotation":{"angle":-45,"axis":"x","origin":[8,-12.8548,7.25142]},"faces":{"north":{"uv":[8.25,9.5,8.5,10],"texture":"#0"},"east":{"uv":[0,0,0,0.5],"texture":"#0"},"south":{"uv":[8.5,9.5,8.75,10],"texture":"#0"},"west":{"uv":[0,0,0,0.5],"texture":"#0"},"up":{"uv":[0.25,0,0,0],"texture":"#0"},"down":{"uv":[0.25,0,0,0],"texture":"#0"}}},{"from":[4,-10.30825,8.45106],"to":[4.5,-9.45826,8.45106],"rotation":{"angle":45,"axis":"x","origin":[8,-8.25825,7.25106]},"faces":{"north":{"uv":[8.75,9.5,9,10],"texture":"#0"},"east":{"uv":[0,0,0,0.5],"texture":"#0"},"south":{"uv":[9,9.5,9.25,10],"texture":"#0"},"west":{"uv":[0,0,0,0.5],"texture":"#0"},"up":{"uv":[0.25,0,0,0],"texture":"#0"},"down":{"uv":[0.25,0,0,0],"texture":"#0"}}},{"from":[4,-11.6548,8.45142],"to":[4.5,-10.8048,8.45142],"rotation":{"angle":-45,"axis":"x","origin":[8,-12.8548,7.25142]},"faces":{"north":{"uv":[9.5,9,9.75,9.5],"texture":"#0"},"east":{"uv":[0,0,0,0.5],"texture":"#0"},"south":{"uv":[9.25,9.5,9.5,10],"texture":"#0"},"west":{"uv":[0,0,0,0.5],"texture":"#0"},"up":{"uv":[0.25,0,0,0],"texture":"#0"},"down":{"uv":[0.25,0,0,0],"texture":"#0"}}},{"from":[4,-10.3086,6.05071],"to":[4.5,-9.4586,6.05071],"rotation":{"angle":-45,"axis":"x","origin":[8,-8.2586,7.25071]},"faces":{"north":{"uv":[9.5,9.5,9.75,10],"texture":"#0"},"east":{"uv":[0,0,0,0.5],"texture":"#0"},"south":{"uv":[0,9.75,0.25,10.25],"texture":"#0"},"west":{"uv":[0,0,0,0.5],"texture":"#0"},"up":{"uv":[0.25,0,0,0],"texture":"#0"},"down":{"uv":[0.25,0,0,0],"texture":"#0"}}},{"from":[4,-11.65445,6.05106],"to":[4.5,-10.80445,6.05106],"rotation":{"angle":45,"axis":"x","origin":[8,-12.85445,7.25106]},"faces":{"north":{"uv":[9.75,0,10,0.5],"texture":"#0"},"east":{"uv":[0,0,0,0.5],"texture":"#0"},"south":{"uv":[0.25,9.75,0.5,10.25],"texture":"#0"},"west":{"uv":[0,0,0,0.5],"texture":"#0"},"up":{"uv":[0.25,0,0,0],"texture":"#0"},"down":{"uv":[0.25,0,0,0],"texture":"#0"}}},{"from":[4,-9.95566,7.25071],"to":[4.5,-5.88066,7.25071],"rotation":{"angle":0,"axis":"y","origin":[4.25,-5.88066,7.25071]},"faces":{"north":{"uv":[3.75,8.25,4,10.25],"texture":"#0"},"east":{"uv":[0,0,0,2],"texture":"#0"},"south":{"uv":[4,8.25,4.25,10.25],"texture":"#0"},"west":{"uv":[0,0,0,2],"texture":"#0"},"up":{"uv":[0.25,0,0,0],"texture":"#0"},"down":{"uv":[0.25,0,0,0],"texture":"#0"}}},{"from":[4,-4.69965,7.19965],"to":[4.5,-4.69965,8.04965],"rotation":{"angle":45,"axis":"x","origin":[8,-4.74964,7.24965]},"faces":{"north":{"uv":[0,0,0.25,0],"texture":"#0"},"east":{"uv":[0,0,0.5,0],"texture":"#0"},"south":{"uv":[0,0,0.25,0],"texture":"#0"},"west":{"uv":[0,0,0.5,0],"texture":"#0"},"up":{"uv":[0.75,10.25,0.5,9.75],"texture":"#0"},"down":{"uv":[10,0.5,9.75,1],"texture":"#0"}}},{"from":[4,-5.8603,7.20036],"to":[4.5,-5.8603,8.05036],"rotation":{"angle":-45,"axis":"x","origin":[8,-5.8103,7.25036]},"faces":{"north":{"uv":[0,0,0.25,0],"texture":"#0"},"east":{"uv":[0,0,0.5,0],"texture":"#0"},"south":{"uv":[0,0,0.25,0],"texture":"#0"},"west":{"uv":[0,0,0.5,0],"texture":"#0"},"up":{"uv":[1,10.25,0.75,9.75],"texture":"#0"},"down":{"uv":[1.25,9.75,1,10.25],"texture":"#0"}}},{"from":[4,-5.85995,6.45071],"to":[4.5,-5.85995,7.30071],"rotation":{"angle":45,"axis":"x","origin":[8,-5.80995,7.25071]},"faces":{"north":{"uv":[0,0,0.25,0],"texture":"#0"},"east":{"uv":[0,0,0.5,0],"texture":"#0"},"south":{"uv":[0,0,0.25,0],"texture":"#0"},"west":{"uv":[0,0,0.5,0],"texture":"#0"},"up":{"uv":[10,1.5,9.75,1],"texture":"#0"},"down":{"uv":[1.5,9.75,1.25,10.25],"texture":"#0"}}},{"from":[4,-4.7,6.45],"to":[4.5,-4.7,7.3],"rotation":{"angle":-45,"axis":"x","origin":[8,-4.75,7.25]},"faces":{"north":{"uv":[0,0,0.25,0],"texture":"#0"},"east":{"uv":[0,0,0.5,0],"texture":"#0"},"south":{"uv":[0,0,0.25,0],"texture":"#0"},"west":{"uv":[0,0,0.5,0],"texture":"#0"},"up":{"uv":[1.75,10.25,1.5,9.75],"texture":"#0"},"down":{"uv":[10,1.5,9.75,2],"texture":"#0"}}},{"from":[0,-11.5,8.75],"to":[2,-10.5,9.25],"rotation":{"angle":-45,"axis":"z","origin":[12,-10.5,6.25]},"faces":{"north":{"uv":[4.5,4,5.5,4.5],"texture":"#0"},"east":{"uv":[1.75,9.75,2,10.25],"texture":"#0"},"south":{"uv":[0,5,1,5.5],"texture":"#0"},"west":{"uv":[2,9.75,2.25,10.25],"texture":"#0"},"up":{"uv":[9.25,2.25,8.25,2],"texture":"#0"},"down":{"uv":[10.25,2,9.25,2.25],"texture":"#0"}}},{"from":[2,-12,8.25],"to":[2.5,-10,9.75],"rotation":{"angle":-45,"axis":"z","origin":[12,-10.5,6.25]},"faces":{"north":{"uv":[5,7,5.25,8],"texture":"#0"},"east":{"uv":[1,8.25,1.75,9.25],"texture":"#0"},"south":{"uv":[9.25,4,9.5,5],"texture":"#0"},"west":{"uv":[8.25,1,9,2],"texture":"#0"},"up":{"uv":[5,10,4.75,9.25],"texture":"#0"},"down":{"uv":[7.5,9.25,7.25,10],"texture":"#0"}}},{"from":[2.5,-11.5,8.75],"to":[13,-10.5,9.25],"rotation":{"angle":-45,"axis":"z","origin":[12,-10.5,6.25]},"faces":{"north":{"uv":[5.5,5,10.75,5.5],"texture":"#0"},"east":{"uv":[2.25,9.75,2.5,10.25],"texture":"#0"},"south":{"uv":[6,5.5,11.25,6],"texture":"#0"},"west":{"uv":[2.5,9.75,2.75,10.25],"texture":"#0"},"up":{"uv":[12.75,4,7.5,3.75],"texture":"#0"},"down":{"uv":[5.25,8,0,8.25],"texture":"#0"}}},{"from":[3,-11.5,8.25],"to":[13.5,-10.5,8.75],"rotation":{"angle":45,"axis":"z","origin":[4,-10.5,6.25]},"faces":{"north":{"uv":[6,6,11.25,6.5],"texture":"#0"},"east":{"uv":[2.75,9.75,3,10.25],"texture":"#0"},"south":{"uv":[0,6.5,5.25,7],"texture":"#0"},"west":{"uv":[9.75,2.75,10,3.25],"texture":"#0"},"up":{"uv":[13.25,6.75,8,6.5],"texture":"#0"},"down":{"uv":[13.25,6.75,8,7],"texture":"#0"}}},{"from":[13.5,-12,7.75],"to":[14,-10,9.25],"rotation":{"angle":45,"axis":"z","origin":[4,-10.5,6.25]},"faces":{"north":{"uv":[4.25,9.25,4.5,10.25],"texture":"#0"},"east":{"uv":[1.75,8.25,2.5,9.25],"texture":"#0"},"south":{"uv":[4.5,9.25,4.75,10.25],"texture":"#0"},"west":{"uv":[2.5,8.25,3.25,9.25],"texture":"#0"},"up":{"uv":[7.75,10,7.5,9.25],"texture":"#0"},"down":{"uv":[8,9.25,7.75,10],"texture":"#0"}}},{"from":[14,-11.5,8.25],"to":[16,-10.5,8.75],"rotation":{"angle":45,"axis":"z","origin":[4,-10.5,6.25]},"faces":{"north":{"uv":[1,5,2,5.5],"texture":"#0"},"east":{"uv":[3,9.75,3.25,10.25],"texture":"#0"},"south":{"uv":[4.25,8.25,5.25,8.75],"texture":"#0"},"west":{"uv":[9.75,3.25,10,3.75],"texture":"#0"},"up":{"uv":[10.5,2.5,9.5,2.25],"texture":"#0"},"down":{"uv":[10.5,2.5,9.5,2.75],"texture":"#0"}}},{"from":[11.5,-13,8.75],"to":[12,-12,8.75],"rotation":{"angle":45,"axis":"z","origin":[4,-10.5,6.25]},"faces":{"north":{"uv":[9.75,4,10,4.5],"texture":"#0"},"east":{"uv":[0,0,0,0.5],"texture":"#0"},"south":{"uv":[9.75,4.5,10,5],"texture":"#0"},"west":{"uv":[0,0,0,0.5],"texture":"#0"},"up":{"uv":[0.25,0,0,0],"texture":"#0"},"down":{"uv":[0.25,0,0,0],"texture":"#0"}}},{"from":[12,-12.5,8.75],"to":[12.5,-11.5,8.75],"rotation":{"angle":45,"axis":"z","origin":[4,-10.5,6.25]},"faces":{"north":{"uv":[9.75,7,10,7.5],"texture":"#0"},"east":{"uv":[0,0,0,0.5],"texture":"#0"},"south":{"uv":[9.75,7.5,10,8],"texture":"#0"},"west":{"uv":[0,0,0,0.5],"texture":"#0"},"up":{"uv":[0.25,0,0,0],"texture":"#0"},"down":{"uv":[0.25,0,0,0],"texture":"#0"}}},{"from":[12.5,-12,8.75],"to":[13,-11.5,8.75],"rotation":{"angle":45,"axis":"z","origin":[4,-10.5,6.25]},"faces":{"north":{"uv":[5,8.75,5.25,9],"texture":"#0"},"east":{"uv":[0,0,0,0.25],"texture":"#0"},"south":{"uv":[10,0,10.25,0.25],"texture":"#0"},"west":{"uv":[0,0,0,0.25],"texture":"#0"},"up":{"uv":[0.25,0,0,0],"texture":"#0"},"down":{"uv":[0.25,0,0,0],"texture":"#0"}}},{"from":[13,-12.5,8.75],"to":[13.5,-12,8.75],"rotation":{"angle":45,"axis":"z","origin":[4,-10.5,6.25]},"faces":{"north":{"uv":[10,0.25,10.25,0.5],"texture":"#0"},"east":{"uv":[0,0,0,0.25],"texture":"#0"},"south":{"uv":[10,0.5,10.25,0.75],"texture":"#0"},"west":{"uv":[0,0,0,0.25],"texture":"#0"},"up":{"uv":[0.25,0,0,0],"texture":"#0"},"down":{"uv":[0.25,0,0,0],"texture":"#0"}}},{"from":[4,-13,9.25],"to":[4.5,-12,9.25],"rotation":{"angle":-45,"axis":"z","origin":[12,-10.5,6.25]},"faces":{"north":{"uv":[9.75,8,10,8.5],"texture":"#0"},"east":{"uv":[0,0,0,0.5],"texture":"#0"},"south":{"uv":[9.75,8.5,10,9],"texture":"#0"},"west":{"uv":[0,0,0,0.5],"texture":"#0"},"up":{"uv":[0.25,0,0,0],"texture":"#0"},"down":{"uv":[0.25,0,0,0],"texture":"#0"}}},{"from":[3.5,-12.5,9.25],"to":[4,-11.5,9.25],"rotation":{"angle":-45,"axis":"z","origin":[12,-10.5,6.25]},"faces":{"north":{"uv":[9.75,9,10,9.5],"texture":"#0"},"east":{"uv":[0,0,0,0.5],"texture":"#0"},"south":{"uv":[9.75,9.5,10,10],"texture":"#0"},"west":{"uv":[0,0,0,0.5],"texture":"#0"},"up":{"uv":[0.25,0,0,0],"texture":"#0"},"down":{"uv":[0.25,0,0,0],"texture":"#0"}}},{"from":[3,-12,9.25],"to":[3.5,-11.5,9.25],"rotation":{"angle":-45,"axis":"z","origin":[12,-10.5,6.25]},"faces":{"north":{"uv":[10,0.75,10.25,1],"texture":"#0"},"east":{"uv":[0,0,0,0.25],"texture":"#0"},"south":{"uv":[10,1,10.25,1.25],"texture":"#0"},"west":{"uv":[0,0,0,0.25],"texture":"#0"},"up":{"uv":[0.25,0,0,0],"texture":"#0"},"down":{"uv":[0.25,0,0,0],"texture":"#0"}}},{"from":[2.5,-12.5,9.25],"to":[3,-12,9.25],"rotation":{"angle":-45,"axis":"z","origin":[12,-10.5,6.25]},"faces":{"north":{"uv":[10,1.25,10.25,1.5],"texture":"#0"},"east":{"uv":[0,0,0,0.25],"texture":"#0"},"south":{"uv":[10,1.5,10.25,1.75],"texture":"#0"},"west":{"uv":[0,0,0,0.25],"texture":"#0"},"up":{"uv":[0.25,0,0,0],"texture":"#0"},"down":{"uv":[0.25,0,0,0],"texture":"#0"}}}],"gui_light":"front","display":{"thirdperson_righthand":{"rotation":[90,180,0],"translation":[0,-0.5,-2.75]},"thirdperson_lefthand":{"rotation":[67,0,0],"translation":[-6,-8.5,10.75],"scale":[0.99,0.99,0.99]},"firstperson_righthand":{"rotation":[27,180,0],"translation":[2.5,-0.75,0]},"firstperson_lefthand":{"translation":[80,0,0]},"ground":{"translation":[0,3,0],"scale":[0.5,0.5,0.5]},"gui":{"rotation":[23,20,0],"translation":[0,21,0],"scale":[1.51,1.51,1.51]},"head":{"translation":[0,-60.25,10.25],"scale":[3.2,3.2,3.2]},"fixed":{"rotation":[0,180,0],"translation":[0,6.25,-8],"scale":[2,2,2]}},"mcmodels":"28706dd947d54dbdcf1cb5506516f2fb"}