{"textures​":{"0":"\u0063\u0075\u0073\u0074\u006f\u006d\u0062\u0061\u0063\u006b\u0070\u0061\u0063\u006b\u0073:\u0062\u0061\u0063\u006b\u0070\u0061\u0063\u006b\u0073/\u0073\u0063\u0075\u0062\u0061_\u0062\u0061\u0063\u006b\u0070\u0061\u0063\u006b_\u0074\u0065\u0078\u0074\u0075\u0072\u0065","\u0070\u0061\u0072\u0074\u0069\u0063\u006c\u0065":"\u0063\u0075\u0073\u0074\u006f\u006d\u0062\u0061\u0063\u006b\u0070\u0061\u0063\u006b\u0073:\u0062\u0061\u0063\u006b\u0070\u0061\u0063\u006b\u0073/\u0073\u0063\u0075\u0062\u0061_\u0062\u0061\u0063\u006b\u0070\u0061\u0063\u006b_\u0074\u0065\u0078\u0074\u0075\u0072\u0065"},"credit":"Made with Blockbench","texture_size":[64,64],"\u0074\u0065\u0078\u0074\u0075\u0072\u0065\u0073":{"0":"\u0063\u0075\u0073\u0074\u006f\u006d\u0062\u0061\u0063\u006b\u0070\u0061\u0063\u006b\u0073:\u0062\u0061\u0063\u006b\u0070\u0061\u0063\u006b\u0073/\u0073\u0063\u0075\u0062\u0061_\u0062\u0061\u0063\u006b\u0070\u0061\u0063\u006b_\u0074\u0065\u0078\u0074\u0075\u0072\u0065","\u0070\u0061\u0072\u0074\u0069\u0063\u006c\u0065":"\u0063\u0075\u0073\u0074\u006f\u006d\u0062\u0061\u0063\u006b\u0070\u0061\u0063\u006b\u0073:\u0062\u0061\u0063\u006b\u0070\u0061\u0063\u006b\u0073/\u0073\u0063\u0075\u0062\u0061_\u0062\u0061\u0063\u006b\u0070\u0061\u0063\u006b_\u0074\u0065\u0078\u0074\u0075\u0072\u0065"},"elements":[{"from":[1,2,10],"to":[2,4,14],"faces":{"north":{"uv":[3,7,3.25,7.5],"texture":"#0"},"east":{"uv":[7.5,1.5,8.5,2],"texture":"#0"},"south":{"uv":[4.75,7.5,5,8],"texture":"#0"},"west":{"uv":[4.75,8,5.75,8.5],"texture":"#0"},"up":{"uv":[3.25,7,3,6],"texture":"#0"},"down":{"uv":[4.75,8.25,4.5,9.25],"texture":"#0"}}},{"from":[1,2,14],"to":[7,4,15],"faces":{"north":{"uv":[7.25,4,8.75,4.5],"texture":"#0"},"east":{"uv":[5,7.5,5.25,8],"texture":"#0"},"south":{"uv":[7.25,7,8.75,7.5],"texture":"#0"},"west":{"uv":[3.75,8.75,4,9.25],"texture":"#0"},"up":{"uv":[9.75,3.75,8.25,3.5],"texture":"#0"},"down":{"uv":[9.75,3.75,8.25,4],"texture":"#0"}}},{"from":[6,2,10],"to":[7,4,14],"faces":{"north":{"uv":[9,4.5,9.25,5],"texture":"#0"},"east":{"uv":[5.75,8,6.75,8.5],"texture":"#0"},"south":{"uv":[9,5,9.25,5.5],"texture":"#0"},"west":{"uv":[8,7.5,9,8],"texture":"#0"},"up":{"uv":[7.5,9.25,7.25,8.25],"texture":"#0"},"down":{"uv":[7.75,8.25,7.5,9.25],"texture":"#0"}}},{"from":[8,2,10],"to":[9,4,14],"rotation":{"angle":0,"axis":"y","origin":[16,0,0]},"faces":{"north":{"uv":[9,5.5,9.25,6],"texture":"#0"},"east":{"uv":[8,8,9,8.5],"texture":"#0"},"south":{"uv":[6.75,9,7,9.5],"texture":"#0"},"west":{"uv":[8.25,2,9.25,2.5],"texture":"#0"},"up":{"uv":[8,9.25,7.75,8.25],"texture":"#0"},"down":{"uv":[0.25,8.5,0,9.5],"texture":"#0"}}},{"from":[8,2,14],"to":[14,4,15],"rotation":{"angle":0,"axis":"y","origin":[16,0,0]},"faces":{"north":{"uv":[7.5,0,9,0.5],"texture":"#0"},"east":{"uv":[7,9,7.25,9.5],"texture":"#0"},"south":{"uv":[7.5,0.5,9,1],"texture":"#0"},"west":{"uv":[9,7.5,9.25,8],"texture":"#0"},"up":{"uv":[9.75,6.25,8.25,6],"texture":"#0"},"down":{"uv":[9.75,6.25,8.25,6.5],"texture":"#0"}}},{"from":[13,2,10],"to":[14,4,14],"rotation":{"angle":0,"axis":"y","origin":[16,0,0]},"faces":{"north":{"uv":[9,8,9.25,8.5],"texture":"#0"},"east":{"uv":[8.25,2.5,9.25,3],"texture":"#0"},"south":{"uv":[8.25,9,8.5,9.5],"texture":"#0"},"west":{"uv":[8.25,3,9.25,3.5],"texture":"#0"},"up":{"uv":[0.5,9.5,0.25,8.5],"texture":"#0"},"down":{"uv":[0.75,8.5,0.5,9.5],"texture":"#0"}}},{"from":[6,8,11],"to":[7,9,12],"faces":{"north":{"uv":[6.5,9.25,6.75,9.5],"texture":"#0"},"east":{"uv":[9.25,7.75,9.5,8],"texture":"#0"},"south":{"uv":[9.25,8,9.5,8.25],"texture":"#0"},"west":{"uv":[9.25,8.25,9.5,8.5],"texture":"#0"},"up":{"uv":[8.75,9.5,8.5,9.25],"texture":"#0"},"down":{"uv":[9,9.25,8.75,9.5],"texture":"#0"}}},{"from":[6,8,10],"to":[7,12,11],"faces":{"north":{"uv":[0.75,8.5,1,9.5],"texture":"#0"},"east":{"uv":[1,8.5,1.25,9.5],"texture":"#0"},"south":{"uv":[1.25,8.5,1.5,9.5],"texture":"#0"},"west":{"uv":[1.5,8.5,1.75,9.5],"texture":"#0"},"up":{"uv":[9.5,9,9.25,8.75],"texture":"#0"},"down":{"uv":[9.25,9.25,9,9.5],"texture":"#0"}}},{"from":[6,12,9],"to":[7,13,11],"faces":{"north":{"uv":[9.25,9,9.5,9.25],"texture":"#0"},"east":{"uv":[8.5,9,9,9.25],"texture":"#0"},"south":{"uv":[9.25,9.25,9.5,9.5],"texture":"#0"},"west":{"uv":[9,8.5,9.5,8.75],"texture":"#0"},"up":{"uv":[9.25,9.25,9,8.75],"texture":"#0"},"down":{"uv":[9.5,2,9.25,2.5],"texture":"#0"}}},{"from":[8,12,9],"to":[9,13,11],"faces":{"north":{"uv":[0,9.5,0.25,9.75],"texture":"#0"},"east":{"uv":[9.25,2.5,9.75,2.75],"texture":"#0"},"south":{"uv":[0.25,9.5,0.5,9.75],"texture":"#0"},"west":{"uv":[9.25,2.75,9.75,3],"texture":"#0"},"up":{"uv":[3.25,9.75,3,9.25],"texture":"#0"},"down":{"uv":[9.5,3,9.25,3.5],"texture":"#0"}}},{"from":[8,8,10],"to":[9,12,11],"faces":{"north":{"uv":[1.75,8.5,2,9.5],"texture":"#0"},"east":{"uv":[2,8.5,2.25,9.5],"texture":"#0"},"south":{"uv":[2.25,8.5,2.5,9.5],"texture":"#0"},"west":{"uv":[2.5,8.5,2.75,9.5],"texture":"#0"},"up":{"uv":[0.75,9.75,0.5,9.5],"texture":"#0"},"down":{"uv":[1,9.5,0.75,9.75],"texture":"#0"}}},{"from":[8,8,11],"to":[9,9,12],"faces":{"north":{"uv":[1,9.5,1.25,9.75],"texture":"#0"},"east":{"uv":[1.25,9.5,1.5,9.75],"texture":"#0"},"south":{"uv":[1.5,9.5,1.75,9.75],"texture":"#0"},"west":{"uv":[9.5,1.5,9.75,1.75],"texture":"#0"},"up":{"uv":[2,9.75,1.75,9.5],"texture":"#0"},"down":{"uv":[9.75,1.75,9.5,2],"texture":"#0"}}},{"from":[13,8,10],"to":[15,9,11],"faces":{"north":{"uv":[3.25,9.25,3.75,9.5],"texture":"#0"},"east":{"uv":[2,9.5,2.25,9.75],"texture":"#0"},"south":{"uv":[3.75,9.25,4.25,9.5],"texture":"#0"},"west":{"uv":[9.5,2,9.75,2.25],"texture":"#0"},"up":{"uv":[4.75,9.5,4.25,9.25],"texture":"#0"},"down":{"uv":[9.75,4.5,9.25,4.75],"texture":"#0"}}},{"from":[14,5,6],"to":[15,9,10],"rotation":{"angle":0,"axis":"y","origin":[16,0,0]},"faces":{"north":{"uv":[2.75,8.5,3,9.5],"texture":"#0"},"east":{"uv":[6.25,6,7.25,7],"texture":"#0"},"south":{"uv":[4.75,8.5,5,9.5],"texture":"#0"},"west":{"uv":[6.5,0,7.5,1],"texture":"#0"},"up":{"uv":[5.25,9.5,5,8.5],"texture":"#0"},"down":{"uv":[5.5,8.5,5.25,9.5],"texture":"#0"}}},{"from":[0,5,6],"to":[1,9,10],"faces":{"north":{"uv":[5.5,8.5,5.75,9.5],"texture":"#0"},"east":{"uv":[6.5,1,7.5,2],"texture":"#0"},"south":{"uv":[5.75,8.5,6,9.5],"texture":"#0"},"west":{"uv":[5.25,7,6.25,8],"texture":"#0"},"up":{"uv":[6.25,9.5,6,8.5],"texture":"#0"},"down":{"uv":[6.5,8.5,6.25,9.5],"texture":"#0"}}},{"from":[0,8,10],"to":[2,9,11],"faces":{"north":{"uv":[9.25,4.75,9.75,5],"texture":"#0"},"east":{"uv":[2.25,9.5,2.5,9.75],"texture":"#0"},"south":{"uv":[9.25,5,9.75,5.25],"texture":"#0"},"west":{"uv":[9.5,2.25,9.75,2.5],"texture":"#0"},"up":{"uv":[9.75,5.5,9.25,5.25],"texture":"#0"},"down":{"uv":[9.75,5.5,9.25,5.75],"texture":"#0"}}},{"from":[1,0,2],"to":[3,1,6],"rotation":{"angle":0,"axis":"y","origin":[1,0,0]},"faces":{"north":{"uv":[9.25,5.75,9.75,6],"texture":"#0"},"east":{"uv":[8.5,1.5,9.5,1.75],"texture":"#0"},"south":{"uv":[7.25,9.25,7.75,9.5],"texture":"#0"},"west":{"uv":[8.5,1.75,9.5,2],"texture":"#0"},"up":{"uv":[7.25,9,6.75,8],"texture":"#0"},"down":{"uv":[4.5,8.25,4,9.25],"texture":"#0"}}},{"from":[1,0.76537,-2.84776],"to":[3,1.76537,2.15224],"rotation":{"angle":22.5,"axis":"x","origin":[1,0.76537,0.15224]},"faces":{"north":{"uv":[9.25,7.5,9.75,7.75],"texture":"#0"},"east":{"uv":[8.25,6.5,9.5,6.75],"texture":"#0"},"south":{"uv":[7.75,9.25,8.25,9.5],"texture":"#0"},"west":{"uv":[8.25,6.75,9.5,7],"texture":"#0"},"up":{"uv":[3.5,8.75,3,7.5],"texture":"#0"},"down":{"uv":[4,7.5,3.5,8.75],"texture":"#0"}}},{"from":[0.5,-0.23463,-3.84776],"to":[3.5,2.76537,-2.84776],"rotation":{"angle":22.5,"axis":"x","origin":[1,0.76537,0.15224]},"faces":{"north":{"uv":[4,7.5,4.75,8.25],"texture":"#0"},"east":{"uv":[6.5,8.5,6.75,9.25],"texture":"#0"},"south":{"uv":[7.25,7.5,8,8.25],"texture":"#0"},"west":{"uv":[8,8.5,8.25,9.25],"texture":"#0"},"up":{"uv":[9,8.75,8.25,8.5],"texture":"#0"},"down":{"uv":[3.75,8.75,3,9],"texture":"#0"}}},{"from":[0.5,0.76537,-4.84776],"to":[1.5,1.76537,-3.84776],"rotation":{"angle":22.5,"axis":"x","origin":[1,0.76537,0.15224]},"faces":{"north":{"uv":[2.5,9.5,2.75,9.75],"texture":"#0"},"east":{"uv":[2.75,9.5,3,9.75],"texture":"#0"},"south":{"uv":[9.5,3,9.75,3.25],"texture":"#0"},"west":{"uv":[3.25,9.5,3.5,9.75],"texture":"#0"},"up":{"uv":[9.75,3.5,9.5,3.25],"texture":"#0"},"down":{"uv":[3.75,9.5,3.5,9.75],"texture":"#0"}}},{"from":[2.5,0.76537,-4.84776],"to":[3.5,1.76537,-3.84776],"rotation":{"angle":22.5,"axis":"x","origin":[1,0.76537,0.15224]},"faces":{"north":{"uv":[3.75,9.5,4,9.75],"texture":"#0"},"east":{"uv":[4,9.5,4.25,9.75],"texture":"#0"},"south":{"uv":[9.5,4,9.75,4.25],"texture":"#0"},"west":{"uv":[4.25,9.5,4.5,9.75],"texture":"#0"},"up":{"uv":[9.75,4.5,9.5,4.25],"texture":"#0"},"down":{"uv":[4.75,9.5,4.5,9.75],"texture":"#0"}}},{"from":[9,0,10],"to":[13,10,14],"faces":{"north":{"uv":[3.25,5,4.25,7.5],"texture":"#0"},"east":{"uv":[4.25,5,5.25,7.5],"texture":"#0"},"south":{"uv":[5.25,2,6.25,4.5],"texture":"#0"},"west":{"uv":[5.25,4.5,6.25,7],"texture":"#0"},"up":{"uv":[7.25,8,6.25,7],"texture":"#0"},"down":{"uv":[8.25,2,7.25,3],"texture":"#0"}}},{"from":[10.5,10,11.5],"to":[11.5,11,12.5],"faces":{"north":{"uv":[4.75,9.5,5,9.75],"texture":"#0"},"east":{"uv":[5,9.5,5.25,9.75],"texture":"#0"},"south":{"uv":[5.25,9.5,5.5,9.75],"texture":"#0"},"west":{"uv":[5.5,9.5,5.75,9.75],"texture":"#0"},"up":{"uv":[6,9.75,5.75,9.5],"texture":"#0"},"down":{"uv":[6.25,9.5,6,9.75],"texture":"#0"}}},{"from":[9.5,11,11.5],"to":[12.5,12,12.5],"faces":{"north":{"uv":[8.75,4,9.5,4.25],"texture":"#0"},"east":{"uv":[6.25,9.5,6.5,9.75],"texture":"#0"},"south":{"uv":[8.75,4.25,9.5,4.5],"texture":"#0"},"west":{"uv":[6.5,9.5,6.75,9.75],"texture":"#0"},"up":{"uv":[9.5,7.25,8.75,7],"texture":"#0"},"down":{"uv":[9.5,7.25,8.75,7.5],"texture":"#0"}}},{"from":[10.5,11,12.5],"to":[11.5,12,13.5],"faces":{"north":{"uv":[9.5,6.5,9.75,6.75],"texture":"#0"},"east":{"uv":[6.75,9.5,7,9.75],"texture":"#0"},"south":{"uv":[9.5,6.75,9.75,7],"texture":"#0"},"west":{"uv":[7,9.5,7.25,9.75],"texture":"#0"},"up":{"uv":[9.75,7.25,9.5,7],"texture":"#0"},"down":{"uv":[7.5,9.5,7.25,9.75],"texture":"#0"}}},{"from":[10.5,11,10.5],"to":[11.5,12,11.5],"faces":{"north":{"uv":[9.5,7.25,9.75,7.5],"texture":"#0"},"east":{"uv":[7.5,9.5,7.75,9.75],"texture":"#0"},"south":{"uv":[7.75,9.5,8,9.75],"texture":"#0"},"west":{"uv":[9.5,7.75,9.75,8],"texture":"#0"},"up":{"uv":[8.25,9.75,8,9.5],"texture":"#0"},"down":{"uv":[9.75,8,9.5,8.25],"texture":"#0"}}},{"from":[2,0,10],"to":[6,10,14],"faces":{"north":{"uv":[0,6,1,8.5],"texture":"#0"},"east":{"uv":[1,6,2,8.5],"texture":"#0"},"south":{"uv":[2,6,3,8.5],"texture":"#0"},"west":{"uv":[6.25,2,7.25,4.5],"texture":"#0"},"up":{"uv":[8.25,4,7.25,3],"texture":"#0"},"down":{"uv":[8.25,6,7.25,7],"texture":"#0"}}},{"from":[3.5,11,10.5],"to":[4.5,12,11.5],"rotation":{"angle":0,"axis":"y","origin":[16,0,0]},"faces":{"north":{"uv":[8.25,9.5,8.5,9.75],"texture":"#0"},"east":{"uv":[9.5,8.25,9.75,8.5],"texture":"#0"},"south":{"uv":[8.5,9.5,8.75,9.75],"texture":"#0"},"west":{"uv":[9.5,8.5,9.75,8.75],"texture":"#0"},"up":{"uv":[9,9.75,8.75,9.5],"texture":"#0"},"down":{"uv":[9.75,8.75,9.5,9],"texture":"#0"}}},{"from":[3.5,11,12.5],"to":[4.5,12,13.5],"rotation":{"angle":0,"axis":"y","origin":[16,0,0]},"faces":{"north":{"uv":[9,9.5,9.25,9.75],"texture":"#0"},"east":{"uv":[9.5,9,9.75,9.25],"texture":"#0"},"south":{"uv":[9.25,9.5,9.5,9.75],"texture":"#0"},"west":{"uv":[9.5,9.25,9.75,9.5],"texture":"#0"},"up":{"uv":[9.75,9.75,9.5,9.5],"texture":"#0"},"down":{"uv":[0.25,9.75,0,10],"texture":"#0"}}},{"from":[2.5,11,11.5],"to":[5.5,12,12.5],"rotation":{"angle":0,"axis":"y","origin":[16,0,0]},"faces":{"north":{"uv":[8.25,8.75,9,9],"texture":"#0"},"east":{"uv":[9.75,0,10,0.25],"texture":"#0"},"south":{"uv":[9,0,9.75,0.25],"texture":"#0"},"west":{"uv":[0.25,9.75,0.5,10],"texture":"#0"},"up":{"uv":[9.75,0.5,9,0.25],"texture":"#0"},"down":{"uv":[9.75,0.5,9,0.75],"texture":"#0"}}},{"from":[3.5,10,11.5],"to":[4.5,11,12.5],"rotation":{"angle":0,"axis":"y","origin":[16,0,0]},"faces":{"north":{"uv":[9.75,0.25,10,0.5],"texture":"#0"},"east":{"uv":[0.5,9.75,0.75,10],"texture":"#0"},"south":{"uv":[9.75,0.5,10,0.75],"texture":"#0"},"west":{"uv":[0.75,9.75,1,10],"texture":"#0"},"up":{"uv":[10,1,9.75,0.75],"texture":"#0"},"down":{"uv":[1.25,9.75,1,10],"texture":"#0"}}},{"from":[2,12,6],"to":[13,13,9],"faces":{"north":{"uv":[7.5,1,10.25,1.25],"texture":"#0"},"east":{"uv":[9,0.75,9.75,1],"texture":"#0"},"south":{"uv":[7.5,1.25,10.25,1.5],"texture":"#0"},"west":{"uv":[3,9,3.75,9.25],"texture":"#0"},"up":{"uv":[9,5.25,6.25,4.5],"texture":"#0"},"down":{"uv":[9,5.25,6.25,6],"texture":"#0"}}},{"from":[1,0,6],"to":[14,12,10],"faces":{"north":{"uv":[0,0,3.25,3],"texture":"#0"},"east":{"uv":[3.25,2,4.25,5],"texture":"#0"},"south":{"uv":[0,3,3.25,6],"texture":"#0"},"west":{"uv":[4.25,2,5.25,5],"texture":"#0"},"up":{"uv":[6.5,1,3.25,0],"texture":"#0"},"down":{"uv":[6.5,1,3.25,2],"texture":"#0"}}}],"gui_light":"front","display":{"thirdperson_righthand":{"rotation":[90,180,0],"translation":[-0.5,-1.5,-3.75]},"thirdperson_lefthand":{"rotation":[67,0,0],"translation":[-6,-6.25,10.5],"scale":[0.99,0.99,0.99]},"firstperson_righthand":{"rotation":[46,180,0],"translation":[0.5,0,0]},"firstperson_lefthand":{"translation":[80,0,0]},"ground":{"translation":[0,2,0],"scale":[0.5,0.5,0.5]},"gui":{"rotation":[20,30,0],"translation":[1.5,1.25,0],"scale":[0.75,0.75,0.75]},"head":{"translation":[0,-11.5,7.25],"scale":[1.6,1.6,1.6]},"fixed":{"rotation":[0,180,0],"translation":[0,3,-4],"scale":[2,2,2]}},"mcmodels":"28706dd947d54dbdcf1cb5506516f2fb"}