{"textures​":{"layer0":"minecraft:item/stripped_spruce_log"},"credit":"Made with Blockbench","texture_size":[64,64],"\u0074\u0065\u0078\u0074\u0075\u0072\u0065\u0073":{"0":"\u0063\u0075\u0073\u0074\u006f\u006d\u0062\u0061\u0063\u006b\u0070\u0061\u0063\u006b\u0073:\u0062\u0061\u0063\u006b\u0070\u0061\u0063\u006b\u0073/\u0073\u006f\u006c\u0061\u0072_\u0070\u006f\u0077\u0065\u0072\u0065\u0064_\u0062\u0061\u0063\u006b\u0070\u0061\u0063\u006b_\u0074\u0065\u0078\u0074\u0075\u0072\u0065","\u0070\u0061\u0072\u0074\u0069\u0063\u006c\u0065":"\u0063\u0075\u0073\u0074\u006f\u006d\u0062\u0061\u0063\u006b\u0070\u0061\u0063\u006b\u0073:\u0062\u0061\u0063\u006b\u0070\u0061\u0063\u006b\u0073/\u0073\u006f\u006c\u0061\u0072_\u0070\u006f\u0077\u0065\u0072\u0065\u0064_\u0062\u0061\u0063\u006b\u0070\u0061\u0063\u006b_\u0074\u0065\u0078\u0074\u0075\u0072\u0065"},"elements":[{"from":[9.5,-13.5,7.5],"to":[10.5,-7,8],"rotation":{"angle":0,"axis":"y","origin":[12,-9,8.5]},"faces":{"north":{"uv":[6.5,7,7,10.25],"texture":"#0"},"east":{"uv":[1,8,1.25,11.25],"texture":"#0"},"south":{"uv":[7,7,7.5,10.25],"texture":"#0"},"west":{"uv":[1.25,8,1.5,11.25],"texture":"#0"},"up":{"uv":[5,9.75,4.5,9.5],"texture":"#0"},"down":{"uv":[10,4.5,9.5,4.75],"texture":"#0"}}},{"from":[5.5,-13.5,7.5],"to":[6.5,-7,8],"rotation":{"angle":0,"axis":"y","origin":[4,-9,8.5]},"faces":{"north":{"uv":[1.5,6.75,2,10],"texture":"#0"},"east":{"uv":[0.5,8,0.75,11.25],"texture":"#0"},"south":{"uv":[2,6.75,2.5,10],"texture":"#0"},"west":{"uv":[0.75,8,1,11.25],"texture":"#0"},"up":{"uv":[10,4.25,9.5,4],"texture":"#0"},"down":{"uv":[10,4.25,9.5,4.5],"texture":"#0"}}},{"from":[5,-8,6.20711],"to":[11,-7.5,9.20711],"rotation":{"angle":45,"axis":"x","origin":[5,-8.5,8.20711]},"faces":{"north":{"uv":[8.5,7,11.5,7.25],"texture":"#0"},"east":{"uv":[7.5,8.75,9,9],"texture":"#0"},"south":{"uv":[8.5,7.25,11.5,7.5],"texture":"#0"},"west":{"uv":[9,5,10.5,5.25],"texture":"#0"},"up":{"uv":[6.5,4.5,3.5,3],"texture":"#0"},"down":{"uv":[6.5,4.5,3.5,6],"texture":"#0"}}},{"from":[10.5,-13,7.5],"to":[11,-12,8],"rotation":{"angle":0,"axis":"y","origin":[8,-12.5,7.125]},"faces":{"north":{"uv":[5,9.5,5.25,10],"texture":"#0"},"east":{"uv":[5.25,9.5,5.5,10],"texture":"#0"},"south":{"uv":[5.5,9.5,5.75,10],"texture":"#0"},"west":{"uv":[5.75,9.5,6,10],"texture":"#0"},"up":{"uv":[9.75,9,9.5,8.75],"texture":"#0"},"down":{"uv":[9.75,9,9.5,9.25],"texture":"#0"}}},{"from":[9,-13,7.5],"to":[9.5,-12,8],"rotation":{"angle":0,"axis":"y","origin":[8,-12.5,7.125]},"faces":{"north":{"uv":[6,9.5,6.25,10],"texture":"#0"},"east":{"uv":[6.25,9.5,6.5,10],"texture":"#0"},"south":{"uv":[9.5,7.75,9.75,8.25],"texture":"#0"},"west":{"uv":[8,9.5,8.25,10],"texture":"#0"},"up":{"uv":[9.75,9.5,9.5,9.25],"texture":"#0"},"down":{"uv":[9.75,9.5,9.5,9.75],"texture":"#0"}}},{"from":[6.5,-13,8.5],"to":[9.5,-10.5,9.5],"rotation":{"angle":0,"axis":"y","origin":[8,-12.5,7.125]},"faces":{"north":{"uv":[0,6.75,1.5,8],"texture":"#0"},"east":{"uv":[3.5,8.75,4,10],"texture":"#0"},"south":{"uv":[5,7,6.5,8.25],"texture":"#0"},"west":{"uv":[4,8.75,4.5,10],"texture":"#0"},"up":{"uv":[6.5,8.75,5,8.25],"texture":"#0"},"down":{"uv":[10,6.5,8.5,7],"texture":"#0"}}},{"from":[8.5,-13.5,7.5],"to":[9,-13,9.5],"rotation":{"angle":0,"axis":"y","origin":[8,-12.5,7.125]},"faces":{"north":{"uv":[9.5,4.75,9.75,5],"texture":"#0"},"east":{"uv":[9,5.25,10,5.5],"texture":"#0"},"south":{"uv":[9.5,5.75,9.75,6],"texture":"#0"},"west":{"uv":[9,5.5,10,5.75],"texture":"#0"},"up":{"uv":[7.75,10,7.5,9],"texture":"#0"},"down":{"uv":[8,9,7.75,10],"texture":"#0"}}},{"from":[5.5,-13.5,9.5],"to":[10.5,-10,10.5],"rotation":{"angle":0,"axis":"y","origin":[8,-12.5,7.125]},"faces":{"north":{"uv":[0,5,2.5,6.75],"texture":"#0"},"east":{"uv":[4.5,7.75,5,9.5],"texture":"#0"},"south":{"uv":[0,12.5,2.5,14.25],"texture":"#0"},"west":{"uv":[0,8,0.5,9.75],"texture":"#0"},"up":{"uv":[9,5.5,6.5,5],"texture":"#0"},"down":{"uv":[9,5.5,6.5,6],"texture":"#0"}}},{"from":[6.5,-13,7.5],"to":[7,-12,8],"rotation":{"angle":0,"axis":"y","origin":[8,-12.5,7.125]},"faces":{"north":{"uv":[8.5,9,8.75,9.5],"texture":"#0"},"east":{"uv":[8.75,9,9,9.5],"texture":"#0"},"south":{"uv":[9,8.75,9.25,9.25],"texture":"#0"},"west":{"uv":[2.5,9.25,2.75,9.75],"texture":"#0"},"up":{"uv":[8.5,9.75,8.25,9.5],"texture":"#0"},"down":{"uv":[9.75,8.25,9.5,8.5],"texture":"#0"}}},{"from":[5,-13,7.5],"to":[5.5,-12,8],"rotation":{"angle":0,"axis":"y","origin":[8,-12.5,7.125]},"faces":{"north":{"uv":[2.75,9.25,3,9.75],"texture":"#0"},"east":{"uv":[3,9.25,3.25,9.75],"texture":"#0"},"south":{"uv":[3.25,9.25,3.5,9.75],"texture":"#0"},"west":{"uv":[9.25,8.75,9.5,9.25],"texture":"#0"},"up":{"uv":[8.75,9.75,8.5,9.5],"texture":"#0"},"down":{"uv":[9,9.5,8.75,9.75],"texture":"#0"}}},{"from":[7.5,-9.5,7.20711],"to":[8.5,-8,8.20711],"rotation":{"angle":45,"axis":"x","origin":[5,-8.5,8.20711]},"faces":{"north":{"uv":[8.5,7.75,9,8.5],"texture":"#0"},"east":{"uv":[5,8.75,5.5,9.5],"texture":"#0"},"south":{"uv":[5.5,8.75,6,9.5],"texture":"#0"},"west":{"uv":[6,8.75,6.5,9.5],"texture":"#0"},"up":{"uv":[9.5,8.25,9,7.75],"texture":"#0"},"down":{"uv":[8.5,9,8,9.5],"texture":"#0"}}},{"from":[7,-8.5,6],"to":[7.5,-7.5,6],"rotation":{"angle":0,"axis":"y","origin":[12,-13.5,5.5]},"faces":{"north":{"uv":[9.5,3,9.75,3.5],"texture":"#0"},"east":{"uv":[0,0,0,0.5],"texture":"#0"},"south":{"uv":[9.5,3.5,9.75,4],"texture":"#0"},"west":{"uv":[0,0,0,0.5],"texture":"#0"},"up":{"uv":[0.25,0,0,0],"texture":"#0"},"down":{"uv":[0.25,0,0,0],"texture":"#0"}}},{"from":[4.5,-13.5,5.5],"to":[11.5,-11.5,7.5],"rotation":{"angle":0,"axis":"y","origin":[8,-12.5,7.125]},"faces":{"north":{"uv":[5,6,8.5,7],"texture":"#0"},"east":{"uv":[2.5,5,3.5,6],"texture":"#0"},"south":{"uv":[6.5,0,10,1],"texture":"#0"},"west":{"uv":[3.5,7.75,4.5,8.75],"texture":"#0"},"up":{"uv":[10,2,6.5,1],"texture":"#0"},"down":{"uv":[10,2,6.5,3],"texture":"#0"}}},{"from":[4.5,-14,5.5],"to":[11.5,-13.5,10.5],"rotation":{"angle":0,"axis":"y","origin":[8,-12.5,7.125]},"faces":{"north":{"uv":[8.5,6,12,6.25],"texture":"#0"},"east":{"uv":[7.5,8.5,10,8.75],"texture":"#0"},"south":{"uv":[8.5,6.25,12,6.5],"texture":"#0"},"west":{"uv":[8.5,7.5,11,7.75],"texture":"#0"},"up":{"uv":[3.5,2.5,0,0],"texture":"#0"},"down":{"uv":[3.5,2.5,0,5],"texture":"#0"}}},{"from":[5,-11.5,5.5],"to":[11,-8.5,7.5],"rotation":{"angle":0,"axis":"y","origin":[4,-13.5,5.5]},"faces":{"north":{"uv":[3.5,0,6.5,1.5],"texture":"#0"},"east":{"uv":[7.5,7,8.5,8.5],"texture":"#0"},"south":{"uv":[3.5,1.5,6.5,3],"texture":"#0"},"west":{"uv":[2.5,7.75,3.5,9.25],"texture":"#0"},"up":{"uv":[9.5,4,6.5,3],"texture":"#0"},"down":{"uv":[9.5,4,6.5,5],"texture":"#0"}}},{"from":[8.5,-8.5,6],"to":[9,-7.5,6],"rotation":{"angle":0,"axis":"y","origin":[4,-13.5,5.5]},"faces":{"north":{"uv":[9,9.25,9.25,9.75],"texture":"#0"},"east":{"uv":[0,0,0,0.5],"texture":"#0"},"south":{"uv":[9.25,9.25,9.5,9.75],"texture":"#0"},"west":{"uv":[0,0,0,0.5],"texture":"#0"},"up":{"uv":[0.25,0,0,0],"texture":"#0"},"down":{"uv":[0.25,0,0,0],"texture":"#0"}}},{"from":[7.5,-7.5,6],"to":[8.5,-7,6],"rotation":{"angle":0,"axis":"y","origin":[4,-13.5,5.5]},"faces":{"north":{"uv":[9,5.75,9.5,6],"texture":"#0"},"east":{"uv":[0,0,0,0.25],"texture":"#0"},"south":{"uv":[9,8.25,9.5,8.5],"texture":"#0"},"west":{"uv":[0,0,0,0.25],"texture":"#0"},"up":{"uv":[0.5,0,0,0],"texture":"#0"},"down":{"uv":[0.5,0,0,0],"texture":"#0"}}}],"gui_light":"front","display":{"thirdperson_righthand":{"rotation":[90,180,0],"translation":[0,2,-4]},"thirdperson_lefthand":{"rotation":[67,0,0],"translation":[-6,-9.5,11.5],"scale":[0.99,0.99,0.99]},"firstperson_righthand":{"rotation":[31,180,0],"translation":[1.5,0,0]},"firstperson_lefthand":{"translation":[80,0,0]},"ground":{"translation":[0,2,0],"scale":[0.5,0.5,0.5]},"gui":{"rotation":[21,17,0],"translation":[0,27.75,0],"scale":[1.61,1.61,1.61]},"head":{"translation":[0,-51.5,12],"scale":[3.2,3.2,3.2]},"fixed":{"rotation":[0,180,0],"translation":[0,4,-10],"scale":[2,2,2]}},"mcmodels":"28706dd947d54dbdcf1cb5506516f2fb"}