{"textures​":{"layer0":"minecraft:item/light_gray_candle"},"credit":"Made with Blockbench","texture_size":[64,64],"\u0074\u0065\u0078\u0074\u0075\u0072\u0065\u0073":{"0":"\u0063\u0075\u0073\u0074\u006f\u006d\u0062\u0061\u0063\u006b\u0070\u0061\u0063\u006b\u0073:\u0062\u0061\u0063\u006b\u0070\u0061\u0063\u006b\u0073/\u0073\u006f\u006c\u0061\u0072_\u0070\u006f\u0077\u0065\u0072\u0065\u0064_\u0062\u0061\u0063\u006b\u0070\u0061\u0063\u006b_\u0074\u0065\u0078\u0074\u0075\u0072\u0065","\u0070\u0061\u0072\u0074\u0069\u0063\u006c\u0065":"\u0063\u0075\u0073\u0074\u006f\u006d\u0062\u0061\u0063\u006b\u0070\u0061\u0063\u006b\u0073:\u0062\u0061\u0063\u006b\u0070\u0061\u0063\u006b\u0073/\u0073\u006f\u006c\u0061\u0072_\u0070\u006f\u0077\u0065\u0072\u0065\u0064_\u0062\u0061\u0063\u006b\u0070\u0061\u0063\u006b_\u0074\u0065\u0078\u0074\u0075\u0072\u0065"},"elements":[{"from":[11,1,7],"to":[13,14,8],"rotation":{"angle":0,"axis":"y","origin":[16,10,9]},"faces":{"north":{"uv":[6.5,7,7,10.25],"texture":"#0"},"east":{"uv":[1,8,1.25,11.25],"texture":"#0"},"south":{"uv":[7,7,7.5,10.25],"texture":"#0"},"west":{"uv":[1.25,8,1.5,11.25],"texture":"#0"},"up":{"uv":[5,9.75,4.5,9.5],"texture":"#0"},"down":{"uv":[10,4.5,9.5,4.75],"texture":"#0"}}},{"from":[3,1,7],"to":[5,14,8],"rotation":{"angle":0,"axis":"y","origin":[0,10,9]},"faces":{"north":{"uv":[1.5,6.75,2,10],"texture":"#0"},"east":{"uv":[0.5,8,0.75,11.25],"texture":"#0"},"south":{"uv":[2,6.75,2.5,10],"texture":"#0"},"west":{"uv":[0.75,8,1,11.25],"texture":"#0"},"up":{"uv":[10,4.25,9.5,4],"texture":"#0"},"down":{"uv":[10,4.25,9.5,4.5],"texture":"#0"}}},{"from":[2,12,4.41421],"to":[14,13,10.41421],"rotation":{"angle":45,"axis":"x","origin":[2,11,8.41421]},"faces":{"north":{"uv":[8.5,7,11.5,7.25],"texture":"#0"},"east":{"uv":[7.5,8.75,9,9],"texture":"#0"},"south":{"uv":[8.5,7.25,11.5,7.5],"texture":"#0"},"west":{"uv":[9,5,10.5,5.25],"texture":"#0"},"up":{"uv":[6.5,4.5,3.5,3],"texture":"#0"},"down":{"uv":[6.5,4.5,3.5,6],"texture":"#0"}}},{"from":[13,2,7],"to":[14,4,8],"rotation":{"angle":0,"axis":"y","origin":[8,3,6.25]},"faces":{"north":{"uv":[5,9.5,5.25,10],"texture":"#0"},"east":{"uv":[5.25,9.5,5.5,10],"texture":"#0"},"south":{"uv":[5.5,9.5,5.75,10],"texture":"#0"},"west":{"uv":[5.75,9.5,6,10],"texture":"#0"},"up":{"uv":[9.75,9,9.5,8.75],"texture":"#0"},"down":{"uv":[9.75,9,9.5,9.25],"texture":"#0"}}},{"from":[10,2,7],"to":[11,4,8],"rotation":{"angle":0,"axis":"y","origin":[8,3,6.25]},"faces":{"north":{"uv":[6,9.5,6.25,10],"texture":"#0"},"east":{"uv":[6.25,9.5,6.5,10],"texture":"#0"},"south":{"uv":[9.5,7.75,9.75,8.25],"texture":"#0"},"west":{"uv":[8,9.5,8.25,10],"texture":"#0"},"up":{"uv":[9.75,9.5,9.5,9.25],"texture":"#0"},"down":{"uv":[9.75,9.5,9.5,9.75],"texture":"#0"}}},{"from":[5,2,9],"to":[11,7,11],"rotation":{"angle":0,"axis":"y","origin":[8,3,6.25]},"faces":{"north":{"uv":[0,6.75,1.5,8],"texture":"#0"},"east":{"uv":[3.5,8.75,4,10],"texture":"#0"},"south":{"uv":[5,7,6.5,8.25],"texture":"#0"},"west":{"uv":[4,8.75,4.5,10],"texture":"#0"},"up":{"uv":[6.5,8.75,5,8.25],"texture":"#0"},"down":{"uv":[10,6.5,8.5,7],"texture":"#0"}}},{"from":[9,1,7],"to":[10,2,11],"rotation":{"angle":0,"axis":"y","origin":[8,3,6.25]},"faces":{"north":{"uv":[9.5,4.75,9.75,5],"texture":"#0"},"east":{"uv":[9,5.25,10,5.5],"texture":"#0"},"south":{"uv":[9.5,5.75,9.75,6],"texture":"#0"},"west":{"uv":[9,5.5,10,5.75],"texture":"#0"},"up":{"uv":[7.75,10,7.5,9],"texture":"#0"},"down":{"uv":[8,9,7.75,10],"texture":"#0"}}},{"from":[3,1,11],"to":[13,8,13],"rotation":{"angle":0,"axis":"y","origin":[8,3,6.25]},"faces":{"north":{"uv":[0,5,2.5,6.75],"texture":"#0"},"east":{"uv":[4.5,7.75,5,9.5],"texture":"#0"},"south":{"uv":[0,12.5,2.5,14.25],"texture":"#0"},"west":{"uv":[0,8,0.5,9.75],"texture":"#0"},"up":{"uv":[9,5.5,6.5,5],"texture":"#0"},"down":{"uv":[9,5.5,6.5,6],"texture":"#0"}}},{"from":[5,2,7],"to":[6,4,8],"rotation":{"angle":0,"axis":"y","origin":[8,3,6.25]},"faces":{"north":{"uv":[8.5,9,8.75,9.5],"texture":"#0"},"east":{"uv":[8.75,9,9,9.5],"texture":"#0"},"south":{"uv":[9,8.75,9.25,9.25],"texture":"#0"},"west":{"uv":[2.5,9.25,2.75,9.75],"texture":"#0"},"up":{"uv":[8.5,9.75,8.25,9.5],"texture":"#0"},"down":{"uv":[9.75,8.25,9.5,8.5],"texture":"#0"}}},{"from":[2,2,7],"to":[3,4,8],"rotation":{"angle":0,"axis":"y","origin":[8,3,6.25]},"faces":{"north":{"uv":[2.75,9.25,3,9.75],"texture":"#0"},"east":{"uv":[3,9.25,3.25,9.75],"texture":"#0"},"south":{"uv":[3.25,9.25,3.5,9.75],"texture":"#0"},"west":{"uv":[9.25,8.75,9.5,9.25],"texture":"#0"},"up":{"uv":[8.75,9.75,8.5,9.5],"texture":"#0"},"down":{"uv":[9,9.5,8.75,9.75],"texture":"#0"}}},{"from":[7,9,6.41421],"to":[9,12,8.41421],"rotation":{"angle":45,"axis":"x","origin":[2,11,8.41421]},"faces":{"north":{"uv":[8.5,7.75,9,8.5],"texture":"#0"},"east":{"uv":[5,8.75,5.5,9.5],"texture":"#0"},"south":{"uv":[5.5,8.75,6,9.5],"texture":"#0"},"west":{"uv":[6,8.75,6.5,9.5],"texture":"#0"},"up":{"uv":[9.5,8.25,9,7.75],"texture":"#0"},"down":{"uv":[8.5,9,8,9.5],"texture":"#0"}}},{"from":[6,11,4],"to":[7,13,4],"rotation":{"angle":0,"axis":"y","origin":[16,1,3]},"faces":{"north":{"uv":[9.5,3,9.75,3.5],"texture":"#0"},"east":{"uv":[0,0,0,0.5],"texture":"#0"},"south":{"uv":[9.5,3.5,9.75,4],"texture":"#0"},"west":{"uv":[0,0,0,0.5],"texture":"#0"},"up":{"uv":[0.25,0,0,0],"texture":"#0"},"down":{"uv":[0.25,0,0,0],"texture":"#0"}}},{"from":[1,1,3],"to":[15,5,7],"rotation":{"angle":0,"axis":"y","origin":[8,3,6.25]},"faces":{"north":{"uv":[5,6,8.5,7],"texture":"#0"},"east":{"uv":[2.5,5,3.5,6],"texture":"#0"},"south":{"uv":[6.5,0,10,1],"texture":"#0"},"west":{"uv":[3.5,7.75,4.5,8.75],"texture":"#0"},"up":{"uv":[10,2,6.5,1],"texture":"#0"},"down":{"uv":[10,2,6.5,3],"texture":"#0"}}},{"from":[1,0,3],"to":[15,1,13],"rotation":{"angle":0,"axis":"y","origin":[8,3,6.25]},"faces":{"north":{"uv":[8.5,6,12,6.25],"texture":"#0"},"east":{"uv":[7.5,8.5,10,8.75],"texture":"#0"},"south":{"uv":[8.5,6.25,12,6.5],"texture":"#0"},"west":{"uv":[8.5,7.5,11,7.75],"texture":"#0"},"up":{"uv":[3.5,2.5,0,0],"texture":"#0"},"down":{"uv":[3.5,2.5,0,5],"texture":"#0"}}},{"from":[2,5,3],"to":[14,11,7],"rotation":{"angle":0,"axis":"y","origin":[0,1,3]},"faces":{"north":{"uv":[3.5,0,6.5,1.5],"texture":"#0"},"east":{"uv":[7.5,7,8.5,8.5],"texture":"#0"},"south":{"uv":[3.5,1.5,6.5,3],"texture":"#0"},"west":{"uv":[2.5,7.75,3.5,9.25],"texture":"#0"},"up":{"uv":[9.5,4,6.5,3],"texture":"#0"},"down":{"uv":[9.5,4,6.5,5],"texture":"#0"}}},{"from":[9,11,4],"to":[10,13,4],"rotation":{"angle":0,"axis":"y","origin":[0,1,3]},"faces":{"north":{"uv":[9,9.25,9.25,9.75],"texture":"#0"},"east":{"uv":[0,0,0,0.5],"texture":"#0"},"south":{"uv":[9.25,9.25,9.5,9.75],"texture":"#0"},"west":{"uv":[0,0,0,0.5],"texture":"#0"},"up":{"uv":[0.25,0,0,0],"texture":"#0"},"down":{"uv":[0.25,0,0,0],"texture":"#0"}}},{"from":[7,13,4],"to":[9,14,4],"rotation":{"angle":0,"axis":"y","origin":[0,1,3]},"faces":{"north":{"uv":[9,5.75,9.5,6],"texture":"#0"},"east":{"uv":[0,0,0,0.25],"texture":"#0"},"south":{"uv":[9,8.25,9.5,8.5],"texture":"#0"},"west":{"uv":[0,0,0,0.25],"texture":"#0"},"up":{"uv":[0.5,0,0,0],"texture":"#0"},"down":{"uv":[0.5,0,0,0],"texture":"#0"}}}],"gui_light":"front","display":{"thirdperson_righthand":{"rotation":[90,180,0],"translation":[0,2,-4]},"thirdperson_lefthand":{"rotation":[67,0,0],"translation":[-6,-9.5,11.5],"scale":[0.99,0.99,0.99]},"firstperson_righthand":{"rotation":[31,180,0],"translation":[1.5,0,0]},"firstperson_lefthand":{"translation":[80,0,0]},"ground":{"translation":[0,2,0],"scale":[0.5,0.5,0.5]},"gui":{"rotation":[21,17,0],"translation":[0,0.75,0],"scale":[0.83,0.83,0.83]},"head":{"translation":[0,-12.75,12],"scale":[1.6,1.6,1.6]},"fixed":{"rotation":[0,180,0],"translation":[0,4,-10],"scale":[2,2,2]}},"mcmodels":"28706dd947d54dbdcf1cb5506516f2fb"}