{"textures​":{"layer0":"minecraft:item/crimson_roots"},"credit":"Made with Blockbench","texture_size":[64,64],"\u0074\u0065\u0078\u0074\u0075\u0072\u0065\u0073":{"0":"\u0063\u0075\u0073\u0074\u006f\u006d\u0062\u0061\u0063\u006b\u0070\u0061\u0063\u006b\u0073:\u0062\u0061\u0063\u006b\u0070\u0061\u0063\u006b\u0073/\u0073\u0070\u0061\u0063\u0065_\u0062\u0061\u0063\u006b\u0070\u0061\u0063\u006b_\u0074\u0065\u0078\u0074\u0075\u0072\u0065","\u0070\u0061\u0072\u0074\u0069\u0063\u006c\u0065":"\u0063\u0075\u0073\u0074\u006f\u006d\u0062\u0061\u0063\u006b\u0070\u0061\u0063\u006b\u0073:\u0062\u0061\u0063\u006b\u0070\u0061\u0063\u006b\u0073/\u0073\u0070\u0061\u0063\u0065_\u0062\u0061\u0063\u006b\u0070\u0061\u0063\u006b_\u0074\u0065\u0078\u0074\u0075\u0072\u0065"},"elements":[{"from":[5,-10.5,9.5],"to":[6,-10,10],"rotation":{"angle":0,"axis":"y","origin":[4,-14,4]},"faces":{"north":{"uv":[5,3.25,5.5,3.5],"texture":"#0"},"east":{"uv":[0.25,8.75,0.5,9],"texture":"#0"},"south":{"uv":[8.25,3.5,8.75,3.75],"texture":"#0"},"west":{"uv":[0.5,8.75,0.75,9],"texture":"#0"},"up":{"uv":[8.75,4,8.25,3.75],"texture":"#0"},"down":{"uv":[8.75,4,8.25,4.25],"texture":"#0"}}},{"from":[5,-10.5,9],"to":[5.5,-10,9.5],"rotation":{"angle":0,"axis":"y","origin":[4,-14,4]},"faces":{"north":{"uv":[0.75,8.75,1,9],"texture":"#0"},"east":{"uv":[1.25,8.75,1.5,9],"texture":"#0"},"south":{"uv":[1.5,8.75,1.75,9],"texture":"#0"},"west":{"uv":[1.75,8.75,2,9],"texture":"#0"},"up":{"uv":[2.25,9,2,8.75],"texture":"#0"},"down":{"uv":[2.5,8.75,2.25,9],"texture":"#0"}}},{"from":[6,-11,9.5],"to":[7.5,-9.5,10],"rotation":{"angle":0,"axis":"y","origin":[4,-14,4]},"faces":{"north":{"uv":[7.5,5,8.25,5.75],"texture":"#0"},"east":{"uv":[1,8.25,1.25,9],"texture":"#0"},"south":{"uv":[7.5,5.75,8.25,6.5],"texture":"#0"},"west":{"uv":[8.25,1,8.5,1.75],"texture":"#0"},"up":{"uv":[2,8.5,1.25,8.25],"texture":"#0"},"down":{"uv":[9,1.75,8.25,2],"texture":"#0"}}},{"from":[7.5,-10.5,9.5],"to":[8.5,-10,10],"rotation":{"angle":0,"axis":"y","origin":[4,-14,4]},"faces":{"north":{"uv":[4.5,8.25,5,8.5],"texture":"#0"},"east":{"uv":[2.5,8.75,2.75,9],"texture":"#0"},"south":{"uv":[5,8.25,5.5,8.5],"texture":"#0"},"west":{"uv":[3,8.75,3.25,9],"texture":"#0"},"up":{"uv":[8.75,5.25,8.25,5],"texture":"#0"},"down":{"uv":[8.75,5.25,8.25,5.5],"texture":"#0"}}},{"from":[8.5,-13,9.5],"to":[10,-9.5,10],"rotation":{"angle":0,"axis":"y","origin":[4,-14,4]},"faces":{"north":{"uv":[7,6.5,7.75,8.25],"texture":"#0"},"east":{"uv":[5,1.5,5.25,3.25],"texture":"#0"},"south":{"uv":[7.5,0,8.25,1.75],"texture":"#0"},"west":{"uv":[5.25,1.5,5.5,3.25],"texture":"#0"},"up":{"uv":[2.75,8.5,2,8.25],"texture":"#0"},"down":{"uv":[9,2,8.25,2.25],"texture":"#0"}}},{"from":[10,-10.5,9.5],"to":[11,-10,10],"rotation":{"angle":0,"axis":"y","origin":[12,-14,4]},"faces":{"north":{"uv":[8.25,5.5,8.75,5.75],"texture":"#0"},"east":{"uv":[3.25,8.75,3.5,9],"texture":"#0"},"south":{"uv":[8.25,5.75,8.75,6],"texture":"#0"},"west":{"uv":[3.5,8.75,3.75,9],"texture":"#0"},"up":{"uv":[8.75,6.25,8.25,6],"texture":"#0"},"down":{"uv":[8.75,6.25,8.25,6.5],"texture":"#0"}}},{"from":[10.5,-10.5,9],"to":[11,-10,9.5],"rotation":{"angle":0,"axis":"y","origin":[12,-14,4]},"faces":{"north":{"uv":[8.75,3.5,9,3.75],"texture":"#0"},"east":{"uv":[3.75,8.75,4,9],"texture":"#0"},"south":{"uv":[8.75,3.75,9,4],"texture":"#0"},"west":{"uv":[4,8.75,4.25,9],"texture":"#0"},"up":{"uv":[9,4.25,8.75,4],"texture":"#0"},"down":{"uv":[4.5,8.75,4.25,9],"texture":"#0"}}},{"from":[10,-12.5,9.5],"to":[11,-12,10],"rotation":{"angle":0,"axis":"y","origin":[12,-14,4]},"faces":{"north":{"uv":[7,8.25,7.5,8.5],"texture":"#0"},"east":{"uv":[4.5,8.75,4.75,9],"texture":"#0"},"south":{"uv":[8.25,8,8.75,8.25],"texture":"#0"},"west":{"uv":[8.75,4.5,9,4.75],"texture":"#0"},"up":{"uv":[8.75,8.5,8.25,8.25],"texture":"#0"},"down":{"uv":[9,1,8.5,1.25],"texture":"#0"}}},{"from":[10.5,-12.5,9],"to":[11,-12,9.5],"rotation":{"angle":0,"axis":"y","origin":[12,-14,4]},"faces":{"north":{"uv":[4.75,8.75,5,9],"texture":"#0"},"east":{"uv":[8.75,4.75,9,5],"texture":"#0"},"south":{"uv":[8.75,5,9,5.25],"texture":"#0"},"west":{"uv":[8.75,5.25,9,5.5],"texture":"#0"},"up":{"uv":[9,5.75,8.75,5.5],"texture":"#0"},"down":{"uv":[9,5.75,8.75,6],"texture":"#0"}}},{"from":[7.5,-12.5,9.5],"to":[8.5,-12,10],"rotation":{"angle":0,"axis":"y","origin":[4,-14,4]},"faces":{"north":{"uv":[1.25,8.5,1.75,8.75],"texture":"#0"},"east":{"uv":[8.75,6,9,6.25],"texture":"#0"},"south":{"uv":[8.5,1.25,9,1.5],"texture":"#0"},"west":{"uv":[8.75,6.25,9,6.5],"texture":"#0"},"up":{"uv":[9,1.75,8.5,1.5],"texture":"#0"},"down":{"uv":[2.25,8.5,1.75,8.75],"texture":"#0"}}},{"from":[6,-13,9.5],"to":[7.5,-11.5,10],"rotation":{"angle":0,"axis":"y","origin":[4,-14,4]},"faces":{"north":{"uv":[7.75,6.5,8.5,7.25],"texture":"#0"},"east":{"uv":[8.25,2.25,8.5,3],"texture":"#0"},"south":{"uv":[7.75,7.25,8.5,8],"texture":"#0"},"west":{"uv":[2.75,8.25,3,9],"texture":"#0"},"up":{"uv":[9,3.25,8.25,3],"texture":"#0"},"down":{"uv":[9,3.25,8.25,3.5],"texture":"#0"}}},{"from":[6.5,-11.5,9.5],"to":[7,-11,10],"rotation":{"angle":0,"axis":"y","origin":[4,-14,4]},"faces":{"north":{"uv":[8.75,6.5,9,6.75],"texture":"#0"},"east":{"uv":[8.75,6.75,9,7],"texture":"#0"},"south":{"uv":[8.75,7,9,7.25],"texture":"#0"},"west":{"uv":[8.75,7.25,9,7.5],"texture":"#0"},"up":{"uv":[7.75,9,7.5,8.75],"texture":"#0"},"down":{"uv":[9,7.5,8.75,7.75],"texture":"#0"}}},{"from":[5,-12.5,9.5],"to":[6,-12,10],"rotation":{"angle":0,"axis":"y","origin":[4,-14,4]},"faces":{"north":{"uv":[2.25,8.5,2.75,8.75],"texture":"#0"},"east":{"uv":[8.75,7.75,9,8],"texture":"#0"},"south":{"uv":[8.5,2.25,9,2.5],"texture":"#0"},"west":{"uv":[8,8.75,8.25,9],"texture":"#0"},"up":{"uv":[9,2.75,8.5,2.5],"texture":"#0"},"down":{"uv":[9,2.75,8.5,3],"texture":"#0"}}},{"from":[5,-12.5,9],"to":[5.5,-12,9.5],"rotation":{"angle":0,"axis":"y","origin":[4,-14,4]},"faces":{"north":{"uv":[8.75,8,9,8.25],"texture":"#0"},"east":{"uv":[8.25,8.75,8.5,9],"texture":"#0"},"south":{"uv":[8.75,8.25,9,8.5],"texture":"#0"},"west":{"uv":[8.5,8.75,8.75,9],"texture":"#0"},"up":{"uv":[9,9,8.75,8.75],"texture":"#0"},"down":{"uv":[9.25,0,9,0.25],"texture":"#0"}}},{"from":[5,-8,7.5],"to":[5.5,-7.5,8.5],"rotation":{"angle":0,"axis":"y","origin":[4,-14,4]},"faces":{"north":{"uv":[0.25,9,0.5,9.25],"texture":"#0"},"east":{"uv":[8.5,4.25,9,4.5],"texture":"#0"},"south":{"uv":[9,0.25,9.25,0.5],"texture":"#0"},"west":{"uv":[4.5,8.5,5,8.75],"texture":"#0"},"up":{"uv":[7.75,8.75,7.5,8.25],"texture":"#0"},"down":{"uv":[8.75,4.5,8.5,5],"texture":"#0"}}},{"from":[4.5,-8.5,7.5],"to":[5,-7.5,8.5],"rotation":{"angle":0,"axis":"y","origin":[4,-14,4]},"faces":{"north":{"uv":[5,8.5,5.25,9],"texture":"#0"},"east":{"uv":[7.75,8,8.25,8.5],"texture":"#0"},"south":{"uv":[5.25,8.5,5.5,9],"texture":"#0"},"west":{"uv":[0,8.25,0.5,8.75],"texture":"#0"},"up":{"uv":[8.75,7,8.5,6.5],"texture":"#0"},"down":{"uv":[7.25,8.5,7,9],"texture":"#0"}}},{"from":[11,-8.5,7.5],"to":[11.5,-7.5,8.5],"rotation":{"angle":0,"axis":"y","origin":[12,-14,4]},"faces":{"north":{"uv":[8.5,7,8.75,7.5],"texture":"#0"},"east":{"uv":[8.25,0,8.75,0.5],"texture":"#0"},"south":{"uv":[7.25,8.5,7.5,9],"texture":"#0"},"west":{"uv":[0.5,8.25,1,8.75],"texture":"#0"},"up":{"uv":[8.75,8,8.5,7.5],"texture":"#0"},"down":{"uv":[8,8.5,7.75,9],"texture":"#0"}}},{"from":[10.5,-8,7.5],"to":[11,-7.5,8.5],"rotation":{"angle":0,"axis":"y","origin":[12,-14,4]},"faces":{"north":{"uv":[0.5,9,0.75,9.25],"texture":"#0"},"east":{"uv":[8,8.5,8.5,8.75],"texture":"#0"},"south":{"uv":[0.75,9,1,9.25],"texture":"#0"},"west":{"uv":[8.5,8.5,9,8.75],"texture":"#0"},"up":{"uv":[0.25,9.25,0,8.75],"texture":"#0"},"down":{"uv":[9,0,8.75,0.5],"texture":"#0"}}},{"from":[4,-13.5,6.5],"to":[5.5,-8.5,9],"rotation":{"angle":0,"axis":"y","origin":[4,-14,4]},"faces":{"north":{"uv":[5.5,6.5,6.25,9],"texture":"#0"},"east":{"uv":[3,5,4.25,7.5],"texture":"#0"},"south":{"uv":[6.25,6.5,7,9],"texture":"#0"},"west":{"uv":[4.25,5,5.5,7.5],"texture":"#0"},"up":{"uv":[8.25,3,7.5,1.75],"texture":"#0"},"down":{"uv":[3.75,7.5,3,8.75],"texture":"#0"}}},{"from":[10.5,-13.5,6.5],"to":[12,-8.5,9],"rotation":{"angle":0,"axis":"y","origin":[12,-14,4]},"faces":{"north":{"uv":[6.75,1.5,7.5,4],"texture":"#0"},"east":{"uv":[5.5,1.5,6.75,4],"texture":"#0"},"south":{"uv":[6.75,4,7.5,6.5],"texture":"#0"},"west":{"uv":[5.5,4,6.75,6.5],"texture":"#0"},"up":{"uv":[8.25,4.25,7.5,3],"texture":"#0"},"down":{"uv":[4.5,7.5,3.75,8.75],"texture":"#0"}}},{"from":[5.5,-14,6.5],"to":[10.5,-7,9.5],"rotation":{"angle":0,"axis":"y","origin":[4,-14,4]},"faces":{"north":{"uv":[0,0,2.5,3.5],"texture":"#0"},"east":{"uv":[0,3.5,1.5,7],"texture":"#0"},"south":{"uv":[2.5,0,5,3.5],"texture":"#0"},"west":{"uv":[1.5,3.5,3,7],"texture":"#0"},"up":{"uv":[5.5,5,3,3.5],"texture":"#0"},"down":{"uv":[7.5,0,5,1.5],"texture":"#0"}}},{"from":[6.5,-7,7],"to":[9.5,-6.5,9],"rotation":{"angle":0,"axis":"y","origin":[4,-14,4]},"faces":{"north":{"uv":[0,8,1.5,8.25],"texture":"#0"},"east":{"uv":[8.25,0.5,9.25,0.75],"texture":"#0"},"south":{"uv":[1.5,8,3,8.25],"texture":"#0"},"west":{"uv":[8.25,0.75,9.25,1],"texture":"#0"},"up":{"uv":[1.5,8,0,7],"texture":"#0"},"down":{"uv":[3,7,1.5,8],"texture":"#0"}}},{"name":"patch","from":[7,-9.5,9.5125],"to":[9,-8,9.5125],"rotation":{"angle":0,"axis":"y","origin":[4,-14,4]},"faces":{"north":{"uv":[2,14.5,4,16],"texture":"#0"},"east":{"uv":[0,0,0,0.75],"texture":"#0"},"south":{"uv":[0,14.5,2,16],"texture":"#0"},"west":{"uv":[0,0,0,0.75],"texture":"#0"},"up":{"uv":[1,0,0,0],"texture":"#0"},"down":{"uv":[1,0,0,0],"texture":"#0"}}}],"gui_light":"front","display":{"thirdperson_righthand":{"rotation":[82,180,0],"translation":[0,-2.5,-5.75]},"thirdperson_lefthand":{"rotation":[67.5,0,0],"translation":[-6,-8.75,8.25]},"firstperson_righthand":{"rotation":[48,180,0],"scale":[0.86,0.86,0.86]},"firstperson_lefthand":{"translation":[80,0,0]},"ground":{"translation":[0,3,0],"scale":[0.5,0.5,0.5]},"gui":{"rotation":[21,27,0],"translation":[0.25,28.75,0],"scale":[1.68,1.68,1.68]},"head":{"translation":[0,-53.25,9],"scale":[3.2,3.2,3.2]},"fixed":{"rotation":[0,180,0],"translation":[0,2,-6],"scale":[2,2,2]}},"mcmodels":"28706dd947d54dbdcf1cb5506516f2fb"}