{"textures​":{"layer0":"minecraft:item/potted_warped_fungus"},"credit":"Made with Blockbench","texture_size":[64,64],"\u0074\u0065\u0078\u0074\u0075\u0072\u0065\u0073":{"0":"\u0063\u0075\u0073\u0074\u006f\u006d\u0062\u0061\u0063\u006b\u0070\u0061\u0063\u006b\u0073:\u0062\u0061\u0063\u006b\u0070\u0061\u0063\u006b\u0073/\u0073\u0070\u0061\u0063\u0065_\u0062\u0061\u0063\u006b\u0070\u0061\u0063\u006b_\u0074\u0065\u0078\u0074\u0075\u0072\u0065","\u0070\u0061\u0072\u0074\u0069\u0063\u006c\u0065":"\u0063\u0075\u0073\u0074\u006f\u006d\u0062\u0061\u0063\u006b\u0070\u0061\u0063\u006b\u0073:\u0062\u0061\u0063\u006b\u0070\u0061\u0063\u006b\u0073/\u0073\u0070\u0061\u0063\u0065_\u0062\u0061\u0063\u006b\u0070\u0061\u0063\u006b_\u0074\u0065\u0078\u0074\u0075\u0072\u0065"},"elements":[{"from":[2,7,11],"to":[4,8,12],"faces":{"north":{"uv":[5,3.25,5.5,3.5],"texture":"#0"},"east":{"uv":[0.25,8.75,0.5,9],"texture":"#0"},"south":{"uv":[8.25,3.5,8.75,3.75],"texture":"#0"},"west":{"uv":[0.5,8.75,0.75,9],"texture":"#0"},"up":{"uv":[8.75,4,8.25,3.75],"texture":"#0"},"down":{"uv":[8.75,4,8.25,4.25],"texture":"#0"}}},{"from":[2,7,10],"to":[3,8,11],"faces":{"north":{"uv":[0.75,8.75,1,9],"texture":"#0"},"east":{"uv":[1.25,8.75,1.5,9],"texture":"#0"},"south":{"uv":[1.5,8.75,1.75,9],"texture":"#0"},"west":{"uv":[1.75,8.75,2,9],"texture":"#0"},"up":{"uv":[2.25,9,2,8.75],"texture":"#0"},"down":{"uv":[2.5,8.75,2.25,9],"texture":"#0"}}},{"from":[4,6,11],"to":[7,9,12],"faces":{"north":{"uv":[7.5,5,8.25,5.75],"texture":"#0"},"east":{"uv":[1,8.25,1.25,9],"texture":"#0"},"south":{"uv":[7.5,5.75,8.25,6.5],"texture":"#0"},"west":{"uv":[8.25,1,8.5,1.75],"texture":"#0"},"up":{"uv":[2,8.5,1.25,8.25],"texture":"#0"},"down":{"uv":[9,1.75,8.25,2],"texture":"#0"}}},{"from":[7,7,11],"to":[9,8,12],"faces":{"north":{"uv":[4.5,8.25,5,8.5],"texture":"#0"},"east":{"uv":[2.5,8.75,2.75,9],"texture":"#0"},"south":{"uv":[5,8.25,5.5,8.5],"texture":"#0"},"west":{"uv":[3,8.75,3.25,9],"texture":"#0"},"up":{"uv":[8.75,5.25,8.25,5],"texture":"#0"},"down":{"uv":[8.75,5.25,8.25,5.5],"texture":"#0"}}},{"from":[9,2,11],"to":[12,9,12],"faces":{"north":{"uv":[7,6.5,7.75,8.25],"texture":"#0"},"east":{"uv":[5,1.5,5.25,3.25],"texture":"#0"},"south":{"uv":[7.5,0,8.25,1.75],"texture":"#0"},"west":{"uv":[5.25,1.5,5.5,3.25],"texture":"#0"},"up":{"uv":[2.75,8.5,2,8.25],"texture":"#0"},"down":{"uv":[9,2,8.25,2.25],"texture":"#0"}}},{"from":[12,7,11],"to":[14,8,12],"rotation":{"angle":0,"axis":"y","origin":[16,0,0]},"faces":{"north":{"uv":[8.25,5.5,8.75,5.75],"texture":"#0"},"east":{"uv":[3.25,8.75,3.5,9],"texture":"#0"},"south":{"uv":[8.25,5.75,8.75,6],"texture":"#0"},"west":{"uv":[3.5,8.75,3.75,9],"texture":"#0"},"up":{"uv":[8.75,6.25,8.25,6],"texture":"#0"},"down":{"uv":[8.75,6.25,8.25,6.5],"texture":"#0"}}},{"from":[13,7,10],"to":[14,8,11],"rotation":{"angle":0,"axis":"y","origin":[16,0,0]},"faces":{"north":{"uv":[8.75,3.5,9,3.75],"texture":"#0"},"east":{"uv":[3.75,8.75,4,9],"texture":"#0"},"south":{"uv":[8.75,3.75,9,4],"texture":"#0"},"west":{"uv":[4,8.75,4.25,9],"texture":"#0"},"up":{"uv":[9,4.25,8.75,4],"texture":"#0"},"down":{"uv":[4.5,8.75,4.25,9],"texture":"#0"}}},{"from":[12,3,11],"to":[14,4,12],"rotation":{"angle":0,"axis":"y","origin":[16,0,0]},"faces":{"north":{"uv":[7,8.25,7.5,8.5],"texture":"#0"},"east":{"uv":[4.5,8.75,4.75,9],"texture":"#0"},"south":{"uv":[8.25,8,8.75,8.25],"texture":"#0"},"west":{"uv":[8.75,4.5,9,4.75],"texture":"#0"},"up":{"uv":[8.75,8.5,8.25,8.25],"texture":"#0"},"down":{"uv":[9,1,8.5,1.25],"texture":"#0"}}},{"from":[13,3,10],"to":[14,4,11],"rotation":{"angle":0,"axis":"y","origin":[16,0,0]},"faces":{"north":{"uv":[4.75,8.75,5,9],"texture":"#0"},"east":{"uv":[8.75,4.75,9,5],"texture":"#0"},"south":{"uv":[8.75,5,9,5.25],"texture":"#0"},"west":{"uv":[8.75,5.25,9,5.5],"texture":"#0"},"up":{"uv":[9,5.75,8.75,5.5],"texture":"#0"},"down":{"uv":[9,5.75,8.75,6],"texture":"#0"}}},{"from":[7,3,11],"to":[9,4,12],"faces":{"north":{"uv":[1.25,8.5,1.75,8.75],"texture":"#0"},"east":{"uv":[8.75,6,9,6.25],"texture":"#0"},"south":{"uv":[8.5,1.25,9,1.5],"texture":"#0"},"west":{"uv":[8.75,6.25,9,6.5],"texture":"#0"},"up":{"uv":[9,1.75,8.5,1.5],"texture":"#0"},"down":{"uv":[2.25,8.5,1.75,8.75],"texture":"#0"}}},{"from":[4,2,11],"to":[7,5,12],"faces":{"north":{"uv":[7.75,6.5,8.5,7.25],"texture":"#0"},"east":{"uv":[8.25,2.25,8.5,3],"texture":"#0"},"south":{"uv":[7.75,7.25,8.5,8],"texture":"#0"},"west":{"uv":[2.75,8.25,3,9],"texture":"#0"},"up":{"uv":[9,3.25,8.25,3],"texture":"#0"},"down":{"uv":[9,3.25,8.25,3.5],"texture":"#0"}}},{"from":[5,5,11],"to":[6,6,12],"faces":{"north":{"uv":[8.75,6.5,9,6.75],"texture":"#0"},"east":{"uv":[8.75,6.75,9,7],"texture":"#0"},"south":{"uv":[8.75,7,9,7.25],"texture":"#0"},"west":{"uv":[8.75,7.25,9,7.5],"texture":"#0"},"up":{"uv":[7.75,9,7.5,8.75],"texture":"#0"},"down":{"uv":[9,7.5,8.75,7.75],"texture":"#0"}}},{"from":[2,3,11],"to":[4,4,12],"faces":{"north":{"uv":[2.25,8.5,2.75,8.75],"texture":"#0"},"east":{"uv":[8.75,7.75,9,8],"texture":"#0"},"south":{"uv":[8.5,2.25,9,2.5],"texture":"#0"},"west":{"uv":[8,8.75,8.25,9],"texture":"#0"},"up":{"uv":[9,2.75,8.5,2.5],"texture":"#0"},"down":{"uv":[9,2.75,8.5,3],"texture":"#0"}}},{"from":[2,3,10],"to":[3,4,11],"faces":{"north":{"uv":[8.75,8,9,8.25],"texture":"#0"},"east":{"uv":[8.25,8.75,8.5,9],"texture":"#0"},"south":{"uv":[8.75,8.25,9,8.5],"texture":"#0"},"west":{"uv":[8.5,8.75,8.75,9],"texture":"#0"},"up":{"uv":[9,9,8.75,8.75],"texture":"#0"},"down":{"uv":[9.25,0,9,0.25],"texture":"#0"}}},{"from":[2,12,7],"to":[3,13,9],"faces":{"north":{"uv":[0.25,9,0.5,9.25],"texture":"#0"},"east":{"uv":[8.5,4.25,9,4.5],"texture":"#0"},"south":{"uv":[9,0.25,9.25,0.5],"texture":"#0"},"west":{"uv":[4.5,8.5,5,8.75],"texture":"#0"},"up":{"uv":[7.75,8.75,7.5,8.25],"texture":"#0"},"down":{"uv":[8.75,4.5,8.5,5],"texture":"#0"}}},{"from":[1,11,7],"to":[2,13,9],"faces":{"north":{"uv":[5,8.5,5.25,9],"texture":"#0"},"east":{"uv":[7.75,8,8.25,8.5],"texture":"#0"},"south":{"uv":[5.25,8.5,5.5,9],"texture":"#0"},"west":{"uv":[0,8.25,0.5,8.75],"texture":"#0"},"up":{"uv":[8.75,7,8.5,6.5],"texture":"#0"},"down":{"uv":[7.25,8.5,7,9],"texture":"#0"}}},{"from":[14,11,7],"to":[15,13,9],"rotation":{"angle":0,"axis":"y","origin":[16,0,0]},"faces":{"north":{"uv":[8.5,7,8.75,7.5],"texture":"#0"},"east":{"uv":[8.25,0,8.75,0.5],"texture":"#0"},"south":{"uv":[7.25,8.5,7.5,9],"texture":"#0"},"west":{"uv":[0.5,8.25,1,8.75],"texture":"#0"},"up":{"uv":[8.75,8,8.5,7.5],"texture":"#0"},"down":{"uv":[8,8.5,7.75,9],"texture":"#0"}}},{"from":[13,12,7],"to":[14,13,9],"rotation":{"angle":0,"axis":"y","origin":[16,0,0]},"faces":{"north":{"uv":[0.5,9,0.75,9.25],"texture":"#0"},"east":{"uv":[8,8.5,8.5,8.75],"texture":"#0"},"south":{"uv":[0.75,9,1,9.25],"texture":"#0"},"west":{"uv":[8.5,8.5,9,8.75],"texture":"#0"},"up":{"uv":[0.25,9.25,0,8.75],"texture":"#0"},"down":{"uv":[9,0,8.75,0.5],"texture":"#0"}}},{"from":[0,1,5],"to":[3,11,10],"faces":{"north":{"uv":[5.5,6.5,6.25,9],"texture":"#0"},"east":{"uv":[3,5,4.25,7.5],"texture":"#0"},"south":{"uv":[6.25,6.5,7,9],"texture":"#0"},"west":{"uv":[4.25,5,5.5,7.5],"texture":"#0"},"up":{"uv":[8.25,3,7.5,1.75],"texture":"#0"},"down":{"uv":[3.75,7.5,3,8.75],"texture":"#0"}}},{"from":[13,1,5],"to":[16,11,10],"rotation":{"angle":0,"axis":"y","origin":[16,0,0]},"faces":{"north":{"uv":[6.75,1.5,7.5,4],"texture":"#0"},"east":{"uv":[5.5,1.5,6.75,4],"texture":"#0"},"south":{"uv":[6.75,4,7.5,6.5],"texture":"#0"},"west":{"uv":[5.5,4,6.75,6.5],"texture":"#0"},"up":{"uv":[8.25,4.25,7.5,3],"texture":"#0"},"down":{"uv":[4.5,7.5,3.75,8.75],"texture":"#0"}}},{"from":[3,0,5],"to":[13,14,11],"faces":{"north":{"uv":[0,0,2.5,3.5],"texture":"#0"},"east":{"uv":[0,3.5,1.5,7],"texture":"#0"},"south":{"uv":[2.5,0,5,3.5],"texture":"#0"},"west":{"uv":[1.5,3.5,3,7],"texture":"#0"},"up":{"uv":[5.5,5,3,3.5],"texture":"#0"},"down":{"uv":[7.5,0,5,1.5],"texture":"#0"}}},{"from":[5,14,6],"to":[11,15,10],"faces":{"north":{"uv":[0,8,1.5,8.25],"texture":"#0"},"east":{"uv":[8.25,0.5,9.25,0.75],"texture":"#0"},"south":{"uv":[1.5,8,3,8.25],"texture":"#0"},"west":{"uv":[8.25,0.75,9.25,1],"texture":"#0"},"up":{"uv":[1.5,8,0,7],"texture":"#0"},"down":{"uv":[3,7,1.5,8],"texture":"#0"}}},{"name":"patch","from":[6,9,11.025],"to":[10,12,11.025],"faces":{"north":{"uv":[2,14.5,4,16],"texture":"#0"},"east":{"uv":[0,0,0,0.75],"texture":"#0"},"south":{"uv":[0,14.5,2,16],"texture":"#0"},"west":{"uv":[0,0,0,0.75],"texture":"#0"},"up":{"uv":[1,0,0,0],"texture":"#0"},"down":{"uv":[1,0,0,0],"texture":"#0"}}}],"gui_light":"front","display":{"thirdperson_righthand":{"rotation":[82,180,0],"translation":[0,-2.5,-5.75]},"thirdperson_lefthand":{"rotation":[67.5,0,0],"translation":[-6,-8.75,8.25]},"firstperson_righthand":{"rotation":[48,180,0],"scale":[0.86,0.86,0.86]},"firstperson_lefthand":{"translation":[80,0,0]},"ground":{"translation":[0,3,0],"scale":[0.5,0.5,0.5]},"gui":{"rotation":[21,27,0],"translation":[0.25,0.75,0],"scale":[0.87,0.87,0.87]},"head":{"translation":[0,-51,9],"scale":[1.6,1.6,1.6]},"fixed":{"rotation":[0,180,0],"translation":[0,2,-6],"scale":[2,2,2]}},"mcmodels":"28706dd947d54dbdcf1cb5506516f2fb"}