{"textures​":{"layer0":"minecraft:item/flower_pot"},"credit":"Made with Blockbench","texture_size":[64,64],"\u0074\u0065\u0078\u0074\u0075\u0072\u0065\u0073":{"0":"\u0063\u0075\u0073\u0074\u006f\u006d\u0062\u0061\u0063\u006b\u0070\u0061\u0063\u006b\u0073:\u0062\u0061\u0063\u006b\u0070\u0061\u0063\u006b\u0073/\u0073\u0074\u0065\u0061\u006d\u0070\u0075\u006e\u006b_\u0062\u0061\u0063\u006b\u0070\u0061\u0063\u006b_\u0074\u0065\u0078\u0074\u0075\u0072\u0065","\u0070\u0061\u0072\u0074\u0069\u0063\u006c\u0065":"\u0063\u0075\u0073\u0074\u006f\u006d\u0062\u0061\u0063\u006b\u0070\u0061\u0063\u006b\u0073:\u0062\u0061\u0063\u006b\u0070\u0061\u0063\u006b\u0073/\u0073\u0074\u0065\u0061\u006d\u0070\u0075\u006e\u006b_\u0062\u0061\u0063\u006b\u0070\u0061\u0063\u006b_\u0074\u0065\u0078\u0074\u0075\u0072\u0065"},"elements":[{"from":[11.5,-14,6.25],"to":[13,-10.5,7.75],"rotation":{"angle":0,"axis":"y","origin":[4,-14,3]},"faces":{"north":{"uv":[5.5,7,6.25,8.75],"texture":"#0"},"east":{"uv":[6.25,7,7,8.75],"texture":"#0"},"south":{"uv":[7,7,7.75,8.75],"texture":"#0"},"west":{"uv":[0,7.25,0.75,9],"texture":"#0"},"up":{"uv":[3,8,2.25,7.25],"texture":"#0"},"down":{"uv":[3,8,2.25,8.75],"texture":"#0"}}},{"from":[12,-10.5,6.75],"to":[12.5,-8,7.25],"rotation":{"angle":0,"axis":"y","origin":[12,-14,3]},"faces":{"north":{"uv":[2,8.25,2.25,9.5],"texture":"#0"},"east":{"uv":[3,8.25,3.25,9.5],"texture":"#0"},"south":{"uv":[3.25,8.25,3.5,9.5],"texture":"#0"},"west":{"uv":[3.5,8.25,3.75,9.5],"texture":"#0"},"up":{"uv":[9.25,1.5,9,1.25],"texture":"#0"},"down":{"uv":[2.75,9,2.5,9.25],"texture":"#0"}}},{"from":[11,-8,6.75],"to":[12.5,-7.5,7.25],"rotation":{"angle":0,"axis":"y","origin":[12,-14,3]},"faces":{"north":{"uv":[8.5,8,9.25,8.25],"texture":"#0"},"east":{"uv":[9,2.5,9.25,2.75],"texture":"#0"},"south":{"uv":[8.5,8.25,9.25,8.5],"texture":"#0"},"west":{"uv":[2.75,9,3,9.25],"texture":"#0"},"up":{"uv":[9.25,8.75,8.5,8.5],"texture":"#0"},"down":{"uv":[9.5,2,8.75,2.25],"texture":"#0"}}},{"from":[3.5,-8,6.75],"to":[5,-7.5,7.25],"rotation":{"angle":0,"axis":"y","origin":[4,-14,3]},"faces":{"north":{"uv":[2.25,8.75,3,9],"texture":"#0"},"east":{"uv":[9,2.75,9.25,3],"texture":"#0"},"south":{"uv":[8.75,2.25,9.5,2.5],"texture":"#0"},"west":{"uv":[9,3,9.25,3.25],"texture":"#0"},"up":{"uv":[6,9,5.25,8.75],"texture":"#0"},"down":{"uv":[6.75,8.75,6,9],"texture":"#0"}}},{"from":[3.5,-10.5,6.75],"to":[4,-8,7.25],"rotation":{"angle":0,"axis":"y","origin":[4,-14,3]},"faces":{"north":{"uv":[3.75,8.25,4,9.5],"texture":"#0"},"east":{"uv":[4,8.25,4.25,9.5],"texture":"#0"},"south":{"uv":[4.25,8.25,4.5,9.5],"texture":"#0"},"west":{"uv":[4.5,8.25,4.75,9.5],"texture":"#0"},"up":{"uv":[9.25,3.5,9,3.25],"texture":"#0"},"down":{"uv":[9.25,3.5,9,3.75],"texture":"#0"}}},{"from":[4,-10.5,6.75],"to":[4.5,-10,7.25],"rotation":{"angle":0,"axis":"y","origin":[4,-14,3]},"faces":{"north":{"uv":[9,3.75,9.25,4],"texture":"#0"},"east":{"uv":[9,4,9.25,4.25],"texture":"#0"},"south":{"uv":[9,4.25,9.25,4.5],"texture":"#0"},"west":{"uv":[9,4.5,9.25,4.75],"texture":"#0"},"up":{"uv":[9.25,5,9,4.75],"texture":"#0"},"down":{"uv":[9.25,5,9,5.25],"texture":"#0"}}},{"from":[3.5,-13,6.75],"to":[4,-12.5,7.25],"rotation":{"angle":0,"axis":"y","origin":[4,-14,3]},"faces":{"north":{"uv":[5.25,9,5.5,9.25],"texture":"#0"},"east":{"uv":[9,5.25,9.25,5.5],"texture":"#0"},"south":{"uv":[5.5,9,5.75,9.25],"texture":"#0"},"west":{"uv":[9,5.5,9.25,5.75],"texture":"#0"},"up":{"uv":[6,9.25,5.75,9],"texture":"#0"},"down":{"uv":[9.25,5.75,9,6],"texture":"#0"}}},{"from":[3.5,-12.5,6.25],"to":[4,-12,7.75],"rotation":{"angle":0,"axis":"y","origin":[4,-14,3]},"faces":{"north":{"uv":[6,9,6.25,9.25],"texture":"#0"},"east":{"uv":[6.75,8.75,7.5,9],"texture":"#0"},"south":{"uv":[9,6,9.25,6.25],"texture":"#0"},"west":{"uv":[7.5,8.75,8.25,9],"texture":"#0"},"up":{"uv":[8.5,9.5,8.25,8.75],"texture":"#0"},"down":{"uv":[8.75,8.75,8.5,9.5],"texture":"#0"}}},{"from":[3.5,-12,6.75],"to":[4,-11.5,7.25],"rotation":{"angle":0,"axis":"y","origin":[4,-14,3]},"faces":{"north":{"uv":[6.25,9,6.5,9.25],"texture":"#0"},"east":{"uv":[9,6.25,9.25,6.5],"texture":"#0"},"south":{"uv":[6.5,9,6.75,9.25],"texture":"#0"},"west":{"uv":[9,6.5,9.25,6.75],"texture":"#0"},"up":{"uv":[7,9.25,6.75,9],"texture":"#0"},"down":{"uv":[9.25,6.75,9,7],"texture":"#0"}}},{"from":[4,-12.5,6.75],"to":[4.5,-12,7.25],"rotation":{"angle":0,"axis":"y","origin":[4,-14,3]},"faces":{"north":{"uv":[7,9,7.25,9.25],"texture":"#0"},"east":{"uv":[7.25,9,7.5,9.25],"texture":"#0"},"south":{"uv":[7.5,9,7.75,9.25],"texture":"#0"},"west":{"uv":[7.75,9,8,9.25],"texture":"#0"},"up":{"uv":[8.25,9.25,8,9],"texture":"#0"},"down":{"uv":[9.25,8.75,9,9],"texture":"#0"}}},{"from":[5.25,-14.25,10.275],"to":[7.75,-11.75,10.275],"rotation":{"angle":0,"axis":"y","origin":[4,-14,3]},"faces":{"north":{"uv":[7,0,8.25,1.25],"texture":"#0"},"east":{"uv":[0,0,0,1.25],"texture":"#0"},"south":{"uv":[7,1.25,8.25,2.5],"texture":"#0"},"west":{"uv":[0,0,0,1.25],"texture":"#0"},"up":{"uv":[1.25,0,0,0],"texture":"#0"},"down":{"uv":[1.25,0,0,0],"texture":"#0"}}},{"from":[6,-13.5,9.75],"to":[7,-12.5,10.25],"rotation":{"angle":0,"axis":"y","origin":[4,-14,3]},"faces":{"north":{"uv":[6,4.75,6.5,5.25],"texture":"#0"},"east":{"uv":[5.25,8.25,5.5,8.75],"texture":"#0"},"south":{"uv":[8.25,2,8.75,2.5],"texture":"#0"},"west":{"uv":[0.5,9,0.75,9.5],"texture":"#0"},"up":{"uv":[1.25,9.25,0.75,9],"texture":"#0"},"down":{"uv":[9.5,0.75,9,1],"texture":"#0"}}},{"from":[8.5,-12,9.7625],"to":[10,-10.5,9.7625],"rotation":{"angle":0,"axis":"y","origin":[4,-14,3]},"faces":{"north":{"uv":[7.75,8,8.5,8.75],"texture":"#0"},"east":{"uv":[0,0,0,0.75],"texture":"#0"},"south":{"uv":[8.25,0,9,0.75],"texture":"#0"},"west":{"uv":[0,0,0,0.75],"texture":"#0"},"up":{"uv":[0.75,0,0,0],"texture":"#0"},"down":{"uv":[0.75,0,0,0],"texture":"#0"}}},{"from":[9,-11.5,9.25],"to":[9.5,-11,9.75],"rotation":{"angle":0,"axis":"y","origin":[4,-14,3]},"faces":{"north":{"uv":[9,9,9.25,9.25],"texture":"#0"},"east":{"uv":[9.25,0,9.5,0.25],"texture":"#0"},"south":{"uv":[9.25,0.25,9.5,0.5],"texture":"#0"},"west":{"uv":[9.25,0.5,9.5,0.75],"texture":"#0"},"up":{"uv":[1,9.5,0.75,9.25],"texture":"#0"},"down":{"uv":[1.25,9.25,1,9.5],"texture":"#0"}}},{"from":[6.5,-10,8.25],"to":[9,-7.5,8.75],"rotation":{"angle":0,"axis":"y","origin":[8,-8.75,8.5]},"faces":{"north":{"uv":[3,7,4.25,8.25],"texture":"#0"},"east":{"uv":[4.75,8.25,5,9.5],"texture":"#0"},"south":{"uv":[4.25,7,5.5,8.25],"texture":"#0"},"west":{"uv":[5,8.25,5.25,9.5],"texture":"#0"},"up":{"uv":[9.5,1.75,8.25,1.5],"texture":"#0"},"down":{"uv":[9.5,1.75,8.25,2],"texture":"#0"}}},{"from":[5.5,-8.5,7.75],"to":[6,-8,8.75],"rotation":{"angle":0,"axis":"y","origin":[4,-14,3]},"faces":{"north":{"uv":[1.25,9.25,1.5,9.5],"texture":"#0"},"east":{"uv":[9,1,9.5,1.25],"texture":"#0"},"south":{"uv":[9.25,1.25,9.5,1.5],"texture":"#0"},"west":{"uv":[1.25,9,1.75,9.25],"texture":"#0"},"up":{"uv":[2,9.5,1.75,9],"texture":"#0"},"down":{"uv":[2.5,9,2.25,9.5],"texture":"#0"}}},{"from":[6,-8.5,8.25],"to":[6.5,-8,8.75],"rotation":{"angle":0,"axis":"y","origin":[4,-14,3]},"faces":{"north":{"uv":[1.5,9.25,1.75,9.5],"texture":"#0"},"east":{"uv":[2.5,9.25,2.75,9.5],"texture":"#0"},"south":{"uv":[9.25,2.5,9.5,2.75],"texture":"#0"},"west":{"uv":[2.75,9.25,3,9.5],"texture":"#0"},"up":{"uv":[9.5,3,9.25,2.75],"texture":"#0"},"down":{"uv":[9.5,3,9.25,3.25],"texture":"#0"}}},{"from":[9,-9.5,8.25],"to":[9.5,-9,8.75],"rotation":{"angle":0,"axis":"y","origin":[4,-14,3]},"faces":{"north":{"uv":[9.25,3.25,9.5,3.5],"texture":"#0"},"east":{"uv":[9.25,3.5,9.5,3.75],"texture":"#0"},"south":{"uv":[9.25,3.75,9.5,4],"texture":"#0"},"west":{"uv":[9.25,4,9.5,4.25],"texture":"#0"},"up":{"uv":[9.5,4.5,9.25,4.25],"texture":"#0"},"down":{"uv":[9.5,4.5,9.25,4.75],"texture":"#0"}}},{"from":[9.5,-10.5,8.25],"to":[10,-9,8.75],"rotation":{"angle":0,"axis":"y","origin":[4,-14,3]},"faces":{"north":{"uv":[8.75,8.75,9,9.5],"texture":"#0"},"east":{"uv":[0,9,0.25,9.75],"texture":"#0"},"south":{"uv":[9,0,9.25,0.75],"texture":"#0"},"west":{"uv":[0.25,9,0.5,9.75],"texture":"#0"},"up":{"uv":[9.5,5,9.25,4.75],"texture":"#0"},"down":{"uv":[9.5,5,9.25,5.25],"texture":"#0"}}},{"from":[5,-8.5,6.25],"to":[11,-7,7.75],"rotation":{"angle":0,"axis":"y","origin":[4,-14,3]},"faces":{"north":{"uv":[6,2.5,9,3.25],"texture":"#0"},"east":{"uv":[0.75,8.25,1.5,9],"texture":"#0"},"south":{"uv":[6,3.25,9,4],"texture":"#0"},"west":{"uv":[8.25,0.75,9,1.5],"texture":"#0"},"up":{"uv":[9,4.75,6,4],"texture":"#0"},"down":{"uv":[6,6.25,3,7],"texture":"#0"}}},{"from":[4.5,-14,5.75],"to":[11.5,-8.5,8.25],"rotation":{"angle":0,"axis":"y","origin":[4,-14,3]},"faces":{"north":{"uv":[0,0,3.5,2.75],"texture":"#0"},"east":{"uv":[3.5,2.5,4.75,5.25],"texture":"#0"},"south":{"uv":[0,2.75,3.5,5.5],"texture":"#0"},"west":{"uv":[4.75,2.5,6,5.25],"texture":"#0"},"up":{"uv":[7,1.25,3.5,0],"texture":"#0"},"down":{"uv":[7,1.25,3.5,2.5],"texture":"#0"}}},{"from":[5,-14,8.25],"to":[11,-12,9.75],"rotation":{"angle":0,"axis":"y","origin":[4,-14,3]},"faces":{"north":{"uv":[3.5,5.25,6.5,6.25],"texture":"#0"},"east":{"uv":[0.75,7.25,1.5,8.25],"texture":"#0"},"south":{"uv":[0,5.5,3,6.5],"texture":"#0"},"west":{"uv":[1.5,7.25,2.25,8.25],"texture":"#0"},"up":{"uv":[9,7,6,6.25],"texture":"#0"},"down":{"uv":[3,6.5,0,7.25],"texture":"#0"}}},{"from":[5.5,-12,8.25],"to":[10.5,-10.5,9.25],"rotation":{"angle":0,"axis":"y","origin":[4,-14,3]},"faces":{"north":{"uv":[6.5,4.75,9,5.5],"texture":"#0"},"east":{"uv":[3,5.5,3.5,6.25],"texture":"#0"},"south":{"uv":[6.5,5.5,9,6.25],"texture":"#0"},"west":{"uv":[1.5,8.25,2,9],"texture":"#0"},"up":{"uv":[10.25,7.5,7.75,7],"texture":"#0"},"down":{"uv":[10.25,7.5,7.75,8],"texture":"#0"}}}],"gui_light":"front","display":{"thirdperson_righthand":{"rotation":[90,180,0],"translation":[0,0,-5]},"thirdperson_lefthand":{"rotation":[67,0,0],"translation":[-6,-9.25,10.5],"scale":[0.99,0.99,0.99]},"firstperson_righthand":{"rotation":[40,180,0],"translation":[2,0,0]},"firstperson_lefthand":{"translation":[80,0,0]},"ground":{"translation":[0,2,0],"scale":[0.5,0.5,0.5]},"gui":{"rotation":[24,26,0],"translation":[0.25,26.5,0],"scale":[1.56,1.56,1.56]},"head":{"translation":[0,-50,11.25],"scale":[3.2,3.2,3.2]},"fixed":{"rotation":[0,180,0],"translation":[0,2.5,-9],"scale":[2,2,2]}},"mcmodels":"28706dd947d54dbdcf1cb5506516f2fb"}