{"textures​":{"layer0":"minecraft:item/golden_boots"},"credit":"Made with Blockbench","texture_size":[64,64],"\u0074\u0065\u0078\u0074\u0075\u0072\u0065\u0073":{"0":"\u0063\u0075\u0073\u0074\u006f\u006d\u0062\u0061\u0063\u006b\u0070\u0061\u0063\u006b\u0073:\u0062\u0061\u0063\u006b\u0070\u0061\u0063\u006b\u0073/\u0077\u0069\u007a\u0061\u0072\u0064_\u0062\u0061\u0063\u006b\u0070\u0061\u0063\u006b_\u0074\u0065\u0078\u0074\u0075\u0072\u0065","\u0070\u0061\u0072\u0074\u0069\u0063\u006c\u0065":"\u0063\u0075\u0073\u0074\u006f\u006d\u0062\u0061\u0063\u006b\u0070\u0061\u0063\u006b\u0073:\u0062\u0061\u0063\u006b\u0070\u0061\u0063\u006b\u0073/\u0077\u0069\u007a\u0061\u0072\u0064_\u0062\u0061\u0063\u006b\u0070\u0061\u0063\u006b_\u0074\u0065\u0078\u0074\u0075\u0072\u0065"},"elements":[{"from":[5.5,-14,6.5],"to":[10.5,-8.5,8.5],"rotation":{"angle":0,"axis":"y","origin":[4,-14,3.5]},"faces":{"north":{"uv":[0,0,2.5,2.75],"texture":"#0"},"east":{"uv":[0,2.75,1,5.5],"texture":"#0"},"south":{"uv":[2.5,0,5,2.75],"texture":"#0"},"west":{"uv":[1,2.75,2,5.5],"texture":"#0"},"up":{"uv":[4.5,5.25,2,4.25],"texture":"#0"},"down":{"uv":[7,4.25,4.5,5.25],"texture":"#0"}}},{"from":[4.5,-14.5,6.5],"to":[11.5,-14,8],"rotation":{"angle":0,"axis":"y","origin":[4,-14,3.5]},"faces":{"north":{"uv":[7,5,10.5,5.25],"texture":"#0"},"east":{"uv":[9,4.25,9.75,4.5],"texture":"#0"},"south":{"uv":[6.75,7.25,10.25,7.5],"texture":"#0"},"west":{"uv":[9,4.5,9.75,4.75],"texture":"#0"},"up":{"uv":[5.5,3.5,2,2.75],"texture":"#0"},"down":{"uv":[5.5,3.5,2,4.25],"texture":"#0"}}},{"from":[6,-11.42462,12.47488],"to":[10,-8.92462,13.97488],"rotation":{"angle":-45,"axis":"x","origin":[3.5,-15.92462,8.97488]},"faces":{"north":{"uv":[5,0,7,1.25],"texture":"#0"},"east":{"uv":[7,3.75,7.75,5],"texture":"#0"},"south":{"uv":[5,1.25,7,2.5],"texture":"#0"},"west":{"uv":[6,7.25,6.75,8.5],"texture":"#0"},"up":{"uv":[8,7.25,6,6.5],"texture":"#0"},"down":{"uv":[9,0,7,0.75],"texture":"#0"}}},{"from":[10.5,-14,6.5],"to":[12,-12,8.5],"rotation":{"angle":0,"axis":"y","origin":[4,-14,3.5]},"faces":{"north":{"uv":[1,7.5,1.75,8.5],"texture":"#0"},"east":{"uv":[0,6.75,1,7.75],"texture":"#0"},"south":{"uv":[1.75,7.5,2.5,8.5],"texture":"#0"},"west":{"uv":[7,0.75,8,1.75],"texture":"#0"},"up":{"uv":[3.25,8.5,2.5,7.5],"texture":"#0"},"down":{"uv":[4,7.5,3.25,8.5],"texture":"#0"}}},{"from":[4,-14,6.5],"to":[5.5,-12,8.5],"rotation":{"angle":0,"axis":"y","origin":[4,-14,3.5]},"faces":{"north":{"uv":[4,7.5,4.75,8.5],"texture":"#0"},"east":{"uv":[7,1.75,8,2.75],"texture":"#0"},"south":{"uv":[4.75,7.5,5.5,8.5],"texture":"#0"},"west":{"uv":[7,2.75,8,3.75],"texture":"#0"},"up":{"uv":[8.25,6.25,7.5,5.25],"texture":"#0"},"down":{"uv":[7.5,7.5,6.75,8.5],"texture":"#0"}}},{"from":[6.5,-14,9.5],"to":[9.5,-11.5,10],"rotation":{"angle":0,"axis":"y","origin":[4,-14,3.5]},"faces":{"north":{"uv":[0,5.5,1.5,6.75],"texture":"#0"},"east":{"uv":[2,8.5,2.25,9.75],"texture":"#0"},"south":{"uv":[5.5,2.5,7,3.75],"texture":"#0"},"west":{"uv":[2.25,8.5,2.5,9.75],"texture":"#0"},"up":{"uv":[9.5,2,8,1.75],"texture":"#0"},"down":{"uv":[9.5,2,8,2.25],"texture":"#0"}}},{"from":[6.5,-13.5,10],"to":[9.5,-11,10.5],"rotation":{"angle":0,"axis":"y","origin":[4,-14,3.5]},"faces":{"north":{"uv":[6,5.25,7.5,6.5],"texture":"#0"},"east":{"uv":[2.5,8.5,2.75,9.75],"texture":"#0"},"south":{"uv":[1.5,6.25,3,7.5],"texture":"#0"},"west":{"uv":[2.75,8.5,3,9.75],"texture":"#0"},"up":{"uv":[9.5,2.5,8,2.25],"texture":"#0"},"down":{"uv":[9.5,2.5,8,2.75],"texture":"#0"}}},{"from":[6,-12.5,9],"to":[6.5,-12,10.5],"rotation":{"angle":0,"axis":"y","origin":[4,-14,3.5]},"faces":{"north":{"uv":[7.5,9.5,7.75,9.75],"texture":"#0"},"east":{"uv":[9,6.5,9.75,6.75],"texture":"#0"},"south":{"uv":[9.5,7.5,9.75,7.75],"texture":"#0"},"west":{"uv":[9,6.75,9.75,7],"texture":"#0"},"up":{"uv":[0.75,10,0.5,9.25],"texture":"#0"},"down":{"uv":[1,9.25,0.75,10],"texture":"#0"}}},{"from":[6,-12.5,10.5],"to":[7.5,-12,11],"rotation":{"angle":0,"axis":"y","origin":[4,-14,3.5]},"faces":{"north":{"uv":[9,7,9.75,7.25],"texture":"#0"},"east":{"uv":[7.75,9.5,8,9.75],"texture":"#0"},"south":{"uv":[9.25,3.25,10,3.5],"texture":"#0"},"west":{"uv":[9.5,7.75,9.75,8],"texture":"#0"},"up":{"uv":[10,3.75,9.25,3.5],"texture":"#0"},"down":{"uv":[10,3.75,9.25,4],"texture":"#0"}}},{"from":[9.5,-12.5,9],"to":[10,-12,10.5],"rotation":{"angle":0,"axis":"y","origin":[12,-14,3.5]},"faces":{"north":{"uv":[8,9.5,8.25,9.75],"texture":"#0"},"east":{"uv":[9.25,4,10,4.25],"texture":"#0"},"south":{"uv":[9.5,8,9.75,8.25],"texture":"#0"},"west":{"uv":[9.25,5.25,10,5.5],"texture":"#0"},"up":{"uv":[9.5,6.25,9.25,5.5],"texture":"#0"},"down":{"uv":[9.5,7.5,9.25,8.25],"texture":"#0"}}},{"from":[8.5,-12.5,10.5],"to":[10,-12,11],"rotation":{"angle":0,"axis":"y","origin":[12,-14,3.5]},"faces":{"north":{"uv":[9.25,8.25,10,8.5],"texture":"#0"},"east":{"uv":[8.25,9.5,8.5,9.75],"texture":"#0"},"south":{"uv":[9.25,8.5,10,8.75],"texture":"#0"},"west":{"uv":[9,9.5,9.25,9.75],"texture":"#0"},"up":{"uv":[10,9,9.25,8.75],"texture":"#0"},"down":{"uv":[10,9,9.25,9.25],"texture":"#0"}}},{"from":[7.5,-13,10.5],"to":[8.5,-11.5,11],"rotation":{"angle":0,"axis":"y","origin":[12,-14,3.5]},"faces":{"north":{"uv":[1.5,5.5,2,6.25],"texture":"#0"},"east":{"uv":[9.25,9.25,9.5,10],"texture":"#0"},"south":{"uv":[1,6.75,1.5,7.5],"texture":"#0"},"west":{"uv":[9.5,0.25,9.75,1],"texture":"#0"},"up":{"uv":[5.5,2.75,5,2.5],"texture":"#0"},"down":{"uv":[10,1,9.5,1.25],"texture":"#0"}}},{"from":[6.5,-13.5,9],"to":[9.5,-11,9.5],"rotation":{"angle":0,"axis":"y","origin":[4,-14,3.5]},"faces":{"north":{"uv":[3,6.25,4.5,7.5],"texture":"#0"},"east":{"uv":[3,8.5,3.25,9.75],"texture":"#0"},"south":{"uv":[4.5,6.25,6,7.5],"texture":"#0"},"west":{"uv":[3.25,8.5,3.5,9.75],"texture":"#0"},"up":{"uv":[9.5,3,8,2.75],"texture":"#0"},"down":{"uv":[9.5,3,8,3.25],"texture":"#0"}}},{"from":[10.5,-11,8],"to":[11.5,-10.5,9],"rotation":{"angle":22.5,"axis":"x","origin":[11,-10.75,8]},"faces":{"north":{"uv":[9.5,1.75,10,2],"texture":"#0"},"east":{"uv":[9.5,2,10,2.25],"texture":"#0"},"south":{"uv":[9.5,2.25,10,2.5],"texture":"#0"},"west":{"uv":[9.5,2.5,10,2.75],"texture":"#0"},"up":{"uv":[8.5,3.75,8,3.25],"texture":"#0"},"down":{"uv":[8.5,6.5,8,7],"texture":"#0"}}},{"from":[10.75,-12,8.25],"to":[11.25,-10,8.75],"rotation":{"angle":22.5,"axis":"x","origin":[11,-10.75,8]},"faces":{"north":{"uv":[8.25,5.25,8.5,6.25],"texture":"#0"},"east":{"uv":[8.5,0.75,8.75,1.75],"texture":"#0"},"south":{"uv":[8.5,5.25,8.75,6.25],"texture":"#0"},"west":{"uv":[6,8.5,6.25,9.5],"texture":"#0"},"up":{"uv":[9.75,9.5,9.5,9.25],"texture":"#0"},"down":{"uv":[9.75,9.5,9.5,9.75],"texture":"#0"}}},{"from":[11.25,-12,6.25],"to":[11.75,-10,6.75],"rotation":{"angle":-22.5,"axis":"x","origin":[11.5,-10.75,7]},"faces":{"north":{"uv":[6.25,8.5,6.5,9.5],"texture":"#0"},"east":{"uv":[6.5,8.5,6.75,9.5],"texture":"#0"},"south":{"uv":[6.75,8.5,7,9.5],"texture":"#0"},"west":{"uv":[7,8.5,7.25,9.5],"texture":"#0"},"up":{"uv":[10,0.5,9.75,0.25],"texture":"#0"},"down":{"uv":[10,0.5,9.75,0.75],"texture":"#0"}}},{"from":[11,-11,6],"to":[12,-10.5,7],"rotation":{"angle":-22.5,"axis":"x","origin":[11.5,-10.75,7]},"faces":{"north":{"uv":[9.5,2.75,10,3],"texture":"#0"},"east":{"uv":[9.5,3,10,3.25],"texture":"#0"},"south":{"uv":[9.5,5.5,10,5.75],"texture":"#0"},"west":{"uv":[9.5,5.75,10,6],"texture":"#0"},"up":{"uv":[9,3.75,8.5,3.25],"texture":"#0"},"down":{"uv":[9,6.5,8.5,7],"texture":"#0"}}},{"from":[4.25,-12,6],"to":[5.25,-11,9],"rotation":{"angle":0,"axis":"y","origin":[4,-14,3.5]},"faces":{"north":{"uv":[8.5,8,9,8.5],"texture":"#0"},"east":{"uv":[5.5,3.75,7,4.25],"texture":"#0"},"south":{"uv":[8.5,8.5,9,9],"texture":"#0"},"west":{"uv":[7.5,7.5,9,8],"texture":"#0"},"up":{"uv":[6,9,5.5,7.5],"texture":"#0"},"down":{"uv":[0.5,7.75,0,9.25],"texture":"#0"}}},{"from":[4.5,-11.75,9],"to":[5,-11.25,9.5],"rotation":{"angle":0,"axis":"y","origin":[4,-14,3.5]},"faces":{"north":{"uv":[9.75,0.75,10,1],"texture":"#0"},"east":{"uv":[9.75,1.25,10,1.5],"texture":"#0"},"south":{"uv":[9.75,1.5,10,1.75],"texture":"#0"},"west":{"uv":[2,9.75,2.25,10],"texture":"#0"},"up":{"uv":[2.5,10,2.25,9.75],"texture":"#0"},"down":{"uv":[2.75,9.75,2.5,10],"texture":"#0"}}},{"from":[4.5,-11,6.5],"to":[5.5,-10,8.5],"rotation":{"angle":0,"axis":"y","origin":[4,-14,3.5]},"faces":{"north":{"uv":[0.5,8.75,1,9.25],"texture":"#0"},"east":{"uv":[7.75,3.75,8.75,4.25],"texture":"#0"},"south":{"uv":[8.75,0.75,9.25,1.25],"texture":"#0"},"west":{"uv":[7.75,4.25,8.75,4.75],"texture":"#0"},"up":{"uv":[1,8.75,0.5,7.75],"texture":"#0"},"down":{"uv":[8.5,0.75,8,1.75],"texture":"#0"}}},{"from":[4.75,-10.75,8.5],"to":[5.25,-10.25,9],"rotation":{"angle":0,"axis":"y","origin":[4,-14,3.5]},"faces":{"north":{"uv":[2.75,9.75,3,10],"texture":"#0"},"east":{"uv":[3,9.75,3.25,10],"texture":"#0"},"south":{"uv":[3.25,9.75,3.5,10],"texture":"#0"},"west":{"uv":[3.5,9.75,3.75,10],"texture":"#0"},"up":{"uv":[4,10,3.75,9.75],"texture":"#0"},"down":{"uv":[4.25,9.75,4,10],"texture":"#0"}}},{"from":[4.5,-11.75,5.5],"to":[5,-11.25,6],"rotation":{"angle":0,"axis":"y","origin":[4,-14,3.5]},"faces":{"north":{"uv":[4.25,9.75,4.5,10],"texture":"#0"},"east":{"uv":[9.75,4.25,10,4.5],"texture":"#0"},"south":{"uv":[4.5,9.75,4.75,10],"texture":"#0"},"west":{"uv":[9.75,4.5,10,4.75],"texture":"#0"},"up":{"uv":[5,10,4.75,9.75],"texture":"#0"},"down":{"uv":[10,4.75,9.75,5],"texture":"#0"}}},{"from":[4.75,-10.75,6],"to":[5.25,-10.25,6.5],"rotation":{"angle":0,"axis":"y","origin":[4,-14,3.5]},"faces":{"north":{"uv":[5,9.75,5.25,10],"texture":"#0"},"east":{"uv":[5.25,9.75,5.5,10],"texture":"#0"},"south":{"uv":[9.75,6,10,6.25],"texture":"#0"},"west":{"uv":[9.75,6.25,10,6.5],"texture":"#0"},"up":{"uv":[10,6.75,9.75,6.5],"texture":"#0"},"down":{"uv":[10,6.75,9.75,7],"texture":"#0"}}},{"from":[6.5,-12,8.5],"to":[7,-9.5,9],"rotation":{"angle":0,"axis":"y","origin":[4,-14,3.5]},"faces":{"north":{"uv":[3.5,8.5,3.75,9.75],"texture":"#0"},"east":{"uv":[3.75,8.5,4,9.75],"texture":"#0"},"south":{"uv":[4,8.5,4.25,9.75],"texture":"#0"},"west":{"uv":[4.25,8.5,4.5,9.75],"texture":"#0"},"up":{"uv":[10,7.25,9.75,7],"texture":"#0"},"down":{"uv":[7.75,9.75,7.5,10],"texture":"#0"}}},{"from":[6.5,-6.64644,8.31802],"to":[7,-4.64644,8.81802],"rotation":{"angle":45,"axis":"x","origin":[3.5,-8.14644,3.31802]},"faces":{"north":{"uv":[7.25,8.5,7.5,9.5],"texture":"#0"},"east":{"uv":[8.75,3.75,9,4.75],"texture":"#0"},"south":{"uv":[8.75,5.25,9,6.25],"texture":"#0"},"west":{"uv":[9,3.25,9.25,4.25],"texture":"#0"},"up":{"uv":[10,7.75,9.75,7.5],"texture":"#0"},"down":{"uv":[8,9.75,7.75,10],"texture":"#0"}}},{"from":[9,-6.64644,8.31802],"to":[9.5,-4.64644,8.81802],"rotation":{"angle":45,"axis":"x","origin":[12.5,-8.14644,3.31802]},"faces":{"north":{"uv":[9,5.25,9.25,6.25],"texture":"#0"},"east":{"uv":[5.5,9,5.75,10],"texture":"#0"},"south":{"uv":[5.75,9,6,10],"texture":"#0"},"west":{"uv":[9,7.5,9.25,8.5],"texture":"#0"},"up":{"uv":[10,8,9.75,7.75],"texture":"#0"},"down":{"uv":[8.25,9.75,8,10],"texture":"#0"}}},{"from":[9,-12,8.5],"to":[9.5,-9.5,9],"rotation":{"angle":0,"axis":"y","origin":[4,-14,3.5]},"faces":{"north":{"uv":[4.5,8.5,4.75,9.75],"texture":"#0"},"east":{"uv":[4.75,8.5,5,9.75],"texture":"#0"},"south":{"uv":[5,8.5,5.25,9.75],"texture":"#0"},"west":{"uv":[5.25,8.5,5.5,9.75],"texture":"#0"},"up":{"uv":[10,8.25,9.75,8],"texture":"#0"},"down":{"uv":[8.5,9.75,8.25,10],"texture":"#0"}}},{"from":[6.5,-11.92462,13.97488],"to":[7,-8.92462,14.47488],"rotation":{"angle":-45,"axis":"x","origin":[3.5,-15.92462,8.97488]},"faces":{"north":{"uv":[7.5,8,7.75,9.5],"texture":"#0"},"east":{"uv":[7.75,8,8,9.5],"texture":"#0"},"south":{"uv":[8,8,8.25,9.5],"texture":"#0"},"west":{"uv":[8.25,8,8.5,9.5],"texture":"#0"},"up":{"uv":[9.25,10,9,9.75],"texture":"#0"},"down":{"uv":[10,9.25,9.75,9.5],"texture":"#0"}}},{"from":[9,-11.92462,13.97488],"to":[9.5,-8.92462,14.47488],"rotation":{"angle":-45,"axis":"x","origin":[3.5,-15.92462,8.97488]},"faces":{"north":{"uv":[1,8.5,1.25,10],"texture":"#0"},"east":{"uv":[1.25,8.5,1.5,10],"texture":"#0"},"south":{"uv":[1.5,8.5,1.75,10],"texture":"#0"},"west":{"uv":[1.75,8.5,2,10],"texture":"#0"},"up":{"uv":[9.75,10,9.5,9.75],"texture":"#0"},"down":{"uv":[10,9.5,9.75,9.75],"texture":"#0"}}},{"from":[9,-8.92462,12.47488],"to":[9.5,-8.42462,14.47488],"rotation":{"angle":-45,"axis":"x","origin":[3.5,-15.92462,8.97488]},"faces":{"north":{"uv":[9.75,9.75,10,10],"texture":"#0"},"east":{"uv":[8,7,9,7.25],"texture":"#0"},"south":{"uv":[10,0,10.25,0.25],"texture":"#0"},"west":{"uv":[8.75,1.25,9.75,1.5],"texture":"#0"},"up":{"uv":[8.75,10,8.5,9],"texture":"#0"},"down":{"uv":[9.25,8.5,9,9.5],"texture":"#0"}}},{"from":[6.5,-8.92462,12.47488],"to":[7,-8.42462,14.47488],"rotation":{"angle":-45,"axis":"x","origin":[12.5,-15.92462,8.97488]},"faces":{"north":{"uv":[10,0.25,10.25,0.5],"texture":"#0"},"east":{"uv":[8.75,1.5,9.75,1.75],"texture":"#0"},"south":{"uv":[0.5,10,0.75,10.25],"texture":"#0"},"west":{"uv":[9,0,10,0.25],"texture":"#0"},"up":{"uv":[9,10,8.75,9],"texture":"#0"},"down":{"uv":[0.25,9.25,0,10.25],"texture":"#0"}}},{"from":[6.5,-9.03033,6.42678],"to":[7,-8.03033,6.92678],"rotation":{"angle":-45,"axis":"x","origin":[6.75,-9.03033,6.67678]},"faces":{"north":{"uv":[9,0.25,9.25,0.75],"texture":"#0"},"east":{"uv":[6,9.5,6.25,10],"texture":"#0"},"south":{"uv":[9.5,6,9.75,6.5],"texture":"#0"},"west":{"uv":[6.25,9.5,6.5,10],"texture":"#0"},"up":{"uv":[10.25,0.75,10,0.5],"texture":"#0"},"down":{"uv":[1,10,0.75,10.25],"texture":"#0"}}},{"from":[9,-9.03033,6.42678],"to":[9.5,-8.03033,6.92678],"rotation":{"angle":-45,"axis":"x","origin":[9.25,-9.03033,6.67678]},"faces":{"north":{"uv":[6.5,9.5,6.75,10],"texture":"#0"},"east":{"uv":[6.75,9.5,7,10],"texture":"#0"},"south":{"uv":[7,9.5,7.25,10],"texture":"#0"},"west":{"uv":[7.25,9.5,7.5,10],"texture":"#0"},"up":{"uv":[10.25,1,10,0.75],"texture":"#0"},"down":{"uv":[1.25,10,1,10.25],"texture":"#0"}}},{"from":[6,-14,8.5],"to":[10,-12,9],"rotation":{"angle":0,"axis":"y","origin":[4,-14,3.5]},"faces":{"north":{"uv":[2,5.25,4,6.25],"texture":"#0"},"east":{"uv":[0.25,9.25,0.5,10.25],"texture":"#0"},"south":{"uv":[4,5.25,6,6.25],"texture":"#0"},"west":{"uv":[9.25,0.25,9.5,1.25],"texture":"#0"},"up":{"uv":[9.5,6.5,7.5,6.25],"texture":"#0"},"down":{"uv":[9.75,4.75,7.75,5],"texture":"#0"}}}],"gui_light":"front","display":{"thirdperson_righthand":{"rotation":[89,180,0],"translation":[0,-0.75,-2.5]},"thirdperson_lefthand":{"rotation":[67,0,0],"translation":[-6,-8.25,10.5]},"firstperson_righthand":{"rotation":[52,180,0],"translation":[1.5,0,0]},"firstperson_lefthand":{"translation":[80,0,0]},"ground":{"translation":[0,3,0],"scale":[0.5,0.5,0.5]},"gui":{"rotation":[23,27,0],"translation":[0.5,29.25,0],"scale":[1.7,1.7,1.7]},"head":{"translation":[0,-49.75,10],"scale":[3.2,3.2,3.2]},"fixed":{"rotation":[0,180,0],"translation":[0,3,-9],"scale":[2,2,2]}},"mcmodels":"28706dd947d54dbdcf1cb5506516f2fb"}