{"textures":{"0":"modelengine:block/vfx_arrow_trail"},"elements":[{"from":[8.0,7.9116664,7.9866667],"to":[8.0,8.088333,29.68],"faces":{"east":{"uv":[8.125,0.0,0.0,0.125],"tintindex":0,"rotation":0,"texture":"#0"},"west":{"uv":[0.0,0.0,8.125,0.125],"tintindex":0,"rotation":0,"texture":"#0"}}},{"from":[7.911667,8.001666,7.9866667],"to":[8.088333,8.001666,29.68],"faces":{"up":{"uv":[8.125,0.0,0.0,0.125],"tintindex":0,"rotation":270,"texture":"#0"},"down":{"uv":[0.0,0.0,8.125,0.125],"tintindex":0,"rotation":270,"texture":"#0"}}}],"display":{"head":{"rotation":[0.0,0.0,0.0]},"firstperson_righthand":{"rotation":[0.0,0.0,0.0]},"thirdperson_lefthand":{"rotation":[0.0,-0.0,-0.0]},"firstperson_lefthand":{"rotation":[0.0,-0.0,-0.0]},"fixed":{"rotation":[0.0,0.0,0.0]},"ground":{"rotation":[0.0,0.0,0.0]},"thirdperson_righthand":{"rotation":[0.0,0.0,0.0]},"gui":{"rotation":[-150.0,-75.0,-180.0]}}}