{"textures":{"0":"modelengine:block/em_chromoknight"},"elements":[{"from":[7.7325377,16.0,3.032123],"to":[10.732538,18.0,4.032123],"faces":{"east":{"uv":[11.875,13.375,12.0,13.625],"tintindex":0,"rotation":0,"texture":"#0"},"south":{"uv":[14.875,8.75,15.25,9.0],"tintindex":0,"rotation":0,"texture":"#0"},"north":{"uv":[14.875,7.625,15.25,7.875],"tintindex":0,"rotation":0,"texture":"#0"},"west":{"uv":[7.875,13.875,8.0,14.125],"tintindex":0,"rotation":0,"texture":"#0"},"up":{"uv":[15.625,8.875,15.25,8.75],"tintindex":0,"rotation":0,"texture":"#0"},"down":{"uv":[15.625,8.875,15.25,9.0],"tintindex":0,"rotation":0,"texture":"#0"}},"rotation":{"origin":[8.732538,19.5,3.532123],"angle":-22.5,"axis":"y"}},{"from":[4.0,9.0,3.8874998],"to":[12.0,19.0,11.8875],"faces":{"east":{"uv":[2.0,3.625,3.0,4.875],"tintindex":0,"rotation":0,"texture":"#0"},"south":{"uv":[3.0,3.625,4.0,4.875],"tintindex":0,"rotation":0,"texture":"#0"},"north":{"uv":[3.0,2.375,4.0,3.625],"tintindex":0,"rotation":0,"texture":"#0"},"west":{"uv":[4.0,2.375,5.0,3.625],"tintindex":0,"rotation":0,"texture":"#0"},"up":{"uv":[4.75,6.625,3.75,5.625],"tintindex":0,"rotation":0,"texture":"#0"},"down":{"uv":[7.0,0.0,6.0,1.0],"tintindex":0,"rotation":0,"texture":"#0"}}},{"from":[7.7325377,12.0,2.2321234],"to":[12.732538,13.0,5.2321234],"faces":{"east":{"uv":[15.125,14.25,15.5,14.375],"tintindex":0,"rotation":0,"texture":"#0"},"south":{"uv":[15.0,8.625,15.625,8.75],"tintindex":0,"rotation":0,"texture":"#0"},"north":{"uv":[15.0,8.5,15.625,8.625],"tintindex":0,"rotation":0,"texture":"#0"},"west":{"uv":[15.25,4.0,15.625,4.125],"tintindex":0,"rotation":0,"texture":"#0"},"up":{"uv":[14.125,8.5,13.5,8.125],"tintindex":0,"rotation":0,"texture":"#0"},"down":{"uv":[9.0,13.5,8.375,13.875],"tintindex":0,"rotation":0,"texture":"#0"}},"rotation":{"origin":[8.732538,13.5,2.7321234],"angle":-22.5,"axis":"y"}},{"from":[11.732538,13.0,2.2321234],"to":[12.732538,16.0,3.2321234],"faces":{"east":{"uv":[1.375,15.25,1.5,15.625],"tintindex":0,"rotation":0,"texture":"#0"},"south":{"uv":[2.125,15.25,2.25,15.625],"tintindex":0,"rotation":0,"texture":"#0"},"north":{"uv":[1.25,15.25,1.375,15.625],"tintindex":0,"rotation":0,"texture":"#0"},"west":{"uv":[2.25,15.25,2.375,15.625],"tintindex":0,"rotation":0,"texture":"#0"},"up":{"uv":[15.625,6.0,15.5,5.875],"tintindex":0,"rotation":0,"texture":"#0"},"down":{"uv":[15.625,6.0,15.5,6.125],"tintindex":0,"rotation":0,"texture":"#0"}},"rotation":{"origin":[8.732538,14.5,2.7321234],"angle":-22.5,"axis":"y"}},{"from":[7.7325377,13.0,2.2321234],"to":[8.732538,15.0,3.2321234],"faces":{"east":{"uv":[7.75,15.375,7.875,15.625],"tintindex":0,"rotation":0,"texture":"#0"},"south":{"uv":[8.375,15.375,8.5,15.625],"tintindex":0,"rotation":0,"texture":"#0"},"north":{"uv":[7.625,15.375,7.75,15.625],"tintindex":0,"rotation":0,"texture":"#0"},"west":{"uv":[8.5,15.375,8.625,15.625],"tintindex":0,"rotation":0,"texture":"#0"},"up":{"uv":[15.625,8.5,15.5,8.375],"tintindex":0,"rotation":0,"texture":"#0"},"down":{"uv":[15.625,9.0,15.5,9.125],"tintindex":0,"rotation":0,"texture":"#0"}},"rotation":{"origin":[8.732538,15.5,2.7321234],"angle":-22.5,"axis":"y"}},{"from":[9.732538,13.0,2.2321234],"to":[10.732538,15.0,3.2321234],"faces":{"east":{"uv":[4.625,15.375,4.75,15.625],"tintindex":0,"rotation":0,"texture":"#0"},"south":{"uv":[4.75,15.375,4.875,15.625],"tintindex":0,"rotation":0,"texture":"#0"},"north":{"uv":[0.875,15.375,1.0,15.625],"tintindex":0,"rotation":0,"texture":"#0"},"west":{"uv":[7.25,15.375,7.375,15.625],"tintindex":0,"rotation":0,"texture":"#0"},"up":{"uv":[15.625,8.25,15.5,8.125],"tintindex":0,"rotation":0,"texture":"#0"},"down":{"uv":[15.625,8.25,15.5,8.375],"tintindex":0,"rotation":0,"texture":"#0"}},"rotation":{"origin":[8.732538,15.5,2.7321234],"angle":-22.5,"axis":"y"}},{"from":[3.9999995,10.0,11.8875],"to":[12.0,18.0,12.8875],"faces":{"east":{"uv":[5.875,14.625,6.0,15.625],"tintindex":0,"rotation":0,"texture":"#0"},"south":{"uv":[2.75,6.0,3.75,7.0],"tintindex":0,"rotation":0,"texture":"#0"},"north":{"uv":[6.0,1.75,7.0,2.75],"tintindex":0,"rotation":0,"texture":"#0"},"west":{"uv":[6.0,14.625,6.125,15.625],"tintindex":0,"rotation":0,"texture":"#0"},"up":{"uv":[15.625,6.625,14.625,6.5],"tintindex":0,"rotation":0,"texture":"#0"},"down":{"uv":[15.625,6.625,14.625,6.75],"tintindex":0,"rotation":0,"texture":"#0"}}},{"from":[6.3245525,8.0,3.019136],"to":[8.324553,9.0,4.0191355],"faces":{"east":{"uv":[9.25,15.5,9.375,15.625],"tintindex":0,"rotation":0,"texture":"#0"},"south":{"uv":[15.25,14.125,15.5,14.25],"tintindex":0,"rotation":0,"texture":"#0"},"north":{"uv":[13.5,14.125,13.75,14.25],"tintindex":0,"rotation":0,"texture":"#0"},"west":{"uv":[9.375,15.5,9.5,15.625],"tintindex":0,"rotation":0,"texture":"#0"},"up":{"uv":[15.625,9.375,15.375,9.25],"tintindex":0,"rotation":0,"texture":"#0"},"down":{"uv":[15.625,9.375,15.375,9.5],"tintindex":0,"rotation":0,"texture":"#0"}},"rotation":{"origin":[6.5745525,9.5,3.519136],"angle":22.5,"axis":"y"}},{"from":[7.6564174,9.0,3.1148067],"to":[10.656418,12.0,4.1148067],"faces":{"east":{"uv":[9.875,15.25,10.0,15.625],"tintindex":0,"rotation":0,"texture":"#0"},"south":{"uv":[14.625,0.25,15.0,0.625],"tintindex":0,"rotation":0,"texture":"#0"},"north":{"uv":[14.5,14.0,14.875,14.375],"tintindex":0,"rotation":0,"texture":"#0"},"west":{"uv":[10.25,15.25,10.375,15.625],"tintindex":0,"rotation":0,"texture":"#0"},"up":{"uv":[11.875,15.375,11.5,15.25],"tintindex":0,"rotation":0,"texture":"#0"},"down":{"uv":[12.25,15.25,11.875,15.375],"tintindex":0,"rotation":0,"texture":"#0"}},"rotation":{"origin":[9.656418,10.5,3.6148067],"angle":-22.5,"axis":"y"}},{"from":[3.2674623,13.0,2.2321234],"to":[4.2674623,16.0,3.2321234],"faces":{"east":{"uv":[5.0,15.25,5.125,15.625],"tintindex":0,"rotation":0,"texture":"#0"},"south":{"uv":[5.375,15.25,5.5,15.625],"tintindex":0,"rotation":0,"texture":"#0"},"north":{"uv":[4.875,15.25,5.0,15.625],"tintindex":0,"rotation":0,"texture":"#0"},"west":{"uv":[5.5,15.25,5.625,15.625],"tintindex":0,"rotation":0,"texture":"#0"},"up":{"uv":[6.25,15.625,6.125,15.5],"tintindex":0,"rotation":0,"texture":"#0"},"down":{"uv":[15.625,6.125,15.5,6.25],"tintindex":0,"rotation":0,"texture":"#0"}},"rotation":{"origin":[7.2674623,14.5,2.7321234],"angle":22.5,"axis":"y"}},{"from":[5.2674623,16.0,3.032123],"to":[8.267462,18.0,4.032123],"faces":{"east":{"uv":[5.25,8.25,5.375,8.5],"tintindex":0,"rotation":0,"texture":"#0"},"south":{"uv":[7.625,14.875,8.0,15.125],"tintindex":0,"rotation":0,"texture":"#0"},"north":{"uv":[14.875,4.0,15.25,4.25],"tintindex":0,"rotation":0,"texture":"#0"},"west":{"uv":[13.0,2.75,13.125,3.0],"tintindex":0,"rotation":0,"texture":"#0"},"up":{"uv":[15.625,7.875,15.25,7.75],"tintindex":0,"rotation":0,"texture":"#0"},"down":{"uv":[8.75,15.25,8.375,15.375],"tintindex":0,"rotation":0,"texture":"#0"}},"rotation":{"origin":[7.2674623,19.5,3.532123],"angle":22.5,"axis":"y"}},{"from":[12.0,9.0,3.8874998],"to":[13.0,18.0,11.8875],"faces":{"east":{"uv":[2.75,4.875,3.75,6.0],"tintindex":0,"rotation":0,"texture":"#0"},"south":{"uv":[5.25,14.5,5.375,15.625],"tintindex":0,"rotation":0,"texture":"#0"},"north":{"uv":[3.125,14.375,3.25,15.5],"tintindex":0,"rotation":0,"texture":"#0"},"west":{"uv":[5.0,1.75,6.0,2.875],"tintindex":0,"rotation":0,"texture":"#0"},"up":{"uv":[6.875,9.5,6.75,8.5],"tintindex":0,"rotation":0,"texture":"#0"},"down":{"uv":[14.75,5.25,14.625,6.25],"tintindex":0,"rotation":0,"texture":"#0"}}},{"from":[4.005,13.005,3.7800002],"to":[11.995,15.995,4.7699995],"faces":{"east":{"uv":[7.375,15.25,7.5,15.625],"tintindex":0,"rotation":0,"texture":"#0"},"south":{"uv":[12.75,12.0,13.75,12.375],"tintindex":0,"rotation":0,"texture":"#0"},"north":{"uv":[6.25,3.625,7.25,4.0],"tintindex":0,"rotation":0,"texture":"#0"},"west":{"uv":[7.5,15.25,7.625,15.625],"tintindex":0,"rotation":0,"texture":"#0"},"up":{"uv":[15.625,6.375,14.625,6.25],"tintindex":0,"rotation":0,"texture":"#0"},"down":{"uv":[15.625,6.375,14.625,6.5],"tintindex":0,"rotation":0,"texture":"#0"}}},{"from":[7.7325377,15.0,2.2321234],"to":[11.732538,16.0,4.2321234],"faces":{"east":{"uv":[2.5,11.5,2.75,11.625],"tintindex":0,"rotation":0,"texture":"#0"},"south":{"uv":[15.125,7.375,15.625,7.5],"tintindex":0,"rotation":0,"texture":"#0"},"north":{"uv":[15.125,7.25,15.625,7.375],"tintindex":0,"rotation":0,"texture":"#0"},"west":{"uv":[11.875,9.625,12.125,9.75],"tintindex":0,"rotation":0,"texture":"#0"},"up":{"uv":[10.875,2.25,10.375,2.0],"tintindex":0,"rotation":0,"texture":"#0"},"down":{"uv":[2.0,10.875,1.5,11.125],"tintindex":0,"rotation":0,"texture":"#0"}},"rotation":{"origin":[8.732538,16.5,2.7321234],"angle":-22.5,"axis":"y"}},{"from":[3.2714622,12.004,2.2361233],"to":[8.263462,12.996,5.228123],"faces":{"east":{"uv":[15.25,4.125,15.625,4.25],"tintindex":0,"rotation":0,"texture":"#0"},"south":{"uv":[15.0,10.375,15.625,10.5],"tintindex":0,"rotation":0,"texture":"#0"},"north":{"uv":[15.0,10.25,15.625,10.375],"tintindex":0,"rotation":0,"texture":"#0"},"west":{"uv":[15.25,7.625,15.625,7.75],"tintindex":0,"rotation":0,"texture":"#0"},"up":{"uv":[9.625,13.875,9.0,13.5],"tintindex":0,"rotation":0,"texture":"#0"},"down":{"uv":[14.125,9.5,13.5,9.875],"tintindex":0,"rotation":0,"texture":"#0"}},"rotation":{"origin":[7.2674623,13.5,2.7321234],"angle":22.5,"axis":"y"}},{"from":[4.263462,14.996,2.2281234],"to":[8.2714615,16.004,4.2361236],"faces":{"east":{"uv":[4.25,12.75,4.5,12.875],"tintindex":0,"rotation":0,"texture":"#0"},"south":{"uv":[8.375,15.125,8.875,15.25],"tintindex":0,"rotation":0,"texture":"#0"},"north":{"uv":[15.125,7.5,15.625,7.625],"tintindex":0,"rotation":0,"texture":"#0"},"west":{"uv":[13.125,8.0,13.375,8.125],"tintindex":0,"rotation":0,"texture":"#0"},"up":{"uv":[11.625,2.0,11.125,1.75],"tintindex":0,"rotation":0,"texture":"#0"},"down":{"uv":[5.5,11.375,5.0,11.625],"tintindex":0,"rotation":0,"texture":"#0"}},"rotation":{"origin":[7.2674623,16.5,2.7321234],"angle":22.5,"axis":"y"}},{"from":[7.0,10.0,2.8874998],"to":[9.0,13.0,3.8874998],"faces":{"east":{"uv":[8.75,15.25,8.875,15.625],"tintindex":0,"rotation":0,"texture":"#0"},"south":{"uv":[10.375,14.875,10.625,15.25],"tintindex":0,"rotation":0,"texture":"#0"},"north":{"uv":[14.875,9.75,15.125,10.125],"tintindex":0,"rotation":0,"texture":"#0"},"west":{"uv":[9.75,15.25,9.875,15.625],"tintindex":0,"rotation":0,"texture":"#0"},"up":{"uv":[13.75,12.0,13.5,11.875],"tintindex":0,"rotation":0,"texture":"#0"},"down":{"uv":[14.375,11.125,14.125,11.25],"tintindex":0,"rotation":0,"texture":"#0"}}},{"from":[5.0,7.0,4.8875],"to":[11.0,9.0,10.8875],"faces":{"east":{"uv":[14.125,2.75,14.875,3.0],"tintindex":0,"rotation":0,"texture":"#0"},"south":{"uv":[14.125,3.0,14.875,3.25],"tintindex":0,"rotation":0,"texture":"#0"},"north":{"uv":[2.5,14.125,3.25,14.375],"tintindex":0,"rotation":0,"texture":"#0"},"west":{"uv":[14.125,3.25,14.875,3.5],"tintindex":0,"rotation":0,"texture":"#0"},"up":{"uv":[11.625,2.75,10.875,2.0],"tintindex":0,"rotation":0,"texture":"#0"},"down":{"uv":[3.5,10.875,2.75,11.625],"tintindex":0,"rotation":0,"texture":"#0"}}},{"from":[6.9,11.799997,3.7875],"to":[9.1,19.999998,13.9875],"faces":{"east":{"uv":[4.0,4.625,5.25,5.625],"tintindex":0,"rotation":0,"texture":"#0"},"south":{"uv":[10.625,13.125,10.875,14.125],"tintindex":0,"rotation":0,"texture":"#0"},"north":{"uv":[10.375,13.125,10.625,14.125],"tintindex":0,"rotation":0,"texture":"#0"},"west":{"uv":[4.75,0.0,6.0,1.0],"tintindex":0,"rotation":0,"texture":"#0"},"up":{"uv":[7.125,14.375,6.875,13.125],"tintindex":0,"rotation":0,"texture":"#0"},"down":{"uv":[7.375,13.125,7.125,14.375],"tintindex":0,"rotation":0,"texture":"#0"}}},{"from":[3.0,9.0,3.8874998],"to":[4.0,18.0,11.8875],"faces":{"east":{"uv":[0.0,5.25,1.0,6.375],"tintindex":0,"rotation":0,"texture":"#0"},"south":{"uv":[9.625,14.5,9.75,15.625],"tintindex":0,"rotation":0,"texture":"#0"},"north":{"uv":[8.25,14.5,8.375,15.625],"tintindex":0,"rotation":0,"texture":"#0"},"west":{"uv":[5.25,2.875,6.25,4.0],"tintindex":0,"rotation":0,"texture":"#0"},"up":{"uv":[5.75,15.625,5.625,14.625],"tintindex":0,"rotation":0,"texture":"#0"},"down":{"uv":[5.875,14.625,5.75,15.625],"tintindex":0,"rotation":0,"texture":"#0"}}},{"from":[5.3435826,9.0,3.1148067],"to":[8.343583,12.0,4.1148067],"faces":{"east":{"uv":[10.375,15.25,10.5,15.625],"tintindex":0,"rotation":0,"texture":"#0"},"south":{"uv":[14.625,1.0,15.0,1.375],"tintindex":0,"rotation":0,"texture":"#0"},"north":{"uv":[14.625,0.625,15.0,1.0],"tintindex":0,"rotation":0,"texture":"#0"},"west":{"uv":[10.5,15.25,10.625,15.625],"tintindex":0,"rotation":0,"texture":"#0"},"up":{"uv":[15.625,13.0,15.25,12.875],"tintindex":0,"rotation":0,"texture":"#0"},"down":{"uv":[15.625,13.0,15.25,13.125],"tintindex":0,"rotation":0,"texture":"#0"}},"rotation":{"origin":[6.3435826,10.5,3.6148067],"angle":22.5,"axis":"y"}},{"from":[7.2674623,13.0,2.2321234],"to":[8.267462,15.0,3.2321234],"faces":{"east":{"uv":[8.875,15.375,9.0,15.625],"tintindex":0,"rotation":0,"texture":"#0"},"south":{"uv":[9.0,15.375,9.125,15.625],"tintindex":0,"rotation":0,"texture":"#0"},"north":{"uv":[8.625,15.375,8.75,15.625],"tintindex":0,"rotation":0,"texture":"#0"},"west":{"uv":[15.375,9.0,15.5,9.25],"tintindex":0,"rotation":0,"texture":"#0"},"up":{"uv":[9.25,15.625,9.125,15.5],"tintindex":0,"rotation":0,"texture":"#0"},"down":{"uv":[15.625,9.125,15.5,9.25],"tintindex":0,"rotation":0,"texture":"#0"}},"rotation":{"origin":[7.2674623,15.5,2.7321234],"angle":22.5,"axis":"y"}},{"from":[7.6373873,8.0,3.2104774],"to":[9.637387,9.0,4.2104774],"faces":{"east":{"uv":[9.5,15.5,9.625,15.625],"tintindex":0,"rotation":0,"texture":"#0"},"south":{"uv":[15.375,9.625,15.625,9.75],"tintindex":0,"rotation":0,"texture":"#0"},"north":{"uv":[15.375,9.5,15.625,9.625],"tintindex":0,"rotation":0,"texture":"#0"},"west":{"uv":[10.0,15.5,10.125,15.625],"tintindex":0,"rotation":0,"texture":"#0"},"up":{"uv":[15.625,9.875,15.375,9.75],"tintindex":0,"rotation":0,"texture":"#0"},"down":{"uv":[15.625,9.875,15.375,10.0],"tintindex":0,"rotation":0,"texture":"#0"}},"rotation":{"origin":[9.887387,9.5,3.7104774],"angle":-22.5,"axis":"y"}},{"from":[5.2674623,13.0,2.2321234],"to":[6.2674623,15.0,3.2321234],"faces":{"east":{"uv":[15.375,0.5,15.5,0.75],"tintindex":0,"rotation":0,"texture":"#0"},"south":{"uv":[0.75,15.375,0.875,15.625],"tintindex":0,"rotation":0,"texture":"#0"},"north":{"uv":[15.375,0.25,15.5,0.5],"tintindex":0,"rotation":0,"texture":"#0"},"west":{"uv":[15.375,0.75,15.5,1.0],"tintindex":0,"rotation":0,"texture":"#0"},"up":{"uv":[6.875,15.625,6.75,15.5],"tintindex":0,"rotation":0,"texture":"#0"},"down":{"uv":[8.0,15.5,7.875,15.625],"tintindex":0,"rotation":0,"texture":"#0"}},"rotation":{"origin":[7.2674623,15.5,2.7321234],"angle":22.5,"axis":"y"}}],"display":{"head":{"rotation":[0.0,0.0,0.0]},"firstperson_righthand":{"rotation":[0.0,0.0,0.0]},"thirdperson_lefthand":{"rotation":[0.0,-0.0,-0.0]},"firstperson_lefthand":{"rotation":[0.0,-0.0,-0.0]},"fixed":{"rotation":[0.0,0.0,0.0]},"ground":{"rotation":[0.0,0.0,0.0]},"thirdperson_righthand":{"rotation":[0.0,0.0,0.0]},"gui":{"rotation":[-150.0,-75.0,-180.0]}}}