{"textures":{"0":"modelengine:block/em_chromoknight"},"elements":[{"from":[6.0,4.1137,7.4047],"to":[11.0,5.1137,13.404699],"faces":{"east":{"uv":[14.875,10.125,15.625,10.25],"tintindex":0,"rotation":0,"texture":"#0"},"south":{"uv":[15.0,11.25,15.625,11.375],"tintindex":0,"rotation":0,"texture":"#0"},"north":{"uv":[15.0,11.125,15.625,11.25],"tintindex":0,"rotation":0,"texture":"#0"},"west":{"uv":[14.875,10.5,15.625,10.625],"tintindex":0,"rotation":0,"texture":"#0"},"up":{"uv":[6.375,12.625,5.75,11.875],"tintindex":0,"rotation":0,"texture":"#0"},"down":{"uv":[12.5,7.375,11.875,8.125],"tintindex":0,"rotation":0,"texture":"#0"}}},{"from":[5.97,7.0836997,5.3747],"to":[11.03,9.1437,11.4347],"faces":{"east":{"uv":[14.125,10.0,14.875,10.25],"tintindex":0,"rotation":0,"texture":"#0"},"south":{"uv":[12.125,14.5,12.75,14.75],"tintindex":0,"rotation":0,"texture":"#0"},"north":{"uv":[11.5,14.5,12.125,14.75],"tintindex":0,"rotation":0,"texture":"#0"},"west":{"uv":[14.125,10.5,14.875,10.75],"tintindex":0,"rotation":0,"texture":"#0"},"up":{"uv":[12.5,3.875,11.875,3.125],"tintindex":0,"rotation":0,"texture":"#0"},"down":{"uv":[12.5,3.875,11.875,4.625],"tintindex":0,"rotation":0,"texture":"#0"}}},{"from":[6.0,5.1137,1.4046998],"to":[11.0,7.1137,13.404699],"faces":{"east":{"uv":[12.875,1.75,14.375,2.0],"tintindex":0,"rotation":0,"texture":"#0"},"south":{"uv":[14.5,13.25,15.125,13.5],"tintindex":0,"rotation":0,"texture":"#0"},"north":{"uv":[12.75,14.5,13.375,14.75],"tintindex":0,"rotation":0,"texture":"#0"},"west":{"uv":[12.875,2.0,14.375,2.25],"tintindex":0,"rotation":0,"texture":"#0"},"up":{"uv":[3.375,8.5,2.75,7.0],"tintindex":0,"rotation":0,"texture":"#0"},"down":{"uv":[7.875,3.625,7.25,5.125],"tintindex":0,"rotation":0,"texture":"#0"}}},{"from":[6.0,4.1137,1.4046998],"to":[11.0,5.1137,6.4047003],"faces":{"east":{"uv":[15.0,11.875,15.625,12.0],"tintindex":0,"rotation":0,"texture":"#0"},"south":{"uv":[15.0,12.0,15.625,12.125],"tintindex":0,"rotation":0,"texture":"#0"},"north":{"uv":[15.0,11.75,15.625,11.875],"tintindex":0,"rotation":0,"texture":"#0"},"west":{"uv":[15.0,12.375,15.625,12.5],"tintindex":0,"rotation":0,"texture":"#0"},"up":{"uv":[3.125,13.0,2.5,12.375],"tintindex":0,"rotation":0,"texture":"#0"},"down":{"uv":[13.125,0.0,12.5,0.625],"tintindex":0,"rotation":0,"texture":"#0"}}},{"from":[5.8,7.601969,7.147088],"to":[11.7,9.501968,9.047088],"faces":{"east":{"uv":[15.125,9.75,15.375,10.0],"tintindex":0,"rotation":0,"texture":"#0"},"south":{"uv":[8.375,14.125,9.125,14.375],"tintindex":0,"rotation":0,"texture":"#0"},"north":{"uv":[14.125,7.625,14.875,7.875],"tintindex":0,"rotation":0,"texture":"#0"},"west":{"uv":[12.25,15.125,12.5,15.375],"tintindex":0,"rotation":0,"texture":"#0"},"up":{"uv":[14.875,9.75,14.125,9.5],"tintindex":0,"rotation":0,"texture":"#0"},"down":{"uv":[14.875,9.75,14.125,10.0],"tintindex":0,"rotation":0,"texture":"#0"}},"rotation":{"origin":[9.25,7.1519685,12.4970875],"angle":-22.5,"axis":"x"}},{"from":[6.0,8.952864,4.57481],"to":[11.0,11.952865,10.57481],"faces":{"east":{"uv":[0.0,13.5,0.75,13.875],"tintindex":0,"rotation":0,"texture":"#0"},"south":{"uv":[13.5,11.5,14.125,11.875],"tintindex":0,"rotation":0,"texture":"#0"},"north":{"uv":[13.5,9.875,14.125,10.25],"tintindex":0,"rotation":0,"texture":"#0"},"west":{"uv":[0.75,13.5,1.5,13.875],"tintindex":0,"rotation":0,"texture":"#0"},"up":{"uv":[11.375,12.5,10.75,11.75],"tintindex":0,"rotation":0,"texture":"#0"},"down":{"uv":[0.625,11.875,0.0,12.625],"tintindex":0,"rotation":0,"texture":"#0"}},"rotation":{"origin":[8.45,6.697213,4.623539],"angle":22.5,"axis":"x"}},{"from":[6.009,6.1747427,2.5897405],"to":[10.991,8.156743,7.571741],"faces":{"east":{"uv":[14.5,13.5,15.125,13.75],"tintindex":0,"rotation":0,"texture":"#0"},"south":{"uv":[14.5,13.75,15.125,14.0],"tintindex":0,"rotation":0,"texture":"#0"},"north":{"uv":[13.375,14.5,14.0,14.75],"tintindex":0,"rotation":0,"texture":"#0"},"west":{"uv":[14.0,14.5,14.625,14.75],"tintindex":0,"rotation":0,"texture":"#0"},"up":{"uv":[13.125,3.625,12.5,3.0],"tintindex":0,"rotation":0,"texture":"#0"},"down":{"uv":[13.125,3.625,12.5,4.25],"tintindex":0,"rotation":0,"texture":"#0"}},"rotation":{"origin":[8.45,6.697213,5.623539],"angle":-22.5,"axis":"x"}},{"from":[5.8,6.5637,9.0547],"to":[11.7,9.4637,12.9546995],"faces":{"east":{"uv":[7.875,14.125,8.375,14.5],"tintindex":0,"rotation":0,"texture":"#0"},"south":{"uv":[13.375,12.875,14.125,13.25],"tintindex":0,"rotation":0,"texture":"#0"},"north":{"uv":[12.75,13.375,13.5,13.75],"tintindex":0,"rotation":0,"texture":"#0"},"west":{"uv":[14.125,8.125,14.625,8.5],"tintindex":0,"rotation":0,"texture":"#0"},"up":{"uv":[13.5,12.875,12.75,12.375],"tintindex":0,"rotation":0,"texture":"#0"},"down":{"uv":[13.625,1.25,12.875,1.75],"tintindex":0,"rotation":0,"texture":"#0"}},"rotation":{"origin":[9.25,7.1137,12.404699],"angle":-22.5,"axis":"x"}}],"display":{"head":{"rotation":[0.0,0.0,0.0]},"firstperson_righthand":{"rotation":[0.0,0.0,0.0]},"thirdperson_lefthand":{"rotation":[0.0,-0.0,-0.0]},"firstperson_lefthand":{"rotation":[0.0,-0.0,-0.0]},"fixed":{"rotation":[0.0,0.0,0.0]},"ground":{"rotation":[0.0,0.0,0.0]},"thirdperson_righthand":{"rotation":[0.0,0.0,0.0]},"gui":{"rotation":[-150.0,-75.0,-180.0]}}}