{"textures":{"0":"modelengine:block/em_chromoknight"},"elements":[{"from":[5.2402606,4.5601306,6.2071304],"to":[8.04026,6.360131,11.00713],"faces":{"east":{"uv":[14.5,2.25,15.125,2.5],"tintindex":0,"rotation":0,"texture":"#0"},"south":{"uv":[0.625,14.875,1.0,15.125],"tintindex":0,"rotation":0,"texture":"#0"},"north":{"uv":[0.25,14.875,0.625,15.125],"tintindex":0,"rotation":0,"texture":"#0"},"west":{"uv":[14.5,2.5,15.125,2.75],"tintindex":0,"rotation":0,"texture":"#0"},"up":{"uv":[1.125,10.875,0.75,10.25],"tintindex":0,"rotation":0,"texture":"#0"},"down":{"uv":[8.375,13.5,8.0,14.125],"tintindex":0,"rotation":0,"texture":"#0"}}},{"from":[5.240261,3.1601303,6.9571304],"to":[9.640261,4.56013,8.35713],"faces":{"east":{"uv":[15.5,5.375,15.625,5.5],"tintindex":0,"rotation":0,"texture":"#0"},"south":{"uv":[15.125,3.5,15.625,3.625],"tintindex":0,"rotation":0,"texture":"#0"},"north":{"uv":[15.125,3.375,15.625,3.5],"tintindex":0,"rotation":0,"texture":"#0"},"west":{"uv":[15.5,5.5,15.625,5.625],"tintindex":0,"rotation":0,"texture":"#0"},"up":{"uv":[15.625,3.75,15.125,3.625],"tintindex":0,"rotation":0,"texture":"#0"},"down":{"uv":[15.625,3.75,15.125,3.875],"tintindex":0,"rotation":0,"texture":"#0"}}},{"from":[4.8402605,6.3601303,5.4071302],"to":[9.8402605,8.36013,11.40713],"faces":{"east":{"uv":[12.625,14.0,13.375,14.25],"tintindex":0,"rotation":0,"texture":"#0"},"south":{"uv":[14.5,3.75,15.125,4.0],"tintindex":0,"rotation":0,"texture":"#0"},"north":{"uv":[14.5,3.5,15.125,3.75],"tintindex":0,"rotation":0,"texture":"#0"},"west":{"uv":[13.75,14.0,14.5,14.25],"tintindex":0,"rotation":0,"texture":"#0"},"up":{"uv":[12.375,1.375,11.75,0.625],"tintindex":0,"rotation":0,"texture":"#0"},"down":{"uv":[7.5,11.75,6.875,12.5],"tintindex":0,"rotation":0,"texture":"#0"}}},{"from":[5.240261,3.1601303,8.70713],"to":[9.640261,4.56013,10.10713],"faces":{"east":{"uv":[5.125,15.5,5.25,15.625],"tintindex":0,"rotation":0,"texture":"#0"},"south":{"uv":[15.125,3.0,15.625,3.125],"tintindex":0,"rotation":0,"texture":"#0"},"north":{"uv":[15.125,2.875,15.625,3.0],"tintindex":0,"rotation":0,"texture":"#0"},"west":{"uv":[15.5,5.25,15.625,5.375],"tintindex":0,"rotation":0,"texture":"#0"},"up":{"uv":[15.625,3.25,15.125,3.125],"tintindex":0,"rotation":0,"texture":"#0"},"down":{"uv":[15.625,3.25,15.125,3.375],"tintindex":0,"rotation":0,"texture":"#0"}}},{"from":[5.240261,3.1601303,5.2071304],"to":[9.640261,4.56013,6.60713],"faces":{"east":{"uv":[15.5,5.625,15.625,5.75],"tintindex":0,"rotation":0,"texture":"#0"},"south":{"uv":[15.125,6.875,15.625,7.0],"tintindex":0,"rotation":0,"texture":"#0"},"north":{"uv":[15.125,3.875,15.625,4.0],"tintindex":0,"rotation":0,"texture":"#0"},"west":{"uv":[15.5,5.75,15.625,5.875],"tintindex":0,"rotation":0,"texture":"#0"},"up":{"uv":[15.625,7.125,15.125,7.0],"tintindex":0,"rotation":0,"texture":"#0"},"down":{"uv":[15.625,7.125,15.125,7.25],"tintindex":0,"rotation":0,"texture":"#0"}}},{"from":[7.8402605,3.3601303,5.4071302],"to":[9.8402605,6.3601303,11.40713],"faces":{"east":{"uv":[13.375,3.875,14.125,4.25],"tintindex":0,"rotation":0,"texture":"#0"},"south":{"uv":[1.25,14.875,1.5,15.25],"tintindex":0,"rotation":0,"texture":"#0"},"north":{"uv":[1.0,14.875,1.25,15.25],"tintindex":0,"rotation":0,"texture":"#0"},"west":{"uv":[13.375,5.0,14.125,5.375],"tintindex":0,"rotation":0,"texture":"#0"},"up":{"uv":[7.625,14.625,7.375,13.875],"tintindex":0,"rotation":0,"texture":"#0"},"down":{"uv":[7.875,13.875,7.625,14.625],"tintindex":0,"rotation":0,"texture":"#0"}}},{"from":[3.8402605,3.3601303,5.4071302],"to":[5.8402605,6.3601303,7.4071302],"faces":{"east":{"uv":[14.25,14.75,14.5,15.125],"tintindex":0,"rotation":0,"texture":"#0"},"south":{"uv":[14.75,14.5,15.0,14.875],"tintindex":0,"rotation":0,"texture":"#0"},"north":{"uv":[14.0,14.75,14.25,15.125],"tintindex":0,"rotation":0,"texture":"#0"},"west":{"uv":[0.0,14.875,0.25,15.25],"tintindex":0,"rotation":0,"texture":"#0"},"up":{"uv":[13.375,4.25,13.125,4.0],"tintindex":0,"rotation":0,"texture":"#0"},"down":{"uv":[1.0,15.125,0.75,15.375],"tintindex":0,"rotation":0,"texture":"#0"}}},{"from":[5.240261,3.1601303,10.20713],"to":[9.640261,4.56013,11.60713],"faces":{"east":{"uv":[15.5,4.25,15.625,4.375],"tintindex":0,"rotation":0,"texture":"#0"},"south":{"uv":[15.125,2.5,15.625,2.625],"tintindex":0,"rotation":0,"texture":"#0"},"north":{"uv":[15.125,2.375,15.625,2.5],"tintindex":0,"rotation":0,"texture":"#0"},"west":{"uv":[15.5,4.375,15.625,4.5],"tintindex":0,"rotation":0,"texture":"#0"},"up":{"uv":[15.625,2.75,15.125,2.625],"tintindex":0,"rotation":0,"texture":"#0"},"down":{"uv":[15.625,2.75,15.125,2.875],"tintindex":0,"rotation":0,"texture":"#0"}}}],"display":{"head":{"rotation":[0.0,0.0,0.0]},"firstperson_righthand":{"rotation":[0.0,0.0,0.0]},"thirdperson_lefthand":{"rotation":[0.0,-0.0,-0.0]},"firstperson_lefthand":{"rotation":[0.0,-0.0,-0.0]},"fixed":{"rotation":[0.0,0.0,0.0]},"ground":{"rotation":[0.0,0.0,0.0]},"thirdperson_righthand":{"rotation":[0.0,0.0,0.0]},"gui":{"rotation":[-150.0,-75.0,-180.0]}}}