{"textures":{"0":"modelengine:archer/nocsy_skeleton_archer_end"},"elements":[{"from":[7.4,6.8415713,5.0642114],"to":[8.6,8.541572,11.264212],"faces":{"east":{"uv":[1.875,5.125,2.625,5.3125],"tintindex":0,"rotation":0,"texture":"#0"},"south":{"uv":[4.75,8.125,4.875,8.3125],"tintindex":0,"rotation":0,"texture":"#0"},"north":{"uv":[4.625,8.125,4.75,8.3125],"tintindex":0,"rotation":0,"texture":"#0"},"west":{"uv":[4.25,5.125,5.0,5.3125],"tintindex":0,"rotation":0,"texture":"#0"},"up":{"uv":[6.375,4.75,6.25,4.0],"tintindex":0,"rotation":0,"texture":"#0"},"down":{"uv":[4.25,6.25,4.125,7.0],"tintindex":0,"rotation":0,"texture":"#0"}}},{"from":[7.49,7.2315702,2.554211],"to":[8.51,8.251571,13.574211],"faces":{"east":{"uv":[4.625,1.0,6.0,1.125],"tintindex":0,"rotation":0,"texture":"#0"},"south":{"uv":[2.75,8.375,2.875,8.5],"tintindex":0,"rotation":0,"texture":"#0"},"north":{"uv":[8.375,2.625,8.5,2.75],"tintindex":0,"rotation":0,"texture":"#0"},"west":{"uv":[4.75,1.125,6.125,1.25],"tintindex":0,"rotation":0,"texture":"#0"},"up":{"uv":[3.875,6.0,3.75,4.625],"tintindex":0,"rotation":0,"texture":"#0"},"down":{"uv":[4.0,4.625,3.875,6.0],"tintindex":0,"rotation":0,"texture":"#0"}}},{"from":[7.6,9.837348,15.198572],"to":[8.4,13.637346,15.998571],"faces":{"east":{"uv":[0.5,6.875,0.625,7.375],"tintindex":0,"rotation":0,"texture":"#0"},"south":{"uv":[0.625,6.875,0.75,7.375],"tintindex":0,"rotation":0,"texture":"#0"},"north":{"uv":[0.375,6.875,0.5,7.375],"tintindex":0,"rotation":0,"texture":"#0"},"west":{"uv":[0.75,6.875,0.875,7.375],"tintindex":0,"rotation":0,"texture":"#0"},"up":{"uv":[8.5,3.0,8.375,2.875],"tintindex":0,"rotation":0,"texture":"#0"},"down":{"uv":[3.125,8.375,3.0,8.5],"tintindex":0,"rotation":0,"texture":"#0"}},"rotation":{"origin":[8.0,10.962348,14.348572],"angle":22.5,"axis":"x"}},{"from":[7.7,12.4,16.1],"to":[8.3,14.000001,16.699999],"faces":{"east":{"uv":[3.25,7.875,3.375,8.125],"tintindex":0,"rotation":0,"texture":"#0"},"south":{"uv":[3.375,7.875,3.5,8.125],"tintindex":0,"rotation":0,"texture":"#0"},"north":{"uv":[3.125,7.875,3.25,8.125],"tintindex":0,"rotation":0,"texture":"#0"},"west":{"uv":[3.5,7.875,3.625,8.125],"tintindex":0,"rotation":0,"texture":"#0"},"up":{"uv":[8.5,3.125,8.375,3.0],"tintindex":0,"rotation":0,"texture":"#0"},"down":{"uv":[3.25,8.375,3.125,8.5],"tintindex":0,"rotation":0,"texture":"#0"}}},{"from":[7.9,12.2,-0.22857761],"to":[7.9,14.200001,16.171423],"faces":{"east":{"uv":[1.0,1.0,3.0625,1.25],"tintindex":0,"rotation":0,"texture":"#0"},"west":{"uv":[1.0,1.25,3.0625,1.5],"tintindex":0,"rotation":0,"texture":"#0"}}},{"from":[7.5,8.331174,-0.017694473],"to":[8.5,9.331174,2.9823065],"faces":{"east":{"uv":[7.0,1.75,7.375,1.875],"tintindex":0,"rotation":0,"texture":"#0"},"south":{"uv":[2.625,8.375,2.75,8.5],"tintindex":0,"rotation":0,"texture":"#0"},"north":{"uv":[2.5,8.375,2.625,8.5],"tintindex":0,"rotation":0,"texture":"#0"},"west":{"uv":[7.0,2.25,7.375,2.375],"tintindex":0,"rotation":0,"texture":"#0"},"up":{"uv":[2.875,7.375,2.75,7.0],"tintindex":0,"rotation":0,"texture":"#0"},"down":{"uv":[4.125,7.0,4.0,7.375],"tintindex":0,"rotation":0,"texture":"#0"}},"rotation":{"origin":[8.0,8.281174,1.4323063],"angle":45.0,"axis":"x"}},{"from":[7.6,9.837348,-0.027148627],"to":[8.4,13.637346,0.77285135],"faces":{"east":{"uv":[6.375,6.75,6.5,7.25],"tintindex":0,"rotation":0,"texture":"#0"},"south":{"uv":[6.75,6.625,6.875,7.125],"tintindex":0,"rotation":0,"texture":"#0"},"north":{"uv":[6.75,6.125,6.875,6.625],"tintindex":0,"rotation":0,"texture":"#0"},"west":{"uv":[0.25,6.875,0.375,7.375],"tintindex":0,"rotation":0,"texture":"#0"},"up":{"uv":[2.5,8.5,2.375,8.375],"tintindex":0,"rotation":0,"texture":"#0"},"down":{"uv":[8.5,2.375,8.375,2.5],"tintindex":0,"rotation":0,"texture":"#0"}},"rotation":{"origin":[8.0,10.962348,1.6228514],"angle":-22.5,"axis":"x"}},{"from":[7.5,8.331174,12.989117],"to":[8.5,9.331174,15.989117],"faces":{"east":{"uv":[7.0,2.875,7.375,3.0],"tintindex":0,"rotation":0,"texture":"#0"},"south":{"uv":[2.875,8.375,3.0,8.5],"tintindex":0,"rotation":0,"texture":"#0"},"north":{"uv":[8.375,2.75,8.5,2.875],"tintindex":0,"rotation":0,"texture":"#0"},"west":{"uv":[7.0,3.375,7.375,3.5],"tintindex":0,"rotation":0,"texture":"#0"},"up":{"uv":[4.25,7.375,4.125,7.0],"tintindex":0,"rotation":0,"texture":"#0"},"down":{"uv":[7.125,4.125,7.0,4.5],"tintindex":0,"rotation":0,"texture":"#0"}},"rotation":{"origin":[8.0,8.281174,14.539116],"angle":-45.0,"axis":"x"}},{"from":[7.7,12.4,-0.72857744],"to":[8.3,14.000001,-0.1285779],"faces":{"east":{"uv":[7.875,2.625,8.0,2.875],"tintindex":0,"rotation":0,"texture":"#0"},"south":{"uv":[2.875,7.875,3.0,8.125],"tintindex":0,"rotation":0,"texture":"#0"},"north":{"uv":[0.625,7.875,0.75,8.125],"tintindex":0,"rotation":0,"texture":"#0"},"west":{"uv":[3.0,7.875,3.125,8.125],"tintindex":0,"rotation":0,"texture":"#0"},"up":{"uv":[2.25,8.5,2.125,8.375],"tintindex":0,"rotation":0,"texture":"#0"},"down":{"uv":[2.375,8.375,2.25,8.5],"tintindex":0,"rotation":0,"texture":"#0"}}}],"display":{"head":{"rotation":[0.0,0.0,0.0]},"firstperson_righthand":{"rotation":[0.0,0.0,0.0]},"thirdperson_lefthand":{"rotation":[0.0,-0.0,-0.0]},"firstperson_lefthand":{"rotation":[0.0,-0.0,-0.0]},"fixed":{"rotation":[0.0,0.0,0.0]},"ground":{"rotation":[0.0,0.0,0.0]},"thirdperson_righthand":{"rotation":[0.0,0.0,0.0]},"gui":{"rotation":[-150.0,-75.0,-180.0]}}}