{"textures":{"0":"modelengine:archer/nocsy_skeleton_archer_end"},"elements":[{"from":[6.861328,0.5219805,7.3268723],"to":[7.959328,8.459981,8.334873],"faces":{"east":{"uv":[4.75,5.375,4.875,6.375],"tintindex":0,"rotation":0,"texture":"#0"},"south":{"uv":[4.875,5.375,5.0,6.375],"tintindex":0,"rotation":0,"texture":"#0"},"north":{"uv":[2.875,5.125,3.0,6.125],"tintindex":0,"rotation":0,"texture":"#0"},"west":{"uv":[1.75,5.5,1.875,6.5],"tintindex":0,"rotation":0,"texture":"#0"},"up":{"uv":[1.5,8.375,1.375,8.25],"tintindex":0,"rotation":0,"texture":"#0"},"down":{"uv":[2.875,8.25,2.75,8.375],"tintindex":0,"rotation":0,"texture":"#0"}}},{"from":[7.7559967,0.7491429,7.449292],"to":[9.393997,2.387143,9.087293],"faces":{"east":{"uv":[3.75,7.5,3.9375,7.6875],"tintindex":0,"rotation":0,"texture":"#0"},"south":{"uv":[7.5,4.125,7.6875,4.3125],"tintindex":0,"rotation":0,"texture":"#0"},"north":{"uv":[7.5,3.625,7.6875,3.8125],"tintindex":0,"rotation":0,"texture":"#0"},"west":{"uv":[4.75,7.5,4.9375,7.6875],"tintindex":0,"rotation":0,"texture":"#0"},"up":{"uv":[5.1875,7.6875,5.0,7.5],"tintindex":0,"rotation":0,"texture":"#0"},"down":{"uv":[7.6875,5.0,7.5,5.1875],"tintindex":0,"rotation":0,"texture":"#0"}},"rotation":{"origin":[7.572812,0.06619358,7.8816786],"angle":45.0,"axis":"z"}}],"display":{"head":{"rotation":[0.0,0.0,0.0]},"firstperson_righthand":{"rotation":[0.0,0.0,0.0]},"thirdperson_lefthand":{"rotation":[0.0,-0.0,-0.0]},"firstperson_lefthand":{"rotation":[0.0,-0.0,-0.0]},"fixed":{"rotation":[0.0,0.0,0.0]},"ground":{"rotation":[0.0,0.0,0.0]},"thirdperson_righthand":{"rotation":[0.0,0.0,0.0]},"gui":{"rotation":[-150.0,-75.0,-180.0]}}}