{"textures":{"0":"modelengine:entity/r2d2"},"elements":[{"from":[6.3258877,6.7993083,6.625],"to":[7.3258877,9.799309,8.625],"faces":{"east":{"uv":[13.25,0.75,13.75,0.0],"tintindex":0,"rotation":0,"texture":"#0"},"south":{"uv":[13.25,0.75,13.5,0.0],"tintindex":0,"rotation":0,"texture":"#0"},"north":{"uv":[13.5,0.75,13.75,0.0],"tintindex":0,"rotation":0,"texture":"#0"},"west":{"uv":[13.75,0.75,13.25,0.0],"tintindex":0,"rotation":0,"texture":"#0"},"up":{"uv":[13.75,0.5,13.25,0.75],"tintindex":0,"rotation":90,"texture":"#0"},"down":{"uv":[13.25,0.0,13.75,0.25],"tintindex":0,"rotation":90,"texture":"#0"}}}],"display":{"head":{"rotation":[0.0,0.0,-7.5]},"firstperson_righthand":{"rotation":[0.0,0.0,-7.5]},"thirdperson_lefthand":{"rotation":[0.0,-0.0,7.5]},"firstperson_lefthand":{"rotation":[0.0,-0.0,7.5]},"fixed":{"rotation":[0.0,0.0,-7.5]},"ground":{"rotation":[0.0,0.0,-7.5]},"thirdperson_righthand":{"rotation":[0.0,0.0,-7.5]},"gui":{"rotation":[-150.0,-75.0,172.5]}}}