{"textures":{"0":"modelengine:block/goblin_assassin","1":"modelengine:block/goblin_assassin_extra"},"elements":[{"from":[3.0,7.583334,4.333333],"to":[13.0,10.583334,9.333333],"faces":{"east":{"uv":[9.5,4.25,10.125,4.625],"tintindex":0,"rotation":0,"texture":"#0"},"south":{"uv":[8.0,3.125,9.25,3.5],"tintindex":0,"rotation":0,"texture":"#0"},"north":{"uv":[8.0,2.625,9.25,3.0],"tintindex":0,"rotation":0,"texture":"#0"},"west":{"uv":[9.625,6.25,10.25,6.625],"tintindex":0,"rotation":0,"texture":"#0"},"up":{"uv":[6.625,3.625,5.375,3.0],"tintindex":0,"rotation":0,"texture":"#0"},"down":{"uv":[6.625,3.75,5.375,4.375],"tintindex":0,"rotation":0,"texture":"#0"}}},{"from":[2.5,7.083334,3.8333335],"to":[13.5,11.083334,12.833334],"faces":{"east":{"uv":[1.5,3.5,2.625,4.0],"tintindex":0,"rotation":0,"texture":"#1"},"south":{"uv":[1.5,4.25,2.875,4.75],"tintindex":0,"rotation":0,"texture":"#1"},"north":{"uv":[0.0,4.25,1.375,4.75],"tintindex":0,"rotation":0,"texture":"#1"},"west":{"uv":[4.25,2.0,5.375,2.5],"tintindex":0,"rotation":0,"texture":"#1"},"up":{"uv":[3.375,1.125,2.0,0.0],"tintindex":0,"rotation":0,"texture":"#1"},"down":{"uv":[3.375,1.25,2.0,2.375],"tintindex":0,"rotation":0,"texture":"#1"}}},{"from":[3.0,7.583334,8.333333],"to":[13.0,10.583334,12.333334],"faces":{"east":{"uv":[9.5,9.875,10.0,10.25],"tintindex":0,"rotation":0,"texture":"#0"},"south":{"uv":[7.625,8.25,8.875,8.625],"tintindex":0,"rotation":0,"texture":"#0"},"north":{"uv":[8.125,4.25,9.375,4.625],"tintindex":0,"rotation":0,"texture":"#0"},"west":{"uv":[10.0,0.0,10.5,0.375],"tintindex":0,"rotation":0,"texture":"#0"},"up":{"uv":[8.0,4.75,6.75,4.25],"tintindex":0,"rotation":0,"texture":"#0"},"down":{"uv":[6.0,6.875,4.75,7.375],"tintindex":0,"rotation":0,"texture":"#0"}}},{"from":[2.75,10.583334,4.283333],"to":[6.75,13.583334,4.283333],"faces":{"south":{"uv":[6.5,2.375,7.0,2.75],"tintindex":0,"rotation":0,"texture":"#1"},"north":{"uv":[6.5,0.0,7.0,0.375],"tintindex":0,"rotation":0,"texture":"#1"}}},{"from":[7.0,7.583334,0.3333335],"to":[9.0,12.583334,4.333333],"faces":{"east":{"uv":[6.125,8.875,6.625,9.5],"tintindex":0,"rotation":0,"texture":"#0"},"south":{"uv":[10.125,4.75,10.375,5.375],"tintindex":0,"rotation":0,"texture":"#0"},"north":{"uv":[1.875,7.125,2.125,7.75],"tintindex":0,"rotation":0,"texture":"#0"},"west":{"uv":[8.875,8.75,9.375,9.375],"tintindex":0,"rotation":0,"texture":"#0"},"up":{"uv":[8.0,10.75,7.75,10.25],"tintindex":0,"rotation":0,"texture":"#0"},"down":{"uv":[8.375,10.25,8.125,10.75],"tintindex":0,"rotation":0,"texture":"#0"}}},{"from":[3.0,10.583334,4.333333],"to":[13.0,15.583334,12.333334],"faces":{"east":{"uv":[0.0,6.375,1.0,7.0],"tintindex":0,"rotation":0,"texture":"#0"},"south":{"uv":[0.0,5.625,1.25,6.25],"tintindex":0,"rotation":0,"texture":"#0"},"north":{"uv":[5.375,4.5,6.625,5.125],"tintindex":0,"rotation":0,"texture":"#0"},"west":{"uv":[1.125,6.375,2.125,7.0],"tintindex":0,"rotation":0,"texture":"#0"},"up":{"uv":[1.25,5.5,0.0,4.5],"tintindex":0,"rotation":0,"texture":"#0"},"down":{"uv":[2.625,4.5,1.375,5.5],"tintindex":0,"rotation":0,"texture":"#0"}}},{"from":[2.75,10.583334,4.283333],"to":[2.75,13.583334,7.2833333],"faces":{"east":{"uv":[5.0,1.5,5.375,1.875],"tintindex":0,"rotation":0,"texture":"#1"},"west":{"uv":[4.875,6.5,5.25,6.875],"tintindex":0,"rotation":0,"texture":"#1"}}}],"display":{"head":{"rotation":[0.0,0.0,0.0]},"firstperson_righthand":{"rotation":[0.0,0.0,0.0]},"thirdperson_lefthand":{"rotation":[0.0,-0.0,-0.0]},"firstperson_lefthand":{"rotation":[0.0,-0.0,-0.0]},"fixed":{"rotation":[0.0,0.0,0.0]},"ground":{"rotation":[0.0,0.0,0.0]},"thirdperson_righthand":{"rotation":[0.0,0.0,0.0]},"gui":{"rotation":[-150.0,-75.0,-180.0]}}}