{"textures":{"1":"modelengine:block/goblin_assassin_extra"},"elements":[{"from":[0.75,0.24999952,17.0],"to":[0.75,8.25,32.0],"faces":{"east":{"uv":[1.875,1.125,0.0,2.125],"tintindex":0,"rotation":0,"texture":"#1"},"west":{"uv":[0.0,1.125,1.875,2.125],"tintindex":0,"rotation":0,"texture":"#1"}}},{"from":[-0.25,3.25,9.0],"to":[1.75,6.25,18.0],"faces":{"east":{"uv":[1.5,4.875,2.625,5.25],"tintindex":0,"rotation":0,"texture":"#1"},"south":{"uv":[2.375,6.75,2.625,7.125],"tintindex":0,"rotation":0,"texture":"#1"},"north":{"uv":[5.75,6.5,6.0,6.875],"tintindex":0,"rotation":0,"texture":"#1"},"west":{"uv":[2.75,4.875,3.875,5.25],"tintindex":0,"rotation":0,"texture":"#1"},"up":{"uv":[4.125,7.125,3.875,6.0],"tintindex":0,"rotation":0,"texture":"#1"},"down":{"uv":[4.5,6.0,4.25,7.125],"tintindex":0,"rotation":0,"texture":"#1"}}},{"from":[0.5,2.2499995,18.0],"to":[1.0,6.25,26.0],"faces":{"east":{"uv":[4.0,4.25,3.0,4.75],"tintindex":0,"rotation":0,"texture":"#1"},"south":{"uv":[6.875,1.125,7.0,1.625],"tintindex":0,"rotation":0,"texture":"#1"},"north":{"uv":[6.875,0.5,7.0,1.0],"tintindex":0,"rotation":0,"texture":"#1"},"west":{"uv":[3.0,4.25,4.0,4.75],"tintindex":0,"rotation":0,"texture":"#1"},"up":{"uv":[1.1875,7.5,1.125,6.5],"tintindex":0,"rotation":0,"texture":"#1"},"down":{"uv":[4.75,6.5,4.625,7.625],"tintindex":0,"rotation":0,"texture":"#1"}}},{"from":[-0.75,2.7499995,8.0],"to":[2.25,6.75,10.0],"faces":{"east":{"uv":[6.5,5.125,6.75,5.625],"tintindex":0,"rotation":0,"texture":"#1"},"south":{"uv":[6.375,0.625,6.75,1.125],"tintindex":0,"rotation":0,"texture":"#1"},"north":{"uv":[0.625,6.375,1.0,6.875],"tintindex":0,"rotation":0,"texture":"#1"},"west":{"uv":[5.375,6.5,5.625,7.0],"tintindex":0,"rotation":0,"texture":"#1"},"up":{"uv":[1.75,7.0,1.375,6.75],"tintindex":0,"rotation":0,"texture":"#1"},"down":{"uv":[2.25,6.75,1.875,7.0],"tintindex":0,"rotation":0,"texture":"#1"}}}],"display":{"head":{"rotation":[0.0,0.0,0.0]},"firstperson_righthand":{"rotation":[0.0,0.0,0.0]},"thirdperson_lefthand":{"rotation":[0.0,-0.0,-0.0]},"firstperson_lefthand":{"rotation":[0.0,-0.0,-0.0]},"fixed":{"rotation":[0.0,0.0,0.0]},"ground":{"rotation":[0.0,0.0,0.0]},"thirdperson_righthand":{"rotation":[0.0,0.0,0.0]},"gui":{"rotation":[-150.0,-75.0,-180.0]}}}