{"textures":{"0":"modelengine:block/goblin_assassin","1":"modelengine:block/goblin_assassin_extra"},"elements":[{"from":[5.5,5.0583334,5.333333],"to":[9.5,7.0583334,10.333333],"faces":{"east":{"uv":[6.5,3.75,7.125,4.0],"tintindex":0,"rotation":0,"texture":"#1"},"south":{"uv":[6.625,6.625,7.125,6.875],"tintindex":0,"rotation":0,"texture":"#1"},"north":{"uv":[6.625,6.625,7.125,6.875],"tintindex":0,"rotation":0,"texture":"#1"},"west":{"uv":[6.5,3.75,7.125,4.0],"tintindex":0,"rotation":0,"texture":"#1"},"up":{"uv":[2.5,6.625,2.0,6.0],"tintindex":0,"rotation":0,"texture":"#1"},"down":{"uv":[3.125,6.0,2.625,6.625],"tintindex":0,"rotation":0,"texture":"#1"}}},{"from":[3.75,4.0833335,4.083333],"to":[4.75,7.0833335,9.083333],"faces":{"east":{"uv":[6.875,4.625,6.25,5.0],"tintindex":0,"rotation":0,"texture":"#1"},"south":{"uv":[6.875,5.125,7.0,5.5],"tintindex":0,"rotation":0,"texture":"#1"},"north":{"uv":[6.875,1.75,7.0,2.125],"tintindex":0,"rotation":0,"texture":"#1"},"west":{"uv":[6.25,4.625,6.875,5.0],"tintindex":0,"rotation":0,"texture":"#1"},"up":{"uv":[2.875,7.375,2.75,6.75],"tintindex":0,"rotation":0,"texture":"#1"},"down":{"uv":[3.125,6.75,3.0,7.375],"tintindex":0,"rotation":0,"texture":"#1"}},"rotation":{"origin":[6.0,5.5833335,7.8333335],"angle":-45.0,"axis":"y"}},{"from":[6.0,-0.91666603,5.833333],"to":[9.0,8.083334,9.833333],"faces":{"east":{"uv":[4.75,7.5,5.25,8.625],"tintindex":0,"rotation":0,"texture":"#0"},"south":{"uv":[7.375,1.25,7.75,2.375],"tintindex":0,"rotation":0,"texture":"#0"},"north":{"uv":[7.375,1.25,7.75,2.375],"tintindex":0,"rotation":0,"texture":"#0"},"west":{"uv":[4.75,7.5,5.25,8.625],"tintindex":0,"rotation":0,"texture":"#0"},"up":{"uv":[7.875,10.0,7.375,9.5],"tintindex":0,"rotation":0,"texture":"#0"},"down":{"uv":[10.0,8.625,9.5,9.125],"tintindex":0,"rotation":0,"texture":"#0"}}},{"from":[5.5,-0.9416666,5.333333],"to":[9.5,2.0583334,10.333333],"faces":{"east":{"uv":[6.125,5.75,6.75,6.125],"tintindex":0,"rotation":0,"texture":"#1"},"south":{"uv":[6.375,2.875,6.875,3.25],"tintindex":0,"rotation":0,"texture":"#1"},"north":{"uv":[6.375,2.875,6.875,3.25],"tintindex":0,"rotation":0,"texture":"#1"},"west":{"uv":[6.125,5.75,6.75,6.125],"tintindex":0,"rotation":0,"texture":"#1"},"up":{"uv":[6.0,6.375,5.5,5.75],"tintindex":0,"rotation":0,"texture":"#1"},"down":{"uv":[1.875,6.0,1.375,6.625],"tintindex":0,"rotation":0,"texture":"#1"}}}],"display":{"head":{"rotation":[0.0,0.0,0.0]},"firstperson_righthand":{"rotation":[0.0,0.0,0.0]},"thirdperson_lefthand":{"rotation":[0.0,-0.0,-0.0]},"firstperson_lefthand":{"rotation":[0.0,-0.0,-0.0]},"fixed":{"rotation":[0.0,0.0,0.0]},"ground":{"rotation":[0.0,0.0,0.0]},"thirdperson_righthand":{"rotation":[0.0,0.0,0.0]},"gui":{"rotation":[-150.0,-75.0,-180.0]}}}