{"textures":{"1":"modelengine:block/goblin_assassin_extra"},"elements":[{"from":[14.25,3.25,9.0],"to":[16.25,6.25,18.0],"faces":{"east":{"uv":[3.875,4.875,2.75,5.25],"tintindex":0,"rotation":0,"texture":"#1"},"south":{"uv":[2.625,6.75,2.375,7.125],"tintindex":0,"rotation":0,"texture":"#1"},"north":{"uv":[6.0,6.5,5.75,6.875],"tintindex":0,"rotation":0,"texture":"#1"},"west":{"uv":[2.625,4.875,1.5,5.25],"tintindex":0,"rotation":0,"texture":"#1"},"up":{"uv":[3.875,7.125,4.125,6.0],"tintindex":0,"rotation":0,"texture":"#1"},"down":{"uv":[4.25,6.0,4.5,7.125],"tintindex":0,"rotation":0,"texture":"#1"}}},{"from":[15.25,0.24999952,17.0],"to":[15.25,8.25,32.0],"faces":{"east":{"uv":[1.875,1.125,0.0,2.125],"tintindex":0,"rotation":0,"texture":"#1"},"west":{"uv":[0.0,1.125,1.875,2.125],"tintindex":0,"rotation":0,"texture":"#1"}}},{"from":[15.0,2.2499995,18.0],"to":[15.5,6.25,26.0],"faces":{"east":{"uv":[4.0,4.25,3.0,4.75],"tintindex":0,"rotation":0,"texture":"#1"},"south":{"uv":[7.0,1.125,6.875,1.625],"tintindex":0,"rotation":0,"texture":"#1"},"north":{"uv":[7.0,0.5,6.875,1.0],"tintindex":0,"rotation":0,"texture":"#1"},"west":{"uv":[3.0,4.25,4.0,4.75],"tintindex":0,"rotation":0,"texture":"#1"},"up":{"uv":[1.1875,7.5,1.125,6.5],"tintindex":0,"rotation":0,"texture":"#1"},"down":{"uv":[4.625,6.5,4.75,7.625],"tintindex":0,"rotation":0,"texture":"#1"}}},{"from":[13.75,2.7499995,8.0],"to":[16.75,6.75,10.0],"faces":{"east":{"uv":[5.625,6.5,5.375,7.0],"tintindex":0,"rotation":0,"texture":"#1"},"south":{"uv":[6.75,0.625,6.375,1.125],"tintindex":0,"rotation":0,"texture":"#1"},"north":{"uv":[1.0,6.375,0.625,6.875],"tintindex":0,"rotation":0,"texture":"#1"},"west":{"uv":[6.75,5.125,6.5,5.625],"tintindex":0,"rotation":0,"texture":"#1"},"up":{"uv":[1.375,7.0,1.75,6.75],"tintindex":0,"rotation":0,"texture":"#1"},"down":{"uv":[1.875,6.75,2.25,7.0],"tintindex":0,"rotation":0,"texture":"#1"}}}],"display":{"head":{"rotation":[0.0,0.0,0.0]},"firstperson_righthand":{"rotation":[0.0,0.0,0.0]},"thirdperson_lefthand":{"rotation":[0.0,-0.0,-0.0]},"firstperson_lefthand":{"rotation":[0.0,-0.0,-0.0]},"fixed":{"rotation":[0.0,0.0,0.0]},"ground":{"rotation":[0.0,0.0,0.0]},"thirdperson_righthand":{"rotation":[0.0,0.0,0.0]},"gui":{"rotation":[-150.0,-75.0,-180.0]}}}