{"textures":{"0":"modelengine:block/goblin_assassin","1":"modelengine:block/goblin_assassin_extra"},"elements":[{"from":[7.0,6.75,5.5],"to":[12.0,9.75,10.5],"faces":{"east":{"uv":[6.75,1.375,6.125,1.75],"tintindex":0,"rotation":0,"texture":"#1"},"south":{"uv":[5.25,6.0,4.625,6.375],"tintindex":0,"rotation":0,"texture":"#1"},"north":{"uv":[4.125,2.0,3.5,2.375],"tintindex":0,"rotation":0,"texture":"#1"},"west":{"uv":[6.375,3.625,5.75,4.0],"tintindex":0,"rotation":0,"texture":"#1"},"up":{"uv":[5.0,0.625,5.625,0.0],"tintindex":0,"rotation":0,"texture":"#1"},"down":{"uv":[5.0,0.75,5.625,1.375],"tintindex":0,"rotation":0,"texture":"#1"}},"rotation":{"origin":[9.5,8.25,8.0],"angle":-22.5,"axis":"z"}},{"from":[12.0,9.75,5.5],"to":[16.0,9.75,10.5],"faces":{"up":{"uv":[5.625,4.875,6.125,4.25],"tintindex":0,"rotation":0,"texture":"#1"},"down":{"uv":[5.625,4.25,6.125,4.875],"tintindex":0,"rotation":0,"texture":"#1"}},"rotation":{"origin":[9.5,8.25,8.0],"angle":-22.5,"axis":"z"}},{"from":[7.5,-1.25,5.5],"to":[11.5,4.75,10.5],"faces":{"east":{"uv":[1.375,4.875,0.75,5.625],"tintindex":0,"rotation":0,"texture":"#1"},"south":{"uv":[6.0,1.5,5.5,2.25],"tintindex":0,"rotation":0,"texture":"#1"},"north":{"uv":[3.75,5.375,3.25,6.125],"tintindex":0,"rotation":0,"texture":"#1"},"west":{"uv":[0.625,4.875,0.0,5.625],"tintindex":0,"rotation":0,"texture":"#1"},"up":{"uv":[5.75,1.25,6.25,0.625],"tintindex":0,"rotation":0,"texture":"#1"},"down":{"uv":[5.75,2.875,6.25,3.5],"tintindex":0,"rotation":0,"texture":"#1"}}},{"from":[8.0,-0.75,6.0],"to":[11.0,9.25,10.0],"faces":{"east":{"uv":[4.625,6.875,4.125,8.125],"tintindex":0,"rotation":0,"texture":"#0"},"south":{"uv":[6.875,6.625,6.5,7.875],"tintindex":0,"rotation":0,"texture":"#0"},"north":{"uv":[6.875,6.625,6.5,7.875],"tintindex":0,"rotation":0,"texture":"#0"},"west":{"uv":[4.625,6.875,4.125,8.125],"tintindex":0,"rotation":0,"texture":"#0"},"up":{"uv":[9.375,1.125,9.875,0.625],"tintindex":0,"rotation":0,"texture":"#0"},"down":{"uv":[9.375,2.625,9.875,3.125],"tintindex":0,"rotation":0,"texture":"#0"}}},{"from":[12.5,2.2999992,5.5],"to":[12.5,7.299999,10.5],"faces":{"east":{"uv":[5.375,5.25,4.75,5.875],"tintindex":0,"rotation":0,"texture":"#1"},"west":{"uv":[4.75,5.25,5.375,5.875],"tintindex":0,"rotation":0,"texture":"#1"}},"rotation":{"origin":[11.5,4.75,8.0],"angle":-22.5,"axis":"z"}}],"display":{"head":{"rotation":[0.0,0.0,0.0]},"firstperson_righthand":{"rotation":[0.0,0.0,0.0]},"thirdperson_lefthand":{"rotation":[0.0,-0.0,-0.0]},"firstperson_lefthand":{"rotation":[0.0,-0.0,-0.0]},"fixed":{"rotation":[0.0,0.0,0.0]},"ground":{"rotation":[0.0,0.0,0.0]},"thirdperson_righthand":{"rotation":[0.0,0.0,0.0]},"gui":{"rotation":[-150.0,-75.0,-180.0]}}}