{"textures":{"0":"modelengine:block/nm_flamingo_rose_texture"},"elements":[{"from":[7.5,3.75,8.0],"to":[8.5,8.725,8.0],"faces":{"south":{"uv":[2.75,8.25,3.0,9.5],"tintindex":0,"rotation":0,"texture":"#0"},"north":{"uv":[2.5,8.25,2.75,9.5],"tintindex":0,"rotation":0,"texture":"#0"}}}],"display":{"head":{"rotation":[0.0,0.0,0.0]},"firstperson_righthand":{"rotation":[0.0,0.0,0.0]},"thirdperson_lefthand":{"rotation":[0.0,-0.0,-0.0]},"firstperson_lefthand":{"rotation":[0.0,-0.0,-0.0]},"fixed":{"rotation":[0.0,0.0,0.0]},"ground":{"rotation":[0.0,0.0,0.0]},"thirdperson_righthand":{"rotation":[0.0,0.0,0.0]},"gui":{"rotation":[-150.0,-75.0,-180.0]}}}