{"textures​":{"0":"\u0063\u0075\u0073\u0074\u006f\u006d\u0063\u0072\u006f\u0070\u0073:\u0069\u0074\u0065\u006d/\u0063\u0072\u006f\u0070\u0073/\u0068\u006f\u0070/\u0073\u0074\u0061\u0067\u0065","\u0070\u0061\u0072\u0074\u0069\u0063\u006c\u0065":"\u0063\u0075\u0073\u0074\u006f\u006d\u0063\u0072\u006f\u0070\u0073:\u0069\u0074\u0065\u006d/\u0063\u0072\u006f\u0070\u0073/\u0068\u006f\u0070/\u0073\u0074\u0061\u0067\u0065"},"credit":"momirealms","texture_size":[64,64],"\u0074\u0065\u0078\u0074\u0075\u0072\u0065\u0073":{"0":"\u0063\u0075\u0073\u0074\u006f\u006d\u0063\u0072\u006f\u0070\u0073:\u0069\u0074\u0065\u006d/\u0063\u0072\u006f\u0070\u0073/\u0068\u006f\u0070/\u0073\u0074\u0061\u0067\u0065","\u0070\u0061\u0072\u0074\u0069\u0063\u006c\u0065":"\u0063\u0075\u0073\u0074\u006f\u006d\u0063\u0072\u006f\u0070\u0073:\u0069\u0074\u0065\u006d/\u0063\u0072\u006f\u0070\u0073/\u0068\u006f\u0070/\u0073\u0074\u0061\u0067\u0065"},"elements":[{"from":[8.5,0,2],"to":[8.5,23,14],"rotation":{"angle":0,"axis":"y","origin":[8.5,11.5,8]},"faces":{"north":{"uv":[0,0,3,5.75],"texture":"#0"},"east":{"uv":[13,5.75,10,11.5],"texture":"#0"},"south":{"uv":[0,0,3,5.75],"texture":"#0"},"west":{"uv":[0,0,3,5.75],"texture":"#0"},"up":{"uv":[0,0,3,5.75],"rotation":270,"texture":"#0"},"down":{"uv":[0,0,3,5.75],"rotation":90,"texture":"#0"}}},{"from":[2.5,0,8],"to":[14.5,23,8],"faces":{"north":{"uv":[0,0,3,5.75],"texture":"#0"},"east":{"uv":[0,0,3,5.75],"texture":"#0"},"south":{"uv":[0,0,3,5.75],"texture":"#0"},"west":{"uv":[0,0,3,5.75],"texture":"#0"},"up":{"uv":[0,0,3,5.75],"texture":"#0"},"down":{"uv":[0,0,3,5.75],"texture":"#0"}}},{"from":[2,23,7.5],"to":[14,24,8.5],"faces":{"north":{"uv":[6.5,0.25,9.5,0.5],"texture":"#0"},"east":{"uv":[6.25,0.25,6.5,0.5],"texture":"#0"},"south":{"uv":[9.75,0.25,12.75,0.5],"texture":"#0"},"west":{"uv":[9.5,0.25,9.75,0.5],"texture":"#0"},"up":{"uv":[9.5,0.25,6.5,0],"texture":"#0"},"down":{"uv":[12.5,0,9.5,0.25],"texture":"#0"}}},{"from":[13.9,0,7],"to":[15.9,25,9],"shade":false,"faces":{"north":{"uv":[6.75,6.25,6.25,12.5],"texture":"#0"},"east":{"uv":[7.25,6.25,6.75,12.5],"texture":"#0"},"south":{"uv":[7.75,6.25,7.25,12.5],"texture":"#0"},"west":{"uv":[6.25,6.25,5.75,12.5],"texture":"#0"},"up":{"uv":[6.25,6.25,6.75,5.75],"texture":"#0"},"down":{"uv":[6.75,5.75,7.25,6.25],"texture":"#0"}}},{"from":[0.1,0,7],"to":[2.1,25,9],"faces":{"north":{"uv":[6.25,6.25,6.75,12.5],"texture":"#0"},"east":{"uv":[5.75,6.25,6.25,12.5],"texture":"#0"},"south":{"uv":[7.25,6.25,7.75,12.5],"texture":"#0"},"west":{"uv":[6.75,6.25,7.25,12.5],"texture":"#0"},"up":{"uv":[6.75,6.25,6.25,5.75],"texture":"#0"},"down":{"uv":[7.25,5.75,6.75,6.25],"texture":"#0"}}}],"gui_light":"front","display":{"fixed":{"rotation":[-90,0,0],"translation":[0,0,-16],"scale":[2,2,2]}}}