{"textures":{"0":"modelengine:entity/crow_wings"},"elements":[{"from":[19.304638,2.6316428,16.04455],"to":[20.804638,7.6316433,16.04455],"faces":{"south":{"uv":[6.75,5.75,7.5,8.25],"tintindex":0,"rotation":0,"texture":"#0"},"north":{"uv":[6.0,5.75,6.75,8.25],"tintindex":0,"rotation":0,"texture":"#0"}},"rotation":{"origin":[12.75,11.5,8.5],"angle":22.5,"axis":"z"}},{"from":[20.288591,-1.1522484,16.04455],"to":[21.788591,4.847751,16.04455],"faces":{"south":{"uv":[3.75,4.5,4.5,7.5],"tintindex":0,"rotation":0,"texture":"#0"},"north":{"uv":[3.0,4.5,3.75,7.5],"tintindex":0,"rotation":0,"texture":"#0"}},"rotation":{"origin":[12.75,11.5,8.5],"angle":45.0,"axis":"z"}},{"from":[15.601068,4.597751,15.51955],"to":[22.101067,6.097751,17.01955],"faces":{"east":{"uv":[0.0,0.75,0.75,1.5],"tintindex":0,"rotation":0,"texture":"#0"},"south":{"uv":[4.75,0.75,8.0,1.5],"tintindex":0,"rotation":0,"texture":"#0"},"north":{"uv":[0.75,0.75,4.0,1.5],"tintindex":0,"rotation":0,"texture":"#0"},"west":{"uv":[4.0,0.75,4.75,1.5],"tintindex":0,"rotation":0,"texture":"#0"},"up":{"uv":[4.0,0.75,0.75,0.0],"tintindex":0,"rotation":0,"texture":"#0"},"down":{"uv":[7.25,0.0,4.0,0.75],"tintindex":0,"rotation":0,"texture":"#0"}},"rotation":{"origin":[12.75,11.5,8.5],"angle":45.0,"axis":"z"}},{"from":[18.288591,-2.6522484,16.01955],"to":[19.788591,4.847751,16.01955],"faces":{"south":{"uv":[0.75,4.5,1.5,8.25],"tintindex":0,"rotation":0,"texture":"#0"},"north":{"uv":[0.0,4.5,0.75,8.25],"tintindex":0,"rotation":0,"texture":"#0"}},"rotation":{"origin":[12.75,11.5,8.5],"angle":45.0,"axis":"z"}}],"display":{"head":{"rotation":[0.0,0.0,0.0]},"firstperson_righthand":{"rotation":[0.0,0.0,0.0]},"thirdperson_lefthand":{"rotation":[0.0,-0.0,-0.0]},"firstperson_lefthand":{"rotation":[0.0,-0.0,-0.0]},"fixed":{"rotation":[0.0,0.0,0.0]},"ground":{"rotation":[0.0,0.0,0.0]},"thirdperson_righthand":{"rotation":[0.0,0.0,0.0]},"gui":{"rotation":[-150.0,-75.0,-180.0]}}}